ISO-10303-21;
HEADER;
FILE_DESCRIPTION (( 'STEP AP214' ),
    '1' );
FILE_NAME ('STPS0560Z.STEP',
    '2024-01-30T12:06:12',
    ( 'LENOVO' ),
    ( '' ),
    'SwSTEP 2.0',
    'SolidWorks 2021',
    '' );
FILE_SCHEMA (( 'AUTOMOTIVE_DESIGN' ));
ENDSEC;

DATA;
#1 = EDGE_CURVE ( 'NONE', #1550, #595, #430, .T. ) ;
#2 = SURFACE_STYLE_USAGE ( .BOTH. , #1225 ) ;
#3 = CARTESIAN_POINT ( 'NONE',  ( -1.688266234803486254, 0.2000000000000000389, -0.2750000000000000222 ) ) ;
#4 = FACE_OUTER_BOUND ( 'NONE', #1538, .T. ) ;
#5 = ORIENTED_EDGE ( 'NONE', *, *, #115, .F. ) ;
#6 = CARTESIAN_POINT ( 'NONE',  ( -1.227298101126410801, 1.249999999999998446, -0.6749999999999999334 ) ) ;
#7 = CIRCLE ( 'NONE', #145, 0.1000000000000000472 ) ;
#8 = CARTESIAN_POINT ( 'NONE',  ( -1.117426861062545962, 0.1737784674538522811, -0.7044647556117209497 ) ) ;
#9 = VERTEX_POINT ( 'NONE', #1528 ) ;
#10 = FACE_OUTER_BOUND ( 'NONE', #1786, .T. ) ;
#11 = ORIENTED_EDGE ( 'NONE', *, *, #484, .T. ) ;
#12 = DIRECTION ( 'NONE',  ( 0.000000000000000000, 1.000000000000000000, 0.000000000000000000 ) ) ;
#13 = LINE ( 'NONE', #405, #1391 ) ;
#14 = EDGE_LOOP ( 'NONE', ( #766, #883, #1104, #736 ) ) ;
#15 = ORIENTED_EDGE ( 'NONE', *, *, #1301, .F. ) ;
#16 = ADVANCED_FACE ( 'NONE', ( #434 ), #634, .F. ) ;
#17 = EDGE_CURVE ( 'NONE', #1105, #1363, #409, .T. ) ;
#18 = VECTOR ( 'NONE', #886, 1000.000000000000114 ) ;
#19 = CARTESIAN_POINT ( 'NONE',  ( -1.875000000000000000, 4.752567295878568371E-17, -0.2750000000000000222 ) ) ;
#20 = VECTOR ( 'NONE', #1235, 1000.000000000000000 ) ;
#21 = EDGE_CURVE ( 'NONE', #1103, #1288, #1066, .T. ) ;
#22 = VERTEX_POINT ( 'NONE', #32 ) ;
#23 = DIRECTION ( 'NONE',  ( 0.000000000000000000, -0.000000000000000000, -1.000000000000000000 ) ) ;
#24 = ORIENTED_EDGE ( 'NONE', *, *, #1492, .T. ) ;
#25 = AXIS2_PLACEMENT_3D ( 'NONE', #1678, #130, #1496 ) ;
#26 = DIRECTION ( 'NONE',  ( 0.1736481776669232813, 0.9848077530122093526, 0.000000000000000000 ) ) ;
#27 =( NAMED_UNIT ( * ) SI_UNIT ( $, .STERADIAN. ) SOLID_ANGLE_UNIT ( ) );
#28 = AXIS2_PLACEMENT_3D ( 'NONE', #266, #585, #1500 ) ;
#29 = EDGE_LOOP ( 'NONE', ( #390, #1686, #708, #24 ) ) ;
#30 = DIRECTION ( 'NONE',  ( 0.000000000000000000, -0.9961946980917461003, 0.08715574274765169882 ) ) ;
#31 = DIRECTION ( 'NONE',  ( -1.606225440719266367E-16, -1.000000000000000000, -0.000000000000000000 ) ) ;
#32 = CARTESIAN_POINT ( 'NONE',  ( -1.638456499898898855, 0.1956422128626174872, -0.2750000000000000222 ) ) ;
#33 = EDGE_LOOP ( 'NONE', ( #1385, #1092, #52, #358 ) ) ;
#34 = ADVANCED_FACE ( 'NONE', ( #1747 ), #1049, .F. ) ;
#35 = FACE_OUTER_BOUND ( 'NONE', #1140, .T. ) ;
#36 = DIRECTION ( 'NONE',  ( -0.1736481776669221155, -0.9848077530122095746, 0.000000000000000000 ) ) ;
#37 = ORIENTED_EDGE ( 'NONE', *, *, #169, .F. ) ;
#38 = EDGE_CURVE ( 'NONE', #386, #1591, #1753, .T. ) ;
#39 = DIRECTION ( 'NONE',  ( -1.451534717548964133E-16, -1.000000000000000000, 0.000000000000000000 ) ) ;
#40 = LINE ( 'NONE', #1212, #18 ) ;
#41 = ORIENTED_EDGE ( 'NONE', *, *, #842, .T. ) ;
#42 = EDGE_CURVE ( 'NONE', #1779, #318, #1730, .T. ) ;
#43 = DIRECTION ( 'NONE',  ( -0.000000000000000000, -0.000000000000000000, -1.000000000000000000 ) ) ;
#44 = VECTOR ( 'NONE', #1696, 1000.000000000000000 ) ;
#45 = PLANE ( 'NONE',  #788 ) ;
#46 = ORIENTED_EDGE ( 'NONE', *, *, #923, .F. ) ;
#47 = CARTESIAN_POINT ( 'NONE',  ( -1.110922296114625452, 0.09999999999999981126, -0.6170950761504490067 ) ) ;
#48 = APPLICATION_CONTEXT ( 'automotive_design' ) ;
#49 = ADVANCED_FACE ( 'NONE', ( #423 ), #1091, .T. ) ;
#50 = AXIS2_PLACEMENT_3D ( 'NONE', #718, #1748, #1798 ) ;
#51 = CYLINDRICAL_SURFACE ( 'NONE', #1924, 0.2000000000000000389 ) ;
#52 = ORIENTED_EDGE ( 'NONE', *, *, #884, .F. ) ;
#53 = AXIS2_PLACEMENT_3D ( 'NONE', #393, #1018, #1472 ) ;
#54 = DIRECTION ( 'NONE',  ( 0.1736481776669232813, -0.9848077530122093526, 0.000000000000000000 ) ) ;
#55 = CARTESIAN_POINT ( 'NONE',  ( -1.349071204350106967, 0.9791321191908682886, 0.6903357266687969451 ) ) ;
#56 = FACE_OUTER_BOUND ( 'NONE', #348, .T. ) ;
#57 = ORIENTED_EDGE ( 'NONE', *, *, #1177, .T. ) ;
#58 = CYLINDRICAL_SURFACE ( 'NONE', #832, 0.1000000000000000472 ) ;
#59 = DIRECTION ( 'NONE',  ( 0.000000000000000000, 0.000000000000000000, 1.000000000000000000 ) ) ;
#60 = CARTESIAN_POINT ( 'NONE',  ( -1.489027295185136879, 0.1825688514504697768, 0.2750000000000000222 ) ) ;
#61 = ORIENTED_EDGE ( 'NONE', *, *, #1448, .F. ) ;
#62 = ORIENTED_EDGE ( 'NONE', *, *, #1886, .T. ) ;
#63 = DIRECTION ( 'NONE',  ( -0.1730072088098755234, 0.9811726379862936165, 0.08584148278561917755 ) ) ;
#64 = DIRECTION ( 'NONE',  ( 1.000000000000000000, 0.000000000000000000, 0.000000000000000000 ) ) ;
#65 = CARTESIAN_POINT ( 'NONE',  ( 1.209403069160049915, 0.1826351822333076025, 0.5147437412937070356 ) ) ;
#66 = EDGE_CURVE ( 'NONE', #296, #894, #245, .T. ) ;
#67 = CIRCLE ( 'NONE', #1090, 0.1000000000000000194 ) ;
#68 = ORIENTED_EDGE ( 'NONE', *, *, #1854, .T. ) ;
#69 = CARTESIAN_POINT ( 'NONE',  ( -1.209665403055565136, 1.449999999999999067, 0.6921572875253804158 ) ) ;
#70 = ADVANCED_FACE ( 'NONE', ( #1098 ), #714, .F. ) ;
#71 = DIRECTION ( 'NONE',  ( -0.000000000000000000, -0.000000000000000000, -1.000000000000000000 ) ) ;
#72 = LINE ( 'NONE', #81, #1380 ) ;
#73 = EDGE_CURVE ( 'NONE', #1784, #1575, #1114, .T. ) ;
#74 = DIRECTION ( 'NONE',  ( 1.000000000000000000, -1.093568622962105933E-16, 0.000000000000000000 ) ) ;
#75 = CARTESIAN_POINT ( 'NONE',  ( -1.251519224698779187, 1.112635182233307596, 0.7750000000000000222 ) ) ;
#76 = VERTEX_POINT ( 'NONE', #1447 ) ;
#77 = EDGE_CURVE ( 'NONE', #894, #255, #1789, .T. ) ;
#78 = VECTOR ( 'NONE', #898, 1000.000000000000227 ) ;
#79 = ORIENTED_EDGE ( 'NONE', *, *, #1749, .T. ) ;
#80 = CARTESIAN_POINT ( 'NONE',  ( -1.350054999999999783, 1.249999999999998890, 0.5749999999999995115 ) ) ;
#81 = CARTESIAN_POINT ( 'NONE',  ( 1.230359987013765144, 1.232635182233307258, 0.7750000000000000222 ) ) ;
#82 = CARTESIAN_POINT ( 'NONE',  ( -1.293553062618961746, 0.9788056421073724200, 0.7657063837937193584 ) ) ;
#83 = LINE ( 'NONE', #442, #781 ) ;
#84 = VECTOR ( 'NONE', #1048, 1000.000000000000000 ) ;
#85 = DIRECTION ( 'NONE',  ( 0.1736481776669232813, -0.9848077530122093526, 0.000000000000000000 ) ) ;
#86 = DIRECTION ( 'NONE',  ( 0.000000000000000000, 0.000000000000000000, -1.000000000000000000 ) ) ;
#87 = ORIENTED_EDGE ( 'NONE', *, *, #1597, .T. ) ;
#88 = CARTESIAN_POINT ( 'NONE',  ( 1.257162015847838710, 0.9800047441984011121, -0.7750002102601393217 ) ) ;
#89 = LINE ( 'NONE', #1396, #103 ) ;
#90 = EDGE_CURVE ( 'NONE', #1121, #385, #1208, .T. ) ;
#91 = PLANE ( 'NONE',  #1470 ) ;
#92 = VECTOR ( 'NONE', #1947, 1000.000000000000000 ) ;
#93 = EDGE_CURVE ( 'NONE', #296, #1121, #1122, .T. ) ;
#94 = DIRECTION ( 'NONE',  ( -1.606225440719266367E-16, 1.000000000000000000, -0.000000000000000000 ) ) ;
#95 = CARTESIAN_POINT ( 'NONE',  ( -1.349913245554264174, 0.9795079910875142959, 0.6832165161450727275 ) ) ;
#96 = EDGE_CURVE ( 'NONE', #733, #1126, #1710, .T. ) ;
#97 = LINE ( 'NONE', #425, #1440 ) ;
#98 = CARTESIAN_POINT ( 'NONE',  ( 1.209403071415853237, 0.1826351950266043855, -0.5659194861052747605 ) ) ;
#99 = CARTESIAN_POINT ( 'NONE',  ( 1.225498976333885937, 0.2739196079585423105, -0.6143632111028816123 ) ) ;
#100 = PLANE ( 'NONE',  #118 ) ;
#101 = AXIS2_PLACEMENT_3D ( 'NONE', #878, #1936, #209 ) ;
#102 = LINE ( 'NONE', #219, #1434 ) ;
#103 = VECTOR ( 'NONE', #1805, 1000.000000000000000 ) ;
#104 = CARTESIAN_POINT ( 'NONE',  ( 1.350000000000000089, 1.449999999999999956, -0.6749999999999999334 ) ) ;
#105 = CARTESIAN_POINT ( 'NONE',  ( -1.638456499898898855, 0.1956422128626174872, -0.2750000000000000222 ) ) ;
#106 =( BOUNDED_CURVE ( )  B_SPLINE_CURVE ( 3, ( #992, #1926, #667, #177 ),
 .UNSPECIFIED., .F., .F. ) 
 B_SPLINE_CURVE_WITH_KNOTS ( ( 4, 4 ),
 ( 1.570796326794896558, 3.141592653589793116 ),
 .UNSPECIFIED. ) 
 CURVE ( )  GEOMETRIC_REPRESENTATION_ITEM ( )  RATIONAL_B_SPLINE_CURVE ( ( 1.000000000000000000, 0.8047378541243649375, 0.8047378541243649375, 1.000000000000000000 ) ) 
 REPRESENTATION_ITEM ( '' )  );
#107 = FACE_OUTER_BOUND ( 'NONE', #997, .T. ) ;
#108 = CARTESIAN_POINT ( 'NONE',  ( 1.349993569443090458, 0.9799635304995055751, 0.6761340502765864624 ) ) ;
#109 = DIRECTION ( 'NONE',  ( 1.000000000000000000, 0.000000000000000000, 0.000000000000000000 ) ) ;
#110 = CARTESIAN_POINT ( 'NONE',  ( 1.308146178356786704, 1.367364817766692386, -0.7750000000000000222 ) ) ;
#111 = CARTESIAN_POINT ( 'NONE',  ( 1.249999999999998002, 0.9799999999999986500, -0.7750000000000002442 ) ) ;
#112 = EDGE_CURVE ( 'NONE', #1591, #330, #376, .T. ) ;
#113 = DIRECTION ( 'NONE',  ( -0.000000000000000000, -0.000000000000000000, -1.000000000000000000 ) ) ;
#114 = DIRECTION ( 'NONE',  ( 1.000000000000000000, 0.000000000000000000, 0.000000000000000000 ) ) ;
#115 = EDGE_CURVE ( 'NONE', #613, #427, #380, .T. ) ;
#116 = CARTESIAN_POINT ( 'NONE',  ( -1.207397189073499799, 0.1712592709661693025, 0.6958988679839959168 ) ) ;
#117 = DIRECTION ( 'NONE',  ( -0.000000000000000000, -0.000000000000000000, -1.000000000000000000 ) ) ;
#118 = AXIS2_PLACEMENT_3D ( 'NONE', #1007, #449, #199 ) ;
#119 = AXIS2_PLACEMENT_3D ( 'NONE', #316, #1544, #1232 ) ;
#120 = CARTESIAN_POINT ( 'NONE',  ( 1.194832259363223681, 0.1000000135354724429, -0.6076739301468132570 ) ) ;
#121 = PLANE ( 'NONE',  #138 ) ;
#122 = CARTESIAN_POINT ( 'NONE',  ( 1.688266234803486254, 0.2000000000000000389, 0.2750000000000000222 ) ) ;
#123 = CARTESIAN_POINT ( 'NONE',  ( 1.250000000000000000, 1.121251133647410470, -0.7750000000000000222 ) ) ;
#124 = CARTESIAN_POINT ( 'NONE',  ( 1.425297613207918923, 0.9110024496884773226, 0.2750000000000000222 ) ) ;
#125 = CARTESIAN_POINT ( 'NONE',  ( 1.875000000000000000, 4.752567295878568371E-17, 0.2750000000000000222 ) ) ;
#126 = CARTESIAN_POINT ( 'NONE',  ( -1.308146180757858712, 1.367364804149531654, -0.6294712897814582764 ) ) ;
#127 = CARTESIAN_POINT ( 'NONE',  ( 1.110922293858828791, 0.1000000000000000472, 0.7750000000000000222 ) ) ;
#128 = AXIS2_PLACEMENT_3D ( 'NONE', #244, #586, #1204 ) ;
#129 = CARTESIAN_POINT ( 'NONE',  ( 1.293575366173294272, 1.449999999999998179, -0.5749999999999998446 ) ) ;
#130 = DIRECTION ( 'NONE',  ( 0.9961946980917462113, -0.08715574274765117146, 0.000000000000000000 ) ) ;
#131 = EDGE_CURVE ( 'NONE', #426, #247, #1071, .T. ) ;
#132 = CARTESIAN_POINT ( 'NONE',  ( -1.328448877374169612, 0.8577775100597708757, 0.6654441586467634284 ) ) ;
#133 = DIRECTION ( 'NONE',  ( 0.000000000000000000, -0.000000000000000000, -1.000000000000000000 ) ) ;
#134 = DIRECTION ( 'NONE',  ( 0.000000000000000000, 0.08715574274765169882, 0.9961946980917461003 ) ) ;
#135 = AXIS2_PLACEMENT_3D ( 'NONE', #835, #999, #1167 ) ;
#136 = CARTESIAN_POINT ( 'NONE',  ( 1.350000000000000089, 0.9799999999999999822, -0.2750000000000000222 ) ) ;
#137 = CARTESIAN_POINT ( 'NONE',  ( 1.308146178356786704, 1.367364817766691498, 0.5749999999999994005 ) ) ;
#138 = AXIS2_PLACEMENT_3D ( 'NONE', #234, #537, #432 ) ;
#139 = CARTESIAN_POINT ( 'NONE',  ( -1.425297613207918923, 0.9110024496884773226, 0.2750000000000000222 ) ) ;
#140 = EDGE_CURVE ( 'NONE', #202, #1779, #1073, .T. ) ;
#141 =( BOUNDED_SURFACE ( )  B_SPLINE_SURFACE ( 3, 2, ( 
 ( #547, #1375, #745 ),
 ( #556, #1989, #1170 ),
 ( #98, #120, #431 ),
 ( #1038, #865, #1834 ) ),
 .UNSPECIFIED., .F., .F., .F. ) 
 B_SPLINE_SURFACE_WITH_KNOTS ( ( 4, 4 ),
 ( 3, 3 ),
 ( 1.658062789394606718, 3.141592653589793116 ),
 ( 0.000000000000000000, 1.000000000000000000 ),
 .UNSPECIFIED. ) 
 GEOMETRIC_REPRESENTATION_ITEM ( )  RATIONAL_B_SPLINE_SURFACE ( (
 ( 1.000000000000000000, 0.7124375186292990492, 1.000000000000000000),
 ( 1.000000000000000000, 0.7430211740942821441, 1.000000000000000000),
 ( 1.000000000000000000, 0.7666452878442608920, 1.000000000000000000),
 ( 1.000000000000000000, 0.7660444431189785686, 1.000000000000000000) ) ) 
 REPRESENTATION_ITEM ( '' )  SURFACE ( )  );
#142 =( NAMED_UNIT ( * ) PLANE_ANGLE_UNIT ( ) SI_UNIT ( $, .RADIAN. ) );
#143 = CARTESIAN_POINT ( 'NONE',  ( 1.638456499898898855, 0.1956422128626174872, 0.2750000000000000222 ) ) ;
#144 = AXIS2_PLACEMENT_3D ( 'NONE', #581, #133, #258 ) ;
#145 = AXIS2_PLACEMENT_3D ( 'NONE', #1395, #1266, #1536 ) ;
#146 = CARTESIAN_POINT ( 'NONE',  ( -1.350054999999999783, 0.09999999999999999167, 0.5147437412937070356 ) ) ;
#147 = PLANE ( 'NONE',  #249 ) ;
#148 = CARTESIAN_POINT ( 'NONE',  ( -1.325778876427631925, 1.267364817766691187, 0.6749999999999996003 ) ) ;
#149 = CARTESIAN_POINT ( 'NONE',  ( -1.225498976333885714, 0.2739196079585425325, 0.6143632111028813902 ) ) ;
#150 = ADVANCED_FACE ( 'NONE', ( #485 ), #1816, .T. ) ;
#151 = DIRECTION ( 'NONE',  ( 0.000000000000000000, 0.000000000000000000, 1.000000000000000000 ) ) ;
#152 = EDGE_CURVE ( 'NONE', #255, #602, #498, .T. ) ;
#153 = PLANE ( 'NONE',  #1949 ) ;
#154 = CARTESIAN_POINT ( 'NONE',  ( 1.251519224698780075, 1.112635182233306930, 0.6749999999999999334 ) ) ;
#155 = EDGE_CURVE ( 'NONE', #472, #339, #508, .T. ) ;
#156 = CARTESIAN_POINT ( 'NONE',  ( -1.308578643762691618, 1.126376100901353983, 0.7749999999999995781 ) ) ;
#157 = SURFACE_SIDE_STYLE ('',( #1728 ) ) ;
#158 = CARTESIAN_POINT ( 'NONE',  ( -1.209665403055565136, 1.449999999999999067, 0.5749999999999995115 ) ) ;
#159 = ADVANCED_FACE ( 'NONE', ( #1151 ), #1841, .T. ) ;
#160 = CARTESIAN_POINT ( 'NONE',  ( 1.216509421463663365, 0.2229373088565924366, 0.6099028256207273957 ) ) ;
#161 = AXIS2_PLACEMENT_3D ( 'NONE', #678, #1296, #1455 ) ;
#162 = CARTESIAN_POINT ( 'NONE',  ( 1.217693344745068851, 1.358942560494617924, 0.7749999999999998002 ) ) ;
#163 = DIRECTION ( 'NONE',  ( 0.000000000000000000, 0.000000000000000000, 1.000000000000000000 ) ) ;
#164 = DIRECTION ( 'NONE',  ( -1.000000000000000000, 0.000000000000000000, 0.000000000000000000 ) ) ;
#165 = APPLICATION_PROTOCOL_DEFINITION ( 'draft international standard', 'automotive_design', 1998, #48 ) ;
#166 = CARTESIAN_POINT ( 'NONE',  ( -1.216509421463663365, 0.2229373088565931027, 0.6099028256207161824 ) ) ;
#167 = VERTEX_POINT ( 'NONE', #1495 ) ;
#168 = CARTESIAN_POINT ( 'NONE',  ( 1.227298101126411689, 1.249999999999998890, 0.6749999999999999334 ) ) ;
#169 = EDGE_CURVE ( 'NONE', #213, #1689, #1844, .T. ) ;
#170 = ORIENTED_EDGE ( 'NONE', *, *, #727, .T. ) ;
#171 = ADVANCED_FACE ( 'NONE', ( #489 ), #1176, .T. ) ;
#172 = CARTESIAN_POINT ( 'NONE',  ( -1.638456499898898855, 0.1956422128626174872, 0.2750000000000000222 ) ) ;
#173 = DIRECTION ( 'NONE',  ( 0.08715574274765115759, 0.9961946980917461003, 0.000000000000000000 ) ) ;
#174 = EDGE_CURVE ( 'NONE', #1802, #385, #1187, .T. ) ;
#175 = ORIENTED_EDGE ( 'NONE', *, *, #756, .F. ) ;
#176 = PRODUCT_DEFINITION_FORMATION_WITH_SPECIFIED_SOURCE ( 'ANY', '', #1497, .NOT_KNOWN. ) ;
#177 = CARTESIAN_POINT ( 'NONE',  ( 1.209665403055565358, 1.449999999999999067, 0.5749999999999995115 ) ) ;
#178 = CARTESIAN_POINT ( 'NONE',  ( -1.110922293858828569, 0.09999999999999999167, 0.5147437412937070356 ) ) ;
#179 = AXIS2_PLACEMENT_3D ( 'NONE', #80, #1783, #188 ) ;
#180 = AXIS2_PLACEMENT_3D ( 'NONE', #1143, #1243, #807 ) ;
#181 = CARTESIAN_POINT ( 'NONE',  ( -1.404053124708265488, 0.2475724482340838362, -0.7750000000000000222 ) ) ;
#182 = ORIENTED_EDGE ( 'NONE', *, *, #2005, .T. ) ;
#183 = DIRECTION ( 'NONE',  ( -0.9848077530122095746, -0.1736481776669221433, 0.000000000000000000 ) ) ;
#184 = ORIENTED_EDGE ( 'NONE', *, *, #214, .T. ) ;
#185 = DIRECTION ( 'NONE',  ( 1.606225440719266367E-16, -1.000000000000000000, 0.000000000000000000 ) ) ;
#186 = DIRECTION ( 'NONE',  ( 0.1730072088098758010, -0.9811726379862936165, 0.08584148278561969103 ) ) ;
#187 = ADVANCED_FACE ( 'NONE', ( #1158 ), #510, .T. ) ;
#188 = DIRECTION ( 'NONE',  ( 0.000000000000000000, 0.000000000000000000, -1.000000000000000000 ) ) ;
#189 = CARTESIAN_POINT ( 'NONE',  ( -1.638456499898898855, 0.1956422128626174872, 0.2750000000000000222 ) ) ;
#190 = VERTEX_POINT ( 'NONE', #557 ) ;
#191 = AXIS2_PLACEMENT_3D ( 'NONE', #1069, #755, #492 ) ;
#192 = CARTESIAN_POINT ( 'NONE',  ( -1.209403071415852571, 0.1826351950266025259, 0.5659194861052831982 ) ) ;
#193 = VERTEX_POINT ( 'NONE', #1005 ) ;
#194 = EDGE_CURVE ( 'NONE', #445, #733, #505, .T. ) ;
#195 = ORIENTED_EDGE ( 'NONE', *, *, #1271, .T. ) ;
#196 = CARTESIAN_POINT ( 'NONE',  ( 1.215907636363767530, 0.2195244159602336986, -0.6096042484527139926 ) ) ;
#197 = CARTESIAN_POINT ( 'NONE',  ( 1.325778876427632591, 1.267364817766691187, 0.6749999999999996003 ) ) ;
#198 = CARTESIAN_POINT ( 'NONE',  ( -1.334697638746279225, 0.9780080361123399957, -0.7281630509922517591 ) ) ;
#199 = DIRECTION ( 'NONE',  ( 0.000000000000000000, 0.000000000000000000, 1.000000000000000000 ) ) ;
#200 = AXIS2_PLACEMENT_3D ( 'NONE', #1498, #897, #404 ) ;
#201 = DIRECTION ( 'NONE',  ( -0.000000000000000000, -0.000000000000000000, 1.000000000000000000 ) ) ;
#202 = VERTEX_POINT ( 'NONE', #1039 ) ;
#203 = ADVANCED_FACE ( 'NONE', ( #515 ), #1858, .T. ) ;
#204 = ORIENTED_EDGE ( 'NONE', *, *, #1566, .T. ) ;
#205 = CARTESIAN_POINT ( 'NONE',  ( -1.118028829638178623, 0.1806063322011876582, 0.7050621163732010421 ) ) ;
#206 = ORIENTED_EDGE ( 'NONE', *, *, #1157, .T. ) ;
#207 = CARTESIAN_POINT ( 'NONE',  ( -1.249994129708435153, 0.9799999999999990941, 0.7750000000000000222 ) ) ;
#208 = ORIENTED_EDGE ( 'NONE', *, *, #1566, .F. ) ;
#209 = DIRECTION ( 'NONE',  ( -0.08715574274765118534, -0.9961946980917461003, 0.000000000000000000 ) ) ;
#210 = CARTESIAN_POINT ( 'NONE',  ( 1.344035657144885931, 0.9784030917735350164, -0.7090190415110340094 ) ) ;
#211 = ORIENTED_EDGE ( 'NONE', *, *, #66, .T. ) ;
#212 = ORIENTED_EDGE ( 'NONE', *, *, #66, .F. ) ;
#213 = VERTEX_POINT ( 'NONE', #1194 ) ;
#214 = EDGE_CURVE ( 'NONE', #1694, #690, #1833, .T. ) ;
#215 = DIRECTION ( 'NONE',  ( 0.000000000000000000, -0.000000000000000000, -1.000000000000000000 ) ) ;
#216 = EDGE_LOOP ( 'NONE', ( #759, #877, #283, #905, #182, #904, #1517, #1776 ) ) ;
#217 = CARTESIAN_POINT ( 'NONE',  ( -1.350000000000000089, 1.130000000000010107, 0.6749999999999999334 ) ) ;
#218 = ORIENTED_EDGE ( 'NONE', *, *, #1891, .F. ) ;
#219 = CARTESIAN_POINT ( 'NONE',  ( 1.350000000000000089, 0.9799999999999990941, 0.6749999999999999334 ) ) ;
#220 = ORIENTED_EDGE ( 'NONE', *, *, #1562, .F. ) ;
#221 = ORIENTED_EDGE ( 'NONE', *, *, #93, .F. ) ;
#222 = PLANE ( 'NONE',  #101 ) ;
#223 = CARTESIAN_POINT ( 'NONE',  ( 1.308146178356786704, 1.367364817766691498, -0.5749999999999999556 ) ) ;
#224 = CARTESIAN_POINT ( 'NONE',  ( 1.271363438897405773, 0.9795790611823806948, -0.7726913684952606554 ) ) ;
#225 = AXIS2_PLACEMENT_3D ( 'NONE', #454, #151, #911 ) ;
#226 = ORIENTED_EDGE ( 'NONE', *, *, #1421, .F. ) ;
#227 = AXIS2_PLACEMENT_3D ( 'NONE', #1663, #1828, #608 ) ;
#228 = DIRECTION ( 'NONE',  ( -0.1736481776669232813, 0.9848077530122093526, -0.000000000000000000 ) ) ;
#229 = ORIENTED_EDGE ( 'NONE', *, *, #42, .F. ) ;
#230 = ORIENTED_EDGE ( 'NONE', *, *, #1520, .T. ) ;
#231 = ORIENTED_EDGE ( 'NONE', *, *, #169, .T. ) ;
#232 = DIRECTION ( 'NONE',  ( -1.000000000000000000, 0.000000000000000000, 0.000000000000000000 ) ) ;
#233 = ORIENTED_EDGE ( 'NONE', *, *, #1524, .T. ) ;
#234 = CARTESIAN_POINT ( 'NONE',  ( -1.350000000000000089, 0.9799999999999999822, -0.7750000000000000222 ) ) ;
#235 = CARTESIAN_POINT ( 'NONE',  ( 1.227298101126412355, 1.249999999999998446, -0.7750000000000001332 ) ) ;
#236 = VERTEX_POINT ( 'NONE', #746 ) ;
#237 = EDGE_CURVE ( 'NONE', #1363, #445, #1205, .T. ) ;
#238 = CARTESIAN_POINT ( 'NONE',  ( 1.308578643762689397, 1.126376100901382182, -0.7750000000000000222 ) ) ;
#239 = DIRECTION ( 'NONE',  ( -1.093568622962105809E-16, 1.000000000000000000, 0.000000000000000000 ) ) ;
#240 = EDGE_LOOP ( 'NONE', ( #1263, #644, #933, #1928 ) ) ;
#241 = EDGE_CURVE ( 'NONE', #1689, #1666, #1714, .T. ) ;
#242 = ORIENTED_EDGE ( 'NONE', *, *, #1588, .T. ) ;
#243 = CARTESIAN_POINT ( 'NONE',  ( -1.194832256976557039, 0.09999999999999997780, 0.5147437412937063694 ) ) ;
#244 = CARTESIAN_POINT ( 'NONE',  ( 1.638456499898898855, 0.1956422128626174872, 0.2750000000000000222 ) ) ;
#245 = B_SPLINE_CURVE_WITH_KNOTS ( 'NONE', 3,
 ( #768, #1216, #1501, #1671, #1778, #811, #399, #1922, #548, #198, #1161, #1593, #1136, #538, #955, #1539 ),
 .UNSPECIFIED., .F., .F.,
 ( 4, 3, 3, 3, 3, 4 ),
 ( 2.892788922139279773E-09, 3.350613051966725228E-05, 6.699976816043265579E-05, 0.0001005793647528518107, 0.0001340473670174176094, 0.0001551583485779566137 ),
 .UNSPECIFIED. ) ;
#246 = LINE ( 'NONE', #1446, #336 ) ;
#247 = VERTEX_POINT ( 'NONE', #1182 ) ;
#248 = ORIENTED_EDGE ( 'NONE', *, *, #808, .T. ) ;
#249 = AXIS2_PLACEMENT_3D ( 'NONE', #1420, #1254, #1731 ) ;
#250 = CARTESIAN_POINT ( 'NONE',  ( -1.875000000000000000, 4.752567295878568371E-17, 0.2750000000000000222 ) ) ;
#251 = VECTOR ( 'NONE', #74, 1000.000000000000000 ) ;
#252 = CARTESIAN_POINT ( 'NONE',  ( 1.349999999999999867, 0.9799999999999960965, -0.6753780268877260795 ) ) ;
#253 = CARTESIAN_POINT ( 'NONE',  ( 1.293575368704174222, 1.449999985646607259, -0.6735457010633333352 ) ) ;
#254 = CARTESIAN_POINT ( 'NONE',  ( -1.875000000000000000, 0.1500000000000000500, 0.2750000000000000222 ) ) ;
#255 = VERTEX_POINT ( 'NONE', #415 ) ;
#256 = ORIENTED_EDGE ( 'NONE', *, *, #1180, .F. ) ;
#257 = CIRCLE ( 'NONE', #763, 0.2255852378577748729 ) ;
#258 = DIRECTION ( 'NONE',  ( 1.000000000000000000, 0.000000000000000000, 0.000000000000000000 ) ) ;
#259 = ORIENTED_EDGE ( 'NONE', *, *, #775, .F. ) ;
#260 = ORIENTED_EDGE ( 'NONE', *, *, #90, .F. ) ;
#261 = CIRCLE ( 'NONE', #742, 0.04999999999999991257 ) ;
#262 = LINE ( 'NONE', #854, #1630 ) ;
#263 = DIRECTION ( 'NONE',  ( 0.000000000000000000, 1.000000000000000000, 0.000000000000000000 ) ) ;
#264 = ORIENTED_EDGE ( 'NONE', *, *, #504, .T. ) ;
#265 = ORIENTED_EDGE ( 'NONE', *, *, #1832, .F. ) ;
#266 = CARTESIAN_POINT ( 'NONE',  ( 1.209665403055565580, 1.349999999999999867, -0.7750000000000000222 ) ) ;
#267 = CARTESIAN_POINT ( 'NONE',  ( 1.875000000000000000, 0.1500000000000000500, 0.2750000000000000222 ) ) ;
#268 = VECTOR ( 'NONE', #31, 1000.000000000000000 ) ;
#269 = ORIENTED_EDGE ( 'NONE', *, *, #1265, .T. ) ;
#270 = ORIENTED_EDGE ( 'NONE', *, *, #1669, .F. ) ;
#271 =( BOUNDED_CURVE ( )  B_SPLINE_CURVE ( 3, ( #874, #1852, #1215, #616 ),
 .UNSPECIFIED., .F., .F. ) 
 B_SPLINE_CURVE_WITH_KNOTS ( ( 4, 4 ),
 ( 6.271844561321639588, 6.283185307179586232 ),
 .UNSPECIFIED. ) 
 CURVE ( )  GEOMETRIC_REPRESENTATION_ITEM ( )  RATIONAL_B_SPLINE_CURVE ( ( 1.000000000000000000, 0.9999892823189993063, 0.9999892823189993063, 1.000000000000000000 ) ) 
 REPRESENTATION_ITEM ( '' )  );
#272 = LINE ( 'NONE', #1068, #1608 ) ;
#273 = DIRECTION ( 'NONE',  ( 1.000000000000000000, 0.000000000000000000, 0.000000000000000000 ) ) ;
#274 = ORIENTED_EDGE ( 'NONE', *, *, #640, .T. ) ;
#275 = EDGE_CURVE ( 'NONE', #1103, #1610, #1838, .T. ) ;
#276 = EDGE_LOOP ( 'NONE', ( #338, #685, #712, #357, #1672 ) ) ;
#277 = CIRCLE ( 'NONE', #1685, 0.1000000000000000472 ) ;
#278 = ORIENTED_EDGE ( 'NONE', *, *, #349, .T. ) ;
#279 =( NAMED_UNIT ( * ) PLANE_ANGLE_UNIT ( ) SI_UNIT ( $, .RADIAN. ) );
#280 = ORIENTED_EDGE ( 'NONE', *, *, #540, .F. ) ;
#281 = ORIENTED_EDGE ( 'NONE', *, *, #782, .F. ) ;
#282 = LINE ( 'NONE', #1722, #962 ) ;
#283 = ORIENTED_EDGE ( 'NONE', *, *, #525, .T. ) ;
#284 = DIRECTION ( 'NONE',  ( 0.1736481776669238641, 0.9848077530122092416, 0.000000000000000000 ) ) ;
#285 = ORIENTED_EDGE ( 'NONE', *, *, #140, .F. ) ;
#286 = ORIENTED_EDGE ( 'NONE', *, *, #860, .T. ) ;
#287 = DIRECTION ( 'NONE',  ( -0.000000000000000000, -0.000000000000000000, 1.000000000000000000 ) ) ;
#288 = AXIS2_PLACEMENT_3D ( 'NONE', #902, #1253, #1227 ) ;
#289 = FACE_OUTER_BOUND ( 'NONE', #276, .T. ) ;
#290 = AXIS2_PLACEMENT_3D ( 'NONE', #803, #299, #1665 ) ;
#291 = ORIENTED_EDGE ( 'NONE', *, *, #607, .T. ) ;
#292 = ORIENTED_EDGE ( 'NONE', *, *, #1698, .T. ) ;
#293 = CYLINDRICAL_SURFACE ( 'NONE', #1576, 0.1000000000000000472 ) ;
#294 = DIRECTION ( 'NONE',  ( -0.1730072088098762728, -0.9811726379862936165, -0.08584148278561934409 ) ) ;
#295 = ORIENTED_EDGE ( 'NONE', *, *, #1265, .F. ) ;
#296 = VERTEX_POINT ( 'NONE', #1315 ) ;
#297 = FACE_OUTER_BOUND ( 'NONE', #950, .T. ) ;
#298 = CARTESIAN_POINT ( 'NONE',  ( 1.688266234803486254, 0.2000000000000000389, 0.2750000000000000222 ) ) ;
#299 = DIRECTION ( 'NONE',  ( 0.000000000000000000, -0.000000000000000000, 1.000000000000000000 ) ) ;
#300 = ORIENTED_EDGE ( 'NONE', *, *, #1058, .F. ) ;
#301 = ORIENTED_EDGE ( 'NONE', *, *, #967, .T. ) ;
#302 = FACE_OUTER_BOUND ( 'NONE', #1697, .T. ) ;
#303 = LINE ( 'NONE', #1493, #953 ) ;
#304 = CARTESIAN_POINT ( 'NONE',  ( -1.875000000000000000, 4.752567295878568371E-17, 0.2750000000000000222 ) ) ;
#305 = ORIENTED_EDGE ( 'NONE', *, *, #1445, .F. ) ;
#306 = ORIENTED_EDGE ( 'NONE', *, *, #1058, .T. ) ;
#307 = DIRECTION ( 'NONE',  ( 0.1730072088098758010, -0.9811726379862936165, -0.08584148278561933021 ) ) ;
#308 = FACE_OUTER_BOUND ( 'NONE', #1743, .T. ) ;
#309 = AXIS2_PLACEMENT_3D ( 'NONE', #681, #529, #1317 ) ;
#310 = LINE ( 'NONE', #1901, #926 ) ;
#311 = ORIENTED_EDGE ( 'NONE', *, *, #112, .T. ) ;
#312 = LINE ( 'NONE', #104, #985 ) ;
#313 = CYLINDRICAL_SURFACE ( 'NONE', #161, 0.1000000000000000611 ) ;
#314 = CARTESIAN_POINT ( 'NONE',  ( -1.227298101126411023, 1.249999999999998890, 0.7749999999999996891 ) ) ;
#315 = EDGE_CURVE ( 'NONE', #167, #1694, #1179, .T. ) ;
#316 = CARTESIAN_POINT ( 'NONE',  ( 1.688266234803486254, 0.2000000000000000389, -0.2750000000000000222 ) ) ;
#317 = DIRECTION ( 'NONE',  ( 0.000000000000000000, 1.000000000000000000, 0.000000000000000000 ) ) ;
#318 = VERTEX_POINT ( 'NONE', #1921 ) ;
#319 = LINE ( 'NONE', #627, #957 ) ;
#320 = FACE_OUTER_BOUND ( 'NONE', #440, .T. ) ;
#321 = DIRECTION ( 'NONE',  ( 0.000000000000000000, -0.000000000000000000, -1.000000000000000000 ) ) ;
#322 = FACE_OUTER_BOUND ( 'NONE', #1525, .T. ) ;
#323 = ADVANCED_FACE ( 'NONE', ( #1830 ), #478, .F. ) ;
#324 = AXIS2_PLACEMENT_3D ( 'NONE', #1682, #113, #1026 ) ;
#325 = CARTESIAN_POINT ( 'NONE',  ( -1.349999999999999867, 0.1000000000000000472, 0.7750000000000000222 ) ) ;
#326 = ORIENTED_EDGE ( 'NONE', *, *, #1724, .T. ) ;
#327 = CARTESIAN_POINT ( 'NONE',  ( -1.251519224698779187, 1.112635182233307818, 0.6749999999999999334 ) ) ;
#328 = CIRCLE ( 'NONE', #355, 0.1000000000000000472 ) ;
#329 = ORIENTED_EDGE ( 'NONE', *, *, #998, .F. ) ;
#330 = VERTEX_POINT ( 'NONE', #383 ) ;
#331 = DIRECTION ( 'NONE',  ( -0.000000000000000000, 0.000000000000000000, 1.000000000000000000 ) ) ;
#332 = CARTESIAN_POINT ( 'NONE',  ( 1.311898897722451718, 0.9782086263350682209, 0.7543261398960426911 ) ) ;
#333 = PRODUCT_CONTEXT ( 'NONE', #48, 'mechanical' ) ;
#334 = ORIENTED_EDGE ( 'NONE', *, *, #1295, .F. ) ;
#335 = ORIENTED_EDGE ( 'NONE', *, *, #1384, .T. ) ;
#336 = VECTOR ( 'NONE', #1527, 1000.000000000000000 ) ;
#337 = CARTESIAN_POINT ( 'NONE',  ( -1.225498976333885714, 0.2739196079585426435, 0.6143632111028816123 ) ) ;
#338 = ORIENTED_EDGE ( 'NONE', *, *, #1504, .T. ) ;
#339 = VERTEX_POINT ( 'NONE', #973 ) ;
#340 = CYLINDRICAL_SURFACE ( 'NONE', #1008, 0.1000000000000000472 ) ;
#341 = CARTESIAN_POINT ( 'NONE',  ( 1.638456499898898855, 0.1956422128626174872, -0.2750000000000000222 ) ) ;
#342 = ORIENTED_EDGE ( 'NONE', *, *, #777, .F. ) ;
#343 = ORIENTED_EDGE ( 'NONE', *, *, #1379, .T. ) ;
#344 = CARTESIAN_POINT ( 'NONE',  ( -1.350000000000000089, 0.9044147621422250483, 0.2750000000000000222 ) ) ;
#345 = DIRECTION ( 'NONE',  ( -1.606225440719266367E-16, 1.000000000000000000, -0.000000000000000000 ) ) ;
#346 = ADVANCED_FACE ( 'NONE', ( #496 ), #121, .F. ) ;
#347 = ORIENTED_EDGE ( 'NONE', *, *, #1520, .F. ) ;
#348 = EDGE_LOOP ( 'NONE', ( #1720, #1012, #1769, #342 ) ) ;
#349 = EDGE_CURVE ( 'NONE', #247, #1772, #502, .T. ) ;
#350 = CARTESIAN_POINT ( 'NONE',  ( 1.875000000000000000, 4.752567295878568371E-17, -0.2750000000000000222 ) ) ;
#351 = VERTEX_POINT ( 'NONE', #680 ) ;
#352 = ORIENTED_EDGE ( 'NONE', *, *, #500, .T. ) ;
#353 = PLANE ( 'NONE',  #435 ) ;
#354 = DIRECTION ( 'NONE',  ( -0.1736481776669221155, 0.9848077530122095746, 0.000000000000000000 ) ) ;
#355 = AXIS2_PLACEMENT_3D ( 'NONE', #798, #1744, #1699 ) ;
#356 = VERTEX_POINT ( 'NONE', #99 ) ;
#357 = ORIENTED_EDGE ( 'NONE', *, *, #901, .F. ) ;
#358 = ORIENTED_EDGE ( 'NONE', *, *, #2005, .F. ) ;
#359 = DIRECTION ( 'NONE',  ( -0.9848077530122095746, -0.1736481776669221433, 0.000000000000000000 ) ) ;
#360 = ORIENTED_EDGE ( 'NONE', *, *, #923, .T. ) ;
#361 = PRESENTATION_STYLE_ASSIGNMENT (( #824 ) ) ;
#362 = DIRECTION ( 'NONE',  ( -0.1736481776669232813, 0.9848077530122093526, -0.000000000000000000 ) ) ;
#363 = ADVANCED_FACE ( 'NONE', ( #1853 ), #729, .F. ) ;
#364 = VERTEX_POINT ( 'NONE', #1565 ) ;
#365 = CARTESIAN_POINT ( 'NONE',  ( -1.347493410367769373, 0.9788367431258875317, 0.6972493805500674657 ) ) ;
#366 = ORIENTED_EDGE ( 'NONE', *, *, #241, .F. ) ;
#367 = ORIENTED_EDGE ( 'NONE', *, *, #424, .F. ) ;
#368 = EDGE_CURVE ( 'NONE', #666, #1598, #1174, .T. ) ;
#369 = ORIENTED_EDGE ( 'NONE', *, *, #1106, .F. ) ;
#370 = DIRECTION ( 'NONE',  ( 0.000000000000000000, -0.000000000000000000, 1.000000000000000000 ) ) ;
#371 = EDGE_CURVE ( 'NONE', #1564, #459, #1986, .T. ) ;
#372 =( BOUNDED_SURFACE ( )  B_SPLINE_SURFACE ( 3, 2, ( 
 ( #392, #1583, #1489 ),
 ( #1651, #1980, #723 ),
 ( #126, #843, #1017 ),
 ( #1178, #851, #1032 ) ),
 .UNSPECIFIED., .F., .F., .F. ) 
 B_SPLINE_SURFACE_WITH_KNOTS ( ( 4, 4 ),
 ( 3, 3 ),
 ( 4.712388980384689674, 6.283185307179586232 ),
 ( 0.000000000000000000, 1.000000000000000000 ),
 .UNSPECIFIED. ) 
 GEOMETRIC_REPRESENTATION_ITEM ( )  RATIONAL_B_SPLINE_SURFACE ( (
 ( 1.000000000000000000, 0.7071067811865479058, 1.000000000000000000),
 ( 1.000000000000000000, 0.7399480042786741318, 1.000000000000000000),
 ( 1.000000000000000000, 0.7667924753338757338, 1.000000000000000000),
 ( 1.000000000000000000, 0.7660444431189761261, 1.000000000000000000) ) ) 
 REPRESENTATION_ITEM ( '' )  SURFACE ( )  );
#373 = VECTOR ( 'NONE', #512, 1000.000000000000000 ) ;
#374 = ORIENTED_EDGE ( 'NONE', *, *, #1112, .T. ) ;
#375 = AXIS2_PLACEMENT_3D ( 'NONE', #1823, #117, #232 ) ;
#376 = LINE ( 'NONE', #1745, #1718 ) ;
#377 = ADVANCED_FACE ( 'NONE', ( #1184 ), #1148, .T. ) ;
#378 = CARTESIAN_POINT ( 'NONE',  ( -1.334697638746279669, 0.9780080361123407728, 0.7281630509922510930 ) ) ;
#379 = EDGE_LOOP ( 'NONE', ( #335, #639, #964, #1381 ) ) ;
#380 = LINE ( 'NONE', #60, #1725 ) ;
#381 = ORIENTED_EDGE ( 'NONE', *, *, #668, .F. ) ;
#382 = CARTESIAN_POINT ( 'NONE',  ( -1.350054999999999783, 1.249999999999998890, 0.7749999999999995781 ) ) ;
#383 = CARTESIAN_POINT ( 'NONE',  ( 1.875000000000000000, 4.752567295878568371E-17, 0.2750000000000000222 ) ) ;
#384 = SHAPE_DEFINITION_REPRESENTATION ( #1173, #1628 ) ;
#385 = VERTEX_POINT ( 'NONE', #1502 ) ;
#386 = VERTEX_POINT ( 'NONE', #1220 ) ;
#387 = CARTESIAN_POINT ( 'NONE',  ( -1.194832256976557261, 0.09999999999999981126, -0.5147437412937070356 ) ) ;
#388 = CARTESIAN_POINT ( 'NONE',  ( -1.875000000000000000, 4.752567295878568371E-17, 0.2750000000000000222 ) ) ;
#389 = EDGE_LOOP ( 'NONE', ( #420, #37, #46, #1727 ) ) ;
#390 = ORIENTED_EDGE ( 'NONE', *, *, #782, .T. ) ;
#391 = VERTEX_POINT ( 'NONE', #1705 ) ;
#392 = CARTESIAN_POINT ( 'NONE',  ( -1.325778876427631925, 1.267364817766691187, -0.6750000000000000444 ) ) ;
#393 = CARTESIAN_POINT ( 'NONE',  ( 1.127018201032665035, 0.2912844257252346636, -0.6143632111028816123 ) ) ;
#394 = EDGE_CURVE ( 'NONE', #330, #1667, #519, .T. ) ;
#395 = VECTOR ( 'NONE', #558, 1000.000000000000000 ) ;
#396 = ORIENTED_EDGE ( 'NONE', *, *, #424, .T. ) ;
#397 = CARTESIAN_POINT ( 'NONE',  ( 1.225498976333885937, 0.2739196079585423105, -0.6143632111028816123 ) ) ;
#398 = DIRECTION ( 'NONE',  ( 0.9848077530122093526, 0.1736481776669231980, 0.000000000000000000 ) ) ;
#399 = CARTESIAN_POINT ( 'NONE',  ( -1.312326915347116651, 0.9782246501133305960, -0.7532007392760027287 ) ) ;
#400 = CARTESIAN_POINT ( 'NONE',  ( 1.347827944739322881, 0.9787270802738390341, -0.6985363753280492416 ) ) ;
#401 = EDGE_LOOP ( 'NONE', ( #61, #1587, #204, #1428 ) ) ;
#402 = ORIENTED_EDGE ( 'NONE', *, *, #155, .F. ) ;
#403 = AXIS2_PLACEMENT_3D ( 'NONE', #1873, #134, #30 ) ;
#404 = DIRECTION ( 'NONE',  ( -0.9848077530122093526, -0.1736481776669231980, 0.000000000000000000 ) ) ;
#405 = CARTESIAN_POINT ( 'NONE',  ( -1.875000000000000000, 4.752567295878568371E-17, -0.2750000000000000222 ) ) ;
#406 = VERTEX_POINT ( 'NONE', #879 ) ;
#407 = ORIENTED_EDGE ( 'NONE', *, *, #371, .F. ) ;
#408 =( GEOMETRIC_REPRESENTATION_CONTEXT ( 3 ) GLOBAL_UNCERTAINTY_ASSIGNED_CONTEXT ( ( #1430 ) ) GLOBAL_UNIT_ASSIGNED_CONTEXT ( ( #1513, #279, #27 ) ) REPRESENTATION_CONTEXT ( 'NONE', 'WORKASPACE' ) );
#409 = LINE ( 'NONE', #127, #1087 ) ;
#410 = DIRECTION ( 'NONE',  ( 1.451534717548964133E-16, -1.000000000000000000, 0.000000000000000000 ) ) ;
#411 = ORIENTED_EDGE ( 'NONE', *, *, #1724, .F. ) ;
#412 = VECTOR ( 'NONE', #1372, 1000.000000000000000 ) ;
#413 = EDGE_LOOP ( 'NONE', ( #352, #963, #1308, #301 ) ) ;
#414 = DIRECTION ( 'NONE',  ( 0.000000000000000000, 0.000000000000000000, 1.000000000000000000 ) ) ;
#415 = CARTESIAN_POINT ( 'NONE',  ( -1.225498976333885714, 0.2739196079585423660, -0.6143632111028816123 ) ) ;
#416 = DIRECTION ( 'NONE',  ( -0.1736481776669232813, -0.9848077530122093526, -0.000000000000000000 ) ) ;
#417 = PLANE ( 'NONE',  #1642 ) ;
#418 = ORIENTED_EDGE ( 'NONE', *, *, #640, .F. ) ;
#419 =( BOUNDED_SURFACE ( )  B_SPLINE_SURFACE ( 3, 2, ( 
 ( #836, #1574, #1879 ),
 ( #1773, #1476, #1000 ),
 ( #160, #1914, #1311 ),
 ( #1169, #1326, #1585 ) ),
 .UNSPECIFIED., .F., .F., .F. ) 
 B_SPLINE_SURFACE_WITH_KNOTS ( ( 4, 4 ),
 ( 3, 3 ),
 ( 3.141592653589793116, 4.625122517784980403 ),
 ( 0.000000000000000000, 1.000000000000000000 ),
 .UNSPECIFIED. ) 
 GEOMETRIC_REPRESENTATION_ITEM ( )  RATIONAL_B_SPLINE_SURFACE ( (
 ( 1.000000000000000000, 0.7660444431189786796, 1.000000000000000000),
 ( 1.000000000000000000, 0.7666452878442606700, 1.000000000000000000),
 ( 1.000000000000000000, 0.7430211740942822551, 1.000000000000000000),
 ( 1.000000000000000000, 0.7124375186292989381, 1.000000000000000000) ) ) 
 REPRESENTATION_ITEM ( '' )  SURFACE ( )  );
#420 = ORIENTED_EDGE ( 'NONE', *, *, #1974, .T. ) ;
#421 = DIRECTION ( 'NONE',  ( 1.000000000000000000, 1.606225440719266367E-16, -0.000000000000000000 ) ) ;
#422 = CARTESIAN_POINT ( 'NONE',  ( 1.257162015847839154, 0.9800047441984052199, 0.7750002102601392107 ) ) ;
#423 = FACE_OUTER_BOUND ( 'NONE', #33, .T. ) ;
#424 = EDGE_CURVE ( 'NONE', #943, #2004, #1129, .T. ) ;
#425 = CARTESIAN_POINT ( 'NONE',  ( -1.350054999999999783, 0.9799999999999986500, -0.7750000000000002442 ) ) ;
#426 = VERTEX_POINT ( 'NONE', #1231 ) ;
#427 = VERTEX_POINT ( 'NONE', #139 ) ;
#428 = EDGE_CURVE ( 'NONE', #76, #943, #465, .T. ) ;
#429 = ORIENTED_EDGE ( 'NONE', *, *, #394, .T. ) ;
#430 =( BOUNDED_CURVE ( )  B_SPLINE_CURVE ( 3, ( #617, #1095, #8, #488 ),
 .UNSPECIFIED., .F., .F. ) 
 B_SPLINE_CURVE_WITH_KNOTS ( ( 4, 4 ),
 ( 0.000000000000000000, 1.483529864195186621 ),
 .UNSPECIFIED. ) 
 CURVE ( )  GEOMETRIC_REPRESENTATION_ITEM ( )  RATIONAL_B_SPLINE_CURVE ( ( 1.000000000000000000, 0.8248515578734144649, 0.8248515578734144649, 1.000000000000000000 ) ) 
 REPRESENTATION_ITEM ( '' )  );
#431 = CARTESIAN_POINT ( 'NONE',  ( 1.110922296114626562, 0.09999999999999968636, -0.6170950761504488957 ) ) ;
#432 = DIRECTION ( 'NONE',  ( -0.1736481776669234478, 0.9848077530122092416, 0.000000000000000000 ) ) ;
#433 = CARTESIAN_POINT ( 'NONE',  ( -1.688266234803486254, 0.1500000000000000222, 0.2750000000000000222 ) ) ;
#434 = FACE_OUTER_BOUND ( 'NONE', #216, .T. ) ;
#435 = AXIS2_PLACEMENT_3D ( 'NONE', #298, #1868, #674 ) ;
#436 = ORIENTED_EDGE ( 'NONE', *, *, #1974, .F. ) ;
#437 = DIRECTION ( 'NONE',  ( -0.000000000000000000, -1.000000000000000000, -0.000000000000000000 ) ) ;
#438 = VERTEX_POINT ( 'NONE', #463 ) ;
#439 = ORIENTED_EDGE ( 'NONE', *, *, #693, .T. ) ;
#440 = EDGE_LOOP ( 'NONE', ( #1128, #717, #5, #1742 ) ) ;
#441 = CARTESIAN_POINT ( 'NONE',  ( 1.350000000000000977, 1.129999999999999005, 0.6749999999999994893 ) ) ;
#442 = CARTESIAN_POINT ( 'NONE',  ( -1.350000000000000089, 0.9799999999999999822, -0.7750000000000000222 ) ) ;
#443 = EDGE_LOOP ( 'NONE', ( #960, #285, #265, #1657 ) ) ;
#444 = VECTOR ( 'NONE', #1006, 1000.000000000000000 ) ;
#445 = VERTEX_POINT ( 'NONE', #1387 ) ;
#446 = DIRECTION ( 'NONE',  ( -1.000000000000000000, 1.093568622962105809E-16, 0.000000000000000000 ) ) ;
#447 = CARTESIAN_POINT ( 'NONE',  ( -1.350054999999999783, 1.449999999999999067, 0.5749999999999995115 ) ) ;
#448 = CARTESIAN_POINT ( 'NONE',  ( 1.307800676763503978, 1.369324254671397956, -0.7660110896710177197 ) ) ;
#449 = DIRECTION ( 'NONE',  ( -1.000000000000000000, 0.000000000000000000, 0.000000000000000000 ) ) ;
#450 = ORIENTED_EDGE ( 'NONE', *, *, #756, .T. ) ;
#451 = EDGE_LOOP ( 'NONE', ( #1687, #1545, #1285, #175 ) ) ;
#452 = EDGE_CURVE ( 'NONE', #426, #391, #1137, .T. ) ;
#453 = PLANE ( 'NONE',  #1251 ) ;
#454 = CARTESIAN_POINT ( 'NONE',  ( -1.688266234803486254, 0.2000000000000000389, -0.2750000000000000222 ) ) ;
#455 = VERTEX_POINT ( 'NONE', #477 ) ;
#456 = VERTEX_POINT ( 'NONE', #1845 ) ;
#457 = CARTESIAN_POINT ( 'NONE',  ( 1.293575368704174444, 1.449999985646612810, 0.6735457010633408848 ) ) ;
#458 = CARTESIAN_POINT ( 'NONE',  ( -1.350000000000000089, 1.129999999999999893, 0.2750000000000000222 ) ) ;
#459 = VERTEX_POINT ( 'NONE', #1865 ) ;
#460 = VECTOR ( 'NONE', #839, 1000.000000000000000 ) ;
#461 = ORIENTED_EDGE ( 'NONE', *, *, #650, .F. ) ;
#462 = PRESENTATION_LAYER_ASSIGNMENT (  '', '', ( #1280 ) ) ;
#463 = CARTESIAN_POINT ( 'NONE',  ( 1.574726817921680899, 0.9240758111006250886, -0.2750000000000000222 ) ) ;
#464 = CARTESIAN_POINT ( 'NONE',  ( 1.349867358072631696, 0.9792477502487931806, 0.6872625916623117392 ) ) ;
#465 = CIRCLE ( 'NONE', #1051, 0.07558523785777490622 ) ;
#466 = ORIENTED_EDGE ( 'NONE', *, *, #860, .F. ) ;
#467 = ORIENTED_EDGE ( 'NONE', *, *, #1080, .F. ) ;
#468 = VECTOR ( 'NONE', #1955, 999.9999999999998863 ) ;
#469 = FILL_AREA_STYLE_COLOUR ( '', #1264 ) ;
#470 = DIRECTION ( 'NONE',  ( 1.000000000000000000, 0.000000000000000000, 0.000000000000000000 ) ) ;
#471 = ORIENTED_EDGE ( 'NONE', *, *, #1080, .T. ) ;
#472 = VERTEX_POINT ( 'NONE', #907 ) ;
#473 = VECTOR ( 'NONE', #1825, 1000.000000000000000 ) ;
#474 = ORIENTED_EDGE ( 'NONE', *, *, #1085, .T. ) ;
#475 = DIRECTION ( 'NONE',  ( 0.000000000000000000, -1.000000000000000000, -0.000000000000000000 ) ) ;
#476 = DIRECTION ( 'NONE',  ( 0.000000000000000000, 1.000000000000000000, 0.000000000000000000 ) ) ;
#477 = CARTESIAN_POINT ( 'NONE',  ( 1.489027295185136879, 0.1825688514504697768, -0.2750000000000000222 ) ) ;
#478 = CYLINDRICAL_SURFACE ( 'NONE', #1238, 0.07558523785777490622 ) ;
#479 = FILL_AREA_STYLE ('',( #495 ) ) ;
#480 = EDGE_CURVE ( 'NONE', #959, #455, #1141, .T. ) ;
#481 = CIRCLE ( 'NONE', #1680, 0.2255852378577748729 ) ;
#482 = CARTESIAN_POINT ( 'NONE',  ( -1.349999999999999867, 0.9799999999999995381, -0.6753780268877261905 ) ) ;
#483 = CARTESIAN_POINT ( 'NONE',  ( 1.209665403055564470, 1.449999999999999067, -0.5749999999999999556 ) ) ;
#484 = EDGE_CURVE ( 'NONE', #167, #339, #1809, .T. ) ;
#485 = FACE_OUTER_BOUND ( 'NONE', #379, .T. ) ;
#486 = DIRECTION ( 'NONE',  ( 0.000000000000000000, -0.000000000000000000, 1.000000000000000000 ) ) ;
#487 = DIRECTION ( 'NONE',  ( -0.000000000000000000, -0.000000000000000000, -1.000000000000000000 ) ) ;
#488 = CARTESIAN_POINT ( 'NONE',  ( -1.127018201032664813, 0.2825688514504695048, -0.7139826809120563000 ) ) ;
#489 = FACE_OUTER_BOUND ( 'NONE', #698, .T. ) ;
#490 = ADVANCED_FACE ( 'NONE', ( #1818 ), #893, .F. ) ;
#491 = AXIS2_PLACEMENT_3D ( 'NONE', #3, #872, #470 ) ;
#492 = DIRECTION ( 'NONE',  ( -1.000000000000000000, 0.000000000000000000, 0.000000000000000000 ) ) ;
#493 = CARTESIAN_POINT ( 'NONE',  ( 1.110922293858827681, 0.09999999999999985290, -0.5147437412937070356 ) ) ;
#494 = VECTOR ( 'NONE', #1360, 999.9999999999998863 ) ;
#495 = FILL_AREA_STYLE_COLOUR ( '', #1064 ) ;
#496 = FACE_OUTER_BOUND ( 'NONE', #1681, .T. ) ;
#497 = DIRECTION ( 'NONE',  ( 0.9848077530122095746, 0.1736481776669221433, 0.000000000000000000 ) ) ;
#498 =( BOUNDED_CURVE ( )  B_SPLINE_CURVE ( 3, ( #1361, #1070, #845, #574 ),
 .UNSPECIFIED., .F., .F. ) 
 B_SPLINE_CURVE_WITH_KNOTS ( ( 4, 4 ),
 ( 4.799655442984400722, 6.283185307179586232 ),
 .UNSPECIFIED. ) 
 CURVE ( )  GEOMETRIC_REPRESENTATION_ITEM ( )  RATIONAL_B_SPLINE_CURVE ( ( 1.000000000000000000, 0.8248515578734147979, 0.8248515578734147979, 1.000000000000000000 ) ) 
 REPRESENTATION_ITEM ( '' )  );
#499 = CARTESIAN_POINT ( 'NONE',  ( -1.350000000000000089, 1.129999999999999893, -0.2750000000000000222 ) ) ;
#500 = EDGE_CURVE ( 'NONE', #1791, #1610, #481, .T. ) ;
#501 =( BOUNDED_CURVE ( )  B_SPLINE_CURVE ( 3, ( #1286, #1459, #1579, #1942 ),
 .UNSPECIFIED., .F., .F. ) 
 B_SPLINE_CURVE_WITH_KNOTS ( ( 4, 4 ),
 ( 1.570796326794894560, 3.141592653589793116 ),
 .UNSPECIFIED. ) 
 CURVE ( )  GEOMETRIC_REPRESENTATION_ITEM ( )  RATIONAL_B_SPLINE_CURVE ( ( 1.000000000000000000, 0.8047378541243644934, 0.8047378541243644934, 1.000000000000000000 ) ) 
 REPRESENTATION_ITEM ( '' )  );
#502 = LINE ( 'NONE', #713, #460 ) ;
#503 = CARTESIAN_POINT ( 'NONE',  ( -1.127018201032664813, 0.2825688514504695048, -0.7139826809120563000 ) ) ;
#504 = EDGE_CURVE ( 'NONE', #659, #76, #1152, .T. ) ;
#505 = LINE ( 'NONE', #1171, #1164 ) ;
#506 =( NAMED_UNIT ( * ) SI_UNIT ( $, .STERADIAN. ) SOLID_ANGLE_UNIT ( ) );
#507 = ADVANCED_FACE ( 'NONE', ( #1863 ), #1189, .T. ) ;
#508 = LINE ( 'NONE', #1835, #468 ) ;
#509 = DIRECTION ( 'NONE',  ( 0.000000000000000000, 0.000000000000000000, 1.000000000000000000 ) ) ;
#510 = CYLINDRICAL_SURFACE ( 'NONE', #1322, 0.1000000000000000333 ) ;
#511 = PLANE ( 'NONE',  #653 ) ;
#512 = DIRECTION ( 'NONE',  ( 1.606225440719266367E-16, 1.000000000000000000, 0.000000000000000000 ) ) ;
#513 = AXIS2_PLACEMENT_3D ( 'NONE', #154, #521, #359 ) ;
#514 = CARTESIAN_POINT ( 'NONE',  ( -1.127018201032664813, 0.2912844257252348301, 0.6143632111028816123 ) ) ;
#515 = FACE_OUTER_BOUND ( 'NONE', #1706, .T. ) ;
#516 = CARTESIAN_POINT ( 'NONE',  ( -1.349993569443090458, 0.9799635304995085727, -0.6761340502765872396 ) ) ;
#517 = ADVANCED_FACE ( 'NONE', ( #1866 ), #1198, .T. ) ;
#518 = CARTESIAN_POINT ( 'NONE',  ( -1.875000000000000000, 4.752567295878568371E-17, 0.2750000000000000222 ) ) ;
#519 = LINE ( 'NONE', #800, #1192 ) ;
#520 = AXIS2_PLACEMENT_3D ( 'NONE', #122, #1634, #1195 ) ;
#521 = DIRECTION ( 'NONE',  ( -0.1736481776669232813, 0.9848077530122093526, 0.000000000000000000 ) ) ;
#522 = CARTESIAN_POINT ( 'NONE',  ( -1.350054999999999783, 0.09999999999999985290, -0.5147437412937070356 ) ) ;
#523 = CARTESIAN_POINT ( 'NONE',  ( -1.308146178356786260, 1.367364817766691498, -0.6335786437626905743 ) ) ;
#524 =( NAMED_UNIT ( * ) PLANE_ANGLE_UNIT ( ) SI_UNIT ( $, .RADIAN. ) );
#525 = EDGE_CURVE ( 'NONE', #459, #1134, #1871, .T. ) ;
#526 = CYLINDRICAL_SURFACE ( 'NONE', #179, 0.2000000000000000389 ) ;
#527 = CARTESIAN_POINT ( 'NONE',  ( -1.215907636363767086, 0.2195244159602338929, 0.6096042484527139926 ) ) ;
#528 = ADVANCED_FACE ( 'NONE', ( #530 ), #526, .T. ) ;
#529 = DIRECTION ( 'NONE',  ( 0.000000000000000000, -0.000000000000000000, 1.000000000000000000 ) ) ;
#530 = FACE_OUTER_BOUND ( 'NONE', #14, .T. ) ;
#531 = CARTESIAN_POINT ( 'NONE',  ( -1.110922293858828569, 0.09999999999999981126, -0.5147437412937070356 ) ) ;
#532 = VECTOR ( 'NONE', #23, 1000.000000000000000 ) ;
#533 = CARTESIAN_POINT ( 'NONE',  ( -1.110922296114625452, 0.09999999999999964473, 0.6170950761504485627 ) ) ;
#534 = EDGE_CURVE ( 'NONE', #1771, #213, #501, .T. ) ;
#535 = VECTOR ( 'NONE', #562, 1000.000000000000000 ) ;
#536 = DIRECTION ( 'NONE',  ( -0.000000000000000000, 0.000000000000000000, -1.000000000000000000 ) ) ;
#537 = DIRECTION ( 'NONE',  ( 0.9848077530122092416, 0.1736481776669234478, 0.000000000000000000 ) ) ;
#538 = CARTESIAN_POINT ( 'NONE',  ( -1.349071204350106745, 0.9791321191908685106, -0.6903357266687976113 ) ) ;
#539 = CARTESIAN_POINT ( 'NONE',  ( 1.264367274471083435, 0.9798015608808857690, -0.7742213105314926791 ) ) ;
#540 = EDGE_CURVE ( 'NONE', #190, #659, #1944, .T. ) ;
#541 = ADVANCED_FACE ( 'NONE', ( #1884 ), #899, .T. ) ;
#542 = CARTESIAN_POINT ( 'NONE',  ( 1.489027295185136879, 0.1825688514504697768, 0.2750000000000000222 ) ) ;
#543 = LINE ( 'NONE', #132, #1224 ) ;
#544 = AXIS2_PLACEMENT_3D ( 'NONE', #250, #1181, #446 ) ;
#545 =( NAMED_UNIT ( * ) PLANE_ANGLE_UNIT ( ) SI_UNIT ( $, .RADIAN. ) );
#546 = CARTESIAN_POINT ( 'NONE',  ( -1.315449881038960322, 1.325943461529381473, 0.6749999999999994893 ) ) ;
#547 = CARTESIAN_POINT ( 'NONE',  ( 1.225498976333885937, 0.2739196079585423660, -0.6143632111028816123 ) ) ;
#548 = CARTESIAN_POINT ( 'NONE',  ( -1.328747741104646440, 0.9779159508933432665, -0.7376422338386576794 ) ) ;
#549 = CARTESIAN_POINT ( 'NONE',  ( 1.349867358072631474, 0.9792477502487927365, -0.6872625916623120723 ) ) ;
#550 = CARTESIAN_POINT ( 'NONE',  ( -1.350000000000000089, 1.449999999999999956, 0.7750000000000000222 ) ) ;
#551 = PLANE ( 'NONE',  #1409 ) ;
#552 = LINE ( 'NONE', #1088, #1250 ) ;
#553 = DIRECTION ( 'NONE',  ( -1.000000000000000000, 0.000000000000000000, 0.000000000000000000 ) ) ;
#554 = EDGE_CURVE ( 'NONE', #725, #959, #1882, .T. ) ;
#555 = CYLINDRICAL_SURFACE ( 'NONE', #200, 0.1000000000000000333 ) ;
#556 = CARTESIAN_POINT ( 'NONE',  ( 1.216509421463663365, 0.2229373088565911876, -0.6099028256207272847 ) ) ;
#557 = CARTESIAN_POINT ( 'NONE',  ( 1.489027295185136879, 0.1825688514504697768, 0.2750000000000000222 ) ) ;
#558 = DIRECTION ( 'NONE',  ( -0.000000000000000000, -0.000000000000000000, -1.000000000000000000 ) ) ;
#559 = EDGE_CURVE ( 'NONE', #1998, #456, #1239, .T. ) ;
#560 = DIRECTION ( 'NONE',  ( -1.000000000000000000, 0.000000000000000000, 0.000000000000000000 ) ) ;
#561 = VECTOR ( 'NONE', #772, 1000.000000000000000 ) ;
#562 = DIRECTION ( 'NONE',  ( 1.000000000000000000, 1.451534717548964133E-16, 0.000000000000000000 ) ) ;
#563 = DIRECTION ( 'NONE',  ( 0.000000000000000000, -0.000000000000000000, -1.000000000000000000 ) ) ;
#564 = VECTOR ( 'NONE', #822, 1000.000000000000000 ) ;
#565 = LINE ( 'NONE', #1427, #1244 ) ;
#566 = ORIENTED_EDGE ( 'NONE', *, *, #1941, .F. ) ;
#567 = FILL_AREA_STYLE_COLOUR ( '', #1641 ) ;
#568 = CARTESIAN_POINT ( 'NONE',  ( -1.350054999999999783, 1.449999999999999067, -0.5749999999999999556 ) ) ;
#569 = LINE ( 'NONE', #1688, #656 ) ;
#570 = ORIENTED_EDGE ( 'NONE', *, *, #21, .F. ) ;
#571 = VECTOR ( 'NONE', #1419, 1000.000000000000000 ) ;
#572 = DIRECTION ( 'NONE',  ( 1.000000000000000000, -0.000000000000000000, -0.000000000000000000 ) ) ;
#573 = CARTESIAN_POINT ( 'NONE',  ( 1.489027295185136879, 0.1825688514504697768, 0.2750000000000000222 ) ) ;
#574 = CARTESIAN_POINT ( 'NONE',  ( -1.209403069160049693, 0.1826351822333078523, -0.5147437412937070356 ) ) ;
#575 = DIRECTION ( 'NONE',  ( 0.000000000000000000, 0.000000000000000000, -1.000000000000000000 ) ) ;
#576 = ORIENTED_EDGE ( 'NONE', *, *, #1445, .T. ) ;
#577 = VECTOR ( 'NONE', #1211, 1000.000000000000000 ) ;
#578 = VECTOR ( 'NONE', #1837, 999.9999999999998863 ) ;
#579 =( LENGTH_UNIT ( ) NAMED_UNIT ( * ) SI_UNIT ( .MILLI., .METRE. ) );
#580 = ORIENTED_EDGE ( 'NONE', *, *, #38, .T. ) ;
#581 = CARTESIAN_POINT ( 'NONE',  ( 1.688266234803486254, 0.2000000000000000389, 0.2750000000000000222 ) ) ;
#582 = ORIENTED_EDGE ( 'NONE', *, *, #1327, .F. ) ;
#583 = FACE_OUTER_BOUND ( 'NONE', #956, .T. ) ;
#584 = EDGE_CURVE ( 'NONE', #1711, #391, #106, .T. ) ;
#585 = DIRECTION ( 'NONE',  ( 0.000000000000000000, 0.000000000000000000, 1.000000000000000000 ) ) ;
#586 = DIRECTION ( 'NONE',  ( -0.9961946980917462113, -0.08715574274765117146, 0.000000000000000000 ) ) ;
#587 = ORIENTED_EDGE ( 'NONE', *, *, #1891, .T. ) ;
#588 = CYLINDRICAL_SURFACE ( 'NONE', #1790, 0.1000000000000000472 ) ;
#589 = CARTESIAN_POINT ( 'NONE',  ( -1.350054999999999783, 0.2999999999999999334, -0.5147437412937070356 ) ) ;
#590 = DIRECTION ( 'NONE',  ( -1.000000000000000000, 0.000000000000000000, 0.000000000000000000 ) ) ;
#591 = CARTESIAN_POINT ( 'NONE',  ( 1.217693344745092610, 1.358942560494619700, -0.7750000000000003553 ) ) ;
#592 = EDGE_LOOP ( 'NONE', ( #212, #1021, #1003, #850 ) ) ;
#593 = PRESENTATION_STYLE_ASSIGNMENT (( #2 ) ) ;
#594 = CARTESIAN_POINT ( 'NONE',  ( -1.209665403055565358, 1.449999999999999289, -0.6921572875253810819 ) ) ;
#595 = VERTEX_POINT ( 'NONE', #503 ) ;
#596 = CARTESIAN_POINT ( 'NONE',  ( 1.227298101126411689, 1.249999999999998668, -0.6749999999999999334 ) ) ;
#597 = FACE_OUTER_BOUND ( 'NONE', #887, .T. ) ;
#598 = ORIENTED_EDGE ( 'NONE', *, *, #1401, .F. ) ;
#599 = CYLINDRICAL_SURFACE ( 'NONE', #1229, 0.2000000000000000944 ) ;
#600 = CARTESIAN_POINT ( 'NONE',  ( 1.316174118281446814, 1.321836108022981682, 0.6749999869940772612 ) ) ;
#601 = DIRECTION ( 'NONE',  ( -1.000000000000000000, 0.000000000000000000, 0.000000000000000000 ) ) ;
#602 = VERTEX_POINT ( 'NONE', #654 ) ;
#603 = CARTESIAN_POINT ( 'NONE',  ( 1.349993569443090458, 0.9799635304995053531, -0.6761340502765869065 ) ) ;
#604 = CARTESIAN_POINT ( 'NONE',  ( 1.347827944739322881, 0.9787270802738395892, 0.6985363753280487975 ) ) ;
#605 = ORIENTED_EDGE ( 'NONE', *, *, #775, .T. ) ;
#606 = VECTOR ( 'NONE', #936, 1000.000000000000000 ) ;
#607 = EDGE_CURVE ( 'NONE', #427, #1767, #1940, .T. ) ;
#608 = DIRECTION ( 'NONE',  ( -1.000000000000000000, 0.000000000000000000, 0.000000000000000000 ) ) ;
#609 = ORIENTED_EDGE ( 'NONE', *, *, #645, .F. ) ;
#610 = CARTESIAN_POINT ( 'NONE',  ( -1.350000000000000089, 1.129999999999999893, -0.7750000000000000222 ) ) ;
#611 = FACE_OUTER_BOUND ( 'NONE', #847, .T. ) ;
#612 = VECTOR ( 'NONE', #1510, 1000.000000000000000 ) ;
#613 = VERTEX_POINT ( 'NONE', #1273 ) ;
#614 = LINE ( 'NONE', #1433, #621 ) ;
#615 = DIRECTION ( 'NONE',  ( -0.9848077530122091305, 0.1736481776669242527, 0.000000000000000000 ) ) ;
#616 = CARTESIAN_POINT ( 'NONE',  ( -1.350000000000000089, 0.9799999999999999822, 0.6749999999999994893 ) ) ;
#617 = CARTESIAN_POINT ( 'NONE',  ( -1.110922293858828569, 0.09999999999999985290, -0.5147437412937070356 ) ) ;
#618 =( BOUNDED_CURVE ( )  B_SPLINE_CURVE ( 3, ( #785, #238, #1382, #1351 ),
 .UNSPECIFIED., .F., .F. ) 
 B_SPLINE_CURVE_WITH_KNOTS ( ( 4, 4 ),
 ( 4.712388980384689674, 6.283185307179586232 ),
 .UNSPECIFIED. ) 
 CURVE ( )  GEOMETRIC_REPRESENTATION_ITEM ( )  RATIONAL_B_SPLINE_CURVE ( ( 1.000000000000000000, 0.8047378541243649375, 0.8047378541243649375, 1.000000000000000000 ) ) 
 REPRESENTATION_ITEM ( '' )  );
#619 = FACE_OUTER_BOUND ( 'NONE', #1653, .T. ) ;
#620 = ORIENTED_EDGE ( 'NONE', *, *, #880, .F. ) ;
#621 = VECTOR ( 'NONE', #54, 999.9999999999998863 ) ;
#622 = AXIS2_PLACEMENT_3D ( 'NONE', #1393, #1932, #1561 ) ;
#623 = CARTESIAN_POINT ( 'NONE',  ( -1.316174118281446370, 1.321836108022981460, 0.6749999869940772612 ) ) ;
#624 = VECTOR ( 'NONE', #1222, 1000.000000000000000 ) ;
#625 = VECTOR ( 'NONE', #26, 999.9999999999998863 ) ;
#626 = LINE ( 'NONE', #1661, #578 ) ;
#627 = CARTESIAN_POINT ( 'NONE',  ( -1.350054999999999783, 0.2825688514504695048, -0.7139826809120563000 ) ) ;
#628 = ORIENTED_EDGE ( 'NONE', *, *, #1886, .F. ) ;
#629 = FILL_AREA_STYLE_COLOUR ( '', #1412 ) ;
#630 = LINE ( 'NONE', #1568, #635 ) ;
#631 = ORIENTED_EDGE ( 'NONE', *, *, #480, .F. ) ;
#632 = CARTESIAN_POINT ( 'NONE',  ( 1.209665405456626264, 1.449999999999999289, 0.6839425603345199445 ) ) ;
#633 = CARTESIAN_POINT ( 'NONE',  ( 1.249999999999999778, -2.007781800899082650E-16, -0.7750000000000000222 ) ) ;
#634 = PLANE ( 'NONE',  #1156 ) ;
#635 = VECTOR ( 'NONE', #719, 1000.000000000000227 ) ;
#636 = ORIENTED_EDGE ( 'NONE', *, *, #368, .T. ) ;
#637 = LINE ( 'NONE', #1923, #1334 ) ;
#638 = DIRECTION ( 'NONE',  ( 0.000000000000000000, 0.000000000000000000, 1.000000000000000000 ) ) ;
#639 = ORIENTED_EDGE ( 'NONE', *, *, #349, .F. ) ;
#640 = EDGE_CURVE ( 'NONE', #236, #1771, #1929, .T. ) ;
#641 = FACE_OUTER_BOUND ( 'NONE', #592, .T. ) ;
#642 = CARTESIAN_POINT ( 'NONE',  ( 1.489027295185136879, 0.1825688514504697768, 0.2750000000000000222 ) ) ;
#643 = ADVANCED_FACE ( 'NONE', ( #1892 ), #588, .T. ) ;
#644 = ORIENTED_EDGE ( 'NONE', *, *, #504, .F. ) ;
#645 = EDGE_CURVE ( 'NONE', #1550, #1105, #1241, .T. ) ;
#646 = VECTOR ( 'NONE', #846, 1000.000000000000000 ) ;
#647 = ORIENTED_EDGE ( 'NONE', *, *, #1832, .T. ) ;
#648 = PLANE ( 'NONE',  #403 ) ;
#649 = CARTESIAN_POINT ( 'NONE',  ( -1.350054999999999783, 0.2825688514504697268, 0.7139826809120563000 ) ) ;
#650 = EDGE_CURVE ( 'NONE', #1994, #1059, #552, .T. ) ;
#651 = CIRCLE ( 'NONE', #1206, 0.1000000000000000333 ) ;
#652 = EDGE_LOOP ( 'NONE', ( #1801, #418, #1138, #1392 ) ) ;
#653 = AXIS2_PLACEMENT_3D ( 'NONE', #915, #163, #695 ) ;
#654 = CARTESIAN_POINT ( 'NONE',  ( -1.209403069160049693, 0.1826351822333078523, -0.5147437412937070356 ) ) ;
#655 = CARTESIAN_POINT ( 'NONE',  ( 1.302411120633082398, 0.9785096936739843265, 0.7601649836140680350 ) ) ;
#656 = VECTOR ( 'NONE', #475, 1000.000000000000000 ) ;
#657 = CYLINDRICAL_SURFACE ( 'NONE', #1037, 0.07558523785777490622 ) ;
#658 = DIRECTION ( 'NONE',  ( -0.9848077530122093526, 0.1736481776669231980, 0.000000000000000000 ) ) ;
#659 = VERTEX_POINT ( 'NONE', #124 ) ;
#660 = CARTESIAN_POINT ( 'NONE',  ( -1.261165772574277977, 0.9800073952578862713, 0.7750003278178535515 ) ) ;
#661 = CIRCLE ( 'NONE', #119, 0.04999999999999991257 ) ;
#662 = ADVANCED_FACE ( 'NONE', ( #583 ), #1887, .T. ) ;
#663 = ORIENTED_EDGE ( 'NONE', *, *, #1177, .F. ) ;
#664 = CARTESIAN_POINT ( 'NONE',  ( 1.308146180757859156, 1.367364804149531654, 0.6294712897814578323 ) ) ;
#665 = CARTESIAN_POINT ( 'NONE',  ( -1.688266234803486254, 2.710505431213761085E-17, 0.2750000000000000222 ) ) ;
#666 = VERTEX_POINT ( 'NONE', #848 ) ;
#667 = CARTESIAN_POINT ( 'NONE',  ( 1.209665403055565802, 1.449999999999999067, 0.6921572875253804158 ) ) ;
#668 = EDGE_CURVE ( 'NONE', #386, #1284, #1935, .T. ) ;
#669 =( LENGTH_UNIT ( ) NAMED_UNIT ( * ) SI_UNIT ( .MILLI., .METRE. ) );
#670 = ORIENTED_EDGE ( 'NONE', *, *, #1133, .F. ) ;
#671 = MANIFOLD_SOLID_BREP ( 'Mirror1', #1737 ) ;
#672 = FACE_OUTER_BOUND ( 'NONE', #1507, .T. ) ;
#673 = EDGE_CURVE ( 'NONE', #1767, #193, #1919, .T. ) ;
#674 = DIRECTION ( 'NONE',  ( -1.000000000000000000, 0.000000000000000000, 0.000000000000000000 ) ) ;
#675 = CARTESIAN_POINT ( 'NONE',  ( -1.250000000000000000, 1.449999999999999956, -0.6749999999999999334 ) ) ;
#676 = ORIENTED_EDGE ( 'NONE', *, *, #1276, .T. ) ;
#677 = AXIS2_PLACEMENT_3D ( 'NONE', #1366, #39, #1310 ) ;
#678 = CARTESIAN_POINT ( 'NONE',  ( 1.252987454845052584, 1.005691564702265062, -0.6768657369053564521 ) ) ;
#679 =( BOUNDED_SURFACE ( )  B_SPLINE_SURFACE ( 3, 2, ( 
 ( #1862, #789, #1124 ),
 ( #600, #1163, #162 ),
 ( #664, #457, #632 ),
 ( #137, #778, #890 ) ),
 .UNSPECIFIED., .F., .F., .F. ) 
 B_SPLINE_SURFACE_WITH_KNOTS ( ( 4, 4 ),
 ( 3, 3 ),
 ( 1.570796326794896558, 3.141592653589793116 ),
 ( 0.000000000000000000, 1.000000000000000000 ),
 .UNSPECIFIED. ) 
 GEOMETRIC_REPRESENTATION_ITEM ( )  RATIONAL_B_SPLINE_SURFACE ( (
 ( 1.000000000000000000, 0.7071067811865501263, 1.000000000000000000),
 ( 1.000000000000000000, 0.7399480042786796830, 1.000000000000000000),
 ( 1.000000000000000000, 0.7667924753338772881, 1.000000000000000000),
 ( 1.000000000000000000, 0.7660444431189787906, 1.000000000000000000) ) ) 
 REPRESENTATION_ITEM ( '' )  SURFACE ( )  );
#680 = CARTESIAN_POINT ( 'NONE',  ( -1.209665403055564914, 1.449999999999999067, -0.5749999999999999556 ) ) ;
#681 = CARTESIAN_POINT ( 'NONE',  ( -1.209665403055564914, 1.349999999999999867, 0.5749999999999995115 ) ) ;
#682 = STYLED_ITEM ( 'NONE', ( #731 ), #1432 ) ;
#683 = VECTOR ( 'NONE', #321, 1000.000000000000000 ) ;
#684 = ADVANCED_FACE ( 'NONE', ( #597 ), #599, .T. ) ;
#685 = ORIENTED_EDGE ( 'NONE', *, *, #214, .F. ) ;
#686 = CIRCLE ( 'NONE', #290, 0.1000000000000000472 ) ;
#687 = ORIENTED_EDGE ( 'NONE', *, *, #1505, .F. ) ;
#688 = CIRCLE ( 'NONE', #1842, 0.2255852378577748729 ) ;
#689 = CARTESIAN_POINT ( 'NONE',  ( 1.215907636363767530, 0.2195244159602338652, 0.6096042484527139926 ) ) ;
#690 = VERTEX_POINT ( 'NONE', #1060 ) ;
#691 = FACE_OUTER_BOUND ( 'NONE', #1100, .T. ) ;
#692 = ORIENTED_EDGE ( 'NONE', *, *, #1505, .T. ) ;
#693 = EDGE_CURVE ( 'NONE', #1082, #236, #618, .T. ) ;
#694 =( BOUNDED_CURVE ( )  B_SPLINE_CURVE ( 3, ( #1290, #482, #1560, #516 ),
 .UNSPECIFIED., .F., .F. ) 
 B_SPLINE_CURVE_WITH_KNOTS ( ( 4, 4 ),
 ( 3.141592653589793116, 3.152933399447747309 ),
 .UNSPECIFIED. ) 
 CURVE ( )  GEOMETRIC_REPRESENTATION_ITEM ( )  RATIONAL_B_SPLINE_CURVE ( ( 1.000000000000000000, 0.9999892823189993063, 0.9999892823189993063, 1.000000000000000000 ) ) 
 REPRESENTATION_ITEM ( '' )  );
#695 = DIRECTION ( 'NONE',  ( 1.000000000000000000, 0.000000000000000000, -0.000000000000000000 ) ) ;
#696 = CARTESIAN_POINT ( 'NONE',  ( -1.574726817921680899, 0.9240758111006250886, 0.2750000000000000222 ) ) ;
#697 = CIRCLE ( 'NONE', #622, 0.07558523785777490622 ) ;
#698 = EDGE_LOOP ( 'NONE', ( #360, #1350, #1787, #1394 ) ) ;
#699 = EDGE_CURVE ( 'NONE', #1284, #944, #1282, .T. ) ;
#700 = CARTESIAN_POINT ( 'NONE',  ( -1.127018201032664813, 0.2825688514504695603, -0.7139826809120563000 ) ) ;
#701 = CARTESIAN_POINT ( 'NONE',  ( 1.350000000000000089, 0.9044147621422250483, -0.2750000000000000222 ) ) ;
#702 = LINE ( 'NONE', #1248, #20 ) ;
#703 = ADVANCED_FACE ( 'NONE', ( #1213 ), #555, .T. ) ;
#704 = EDGE_LOOP ( 'NONE', ( #1600, #218, #1580, #1530 ) ) ;
#705 = EDGE_CURVE ( 'NONE', #1591, #944, #1221, .T. ) ;
#706 = LINE ( 'NONE', #1848, #1404 ) ;
#707 = CARTESIAN_POINT ( 'NONE',  ( 1.350000000000001199, 1.129999999999994342, 0.7335786437626902190 ) ) ;
#708 = ORIENTED_EDGE ( 'NONE', *, *, #1755, .F. ) ;
#709 = CARTESIAN_POINT ( 'NONE',  ( -1.345013456926107187, 0.9783724753589079226, 0.7081161603256604931 ) ) ;
#710 = SURFACE_STYLE_FILL_AREA ( #1120 ) ;
#711 = UNCERTAINTY_MEASURE_WITH_UNIT (LENGTH_MEASURE( 1.000000000000000082E-05 ), #1341, 'distance_accuracy_value', 'NONE');
#712 = ORIENTED_EDGE ( 'NONE', *, *, #1197, .F. ) ;
#713 = CARTESIAN_POINT ( 'NONE',  ( -1.308146178356786038, 1.367364817766692386, -0.7750000000000000222 ) ) ;
#714 = PLANE ( 'NONE',  #1934 ) ;
#715 = CARTESIAN_POINT ( 'NONE',  ( 1.282265892883059921, 0.9792323293766433956, -0.7703071874448579326 ) ) ;
#716 = CIRCLE ( 'NONE', #1820, 0.04999999999999991257 ) ;
#717 = ORIENTED_EDGE ( 'NONE', *, *, #607, .F. ) ;
#718 = CARTESIAN_POINT ( 'NONE',  ( 1.250000000000000000, 1.449999999999999956, -0.6749999999999999334 ) ) ;
#719 = DIRECTION ( 'NONE',  ( 0.08715574274765114371, -0.9961946980917461003, -0.000000000000000000 ) ) ;
#720 = FACE_OUTER_BOUND ( 'NONE', #1815, .T. ) ;
#721 = EDGE_LOOP ( 'NONE', ( #466, #407, #663, #1076, #439 ) ) ;
#722 = VECTOR ( 'NONE', #71, 1000.000000000000000 ) ;
#723 = CARTESIAN_POINT ( 'NONE',  ( -1.217693344745091277, 1.358942560494620144, -0.7750000000000001332 ) ) ;
#724 = ADVANCED_FACE ( 'NONE', ( #1217 ), #453, .F. ) ;
#725 = VERTEX_POINT ( 'NONE', #1995 ) ;
#726 = CARTESIAN_POINT ( 'NONE',  ( -1.321077582417140128, 0.9780045485006949590, 0.7462263539856129890 ) ) ;
#727 = EDGE_CURVE ( 'NONE', #1998, #1581, #543, .T. ) ;
#728 = ORIENTED_EDGE ( 'NONE', *, *, #96, .F. ) ;
#729 = PLANE ( 'NONE',  #1867 ) ;
#730 = DIRECTION ( 'NONE',  ( -0.000000000000000000, -0.000000000000000000, -1.000000000000000000 ) ) ;
#731 = PRESENTATION_STYLE_ASSIGNMENT (( #1262 ) ) ;
#732 = EDGE_CURVE ( 'NONE', #1312, #351, #1900, .T. ) ;
#733 = VERTEX_POINT ( 'NONE', #1480 ) ;
#734 = CARTESIAN_POINT ( 'NONE',  ( 0.000000000000000000, 0.000000000000000000, -0.7750000000000000222 ) ) ;
#735 = FACE_OUTER_BOUND ( 'NONE', #1277, .T. ) ;
#736 = ORIENTED_EDGE ( 'NONE', *, *, #584, .T. ) ;
#737 = AXIS2_PLACEMENT_3D ( 'NONE', #168, #354, #183 ) ;
#738 = CIRCLE ( 'NONE', #491, 0.2000000000000000944 ) ;
#739 = CARTESIAN_POINT ( 'NONE',  ( 1.489027295185136879, 0.1825688514504697768, -0.2750000000000000222 ) ) ;
#740 = EDGE_LOOP ( 'NONE', ( #752, #1418, #230, #278, #195, #1622 ) ) ;
#741 = CARTESIAN_POINT ( 'NONE',  ( -1.350000000000000089, 0.9044147621422250483, 0.2750000000000000222 ) ) ;
#742 = AXIS2_PLACEMENT_3D ( 'NONE', #1119, #1261, #1888 ) ;
#743 = ADVANCED_FACE ( 'NONE', ( #1948 ), #1044, .F. ) ;
#744 = EDGE_LOOP ( 'NONE', ( #609, #861, #995, #1613 ) ) ;
#745 = CARTESIAN_POINT ( 'NONE',  ( 1.127018201032665701, 0.2825688514504695603, -0.7139826809120563000 ) ) ;
#746 = CARTESIAN_POINT ( 'NONE',  ( 1.350000000000000977, 1.129999999999999005, -0.6749999999999999334 ) ) ;
#747 = CARTESIAN_POINT ( 'NONE',  ( 1.209665403055566468, 1.449999999999999067, -0.5749999999999999556 ) ) ;
#748 = CARTESIAN_POINT ( 'NONE',  ( 1.311898897722451274, 0.9782086263350662225, -0.7543261398960430242 ) ) ;
#749 = FACE_OUTER_BOUND ( 'NONE', #1717, .T. ) ;
#750 = EDGE_LOOP ( 'NONE', ( #631, #369, #1062, #1979 ) ) ;
#751 = CARTESIAN_POINT ( 'NONE',  ( 1.209665403055564470, 1.449999999999999067, -0.5749999999999999556 ) ) ;
#752 = ORIENTED_EDGE ( 'NONE', *, *, #1448, .T. ) ;
#753 = EDGE_CURVE ( 'NONE', #1666, #1374, #614, .T. ) ;
#754 = ORIENTED_EDGE ( 'NONE', *, *, #1726, .T. ) ;
#755 = DIRECTION ( 'NONE',  ( -0.000000000000000000, -0.000000000000000000, -1.000000000000000000 ) ) ;
#756 = EDGE_CURVE ( 'NONE', #1121, #1312, #1964, .T. ) ;
#757 = DIRECTION ( 'NONE',  ( 1.000000000000000000, 0.000000000000000000, 0.000000000000000000 ) ) ;
#758 = LINE ( 'NONE', #143, #78 ) ;
#759 = ORIENTED_EDGE ( 'NONE', *, *, #1426, .T. ) ;
#760 = DIRECTION ( 'NONE',  ( 0.000000000000000000, 0.000000000000000000, -1.000000000000000000 ) ) ;
#761 = DIRECTION ( 'NONE',  ( 1.000000000000000000, 1.093568622962105809E-16, 0.000000000000000000 ) ) ;
#762 = FACE_OUTER_BOUND ( 'NONE', #389, .T. ) ;
#763 = AXIS2_PLACEMENT_3D ( 'NONE', #344, #59, #1108 ) ;
#764 = CYLINDRICAL_SURFACE ( 'NONE', #28, 0.1000000000000000472 ) ;
#765 = CARTESIAN_POINT ( 'NONE',  ( -1.194832259363223459, 0.1000000135354695008, 0.6076739301468205845 ) ) ;
#766 = ORIENTED_EDGE ( 'NONE', *, *, #452, .F. ) ;
#767 = CARTESIAN_POINT ( 'NONE',  ( -1.350000000000000089, 0.9799999999999999822, -0.2750000000000000222 ) ) ;
#768 = CARTESIAN_POINT ( 'NONE',  ( -1.250000000000000000, 0.9799999999999986500, -0.7750000000000002442 ) ) ;
#769 = VECTOR ( 'NONE', #476, 1000.000000000000000 ) ;
#770 = CARTESIAN_POINT ( 'NONE',  ( -1.325778876427632147, 1.267364817766691187, 0.7749999999999996891 ) ) ;
#771 = CARTESIAN_POINT ( 'NONE',  ( 1.325778876427632369, 1.267364817766690965, -0.6750000000000000444 ) ) ;
#772 = DIRECTION ( 'NONE',  ( -0.000000000000000000, -0.000000000000000000, -1.000000000000000000 ) ) ;
#773 = FACE_OUTER_BOUND ( 'NONE', #1796, .T. ) ;
#774 = DIRECTION ( 'NONE',  ( 0.000000000000000000, -0.000000000000000000, -1.000000000000000000 ) ) ;
#775 = EDGE_CURVE ( 'NONE', #1599, #2004, #1289, .T. ) ;
#776 = LINE ( 'NONE', #767, #769 ) ;
#777 = EDGE_CURVE ( 'NONE', #1398, #1984, #1149, .T. ) ;
#778 = CARTESIAN_POINT ( 'NONE',  ( 1.293575366173294272, 1.449999999999998179, 0.5749999999999992895 ) ) ;
#779 = CARTESIAN_POINT ( 'NONE',  ( 0.000000000000000000, 0.000000000000000000, 0.7750000000000000222 ) ) ;
#780 = CARTESIAN_POINT ( 'NONE',  ( -1.875000000000000000, 0.1500000000000000500, -0.2750000000000000222 ) ) ;
#781 = VECTOR ( 'NONE', #287, 1000.000000000000000 ) ;
#782 = EDGE_CURVE ( 'NONE', #1781, #1575, #1959, .T. ) ;
#783 = CARTESIAN_POINT ( 'NONE',  ( 1.334593116179114691, 0.9779440783418580363, 0.7294829131386389998 ) ) ;
#784 = LINE ( 'NONE', #105, #1425 ) ;
#785 = CARTESIAN_POINT ( 'NONE',  ( 1.250000000000000000, 1.121251133647410470, -0.7750000000000000222 ) ) ;
#786 = CARTESIAN_POINT ( 'NONE',  ( -1.350000000000000089, 0.9799999999999999822, 0.6749999999999994893 ) ) ;
#787 = CIRCLE ( 'NONE', #375, 0.07558523785777490622 ) ;
#788 = AXIS2_PLACEMENT_3D ( 'NONE', #1763, #1438, #954 ) ;
#789 = CARTESIAN_POINT ( 'NONE',  ( 1.325778876427632591, 1.267364817766690965, 0.7749999999999988010 ) ) ;
#790 = DIRECTION ( 'NONE',  ( -0.000000000000000000, 0.000000000000000000, 1.000000000000000000 ) ) ;
#791 = CARTESIAN_POINT ( 'NONE',  ( -1.217693344745067519, 1.358942560494618590, 0.7749999999999996891 ) ) ;
#792 = CARTESIAN_POINT ( 'NONE',  ( 1.209665403055565358, 1.449999999999999956, 0.7750000000000000222 ) ) ;
#793 = AXIS2_PLACEMENT_3D ( 'NONE', #1831, #1983, #1079 ) ;
#794 = DIRECTION ( 'NONE',  ( 1.000000000000000000, -0.000000000000000000, -0.000000000000000000 ) ) ;
#795 = CARTESIAN_POINT ( 'NONE',  ( 1.227298101126411467, 1.249999999999998446, -0.7750000000000000222 ) ) ;
#796 = EDGE_CURVE ( 'NONE', #190, #455, #1300, .T. ) ;
#797 = ADVANCED_FACE ( 'NONE', ( #611 ), #353, .T. ) ;
#798 = CARTESIAN_POINT ( 'NONE',  ( -1.110922293858828569, 0.2000000000000002054, 0.5147437412937070356 ) ) ;
#799 = DIRECTION ( 'NONE',  ( -0.1736481776669238919, -0.9848077530122091305, 0.000000000000000000 ) ) ;
#800 = CARTESIAN_POINT ( 'NONE',  ( 1.875000000000000000, 4.752567295878568371E-17, 0.2750000000000000222 ) ) ;
#801 = CARTESIAN_POINT ( 'NONE',  ( -1.875000000000000000, 0.1500000000000000500, 0.2750000000000000222 ) ) ;
#802 = AXIS2_PLACEMENT_3D ( 'NONE', #573, #1658, #1990 ) ;
#803 = CARTESIAN_POINT ( 'NONE',  ( -1.209665403055565136, 1.349999999999998979, -0.5749999999999999556 ) ) ;
#804 = DIRECTION ( 'NONE',  ( 0.9848077530122095746, -0.1736481776669221433, 0.000000000000000000 ) ) ;
#805 = ADVANCED_FACE ( 'NONE', ( #302 ), #293, .T. ) ;
#806 = CARTESIAN_POINT ( 'NONE',  ( -1.425297613207918923, 0.9110024496884773226, 0.2750000000000000222 ) ) ;
#807 = DIRECTION ( 'NONE',  ( 1.000000000000000000, 0.000000000000000000, 0.000000000000000000 ) ) ;
#808 = EDGE_CURVE ( 'NONE', #351, #426, #1601, .T. ) ;
#809 = EDGE_CURVE ( 'NONE', #1329, #894, #694, .T. ) ;
#810 = CARTESIAN_POINT ( 'NONE',  ( -1.688266234803486254, 0.1500000000000000222, -0.2750000000000000222 ) ) ;
#811 = CARTESIAN_POINT ( 'NONE',  ( -1.303597465928502563, 0.9784442180478772899, -0.7601582138469349381 ) ) ;
#812 = EDGE_CURVE ( 'NONE', #595, #364, #319, .T. ) ;
#813 = AXIS2_PLACEMENT_3D ( 'NONE', #779, #790, #1406 ) ;
#814 =( BOUNDED_CURVE ( )  B_SPLINE_CURVE ( 3, ( #1045, #1200, #1367, #178 ),
 .UNSPECIFIED., .F., .F. ) 
 B_SPLINE_CURVE_WITH_KNOTS ( ( 4, 4 ),
 ( 4.799655442984398945, 6.283185307179586232 ),
 .UNSPECIFIED. ) 
 CURVE ( )  GEOMETRIC_REPRESENTATION_ITEM ( )  RATIONAL_B_SPLINE_CURVE ( ( 1.000000000000000000, 0.8248515578734144649, 0.8248515578734144649, 1.000000000000000000 ) ) 
 REPRESENTATION_ITEM ( '' )  );
#815 = DIRECTION ( 'NONE',  ( -0.9848077530122093526, -0.1736481776669231980, 0.000000000000000000 ) ) ;
#816 = DIRECTION ( 'NONE',  ( -0.000000000000000000, -0.000000000000000000, -1.000000000000000000 ) ) ;
#817 = ADVANCED_FACE ( 'NONE', ( #1607 ), #1623, .T. ) ;
#818 = DIRECTION ( 'NONE',  ( 1.606225440719266367E-16, -1.000000000000000000, 0.000000000000000000 ) ) ;
#819 = CARTESIAN_POINT ( 'NONE',  ( -1.875000000000000000, 4.752567295878568371E-17, 0.2750000000000000222 ) ) ;
#820 = CARTESIAN_POINT ( 'NONE',  ( 1.308146178356786704, 1.367364817766691498, 0.6335786437626900192 ) ) ;
#821 = CARTESIAN_POINT ( 'NONE',  ( -1.688266234803486254, 2.710505431213761085E-17, 0.2750000000000000222 ) ) ;
#822 = DIRECTION ( 'NONE',  ( -1.000000000000000000, -1.093568622962105933E-16, 0.000000000000000000 ) ) ;
#823 = EDGE_CURVE ( 'NONE', #426, #167, #917, .T. ) ;
#824 = SURFACE_STYLE_USAGE ( .BOTH. , #157 ) ;
#825 = EDGE_CURVE ( 'NONE', #22, #1779, #261, .T. ) ;
#826 = CARTESIAN_POINT ( 'NONE',  ( 1.209403069160050137, 0.1826351822333075747, 0.5693467140885883904 ) ) ;
#827 = ADVANCED_FACE ( 'NONE', ( #1620 ), #862, .T. ) ;
#828 = MANIFOLD_SOLID_BREP ( 'Fillet1', #1077 ) ;
#829 = PRESENTATION_LAYER_ASSIGNMENT (  '', '', ( #1878 ) ) ;
#830 = DIRECTION ( 'NONE',  ( 0.1730072088098762451, 0.9811726379862935055, 0.08584148278561933021 ) ) ;
#831 = DIRECTION ( 'NONE',  ( -0.1730072088098758010, 0.9811726379862936165, -0.08584148278561966328 ) ) ;
#832 = AXIS2_PLACEMENT_3D ( 'NONE', #675, #818, #1191 ) ;
#833 = DIRECTION ( 'NONE',  ( -0.08715574274765115759, 0.9961946980917461003, 0.000000000000000000 ) ) ;
#834 = CARTESIAN_POINT ( 'NONE',  ( 1.271363438897406217, 0.9795790611823842475, 0.7726913684952605443 ) ) ;
#835 = CARTESIAN_POINT ( 'NONE',  ( 1.688266234803486254, 0.2000000000000000389, 0.2750000000000000222 ) ) ;
#836 = CARTESIAN_POINT ( 'NONE',  ( 1.209403069160049915, 0.1826351822333076025, 0.5147437412937070356 ) ) ;
#837 = ADVANCED_FACE ( 'NONE', ( #308 ), #1063, .F. ) ;
#838 = CARTESIAN_POINT ( 'NONE',  ( 1.349999999999999867, 0.9799999999999963185, 0.6753780268877256354 ) ) ;
#839 = DIRECTION ( 'NONE',  ( -0.000000000000000000, -0.000000000000000000, -1.000000000000000000 ) ) ;
#840 = CARTESIAN_POINT ( 'NONE',  ( 1.250000000000000000, 1.130000000000017213, 0.7750000000000000222 ) ) ;
#841 = CARTESIAN_POINT ( 'NONE',  ( 1.292905508043650897, 0.9788113269712350739, -0.7660148034223318581 ) ) ;
#842 = EDGE_CURVE ( 'NONE', #1374, #1126, #1270, .T. ) ;
#843 = CARTESIAN_POINT ( 'NONE',  ( -1.293575368704150907, 1.449999985646631018, -0.6735457010633407737 ) ) ;
#844 = MECHANICAL_DESIGN_GEOMETRIC_PRESENTATION_REPRESENTATION (  '', ( #1878 ), #1436 ) ;
#845 = CARTESIAN_POINT ( 'NONE',  ( -1.209403069160049693, 0.1826351822333074637, -0.5693467140885883904 ) ) ;
#846 = DIRECTION ( 'NONE',  ( -0.000000000000000000, -0.000000000000000000, -1.000000000000000000 ) ) ;
#847 = EDGE_LOOP ( 'NONE', ( #1099, #1255, #305, #1632, #1245, #1939, #1677, #280, #1355, #1258 ) ) ;
#848 = CARTESIAN_POINT ( 'NONE',  ( -1.350000000000000089, 0.9799999999999999822, 0.2750000000000000222 ) ) ;
#849 = DIRECTION ( 'NONE',  ( 1.000000000000000000, 0.000000000000000000, -0.000000000000000000 ) ) ;
#850 = ORIENTED_EDGE ( 'NONE', *, *, #77, .F. ) ;
#851 = CARTESIAN_POINT ( 'NONE',  ( -1.293575366173293828, 1.449999999999999067, -0.5749999999999995115 ) ) ;
#852 = DIRECTION ( 'NONE',  ( -0.08715574274765114371, -0.9961946980917461003, -0.000000000000000000 ) ) ;
#853 = ORIENTED_EDGE ( 'NONE', *, *, #42, .T. ) ;
#854 = CARTESIAN_POINT ( 'NONE',  ( -1.350054999999999783, 0.9799999999999990941, 0.7750000000000000222 ) ) ;
#855 = CARTESIAN_POINT ( 'NONE',  ( 1.315449881038960989, 1.325943461529381473, 0.6749999999999994893 ) ) ;
#856 = CARTESIAN_POINT ( 'NONE',  ( 1.404053124708266154, 0.2475724482340840027, -0.6749999999999999334 ) ) ;
#857 = CARTESIAN_POINT ( 'NONE',  ( 1.688266234803486254, 2.710505431213761085E-17, 0.2750000000000000222 ) ) ;
#858 = ORIENTED_EDGE ( 'NONE', *, *, #525, .F. ) ;
#859 = CARTESIAN_POINT ( 'NONE',  ( -1.350000000000000089, 1.449999999999999956, 0.7750000000000000222 ) ) ;
#860 = EDGE_CURVE ( 'NONE', #459, #236, #312, .T. ) ;
#861 = ORIENTED_EDGE ( 'NONE', *, *, #1, .T. ) ;
#862 =( BOUNDED_SURFACE ( )  B_SPLINE_SURFACE ( 3, 2, ( 
 ( #337, #946, #1131 ),
 ( #166, #116, #205 ),
 ( #192, #765, #533 ),
 ( #1475, #243, #1481 ) ),
 .UNSPECIFIED., .F., .F., .F. ) 
 B_SPLINE_SURFACE_WITH_KNOTS ( ( 4, 4 ),
 ( 3, 3 ),
 ( 4.799655442984398945, 6.283185307179586232 ),
 ( 0.000000000000000000, 1.000000000000000000 ),
 .UNSPECIFIED. ) 
 GEOMETRIC_REPRESENTATION_ITEM ( )  RATIONAL_B_SPLINE_SURFACE ( (
 ( 1.000000000000000000, 0.7124375186292958295, 1.000000000000000000),
 ( 1.000000000000000000, 0.7430211740942784804, 1.000000000000000000),
 ( 1.000000000000000000, 0.7666452878442587826, 1.000000000000000000),
 ( 1.000000000000000000, 0.7660444431189757930, 1.000000000000000000) ) ) 
 REPRESENTATION_ITEM ( '' )  SURFACE ( )  );
#863 = CARTESIAN_POINT ( 'NONE',  ( 1.110922293858828791, 0.1999999999999999833, 0.5147437412937070356 ) ) ;
#864 = CARTESIAN_POINT ( 'NONE',  ( 1.325778876427632591, 1.267364817766691187, 0.6749999999999996003 ) ) ;
#865 = CARTESIAN_POINT ( 'NONE',  ( 1.194832256976557483, 0.1000000000000005468, -0.5147437412937067025 ) ) ;
#866 = CARTESIAN_POINT ( 'NONE',  ( -1.308146178356786260, 1.367364817766691498, 0.5749999999999995115 ) ) ;
#867 = DIRECTION ( 'NONE',  ( 0.000000000000000000, 0.000000000000000000, 1.000000000000000000 ) ) ;
#868 = CARTESIAN_POINT ( 'NONE',  ( -1.574726817921680899, 0.9240758111006250886, 0.2750000000000000222 ) ) ;
#869 = ORIENTED_EDGE ( 'NONE', *, *, #1945, .F. ) ;
#870 = ORIENTED_EDGE ( 'NONE', *, *, #809, .T. ) ;
#871 = CARTESIAN_POINT ( 'NONE',  ( 1.688266234803486254, 0.1500000000000000222, 0.2750000000000000222 ) ) ;
#872 = DIRECTION ( 'NONE',  ( 0.000000000000000000, 0.000000000000000000, 1.000000000000000000 ) ) ;
#873 = ORIENTED_EDGE ( 'NONE', *, *, #1524, .F. ) ;
#874 = CARTESIAN_POINT ( 'NONE',  ( -1.349993569443090680, 0.9799635304995087948, 0.6761340502765864624 ) ) ;
#875 = DIRECTION ( 'NONE',  ( -0.08715574274765114371, -0.9961946980917461003, -0.000000000000000000 ) ) ;
#876 = EDGE_CURVE ( 'NONE', #1667, #190, #941, .T. ) ;
#877 = ORIENTED_EDGE ( 'NONE', *, *, #371, .T. ) ;
#878 = CARTESIAN_POINT ( 'NONE',  ( -1.489027295185136879, 0.1825688514504697768, 0.2750000000000000222 ) ) ;
#879 = CARTESIAN_POINT ( 'NONE',  ( 1.638456499898898855, 0.1956422128626174872, 0.2750000000000000222 ) ) ;
#880 = EDGE_CURVE ( 'NONE', #455, #76, #1343, .T. ) ;
#881 = DIRECTION ( 'NONE',  ( 0.1730072088098755234, -0.9811726379862936165, 0.08584148278561971879 ) ) ;
#882 = ORIENTED_EDGE ( 'NONE', *, *, #140, .T. ) ;
#883 = ORIENTED_EDGE ( 'NONE', *, *, #823, .T. ) ;
#884 = EDGE_CURVE ( 'NONE', #1398, #445, #1345, .T. ) ;
#885 = DIRECTION ( 'NONE',  ( -1.606225440719266367E-16, 1.000000000000000000, 0.000000000000000000 ) ) ;
#886 = DIRECTION ( 'NONE',  ( -0.1730072088098762728, -0.9811726379862933944, 0.08584148278561963552 ) ) ;
#887 = EDGE_LOOP ( 'NONE', ( #1416, #1518, #1272, #916 ) ) ;
#888 = AXIS2_PLACEMENT_3D ( 'NONE', #1537, #487, #1150 ) ;
#889 = ORIENTED_EDGE ( 'NONE', *, *, #1836, .T. ) ;
#890 = CARTESIAN_POINT ( 'NONE',  ( 1.209665403055566468, 1.449999999999999067, 0.5749999999999992895 ) ) ;
#891 = CARTESIAN_POINT ( 'NONE',  ( -1.349993569443090680, 0.9799635304995087948, 0.6761340502765864624 ) ) ;
#892 = ORIENTED_EDGE ( 'NONE', *, *, #650, .T. ) ;
#893 = PLANE ( 'NONE',  #802 ) ;
#894 = VERTEX_POINT ( 'NONE', #1930 ) ;
#895 = ORIENTED_EDGE ( 'NONE', *, *, #17, .T. ) ;
#896 = ORIENTED_EDGE ( 'NONE', *, *, #500, .F. ) ;
#897 = DIRECTION ( 'NONE',  ( -0.1730072088098758010, 0.9811726379862936165, 0.08584148278561933021 ) ) ;
#898 = DIRECTION ( 'NONE',  ( 0.08715574274765114371, -0.9961946980917461003, -0.000000000000000000 ) ) ;
#899 =( BOUNDED_SURFACE ( )  B_SPLINE_SURFACE ( 3, 2, ( 
 ( #1557, #387, #531 ),
 ( #1567, #1175, #47 ),
 ( #1449, #1165, #1468 ),
 ( #1474, #1337, #700 ) ),
 .UNSPECIFIED., .F., .F., .F. ) 
 B_SPLINE_SURFACE_WITH_KNOTS ( ( 4, 4 ),
 ( 3, 3 ),
 ( 0.000000000000000000, 1.483529864195186621 ),
 ( 0.000000000000000000, 1.000000000000000000 ),
 .UNSPECIFIED. ) 
 GEOMETRIC_REPRESENTATION_ITEM ( )  RATIONAL_B_SPLINE_SURFACE ( (
 ( 1.000000000000000000, 0.7660444431189756820, 1.000000000000000000),
 ( 1.000000000000000000, 0.7666452878442580054, 1.000000000000000000),
 ( 1.000000000000000000, 0.7430211740942789245, 1.000000000000000000),
 ( 1.000000000000000000, 0.7124375186292959405, 1.000000000000000000) ) ) 
 REPRESENTATION_ITEM ( '' )  SURFACE ( )  );
#900 = ORIENTED_EDGE ( 'NONE', *, *, #1836, .F. ) ;
#901 = EDGE_CURVE ( 'NONE', #1378, #472, #1257, .T. ) ;
#902 = CARTESIAN_POINT ( 'NONE',  ( 1.350000000000000977, 1.129999999999999005, -0.7750000000000000222 ) ) ;
#903 = CARTESIAN_POINT ( 'NONE',  ( -1.110922293858828569, 0.09999999999999985290, -0.5147437412937070356 ) ) ;
#904 = ORIENTED_EDGE ( 'NONE', *, *, #777, .T. ) ;
#905 = ORIENTED_EDGE ( 'NONE', *, *, #1912, .T. ) ;
#906 = EDGE_CURVE ( 'NONE', #1984, #1363, #1997, .T. ) ;
#907 = CARTESIAN_POINT ( 'NONE',  ( -1.350000000000000089, 1.129999999999999893, 0.6749999999999994893 ) ) ;
#908 = CARTESIAN_POINT ( 'NONE',  ( 1.349993569443090458, 0.9799635304995055751, 0.6761340502765864624 ) ) ;
#909 = AXIS2_PLACEMENT_3D ( 'NONE', #1331, #1814, #560 ) ;
#910 = DIRECTION ( 'NONE',  ( 0.1736481776669232813, 0.9848077530122093526, 0.000000000000000000 ) ) ;
#911 = DIRECTION ( 'NONE',  ( 1.000000000000000000, 0.000000000000000000, -0.000000000000000000 ) ) ;
#912 = AXIS2_PLACEMENT_3D ( 'NONE', #1144, #638, #1569 ) ;
#913 = ORIENTED_EDGE ( 'NONE', *, *, #77, .T. ) ;
#914 = CARTESIAN_POINT ( 'NONE',  ( 1.110922293858828791, 0.2000000000000000389, -0.5147437412937070356 ) ) ;
#915 = CARTESIAN_POINT ( 'NONE',  ( -1.688266234803486254, 0.2000000000000000389, 0.2750000000000000222 ) ) ;
#916 = ORIENTED_EDGE ( 'NONE', *, *, #1403, .T. ) ;
#917 =( BOUNDED_CURVE ( )  B_SPLINE_CURVE ( 3, ( #158, #69, #1101, #1522 ),
 .UNSPECIFIED., .F., .F. ) 
 B_SPLINE_CURVE_WITH_KNOTS ( ( 4, 4 ),
 ( 0.000000000000000000, 1.570796326794896558 ),
 .UNSPECIFIED. ) 
 CURVE ( )  GEOMETRIC_REPRESENTATION_ITEM ( )  RATIONAL_B_SPLINE_CURVE ( ( 1.000000000000000000, 0.8047378541243649375, 0.8047378541243649375, 1.000000000000000000 ) ) 
 REPRESENTATION_ITEM ( '' )  );
#918 = DIRECTION ( 'NONE',  ( 0.9848077530122095746, -0.1736481776669221433, 0.000000000000000000 ) ) ;
#919 = CARTESIAN_POINT ( 'NONE',  ( 1.344035657144885931, 0.9784030917735359045, 0.7090190415110335653 ) ) ;
#920 = ORIENTED_EDGE ( 'NONE', *, *, #428, .T. ) ;
#921 = APPLICATION_CONTEXT ( 'automotive_design' ) ;
#922 = ADVANCED_FACE ( 'NONE', ( #4 ), #372, .T. ) ;
#923 = EDGE_CURVE ( 'NONE', #1347, #213, #7, .T. ) ;
#924 = ORIENTED_EDGE ( 'NONE', *, *, #1271, .F. ) ;
#925 = DIRECTION ( 'NONE',  ( 1.000000000000000000, -0.000000000000000000, -0.000000000000000000 ) ) ;
#926 = VECTOR ( 'NONE', #370, 1000.000000000000000 ) ;
#927 = ORIENTED_EDGE ( 'NONE', *, *, #812, .F. ) ;
#928 = EDGE_CURVE ( 'NONE', #385, #1329, #1957, .T. ) ;
#929 = EDGE_LOOP ( 'NONE', ( #1701, #347, #1754, #1695 ) ) ;
#930 = CARTESIAN_POINT ( 'NONE',  ( 1.574726817921680899, 0.9240758111006250886, 0.2750000000000000222 ) ) ;
#931 = ORIENTED_EDGE ( 'NONE', *, *, #1029, .T. ) ;
#932 = CARTESIAN_POINT ( 'NONE',  ( 1.875000000000000000, 4.752567295878568371E-17, 0.2750000000000000222 ) ) ;
#933 = ORIENTED_EDGE ( 'NONE', *, *, #1488, .T. ) ;
#934 = CYLINDRICAL_SURFACE ( 'NONE', #1508, 0.2000000000000000944 ) ;
#935 = ORIENTED_EDGE ( 'NONE', *, *, #1358, .F. ) ;
#936 = DIRECTION ( 'NONE',  ( -0.000000000000000000, -0.000000000000000000, -1.000000000000000000 ) ) ;
#937 = CARTESIAN_POINT ( 'NONE',  ( 1.292905508043651341, 0.9788113269712374054, 0.7660148034223315250 ) ) ;
#938 = ORIENTED_EDGE ( 'NONE', *, *, #1669, .T. ) ;
#939 = ORIENTED_EDGE ( 'NONE', *, *, #1543, .F. ) ;
#940 =( NAMED_UNIT ( * ) PLANE_ANGLE_UNIT ( ) SI_UNIT ( $, .RADIAN. ) );
#941 = CIRCLE ( 'NONE', #135, 0.2000000000000000944 ) ;
#942 = AXIS2_PLACEMENT_3D ( 'NONE', #1898, #910, #658 ) ;
#943 = VERTEX_POINT ( 'NONE', #1465 ) ;
#944 = VERTEX_POINT ( 'NONE', #1577 ) ;
#945 = ORIENTED_EDGE ( 'NONE', *, *, #1698, .F. ) ;
#946 = CARTESIAN_POINT ( 'NONE',  ( -1.224030746187612761, 0.2655928610229690845, 0.7124974741975254044 ) ) ;
#947 = ADVANCED_FACE ( 'NONE', ( #619 ), #648, .F. ) ;
#948 = CARTESIAN_POINT ( 'NONE',  ( -1.308146178356786260, 1.367364817766691498, 0.6335786437626900192 ) ) ;
#949 = LINE ( 'NONE', #649, #1664 ) ;
#950 = EDGE_LOOP ( 'NONE', ( #1030, #15, #1057, #1675 ) ) ;
#951 = VERTEX_POINT ( 'NONE', #341 ) ;
#952 = ORIENTED_EDGE ( 'NONE', *, *, #452, .T. ) ;
#953 = VECTOR ( 'NONE', #1004, 1000.000000000000227 ) ;
#954 = DIRECTION ( 'NONE',  ( -1.606225440719266367E-16, -1.000000000000000000, 0.000000000000000000 ) ) ;
#955 = CARTESIAN_POINT ( 'NONE',  ( -1.349913245554263952, 0.9795079910875147400, -0.6832165161450732827 ) ) ;
#956 = EDGE_LOOP ( 'NONE', ( #1132, #670, #1797, #1774 ) ) ;
#957 = VECTOR ( 'NONE', #794, 1000.000000000000000 ) ;
#958 = LINE ( 'NONE', #1429, #1614 ) ;
#959 = VERTEX_POINT ( 'NONE', #1107 ) ;
#960 = ORIENTED_EDGE ( 'NONE', *, *, #825, .T. ) ;
#961 = ORIENTED_EDGE ( 'NONE', *, *, #1543, .T. ) ;
#962 = VECTOR ( 'NONE', #294, 999.9999999999998863 ) ;
#963 = ORIENTED_EDGE ( 'NONE', *, *, #275, .F. ) ;
#964 = ORIENTED_EDGE ( 'NONE', *, *, #131, .F. ) ;
#965 = CARTESIAN_POINT ( 'NONE',  ( 1.350000000000000089, 1.129999999999999893, 0.2750000000000000222 ) ) ;
#966 = CIRCLE ( 'NONE', #888, 0.04999999999999991257 ) ;
#967 = EDGE_CURVE ( 'NONE', #1598, #1791, #637, .T. ) ;
#968 = VERTEX_POINT ( 'NONE', #1712 ) ;
#969 = ORIENTED_EDGE ( 'NONE', *, *, #732, .F. ) ;
#970 = ADVANCED_FACE ( 'NONE', ( #1323 ), #153, .F. ) ;
#971 = LINE ( 'NONE', #1135, #1010 ) ;
#972 = DIRECTION ( 'NONE',  ( -1.000000000000000000, -1.606225440719267353E-16, 0.000000000000000000 ) ) ;
#973 = CARTESIAN_POINT ( 'NONE',  ( -1.325778876427631925, 1.267364817766691187, 0.6749999999999996003 ) ) ;
#974 = ORIENTED_EDGE ( 'NONE', *, *, #1106, .T. ) ;
#975 = ORIENTED_EDGE ( 'NONE', *, *, #1218, .T. ) ;
#976 = LINE ( 'NONE', #1811, #1602 ) ;
#977 = STYLED_ITEM ( 'NONE', ( #593 ), #671 ) ;
#978 = DIRECTION ( 'NONE',  ( 0.000000000000000000, 0.000000000000000000, 1.000000000000000000 ) ) ;
#979 = ORIENTED_EDGE ( 'NONE', *, *, #559, .F. ) ;
#980 = EDGE_LOOP ( 'NONE', ( #1046, #366, #436, #1020 ) ) ;
#981 = ORIENTED_EDGE ( 'NONE', *, *, #559, .T. ) ;
#982 = CARTESIAN_POINT ( 'NONE',  ( -1.325778876427631925, 1.267364817766691187, 0.6749999999999996003 ) ) ;
#983 = VECTOR ( 'NONE', #1883, 1000.000000000000000 ) ;
#984 = ORIENTED_EDGE ( 'NONE', *, *, #152, .T. ) ;
#985 = VECTOR ( 'NONE', #1999, 1000.000000000000000 ) ;
#986 = FACE_OUTER_BOUND ( 'NONE', #1612, .T. ) ;
#987 = CARTESIAN_POINT ( 'NONE',  ( -1.489027295185136879, 0.1825688514504697768, -0.2750000000000000222 ) ) ;
#988 = ORIENTED_EDGE ( 'NONE', *, *, #554, .T. ) ;
#989 = ORIENTED_EDGE ( 'NONE', *, *, #1782, .T. ) ;
#990 = ADVANCED_FACE ( 'NONE', ( #1292 ), #679, .T. ) ;
#991 = CIRCLE ( 'NONE', #1230, 0.1000000000000000472 ) ;
#992 = CARTESIAN_POINT ( 'NONE',  ( 1.227298101126411467, 1.249999999999998890, 0.7749999999999995781 ) ) ;
#993 = EDGE_CURVE ( 'NONE', #595, #296, #1298, .T. ) ;
#994 = ORIENTED_EDGE ( 'NONE', *, *, #825, .F. ) ;
#995 = ORIENTED_EDGE ( 'NONE', *, *, #812, .T. ) ;
#996 = VERTEX_POINT ( 'NONE', #987 ) ;
#997 = EDGE_LOOP ( 'NONE', ( #869, #1578, #184, #62, #1402, #1110 ) ) ;
#998 = EDGE_CURVE ( 'NONE', #944, #725, #569, .T. ) ;
#999 = DIRECTION ( 'NONE',  ( -0.000000000000000000, -0.000000000000000000, -1.000000000000000000 ) ) ;
#1000 = CARTESIAN_POINT ( 'NONE',  ( 1.110922296114626562, 0.09999999999999997780, 0.6170950761504487847 ) ) ;
#1001 = PRODUCT_RELATED_PRODUCT_CATEGORY ( 'part', '', ( #1497 ) ) ;
#1002 = EDGE_LOOP ( 'NONE', ( #329, #1626, #311, #1318 ) ) ;
#1003 = ORIENTED_EDGE ( 'NONE', *, *, #1162, .F. ) ;
#1004 = DIRECTION ( 'NONE',  ( 0.08715574274765115759, 0.9961946980917461003, 0.000000000000000000 ) ) ;
#1005 = CARTESIAN_POINT ( 'NONE',  ( -1.350000000000000089, 0.9799999999999999822, -0.2750000000000000222 ) ) ;
#1006 = DIRECTION ( 'NONE',  ( -0.000000000000000000, -0.000000000000000000, -1.000000000000000000 ) ) ;
#1007 = CARTESIAN_POINT ( 'NONE',  ( -1.350000000000000089, 0.9799999999999999822, 0.2750000000000000222 ) ) ;
#1008 = AXIS2_PLACEMENT_3D ( 'NONE', #1563, #1551, #972 ) ;
#1009 = ORIENTED_EDGE ( 'NONE', *, *, #673, .F. ) ;
#1010 = VECTOR ( 'NONE', #1516, 1000.000000000000000 ) ;
#1011 = CARTESIAN_POINT ( 'NONE',  ( 1.264367274471083880, 0.9798015608808896548, 0.7742213105314925681 ) ) ;
#1012 = ORIENTED_EDGE ( 'NONE', *, *, #237, .F. ) ;
#1013 = ORIENTED_EDGE ( 'NONE', *, *, #1462, .T. ) ;
#1014 = ADVANCED_FACE ( 'NONE', ( #672 ), #1851, .F. ) ;
#1015 = LINE ( 'NONE', #172, #983 ) ;
#1016 = ORIENTED_EDGE ( 'NONE', *, *, #1597, .F. ) ;
#1017 = CARTESIAN_POINT ( 'NONE',  ( -1.209665405456625153, 1.449999999999999289, -0.6839425603345203886 ) ) ;
#1018 = DIRECTION ( 'NONE',  ( 0.1730072088098760785, 0.9811726379862936165, -0.08584148278561951062 ) ) ;
#1019 = UNCERTAINTY_MEASURE_WITH_UNIT (LENGTH_MEASURE( 1.000000000000000082E-05 ), #1154, 'distance_accuracy_value', 'NONE');
#1020 = ORIENTED_EDGE ( 'NONE', *, *, #584, .F. ) ;
#1021 = ORIENTED_EDGE ( 'NONE', *, *, #993, .F. ) ;
#1022 = CARTESIAN_POINT ( 'NONE',  ( -1.350054999999999783, 0.9799999999999990941, 0.7750000000000000222 ) ) ;
#1023 = CARTESIAN_POINT ( 'NONE',  ( 1.316174118281447480, 1.321836108022977019, -0.6749999869940777053 ) ) ;
#1024 = CARTESIAN_POINT ( 'NONE',  ( 1.350000000000000533, 0.9799999999999990941, 0.6749999999999994893 ) ) ;
#1025 = ORIENTED_EDGE ( 'NONE', *, *, #1907, .T. ) ;
#1026 = DIRECTION ( 'NONE',  ( -1.000000000000000000, 0.000000000000000000, 0.000000000000000000 ) ) ;
#1027 = DIRECTION ( 'NONE',  ( 1.000000000000000000, 0.000000000000000000, 0.000000000000000000 ) ) ;
#1028 = ORIENTED_EDGE ( 'NONE', *, *, #928, .F. ) ;
#1029 = EDGE_CURVE ( 'NONE', #1312, #1802, #1975, .T. ) ;
#1030 = ORIENTED_EDGE ( 'NONE', *, *, #1540, .F. ) ;
#1031 = ORIENTED_EDGE ( 'NONE', *, *, #1246, .F. ) ;
#1032 = CARTESIAN_POINT ( 'NONE',  ( -1.209665403055565136, 1.449999999999999067, -0.5749999999999995115 ) ) ;
#1033 = ADVANCED_FACE ( 'NONE', ( #641 ), #1316, .T. ) ;
#1034 = CARTESIAN_POINT ( 'NONE',  ( 1.350000000000000089, 0.9799999999999999822, 0.2750000000000000222 ) ) ;
#1035 = AXIS2_PLACEMENT_3D ( 'NONE', #514, #63, #815 ) ;
#1036 = ORIENTED_EDGE ( 'NONE', *, *, #1197, .T. ) ;
#1037 = AXIS2_PLACEMENT_3D ( 'NONE', #1503, #1956, #1846 ) ;
#1038 = CARTESIAN_POINT ( 'NONE',  ( 1.209403069160049915, 0.1826351822333074360, -0.5147437412937069245 ) ) ;
#1039 = CARTESIAN_POINT ( 'NONE',  ( -1.688266234803486254, 0.1500000000000000222, 0.2750000000000000222 ) ) ;
#1040 = DIRECTION ( 'NONE',  ( 1.000000000000000000, 0.000000000000000000, 0.000000000000000000 ) ) ;
#1041 = CARTESIAN_POINT ( 'NONE',  ( 1.320516423278349061, 0.9780077065608833164, -0.7467748820148228939 ) ) ;
#1042 = EDGE_LOOP ( 'NONE', ( #853, #1293, #1691, #882 ) ) ;
#1043 = ORIENTED_EDGE ( 'NONE', *, *, #1462, .F. ) ;
#1044 = PLANE ( 'NONE',  #677 ) ;
#1045 = CARTESIAN_POINT ( 'NONE',  ( -1.127018201032664813, 0.2825688514504697268, 0.7139826809120563000 ) ) ;
#1046 = ORIENTED_EDGE ( 'NONE', *, *, #1540, .T. ) ;
#1047 = UNCERTAINTY_MEASURE_WITH_UNIT (LENGTH_MEASURE( 1.000000000000000082E-05 ), #579, 'distance_accuracy_value', 'NONE');
#1048 = DIRECTION ( 'NONE',  ( 1.000000000000000000, -0.000000000000000000, -0.000000000000000000 ) ) ;
#1049 = PLANE ( 'NONE',  #128 ) ;
#1050 = VECTOR ( 'NONE', #345, 1000.000000000000000 ) ;
#1051 = AXIS2_PLACEMENT_3D ( 'NONE', #1097, #331, #273 ) ;
#1052 = ORIENTED_EDGE ( 'NONE', *, *, #1180, .T. ) ;
#1053 = CARTESIAN_POINT ( 'NONE',  ( 1.350000000000000533, 0.9799999999999990941, 0.6749999999999994893 ) ) ;
#1054 = CARTESIAN_POINT ( 'NONE',  ( -1.227298101126411023, 1.249999999999998890, 0.6749999999999996003 ) ) ;
#1055 = EDGE_LOOP ( 'NONE', ( #1332, #1810, #461, #474 ) ) ;
#1056 = CARTESIAN_POINT ( 'NONE',  ( -1.110922293858828569, 0.09999999999999999167, 0.5147437412937070356 ) ) ;
#1057 = ORIENTED_EDGE ( 'NONE', *, *, #842, .F. ) ;
#1058 = EDGE_CURVE ( 'NONE', #1117, #1363, #1965, .T. ) ;
#1059 = VERTEX_POINT ( 'NONE', #304 ) ;
#1060 = CARTESIAN_POINT ( 'NONE',  ( -1.249994129708435153, 0.9799999999999990941, 0.7750000000000000222 ) ) ;
#1061 = CARTESIAN_POINT ( 'NONE',  ( 1.209665403055565802, 1.449999999999999289, -0.6921572875253810819 ) ) ;
#1062 = ORIENTED_EDGE ( 'NONE', *, *, #876, .T. ) ;
#1063 = PLANE ( 'NONE',  #1529 ) ;
#1064 = COLOUR_RGB ( '',0.7921568627450980005, 0.8196078431372548767, 0.9333333333333333481 ) ;
#1065 =( GEOMETRIC_REPRESENTATION_CONTEXT ( 3 ) GLOBAL_UNCERTAINTY_ASSIGNED_CONTEXT ( ( #1047 ) ) GLOBAL_UNIT_ASSIGNED_CONTEXT ( ( #579, #142, #1199 ) ) REPRESENTATION_CONTEXT ( 'NONE', 'WORKASPACE' ) );
#1066 = LINE ( 'NONE', #1875, #1734 ) ;
#1067 = ORIENTED_EDGE ( 'NONE', *, *, #1912, .F. ) ;
#1068 = CARTESIAN_POINT ( 'NONE',  ( -1.875000000000000000, 0.1500000000000000500, 0.2750000000000000222 ) ) ;
#1069 = CARTESIAN_POINT ( 'NONE',  ( 1.688266234803486254, 0.2000000000000000389, -0.2750000000000000222 ) ) ;
#1070 = CARTESIAN_POINT ( 'NONE',  ( -1.215907636363767530, 0.2195244159602337819, -0.6096042484527139926 ) ) ;
#1071 = CIRCLE ( 'NONE', #309, 0.1000000000000000472 ) ;
#1072 = CARTESIAN_POINT ( 'NONE',  ( 1.110922293858827681, 0.09999999999999985290, -0.5147437412937070356 ) ) ;
#1073 = LINE ( 'NONE', #433, #395 ) ;
#1074 = CARTESIAN_POINT ( 'NONE',  ( -1.209665403055564914, 1.449999999999999067, -0.5749999999999999556 ) ) ;
#1075 = DIRECTION ( 'NONE',  ( -0.000000000000000000, 0.000000000000000000, 1.000000000000000000 ) ) ;
#1076 = ORIENTED_EDGE ( 'NONE', *, *, #1854, .F. ) ;
#1077 = CLOSED_SHELL ( 'NONE', ( #1275, #970, #1590, #1313, #1703, #724, #1102, #346, #16, #1014, #528, #684, #363, #1415, #1910, #947, #1033, #541, #1541, #643, #817, #827, #922, #703, #150, #1760, #507, #1739, #1860, #805, #990, #49, #1558, #1526, #171, #203, #187, #1881, #517, #1869 ) ) ;
#1078 = CARTESIAN_POINT ( 'NONE',  ( 1.350000000000000089, 1.129999999999999893, 0.2750000000000000222 ) ) ;
#1079 = DIRECTION ( 'NONE',  ( 0.9848077530122091305, -0.1736481776669242527, 0.000000000000000000 ) ) ;
#1080 = EDGE_CURVE ( 'NONE', #1081, #1105, #1904, .T. ) ;
#1081 = VERTEX_POINT ( 'NONE', #1479 ) ;
#1082 = VERTEX_POINT ( 'NONE', #123 ) ;
#1083 = DIRECTION ( 'NONE',  ( 0.000000000000000000, 0.000000000000000000, 1.000000000000000000 ) ) ;
#1084 = EDGE_LOOP ( 'NONE', ( #628, #1988, #889, #1269 ) ) ;
#1085 = EDGE_CURVE ( 'NONE', #1994, #318, #1319, .T. ) ;
#1086 = ORIENTED_EDGE ( 'NONE', *, *, #705, .T. ) ;
#1087 = VECTOR ( 'NONE', #1109, 1000.000000000000000 ) ;
#1088 = CARTESIAN_POINT ( 'NONE',  ( -1.875000000000000000, 4.752567295878568371E-17, 0.2750000000000000222 ) ) ;
#1089 = ORIENTED_EDGE ( 'NONE', *, *, #1636, .F. ) ;
#1090 = AXIS2_PLACEMENT_3D ( 'NONE', #596, #1226, #497 ) ;
#1091 = CYLINDRICAL_SURFACE ( 'NONE', #793, 0.1000000000000000611 ) ;
#1092 = ORIENTED_EDGE ( 'NONE', *, *, #194, .F. ) ;
#1093 = CARTESIAN_POINT ( 'NONE',  ( -1.252987454845052140, 1.005691564702265950, -0.6768657369053565631 ) ) ;
#1094 = CARTESIAN_POINT ( 'NONE',  ( 1.349993569443090458, 0.9799635304995053531, -0.6761340502765869065 ) ) ;
#1095 = CARTESIAN_POINT ( 'NONE',  ( -1.110922293858828569, 0.09999999999999982514, -0.6239496868834695231 ) ) ;
#1096 = ORIENTED_EDGE ( 'NONE', *, *, #645, .T. ) ;
#1097 = CARTESIAN_POINT ( 'NONE',  ( 1.350000000000000089, 0.9044147621422250483, -0.2750000000000000222 ) ) ;
#1098 = FACE_OUTER_BOUND ( 'NONE', #1002, .T. ) ;
#1099 = ORIENTED_EDGE ( 'NONE', *, *, #112, .F. ) ;
#1100 = EDGE_LOOP ( 'NONE', ( #900, #1521, #306, #1648 ) ) ;
#1101 = CARTESIAN_POINT ( 'NONE',  ( -1.216969105737739643, 1.367157287525379905, 0.7749999999999996891 ) ) ;
#1102 = ADVANCED_FACE ( 'NONE', ( #2000 ), #417, .F. ) ;
#1103 = VERTEX_POINT ( 'NONE', #868 ) ;
#1104 = ORIENTED_EDGE ( 'NONE', *, *, #1945, .T. ) ;
#1105 = VERTEX_POINT ( 'NONE', #1072 ) ;
#1106 = EDGE_CURVE ( 'NONE', #1667, #959, #1987, .T. ) ;
#1107 = CARTESIAN_POINT ( 'NONE',  ( 1.688266234803486254, 2.710505431213761085E-17, -0.2750000000000000222 ) ) ;
#1108 = DIRECTION ( 'NONE',  ( -1.000000000000000000, 0.000000000000000000, 0.000000000000000000 ) ) ;
#1109 = DIRECTION ( 'NONE',  ( 0.000000000000000000, -0.000000000000000000, 1.000000000000000000 ) ) ;
#1110 = ORIENTED_EDGE ( 'NONE', *, *, #1301, .T. ) ;
#1111 = ORIENTED_EDGE ( 'NONE', *, *, #17, .F. ) ;
#1112 = EDGE_CURVE ( 'NONE', #1599, #1741, #1252, .T. ) ;
#1113 = DIRECTION ( 'NONE',  ( 0.000000000000000000, 1.000000000000000000, 0.000000000000000000 ) ) ;
#1114 = LINE ( 'NONE', #821, #444 ) ;
#1115 = CARTESIAN_POINT ( 'NONE',  ( 1.110922293858829235, 0.09999999999999983902, -0.6239496868834696341 ) ) ;
#1116 = DIRECTION ( 'NONE',  ( -1.000000000000000000, 0.000000000000000000, 0.000000000000000000 ) ) ;
#1117 = VERTEX_POINT ( 'NONE', #1056 ) ;
#1118 = ORIENTED_EDGE ( 'NONE', *, *, #753, .T. ) ;
#1119 = CARTESIAN_POINT ( 'NONE',  ( -1.688266234803486254, 0.2000000000000000389, -0.2750000000000000222 ) ) ;
#1120 = FILL_AREA_STYLE ('',( #629 ) ) ;
#1121 = VERTEX_POINT ( 'NONE', #1362 ) ;
#1122 = LINE ( 'NONE', #1903, #1050 ) ;
#1123 = ADVANCED_FACE ( 'NONE', ( #1970 ), #1349, .F. ) ;
#1124 = CARTESIAN_POINT ( 'NONE',  ( 1.227298101126412355, 1.249999999999998890, 0.7749999999999996891 ) ) ;
#1125 = CARTESIAN_POINT ( 'NONE',  ( 1.325778876427632591, 1.267364817766690965, -0.6750000000000000444 ) ) ;
#1126 = VERTEX_POINT ( 'NONE', #1210 ) ;
#1127 = CARTESIAN_POINT ( 'NONE',  ( 1.282265892883060365, 0.9792323293766461711, 0.7703071874448578216 ) ) ;
#1128 = ORIENTED_EDGE ( 'NONE', *, *, #1872, .T. ) ;
#1129 = LINE ( 'NONE', #136, #1800 ) ;
#1130 = ORIENTED_EDGE ( 'NONE', *, *, #906, .T. ) ;
#1131 = CARTESIAN_POINT ( 'NONE',  ( -1.127018201032664813, 0.2825688514504698934, 0.7139826809120563000 ) ) ;
#1132 = ORIENTED_EDGE ( 'NONE', *, *, #1401, .T. ) ;
#1133 = EDGE_CURVE ( 'NONE', #613, #996, #1993, .T. ) ;
#1134 = VERTEX_POINT ( 'NONE', #1024 ) ;
#1135 = CARTESIAN_POINT ( 'NONE',  ( -1.350054999999999783, 1.249999999999998446, -0.7750000000000000222 ) ) ;
#1136 = CARTESIAN_POINT ( 'NONE',  ( -1.347493410367768929, 0.9788367431258875317, -0.6972493805500682429 ) ) ;
#1137 = LINE ( 'NONE', #447, #1804 ) ;
#1138 = ORIENTED_EDGE ( 'NONE', *, *, #693, .F. ) ;
#1139 = ADVANCED_FACE ( 'NONE', ( #1962 ), #100, .F. ) ;
#1140 = EDGE_LOOP ( 'NONE', ( #754, #206, #68, #220, #1554, #450 ) ) ;
#1141 = CIRCLE ( 'NONE', #191, 0.2000000000000000944 ) ;
#1142 = EDGE_LOOP ( 'NONE', ( #471, #1806, #687, #1759 ) ) ;
#1143 = CARTESIAN_POINT ( 'NONE',  ( -1.688266234803486254, 0.2000000000000000389, 0.2750000000000000222 ) ) ;
#1144 = CARTESIAN_POINT ( 'NONE',  ( 0.000000000000000000, 0.000000000000000000, 0.000000000000000000 ) ) ;
#1145 = MECHANICAL_DESIGN_GEOMETRIC_PRESENTATION_REPRESENTATION (  '', ( #1280 ), #1186 ) ;
#1146 = DIRECTION ( 'NONE',  ( 0.000000000000000000, -0.000000000000000000, -1.000000000000000000 ) ) ;
#1147 = CARTESIAN_POINT ( 'NONE',  ( -1.328747741104646884, 0.9779159508933442657, 0.7376422338386569022 ) ) ;
#1148 = CYLINDRICAL_SURFACE ( 'NONE', #1352, 0.2255852378577748729 ) ;
#1149 =( BOUNDED_CURVE ( )  B_SPLINE_CURVE ( 3, ( #1756, #689, #826, #1461 ),
 .UNSPECIFIED., .F., .F. ) 
 B_SPLINE_CURVE_WITH_KNOTS ( ( 4, 4 ),
 ( 1.658062789394607162, 3.141592653589793116 ),
 .UNSPECIFIED. ) 
 CURVE ( )  GEOMETRIC_REPRESENTATION_ITEM ( )  RATIONAL_B_SPLINE_CURVE ( ( 1.000000000000000000, 0.8248515578734147979, 0.8248515578734147979, 1.000000000000000000 ) ) 
 REPRESENTATION_ITEM ( '' )  );
#1150 = DIRECTION ( 'NONE',  ( 1.000000000000000000, 0.000000000000000000, 0.000000000000000000 ) ) ;
#1151 = FACE_OUTER_BOUND ( 'NONE', #750, .T. ) ;
#1152 = LINE ( 'NONE', #1424, #532 ) ;
#1153 = PLANE ( 'NONE',  #1453 ) ;
#1154 =( LENGTH_UNIT ( ) NAMED_UNIT ( * ) SI_UNIT ( .MILLI., .METRE. ) );
#1155 = ADVANCED_FACE ( 'NONE', ( #10 ), #1973, .F. ) ;
#1156 = AXIS2_PLACEMENT_3D ( 'NONE', #1700, #1716, #799 ) ;
#1157 = EDGE_CURVE ( 'NONE', #9, #1082, #626, .T. ) ;
#1158 = FACE_OUTER_BOUND ( 'NONE', #652, .T. ) ;
#1159 = CARTESIAN_POINT ( 'NONE',  ( -1.308146178356786038, 1.367364817766692386, -0.5749999999999999556 ) ) ;
#1160 = CARTESIAN_POINT ( 'NONE',  ( 1.308146178356786926, 1.367364817766691276, 0.5749999999999995115 ) ) ;
#1161 = CARTESIAN_POINT ( 'NONE',  ( -1.340628219342114846, 0.9780998223657914048, -0.7187146434331187494 ) ) ;
#1162 = EDGE_CURVE ( 'NONE', #255, #595, #651, .T. ) ;
#1163 = CARTESIAN_POINT ( 'NONE',  ( 1.307800676763472891, 1.369324254671387742, 0.7660110896710072836 ) ) ;
#1164 = VECTOR ( 'NONE', #830, 1000.000000000000114 ) ;
#1165 = CARTESIAN_POINT ( 'NONE',  ( -1.207397189073497801, 0.1712592709661651391, -0.6958988679840044655 ) ) ;
#1166 = VECTOR ( 'NONE', #185, 1000.000000000000000 ) ;
#1167 = DIRECTION ( 'NONE',  ( -1.000000000000000000, 0.000000000000000000, 0.000000000000000000 ) ) ;
#1168 = ADVANCED_FACE ( 'NONE', ( #1307 ), #657, .F. ) ;
#1169 = CARTESIAN_POINT ( 'NONE',  ( 1.225498976333885937, 0.2739196079585426991, 0.6143632111028816123 ) ) ;
#1170 = CARTESIAN_POINT ( 'NONE',  ( 1.118028829638179733, 0.1806063322011878247, -0.7050621163732010421 ) ) ;
#1171 = CARTESIAN_POINT ( 'NONE',  ( 1.172170774002368354, 0.5386418176425239457, 0.7363861624893165425 ) ) ;
#1172 = CARTESIAN_POINT ( 'NONE',  ( 1.327552172087730353, 0.9779759041929966257, -0.7381320885483367844 ) ) ;
#1173 = PRODUCT_DEFINITION_SHAPE ( 'NONE', 'NONE',  #1467 ) ;
#1174 = LINE ( 'NONE', #1617, #1849 ) ;
#1175 = CARTESIAN_POINT ( 'NONE',  ( -1.194832259363223459, 0.1000000135354751074, -0.6076739301468143672 ) ) ;
#1176 =( BOUNDED_SURFACE ( )  B_SPLINE_SURFACE ( 3, 2, ( 
 ( #223, #129, #747 ),
 ( #1659, #253, #1826 ),
 ( #1023, #448, #591 ),
 ( #771, #1183, #235 ) ),
 .UNSPECIFIED., .F., .F., .F. ) 
 B_SPLINE_SURFACE_WITH_KNOTS ( ( 4, 4 ),
 ( 3, 3 ),
 ( 3.141592653589793116, 4.712388980384689674 ),
 ( 0.000000000000000000, 1.000000000000000000 ),
 .UNSPECIFIED. ) 
 GEOMETRIC_REPRESENTATION_ITEM ( )  RATIONAL_B_SPLINE_SURFACE ( (
 ( 1.000000000000000000, 0.7660444431189787906, 1.000000000000000000),
 ( 1.000000000000000000, 0.7667924753338779542, 1.000000000000000000),
 ( 1.000000000000000000, 0.7399480042786777956, 1.000000000000000000),
 ( 1.000000000000000000, 0.7071067811865507924, 1.000000000000000000) ) ) 
 REPRESENTATION_ITEM ( '' )  SURFACE ( )  );
#1177 = EDGE_CURVE ( 'NONE', #968, #1564, #1917, .T. ) ;
#1178 = CARTESIAN_POINT ( 'NONE',  ( -1.308146178356786260, 1.367364817766691498, -0.5749999999999997335 ) ) ;
#1179 = LINE ( 'NONE', #75, #494 ) ;
#1180 = EDGE_CURVE ( 'NONE', #951, #1284, #661, .T. ) ;
#1181 = DIRECTION ( 'NONE',  ( 1.093568622962105809E-16, 1.000000000000000000, -0.000000000000000000 ) ) ;
#1182 = CARTESIAN_POINT ( 'NONE',  ( -1.308146178356786260, 1.367364817766691276, 0.5749999999999995115 ) ) ;
#1183 = CARTESIAN_POINT ( 'NONE',  ( 1.325778876427632369, 1.267364817766690521, -0.7749999999999991340 ) ) ;
#1184 = FACE_OUTER_BOUND ( 'NONE', #1390, .T. ) ;
#1185 = DIRECTION ( 'NONE',  ( 0.9848077530122093526, -0.1736481776669232813, 0.000000000000000000 ) ) ;
#1186 =( GEOMETRIC_REPRESENTATION_CONTEXT ( 3 ) GLOBAL_UNCERTAINTY_ASSIGNED_CONTEXT ( ( #1880 ) ) GLOBAL_UNIT_ASSIGNED_CONTEXT ( ( #669, #524, #506 ) ) REPRESENTATION_CONTEXT ( 'NONE', 'WORKASPACE' ) );
#1187 = LINE ( 'NONE', #1813, #1822 ) ;
#1188 = CARTESIAN_POINT ( 'NONE',  ( -1.308146178356786038, 1.367364817766692386, -0.5749999999999999556 ) ) ;
#1189 =( BOUNDED_SURFACE ( )  B_SPLINE_SURFACE ( 3, 2, ( 
 ( #866, #1209, #1509 ),
 ( #1376, #1690, #1856 ),
 ( #623, #1494, #791 ),
 ( #148, #770, #314 ) ),
 .UNSPECIFIED., .F., .F., .F. ) 
 B_SPLINE_SURFACE_WITH_KNOTS ( ( 4, 4 ),
 ( 3, 3 ),
 ( 0.000000000000000000, 1.570796326794896558 ),
 ( 0.000000000000000000, 1.000000000000000000 ),
 .UNSPECIFIED. ) 
 GEOMETRIC_REPRESENTATION_ITEM ( )  RATIONAL_B_SPLINE_SURFACE ( (
 ( 1.000000000000000000, 0.7660444431189761261, 1.000000000000000000),
 ( 1.000000000000000000, 0.7667924753338747346, 1.000000000000000000),
 ( 1.000000000000000000, 0.7399480042786762413, 1.000000000000000000),
 ( 1.000000000000000000, 0.7071067811865471286, 1.000000000000000000) ) ) 
 REPRESENTATION_ITEM ( '' )  SURFACE ( )  );
#1190 = SURFACE_SIDE_STYLE ('',( #1655 ) ) ;
#1191 = DIRECTION ( 'NONE',  ( 1.000000000000000000, 0.000000000000000000, 0.000000000000000000 ) ) ;
#1192 = VECTOR ( 'NONE', #1259, 1000.000000000000000 ) ;
#1193 = CARTESIAN_POINT ( 'NONE',  ( 1.349997856458056367, 0.9799878433695420332, 0.6757560476980943864 ) ) ;
#1194 = CARTESIAN_POINT ( 'NONE',  ( 1.308146178356786704, 1.367364817766692386, -0.5749999999999999556 ) ) ;
#1195 = DIRECTION ( 'NONE',  ( 1.000000000000000000, 0.000000000000000000, 0.000000000000000000 ) ) ;
#1196 = CARTESIAN_POINT ( 'NONE',  ( -1.350000000000000089, 1.129999999999999893, -0.7750000000000000222 ) ) ;
#1197 = EDGE_CURVE ( 'NONE', #472, #1694, #1410, .T. ) ;
#1198 = CYLINDRICAL_SURFACE ( 'NONE', #50, 0.1000000000000000472 ) ;
#1199 =( NAMED_UNIT ( * ) SI_UNIT ( $, .STERADIAN. ) SOLID_ANGLE_UNIT ( ) );
#1200 = CARTESIAN_POINT ( 'NONE',  ( -1.117426861062545962, 0.1737784674538526697, 0.7044647556117211717 ) ) ;
#1201 = EDGE_CURVE ( 'NONE', #1984, #1081, #565, .T. ) ;
#1202 = CARTESIAN_POINT ( 'NONE',  ( 1.875000000000000000, 0.1500000000000000500, 0.2750000000000000222 ) ) ;
#1203 = CARTESIAN_POINT ( 'NONE',  ( 1.875000000000000000, 0.1500000000000000500, 0.2750000000000000222 ) ) ;
#1204 = DIRECTION ( 'NONE',  ( -0.08715574274765115759, 0.9961946980917461003, 0.000000000000000000 ) ) ;
#1205 =( BOUNDED_CURVE ( )  B_SPLINE_CURVE ( 3, ( #1937, #1592, #1954, #1764 ),
 .UNSPECIFIED., .F., .F. ) 
 B_SPLINE_CURVE_WITH_KNOTS ( ( 4, 4 ),
 ( 3.141592653589793116, 4.625122517784979514 ),
 .UNSPECIFIED. ) 
 CURVE ( )  GEOMETRIC_REPRESENTATION_ITEM ( )  RATIONAL_B_SPLINE_CURVE ( ( 1.000000000000000000, 0.8248515578734144649, 0.8248515578734144649, 1.000000000000000000 ) ) 
 REPRESENTATION_ITEM ( '' )  );
#1206 = AXIS2_PLACEMENT_3D ( 'NONE', #1346, #881, #1389 ) ;
#1207 = AXIS2_PLACEMENT_3D ( 'NONE', #741, #1371, #601 ) ;
#1208 =( BOUNDED_CURVE ( )  B_SPLINE_CURVE ( 3, ( #1330, #1794, #1268, #1457 ),
 .UNSPECIFIED., .F., .F. ) 
 B_SPLINE_CURVE_WITH_KNOTS ( ( 4, 4 ),
 ( 1.570796326794896558, 3.141592653589793116 ),
 .UNSPECIFIED. ) 
 CURVE ( )  GEOMETRIC_REPRESENTATION_ITEM ( )  RATIONAL_B_SPLINE_CURVE ( ( 1.000000000000000000, 0.8047378541243649375, 0.8047378541243649375, 1.000000000000000000 ) ) 
 REPRESENTATION_ITEM ( '' )  );
#1209 = CARTESIAN_POINT ( 'NONE',  ( -1.293575366173293828, 1.449999999999999067, 0.5749999999999995115 ) ) ;
#1210 = CARTESIAN_POINT ( 'NONE',  ( 1.250000000000000000, 1.121251133647412468, 0.7750000000000000222 ) ) ;
#1211 = DIRECTION ( 'NONE',  ( 0.000000000000000000, -0.000000000000000000, -1.000000000000000000 ) ) ;
#1212 = CARTESIAN_POINT ( 'NONE',  ( 1.172170774002368798, 0.5386418176425233906, -0.7363861624893165425 ) ) ;
#1213 = FACE_OUTER_BOUND ( 'NONE', #1746, .T. ) ;
#1214 = DIRECTION ( 'NONE',  ( -1.000000000000000000, -1.451534717548964133E-16, 0.000000000000000000 ) ) ;
#1215 = CARTESIAN_POINT ( 'NONE',  ( -1.349999999999999867, 0.9799999999999997602, 0.6753780268877259685 ) ) ;
#1216 = CARTESIAN_POINT ( 'NONE',  ( -1.261167743527263907, 0.9800072974507436641, -0.7750000000001739942 ) ) ;
#1217 = FACE_OUTER_BOUND ( 'NONE', #401, .T. ) ;
#1218 = EDGE_CURVE ( 'NONE', #1784, #613, #1906, .T. ) ;
#1219 = CARTESIAN_POINT ( 'NONE',  ( -1.110922293858828569, 0.1999999999999998723, -0.5147437412937070356 ) ) ;
#1220 = CARTESIAN_POINT ( 'NONE',  ( 1.688266234803486254, 0.1500000000000000222, 0.2750000000000000222 ) ) ;
#1221 = LINE ( 'NONE', #1839, #1897 ) ;
#1222 = DIRECTION ( 'NONE',  ( 0.000000000000000000, -0.000000000000000000, -1.000000000000000000 ) ) ;
#1223 = EDGE_CURVE ( 'NONE', #391, #1347, #1950, .T. ) ;
#1224 = VECTOR ( 'NONE', #1847, 999.9999999999998863 ) ;
#1225 = SURFACE_SIDE_STYLE ('',( #1236 ) ) ;
#1226 = DIRECTION ( 'NONE',  ( 0.1736481776669221155, -0.9848077530122095746, 2.888540336491313669E-15 ) ) ;
#1227 = DIRECTION ( 'NONE',  ( 0.1736481776669232535, -0.9848077530122092416, 0.000000000000000000 ) ) ;
#1228 = CARTESIAN_POINT ( 'NONE',  ( -1.574726817921680899, 0.9240758111006250886, -0.2750000000000000222 ) ) ;
#1229 = AXIS2_PLACEMENT_3D ( 'NONE', #1960, #1485, #760 ) ;
#1230 = AXIS2_PLACEMENT_3D ( 'NONE', #1615, #1953, #1116 ) ;
#1231 = CARTESIAN_POINT ( 'NONE',  ( -1.209665403055565136, 1.449999999999999067, 0.5749999999999995115 ) ) ;
#1232 = DIRECTION ( 'NONE',  ( -1.000000000000000000, 0.000000000000000000, 0.000000000000000000 ) ) ;
#1233 =( BOUNDED_CURVE ( )  B_SPLINE_CURVE ( 3, ( #483, #1061, #1684, #795 ),
 .UNSPECIFIED., .F., .F. ) 
 B_SPLINE_CURVE_WITH_KNOTS ( ( 4, 4 ),
 ( 3.141592653589793116, 4.712388980384691450 ),
 .UNSPECIFIED. ) 
 CURVE ( )  GEOMETRIC_REPRESENTATION_ITEM ( )  RATIONAL_B_SPLINE_CURVE ( ( 1.000000000000000000, 0.8047378541243646044, 0.8047378541243646044, 1.000000000000000000 ) ) 
 REPRESENTATION_ITEM ( '' )  );
#1234 = CARTESIAN_POINT ( 'NONE',  ( -1.216969105737739421, 1.367157287525379905, -0.7750000000000002442 ) ) ;
#1235 = DIRECTION ( 'NONE',  ( 0.1730072088098762728, 0.9811726379862935055, -0.08584148278561966328 ) ) ;
#1236 = SURFACE_STYLE_FILL_AREA ( #1643 ) ;
#1237 = DIRECTION ( 'NONE',  ( 0.1730072088098758010, -0.9811726379862936165, 0.08584148278561966328 ) ) ;
#1238 = AXIS2_PLACEMENT_3D ( 'NONE', #1484, #1344, #1478 ) ;
#1239 = CIRCLE ( 'NONE', #1035, 0.1000000000000000333 ) ;
#1240 = CARTESIAN_POINT ( 'NONE',  ( 1.350000000000000533, 0.9799999999999990941, -0.6749999999999999334 ) ) ;
#1241 = LINE ( 'NONE', #522, #1890 ) ;
#1242 = EDGE_CURVE ( 'NONE', #364, #1105, #1556, .T. ) ;
#1243 = DIRECTION ( 'NONE',  ( 0.000000000000000000, 0.000000000000000000, 1.000000000000000000 ) ) ;
#1244 = VECTOR ( 'NONE', #816, 1000.000000000000000 ) ;
#1245 = ORIENTED_EDGE ( 'NONE', *, *, #1112, .F. ) ;
#1246 = EDGE_CURVE ( 'NONE', #1604, #733, #1546, .T. ) ;
#1247 = CARTESIAN_POINT ( 'NONE',  ( -1.209665403055564914, 1.449999999999999956, 0.7750000000000000222 ) ) ;
#1248 = CARTESIAN_POINT ( 'NONE',  ( 1.351468230146273486, 0.9883267469355727641, -0.6768657369053564521 ) ) ;
#1249 = CLOSED_SHELL ( 'NONE', ( #1256, #1894, #662, #1931, #1168, #1139, #1572, #1155, #1123, #743, #1780, #1444 ) ) ;
#1250 = VECTOR ( 'NONE', #437, 1000.000000000000000 ) ;
#1251 = AXIS2_PLACEMENT_3D ( 'NONE', #550, #421, #885 ) ;
#1252 = CIRCLE ( 'NONE', #1306, 0.2255852378577748729 ) ;
#1253 = DIRECTION ( 'NONE',  ( -0.9848077530122093526, -0.1736481776669232813, 0.000000000000000000 ) ) ;
#1254 = DIRECTION ( 'NONE',  ( 0.000000000000000000, 0.000000000000000000, 1.000000000000000000 ) ) ;
#1255 = ORIENTED_EDGE ( 'NONE', *, *, #38, .F. ) ;
#1256 = ADVANCED_FACE ( 'NONE', ( #1302 ), #1153, .F. ) ;
#1257 = LINE ( 'NONE', #217, #2003 ) ;
#1258 = ORIENTED_EDGE ( 'NONE', *, *, #394, .F. ) ;
#1259 = DIRECTION ( 'NONE',  ( -1.000000000000000000, -1.093568622962105933E-16, 0.000000000000000000 ) ) ;
#1260 = VECTOR ( 'NONE', #362, 999.9999999999998863 ) ;
#1261 = DIRECTION ( 'NONE',  ( -0.000000000000000000, -0.000000000000000000, -1.000000000000000000 ) ) ;
#1262 = SURFACE_STYLE_USAGE ( .BOTH. , #1383 ) ;
#1263 = ORIENTED_EDGE ( 'NONE', *, *, #428, .F. ) ;
#1264 = COLOUR_RGB ( '',0.7921568627450980005, 0.8196078431372548767, 0.9333333333333333481 ) ;
#1265 = EDGE_CURVE ( 'NONE', #438, #951, #630, .T. ) ;
#1266 = DIRECTION ( 'NONE',  ( 0.000000000000000000, 0.000000000000000000, -1.000000000000000000 ) ) ;
#1267 = CARTESIAN_POINT ( 'NONE',  ( -1.252989101077238487, 0.9969853266741700581, 0.7764860235302744051 ) ) ;
#1268 = CARTESIAN_POINT ( 'NONE',  ( -1.349999999999998979, 1.130000000000008109, -0.7335786437626902190 ) ) ;
#1269 = ORIENTED_EDGE ( 'NONE', *, *, #194, .T. ) ;
#1270 =( BOUNDED_CURVE ( )  B_SPLINE_CURVE ( 3, ( #441, #707, #1670, #1803 ),
 .UNSPECIFIED., .F., .F. ) 
 B_SPLINE_CURVE_WITH_KNOTS ( ( 4, 4 ),
 ( 3.141592653589789119, 4.712388980384689674 ),
 .UNSPECIFIED. ) 
 CURVE ( )  GEOMETRIC_REPRESENTATION_ITEM ( )  RATIONAL_B_SPLINE_CURVE ( ( 1.000000000000000000, 0.8047378541243640493, 0.8047378541243640493, 1.000000000000000000 ) ) 
 REPRESENTATION_ITEM ( '' )  );
#1271 = EDGE_CURVE ( 'NONE', #1772, #1802, #1555, .T. ) ;
#1272 = ORIENTED_EDGE ( 'NONE', *, *, #1702, .T. ) ;
#1273 = CARTESIAN_POINT ( 'NONE',  ( -1.489027295185136879, 0.1825688514504697768, 0.2750000000000000222 ) ) ;
#1274 = CARTESIAN_POINT ( 'NONE',  ( 1.349993569443090458, 0.9799635304995053531, -0.6761340502765869065 ) ) ;
#1275 = ADVANCED_FACE ( 'NONE', ( #1978 ), #1908, .F. ) ;
#1276 = EDGE_CURVE ( 'NONE', #2004, #438, #688, .T. ) ;
#1277 = EDGE_LOOP ( 'NONE', ( #256, #411, #576, #1662 ) ) ;
#1278 = DIRECTION ( 'NONE',  ( 1.000000000000000000, -1.093568622962105933E-16, 0.000000000000000000 ) ) ;
#1279 = CARTESIAN_POINT ( 'NONE',  ( -1.209403069160049693, 0.1826351822333076580, 0.5147437412937070356 ) ) ;
#1280 = STYLED_ITEM ( 'NONE', ( #361 ), #1628 ) ;
#1281 = ORIENTED_EDGE ( 'NONE', *, *, #1276, .F. ) ;
#1282 = LINE ( 'NONE', #1512, #535 ) ;
#1283 = DIRECTION ( 'NONE',  ( -0.1736481776669232813, -0.9848077530122093526, 0.000000000000000000 ) ) ;
#1284 = VERTEX_POINT ( 'NONE', #1799 ) ;
#1285 = ORIENTED_EDGE ( 'NONE', *, *, #1029, .F. ) ;
#1286 = CARTESIAN_POINT ( 'NONE',  ( 1.325778876427632591, 1.267364817766690965, -0.6750000000000000444 ) ) ;
#1287 = CARTESIAN_POINT ( 'NONE',  ( -1.350000000000000089, 1.129999999999999893, 0.6749999999999994893 ) ) ;
#1288 = VERTEX_POINT ( 'NONE', #189 ) ;
#1289 = LINE ( 'NONE', #965, #1294 ) ;
#1290 = CARTESIAN_POINT ( 'NONE',  ( -1.350000000000000089, 0.9799999999999999822, -0.6749999999999999334 ) ) ;
#1291 = CARTESIAN_POINT ( 'NONE',  ( -1.283020220396069666, 0.9791806423879846344, 0.7693910220571583691 ) ) ;
#1292 = FACE_OUTER_BOUND ( 'NONE', #980, .T. ) ;
#1293 = ORIENTED_EDGE ( 'NONE', *, *, #1085, .F. ) ;
#1294 = VECTOR ( 'NONE', #1146, 1000.000000000000000 ) ;
#1295 = EDGE_CURVE ( 'NONE', #330, #725, #1368, .T. ) ;
#1296 = DIRECTION ( 'NONE',  ( 0.1730072088098762728, 0.9811726379862933944, -0.08584148278561964940 ) ) ;
#1297 = DIRECTION ( 'NONE',  ( 0.000000000000000000, 0.08715574274765136575, -0.9961946980917461003 ) ) ;
#1298 = LINE ( 'NONE', #1729, #1328 ) ;
#1299 = CARTESIAN_POINT ( 'NONE',  ( -1.351468230146273042, 0.9883267469355736523, -0.6768657369053565631 ) ) ;
#1300 = LINE ( 'NONE', #642, #1968 ) ;
#1301 = EDGE_CURVE ( 'NONE', #1126, #1711, #72, .T. ) ;
#1302 = FACE_OUTER_BOUND ( 'NONE', #1055, .T. ) ;
#1303 = ORIENTED_EDGE ( 'NONE', *, *, #554, .F. ) ;
#1304 = DIRECTION ( 'NONE',  ( 1.000000000000000000, -0.000000000000000000, -0.000000000000000000 ) ) ;
#1305 = CARTESIAN_POINT ( 'NONE',  ( 1.110922293858828569, 0.09999999999999999167, 0.5147437412937070356 ) ) ;
#1306 = AXIS2_PLACEMENT_3D ( 'NONE', #1619, #730, #757 ) ;
#1307 = FACE_OUTER_BOUND ( 'NONE', #1365, .T. ) ;
#1308 = ORIENTED_EDGE ( 'NONE', *, *, #1782, .F. ) ;
#1309 = AXIS2_PLACEMENT_3D ( 'NONE', #859, #1896, #563 ) ;
#1310 = DIRECTION ( 'NONE',  ( 1.000000000000000000, -1.451534717548964133E-16, 0.000000000000000000 ) ) ;
#1311 = CARTESIAN_POINT ( 'NONE',  ( 1.118028829638179955, 0.1806063322011877137, 0.7050621163732012642 ) ) ;
#1312 = VERTEX_POINT ( 'NONE', #1961 ) ;
#1313 = ADVANCED_FACE ( 'NONE', ( #35 ), #551, .F. ) ;
#1314 = CARTESIAN_POINT ( 'NONE',  ( 1.227298101126411467, 1.249999999999998890, 0.7749999999999995781 ) ) ;
#1315 = CARTESIAN_POINT ( 'NONE',  ( -1.250000000000000000, 0.9799999999999986500, -0.7750000000000002442 ) ) ;
#1316 = CYLINDRICAL_SURFACE ( 'NONE', #1454, 0.1000000000000000611 ) ;
#1317 = DIRECTION ( 'NONE',  ( 1.000000000000000000, 0.000000000000000000, 0.000000000000000000 ) ) ;
#1318 = ORIENTED_EDGE ( 'NONE', *, *, #1295, .T. ) ;
#1319 = LINE ( 'NONE', #254, #561 ) ;
#1320 = ORIENTED_EDGE ( 'NONE', *, *, #1755, .T. ) ;
#1321 = CARTESIAN_POINT ( 'NONE',  ( 1.350000000000000089, 0.9799999999999999822, 0.2750000000000000222 ) ) ;
#1322 = AXIS2_PLACEMENT_3D ( 'NONE', #856, #85, #398 ) ;
#1323 = FACE_OUTER_BOUND ( 'NONE', #1324, .T. ) ;
#1324 = EDGE_LOOP ( 'NONE', ( #300, #587, #1096, #895 ) ) ;
#1325 = CARTESIAN_POINT ( 'NONE',  ( 1.127018201032665035, 0.2912844257252348301, 0.6143632111028813902 ) ) ;
#1326 = CARTESIAN_POINT ( 'NONE',  ( 1.224030746187612761, 0.2655928610229694731, 0.7124974741975245163 ) ) ;
#1327 = EDGE_CURVE ( 'NONE', #318, #1781, #13, .T. ) ;
#1328 = VECTOR ( 'NONE', #831, 999.9999999999998863 ) ;
#1329 = VERTEX_POINT ( 'NONE', #1625 ) ;
#1330 = CARTESIAN_POINT ( 'NONE',  ( -1.250000000000000000, 1.121251133647406917, -0.7750000000000000222 ) ) ;
#1331 = CARTESIAN_POINT ( 'NONE',  ( -1.688266234803486254, 0.2000000000000000389, 0.2750000000000000222 ) ) ;
#1332 = ORIENTED_EDGE ( 'NONE', *, *, #1327, .T. ) ;
#1333 = ADVANCED_FACE ( 'NONE', ( #720 ), #91, .F. ) ;
#1334 = VECTOR ( 'NONE', #43, 1000.000000000000000 ) ;
#1335 = EDGE_LOOP ( 'NONE', ( #1547, #1605, #566, #1573 ) ) ;
#1336 = AXIS2_PLACEMENT_3D ( 'NONE', #1325, #1609, #1471 ) ;
#1337 = CARTESIAN_POINT ( 'NONE',  ( -1.224030746187612761, 0.2655928610229687514, -0.7124974741975252934 ) ) ;
#1338 = CARTESIAN_POINT ( 'NONE',  ( -1.315449881038960100, 1.325943461529381473, -0.6750000000000001554 ) ) ;
#1339 = VECTOR ( 'NONE', #1946, 1000.000000000000227 ) ;
#1340 = ORIENTED_EDGE ( 'NONE', *, *, #673, .T. ) ;
#1341 =( LENGTH_UNIT ( ) NAMED_UNIT ( * ) SI_UNIT ( .MILLI., .METRE. ) );
#1342 = CARTESIAN_POINT ( 'NONE',  ( -1.209403069160049693, 0.1826351822333076580, 0.5147437412937070356 ) ) ;
#1343 = LINE ( 'NONE', #739, #1339 ) ;
#1344 = DIRECTION ( 'NONE',  ( 0.000000000000000000, -0.000000000000000000, -1.000000000000000000 ) ) ;
#1345 = CIRCLE ( 'NONE', #1336, 0.1000000000000000472 ) ;
#1346 = CARTESIAN_POINT ( 'NONE',  ( -1.127018201032664813, 0.2912844257252346636, -0.6143632111028816123 ) ) ;
#1347 = VERTEX_POINT ( 'NONE', #751 ) ;
#1348 =( BOUNDED_CURVE ( )  B_SPLINE_CURVE ( 3, ( #1342, #1889, #527, #1757 ),
 .UNSPECIFIED., .F., .F. ) 
 B_SPLINE_CURVE_WITH_KNOTS ( ( 4, 4 ),
 ( 0.000000000000000000, 1.483529864195186621 ),
 .UNSPECIFIED. ) 
 CURVE ( )  GEOMETRIC_REPRESENTATION_ITEM ( )  RATIONAL_B_SPLINE_CURVE ( ( 1.000000000000000000, 0.8248515578734144649, 0.8248515578734144649, 1.000000000000000000 ) ) 
 REPRESENTATION_ITEM ( '' )  );
#1349 = CYLINDRICAL_SURFACE ( 'NONE', #909, 0.04999999999999991257 ) ;
#1350 = ORIENTED_EDGE ( 'NONE', *, *, #534, .F. ) ;
#1351 = CARTESIAN_POINT ( 'NONE',  ( 1.350000000000000977, 1.129999999999999005, -0.6749999999999999334 ) ) ;
#1352 = AXIS2_PLACEMENT_3D ( 'NONE', #1876, #1411, #1531 ) ;
#1353 = DIRECTION ( 'NONE',  ( 0.000000000000000000, 0.000000000000000000, 1.000000000000000000 ) ) ;
#1354 = LINE ( 'NONE', #1859, #683 ) ;
#1355 = ORIENTED_EDGE ( 'NONE', *, *, #876, .F. ) ;
#1356 = SURFACE_STYLE_USAGE ( .BOTH. , #1190 ) ;
#1357 = CARTESIAN_POINT ( 'NONE',  ( 1.308146178356786926, 1.367364817766691276, 0.5749999999999995115 ) ) ;
#1358 = EDGE_CURVE ( 'NONE', #456, #1117, #814, .T. ) ;
#1359 = PLANE ( 'NONE',  #544 ) ;
#1360 = DIRECTION ( 'NONE',  ( -0.1736481776669232813, -0.9848077530122093526, -0.000000000000000000 ) ) ;
#1361 = CARTESIAN_POINT ( 'NONE',  ( -1.225498976333885714, 0.2739196079585423660, -0.6143632111028816123 ) ) ;
#1362 = CARTESIAN_POINT ( 'NONE',  ( -1.250000000000000000, 1.121251133647406917, -0.7750000000000000222 ) ) ;
#1363 = VERTEX_POINT ( 'NONE', #1305 ) ;
#1364 = VECTOR ( 'NONE', #215, 1000.000000000000000 ) ;
#1365 = EDGE_LOOP ( 'NONE', ( #1340, #1594, #945, #291 ) ) ;
#1366 = CARTESIAN_POINT ( 'NONE',  ( -1.875000000000000000, 0.1500000000000000500, 0.2750000000000000222 ) ) ;
#1367 = CARTESIAN_POINT ( 'NONE',  ( -1.110922293858828569, 0.1000000000000000194, 0.6239496868834695231 ) ) ;
#1368 = LINE ( 'NONE', #1645, #1364 ) ;
#1369 = EDGE_LOOP ( 'NONE', ( #620, #1963, #1647, #264 ) ) ;
#1370 = DIRECTION ( 'NONE',  ( 0.000000000000000000, 0.000000000000000000, -1.000000000000000000 ) ) ;
#1371 = DIRECTION ( 'NONE',  ( -0.000000000000000000, -0.000000000000000000, -1.000000000000000000 ) ) ;
#1372 = DIRECTION ( 'NONE',  ( 1.000000000000000000, 1.451534717548964133E-16, 0.000000000000000000 ) ) ;
#1373 = FACE_OUTER_BOUND ( 'NONE', #1586, .T. ) ;
#1374 = VERTEX_POINT ( 'NONE', #1770 ) ;
#1375 = CARTESIAN_POINT ( 'NONE',  ( 1.224030746187612761, 0.2655928610229688624, -0.7124974741975247383 ) ) ;
#1376 = CARTESIAN_POINT ( 'NONE',  ( -1.308146180757858712, 1.367364804149531654, 0.6294712897814576102 ) ) ;
#1377 = FACE_OUTER_BOUND ( 'NONE', #1925, .T. ) ;
#1378 = VERTEX_POINT ( 'NONE', #786 ) ;
#1379 = EDGE_CURVE ( 'NONE', #1741, #406, #758, .T. ) ;
#1380 = VECTOR ( 'NONE', #228, 999.9999999999998863 ) ;
#1381 = ORIENTED_EDGE ( 'NONE', *, *, #808, .F. ) ;
#1382 = CARTESIAN_POINT ( 'NONE',  ( 1.349999999999998979, 1.130000000000015214, -0.7335786437626902190 ) ) ;
#1383 = SURFACE_SIDE_STYLE ('',( #710 ) ) ;
#1384 = EDGE_CURVE ( 'NONE', #351, #1772, #686, .T. ) ;
#1385 = ORIENTED_EDGE ( 'NONE', *, *, #1246, .T. ) ;
#1386 = CYLINDRICAL_SURFACE ( 'NONE', #144, 0.04999999999999991257 ) ;
#1387 = CARTESIAN_POINT ( 'NONE',  ( 1.127018201032664146, 0.2825688514504697268, 0.7139826809120563000 ) ) ;
#1388 = LINE ( 'NONE', #610, #44 ) ;
#1389 = DIRECTION ( 'NONE',  ( 0.9848077530122093526, 0.1736481776669231980, 0.000000000000000000 ) ) ;
#1390 = EDGE_LOOP ( 'NONE', ( #1281, #259, #374, #1013 ) ) ;
#1391 = VECTOR ( 'NONE', #1943, 1000.000000000000000 ) ;
#1392 = ORIENTED_EDGE ( 'NONE', *, *, #1157, .F. ) ;
#1393 = CARTESIAN_POINT ( 'NONE',  ( 1.350000000000000089, 0.9044147621422250483, 0.2750000000000000222 ) ) ;
#1394 = ORIENTED_EDGE ( 'NONE', *, *, #1403, .F. ) ;
#1395 = CARTESIAN_POINT ( 'NONE',  ( 1.209665403055565580, 1.349999999999999867, -0.5749999999999999556 ) ) ;
#1396 = CARTESIAN_POINT ( 'NONE',  ( -1.350000000000000089, 0.9799999999999999822, 0.2750000000000000222 ) ) ;
#1397 = LINE ( 'NONE', #518, #722 ) ;
#1398 = VERTEX_POINT ( 'NONE', #1840 ) ;
#1399 = CIRCLE ( 'NONE', #737, 0.1000000000000000194 ) ;
#1400 = ORIENTED_EDGE ( 'NONE', *, *, #1421, .T. ) ;
#1401 = EDGE_CURVE ( 'NONE', #1575, #996, #738, .T. ) ;
#1402 = ORIENTED_EDGE ( 'NONE', *, *, #96, .T. ) ;
#1403 = EDGE_CURVE ( 'NONE', #1347, #9, #1233, .T. ) ;
#1404 = VECTOR ( 'NONE', #1523, 1000.000000000000000 ) ;
#1405 = DIRECTION ( 'NONE',  ( 0.9848077530122091305, 0.1736481776669242527, 0.000000000000000000 ) ) ;
#1406 = DIRECTION ( 'NONE',  ( 1.000000000000000000, 0.000000000000000000, 0.000000000000000000 ) ) ;
#1407 = AXIS2_PLACEMENT_3D ( 'NONE', #6, #284, #615 ) ;
#1408 = CIRCLE ( 'NONE', #53, 0.1000000000000000472 ) ;
#1409 = AXIS2_PLACEMENT_3D ( 'NONE', #734, #1927, #64 ) ;
#1410 =( BOUNDED_CURVE ( )  B_SPLINE_CURVE ( 3, ( #1287, #1736, #156, #1692 ),
 .UNSPECIFIED., .F., .F. ) 
 B_SPLINE_CURVE_WITH_KNOTS ( ( 4, 4 ),
 ( -4.440892098500626162E-15, 1.570796326794896558 ),
 .UNSPECIFIED. ) 
 CURVE ( )  GEOMETRIC_REPRESENTATION_ITEM ( )  RATIONAL_B_SPLINE_CURVE ( ( 1.000000000000000000, 0.8047378541243640493, 0.8047378541243640493, 1.000000000000000000 ) ) 
 REPRESENTATION_ITEM ( '' )  );
#1411 = DIRECTION ( 'NONE',  ( 0.000000000000000000, -0.000000000000000000, -1.000000000000000000 ) ) ;
#1412 = COLOUR_RGB ( '',0.7921568627450980005, 0.8196078431372548767, 0.9333333333333333481 ) ;
#1413 = ORIENTED_EDGE ( 'NONE', *, *, #534, .T. ) ;
#1414 =( NAMED_UNIT ( * ) SI_UNIT ( $, .STERADIAN. ) SOLID_ANGLE_UNIT ( ) );
#1415 = ADVANCED_FACE ( 'NONE', ( #691 ), #51, .T. ) ;
#1416 = ORIENTED_EDGE ( 'NONE', *, *, #1726, .F. ) ;
#1417 = DIRECTION ( 'NONE',  ( -1.000000000000000000, 0.000000000000000000, 0.000000000000000000 ) ) ;
#1418 = ORIENTED_EDGE ( 'NONE', *, *, #155, .T. ) ;
#1419 = DIRECTION ( 'NONE',  ( 1.606225440719266367E-16, -1.000000000000000000, 0.000000000000000000 ) ) ;
#1420 = CARTESIAN_POINT ( 'NONE',  ( 1.688266234803486254, 0.2000000000000000389, -0.2750000000000000222 ) ) ;
#1421 = EDGE_CURVE ( 'NONE', #236, #1374, #706, .T. ) ;
#1422 = FACE_OUTER_BOUND ( 'NONE', #413, .T. ) ;
#1423 = ORIENTED_EDGE ( 'NONE', *, *, #241, .T. ) ;
#1424 = CARTESIAN_POINT ( 'NONE',  ( 1.425297613207918923, 0.9110024496884773226, 0.2750000000000000222 ) ) ;
#1425 = VECTOR ( 'NONE', #852, 1000.000000000000227 ) ;
#1426 = EDGE_CURVE ( 'NONE', #356, #1564, #702, .T. ) ;
#1427 = CARTESIAN_POINT ( 'NONE',  ( 1.209403069160049915, 0.1826351822333077690, -0.7750000000000000222 ) ) ;
#1428 = ORIENTED_EDGE ( 'NONE', *, *, #901, .T. ) ;
#1429 = CARTESIAN_POINT ( 'NONE',  ( 1.350000000000000089, 0.9799999999999999822, 0.2750000000000000222 ) ) ;
#1430 = UNCERTAINTY_MEASURE_WITH_UNIT (LENGTH_MEASURE( 1.000000000000000082E-05 ), #1513, 'distance_accuracy_value', 'NONE');
#1431 = LINE ( 'NONE', #1652, #92 ) ;
#1432 = MANIFOLD_SOLID_BREP ( 'Boss-Extrude2', #1249 ) ;
#1433 = CARTESIAN_POINT ( 'NONE',  ( 1.350000000000000977, 1.129999999999999005, 0.6749999999999999334 ) ) ;
#1434 = VECTOR ( 'NONE', #1843, 1000.000000000000000 ) ;
#1435 = B_SPLINE_CURVE_WITH_KNOTS ( 'NONE', 3,
 ( #1899, #95, #55, #365, #709, #1442, #378, #1147, #726, #1740, #1788, #82, #1291, #1549, #660, #207 ),
 .UNSPECIFIED., .F., .F.,
 ( 4, 3, 3, 3, 3, 4 ),
 ( 0.000000000000000000, 2.129266582051762561E-05, 5.504869871061282419E-05, 8.891728632601170396E-05, 0.0001226991752141829372, 0.0001564936644968372825 ),
 .UNSPECIFIED. ) ;
#1436 =( GEOMETRIC_REPRESENTATION_CONTEXT ( 3 ) GLOBAL_UNCERTAINTY_ASSIGNED_CONTEXT ( ( #711 ) ) GLOBAL_UNIT_ASSIGNED_CONTEXT ( ( #1341, #545, #1821 ) ) REPRESENTATION_CONTEXT ( 'NONE', 'WORKASPACE' ) );
#1437 = CARTESIAN_POINT ( 'NONE',  ( -1.350000000000000089, 1.449999999999999956, -0.6749999999999999334 ) ) ;
#1438 = DIRECTION ( 'NONE',  ( -1.000000000000000000, 1.606225440719266367E-16, 0.000000000000000000 ) ) ;
#1439 = FACE_OUTER_BOUND ( 'NONE', #1570, .T. ) ;
#1440 = VECTOR ( 'NONE', #1982, 1000.000000000000000 ) ;
#1441 = DIRECTION ( 'NONE',  ( -1.606225440719266367E-16, -1.000000000000000000, 0.000000000000000000 ) ) ;
#1442 = CARTESIAN_POINT ( 'NONE',  ( -1.340628219342115068, 0.9780998223657920709, 0.7187146434331179723 ) ) ;
#1443 = CYLINDRICAL_SURFACE ( 'NONE', #1207, 0.2255852378577748729 ) ;
#1444 = ADVANCED_FACE ( 'NONE', ( #1373 ), #1870, .F. ) ;
#1445 = EDGE_CURVE ( 'NONE', #406, #386, #716, .T. ) ;
#1446 = CARTESIAN_POINT ( 'NONE',  ( 1.638456499898898855, 0.1956422128626174872, 0.2750000000000000222 ) ) ;
#1447 = CARTESIAN_POINT ( 'NONE',  ( 1.425297613207918923, 0.9110024496884773226, -0.2750000000000000222 ) ) ;
#1448 = EDGE_CURVE ( 'NONE', #385, #472, #1388, .T. ) ;
#1449 = CARTESIAN_POINT ( 'NONE',  ( -1.216509421463663143, 0.2229373088565915206, -0.6099028256207270626 ) ) ;
#1450 = LINE ( 'NONE', #568, #84 ) ;
#1451 = DIRECTION ( 'NONE',  ( 1.000000000000000000, -1.606225440719267353E-16, 0.000000000000000000 ) ) ;
#1452 = CARTESIAN_POINT ( 'NONE',  ( -1.308146178356786260, 1.367364817766691276, 0.5749999999999995115 ) ) ;
#1453 = AXIS2_PLACEMENT_3D ( 'NONE', #388, #114, #1785 ) ;
#1454 = AXIS2_PLACEMENT_3D ( 'NONE', #1093, #1237, #1405 ) ;
#1455 = DIRECTION ( 'NONE',  ( -0.9848077530122091305, 0.1736481776669242527, 0.000000000000000000 ) ) ;
#1456 = DIRECTION ( 'NONE',  ( 0.000000000000000000, 0.9961946980917461003, 0.08715574274765136575 ) ) ;
#1457 = CARTESIAN_POINT ( 'NONE',  ( -1.350000000000000089, 1.129999999999999893, -0.6749999999999999334 ) ) ;
#1458 = ADVANCED_FACE ( 'NONE', ( #735 ), #1386, .F. ) ;
#1459 = CARTESIAN_POINT ( 'NONE',  ( 1.315449881038960767, 1.325943461529381473, -0.6750000000000001554 ) ) ;
#1460 = CARTESIAN_POINT ( 'NONE',  ( 1.249994129708434043, 0.9799999999999990941, 0.7750000000000000222 ) ) ;
#1461 = CARTESIAN_POINT ( 'NONE',  ( 1.209403069160049915, 0.1826351822333076025, 0.5147437412937070356 ) ) ;
#1462 = EDGE_CURVE ( 'NONE', #1741, #438, #1354, .T. ) ;
#1463 = DIRECTION ( 'NONE',  ( 1.000000000000000000, 0.000000000000000000, 0.000000000000000000 ) ) ;
#1464 = CARTESIAN_POINT ( 'NONE',  ( -1.250000000000000000, 0.9800000000000108624, 0.7750000000000000222 ) ) ;
#1465 = CARTESIAN_POINT ( 'NONE',  ( 1.350000000000000089, 0.9799999999999999822, -0.2750000000000000222 ) ) ;
#1466 = EDGE_CURVE ( 'NONE', #9, #1771, #67, .T. ) ;
#1467 = PRODUCT_DEFINITION ( 'UNKNOWN', '', #176, #1487 ) ;
#1468 = CARTESIAN_POINT ( 'NONE',  ( -1.118028829638177957, 0.1806063322011877414, -0.7050621163732010421 ) ) ;
#1469 = ADVANCED_FACE ( 'NONE', ( #749 ), #1977, .F. ) ;
#1470 = AXIS2_PLACEMENT_3D ( 'NONE', #1321, #849, #1353 ) ;
#1471 = DIRECTION ( 'NONE',  ( 0.9848077530122092416, -0.1736481776669237254, 0.000000000000000000 ) ) ;
#1472 = DIRECTION ( 'NONE',  ( -0.9848077530122092416, 0.1736481776669237254, 0.000000000000000000 ) ) ;
#1473 = CARTESIAN_POINT ( 'NONE',  ( 1.334593116179114691, 0.9779440783418568151, -0.7294829131386393328 ) ) ;
#1474 = CARTESIAN_POINT ( 'NONE',  ( -1.225498976333885714, 0.2739196079585424215, -0.6143632111028816123 ) ) ;
#1475 = CARTESIAN_POINT ( 'NONE',  ( -1.209403069160049693, 0.1826351822333076302, 0.5147437412937067025 ) ) ;
#1476 = CARTESIAN_POINT ( 'NONE',  ( 1.194832259363223459, 0.1000000135354705555, 0.6076739301468133680 ) ) ;
#1477 = EDGE_CURVE ( 'NONE', #968, #364, #40, .T. ) ;
#1478 = DIRECTION ( 'NONE',  ( 1.000000000000000000, 0.000000000000000000, 0.000000000000000000 ) ) ;
#1479 = CARTESIAN_POINT ( 'NONE',  ( 1.209403069160049915, 0.1826351822333076580, -0.5147437412937070356 ) ) ;
#1480 = CARTESIAN_POINT ( 'NONE',  ( 1.249994129708434043, 0.9799999999999990941, 0.7750000000000000222 ) ) ;
#1481 = CARTESIAN_POINT ( 'NONE',  ( -1.110922293858828569, 0.09999999999999997780, 0.5147437412937063694 ) ) ;
#1482 = CARTESIAN_POINT ( 'NONE',  ( -1.250000000000000000, 1.121251133647407583, 0.7750000000000000222 ) ) ;
#1483 = DIRECTION ( 'NONE',  ( 0.000000000000000000, 0.000000000000000000, -1.000000000000000000 ) ) ;
#1484 = CARTESIAN_POINT ( 'NONE',  ( 1.350000000000000089, 0.9044147621422250483, 0.2750000000000000222 ) ) ;
#1485 = DIRECTION ( 'NONE',  ( 1.000000000000000000, -0.000000000000000000, -0.000000000000000000 ) ) ;
#1486 = CARTESIAN_POINT ( 'NONE',  ( -1.325778876427631925, 1.267364817766690965, -0.6750000000000000444 ) ) ;
#1487 = PRODUCT_DEFINITION_CONTEXT ( 'detailed design', #921, 'design' ) ;
#1488 = EDGE_CURVE ( 'NONE', #659, #1673, #697, .T. ) ;
#1489 = CARTESIAN_POINT ( 'NONE',  ( -1.227298101126411023, 1.249999999999998890, -0.7750000000000001332 ) ) ;
#1490 = PLANE ( 'NONE',  #813 ) ;
#1491 = DIRECTION ( 'NONE',  ( -1.000000000000000000, 1.451534717548964133E-16, -0.000000000000000000 ) ) ;
#1492 = EDGE_CURVE ( 'NONE', #1059, #1781, #1397, .T. ) ;
#1493 = CARTESIAN_POINT ( 'NONE',  ( -1.489027295185136879, 0.1825688514504697768, -0.2750000000000000222 ) ) ;
#1494 = CARTESIAN_POINT ( 'NONE',  ( -1.307800676763479553, 1.369324254671373309, 0.7660110896710116135 ) ) ;
#1495 = CARTESIAN_POINT ( 'NONE',  ( -1.227298101126411023, 1.249999999999998890, 0.7749999999999995781 ) ) ;
#1496 = DIRECTION ( 'NONE',  ( 0.08715574274765115759, 0.9961946980917461003, 0.000000000000000000 ) ) ;
#1497 = PRODUCT ( 'STPS0560Z', 'STPS0560Z', '', ( #333 ) ) ;
#1498 = CARTESIAN_POINT ( 'NONE',  ( -1.229968102072948710, 0.8751423278264632843, 0.6654441586467636505 ) ) ;
#1499 = FILL_AREA_STYLE ('',( #567 ) ) ;
#1500 = DIRECTION ( 'NONE',  ( 1.000000000000000000, 0.000000000000000000, 0.000000000000000000 ) ) ;
#1501 = CARTESIAN_POINT ( 'NONE',  ( -1.272484818355313685, 0.9795557338056668506, -0.7730765558056572617 ) ) ;
#1502 = CARTESIAN_POINT ( 'NONE',  ( -1.350000000000000089, 1.129999999999999893, -0.6749999999999999334 ) ) ;
#1503 = CARTESIAN_POINT ( 'NONE',  ( -1.350000000000000089, 0.9044147621422250483, 0.2750000000000000222 ) ) ;
#1504 = EDGE_CURVE ( 'NONE', #1581, #690, #1435, .T. ) ;
#1505 = EDGE_CURVE ( 'NONE', #356, #364, #1408, .T. ) ;
#1506 = CARTESIAN_POINT ( 'NONE',  ( -1.688266234803486254, 2.710505431213761085E-17, -0.2750000000000000222 ) ) ;
#1507 = EDGE_LOOP ( 'NONE', ( #226, #274, #1413, #231, #1423, #1118 ) ) ;
#1508 = AXIS2_PLACEMENT_3D ( 'NONE', #589, #572, #1483 ) ;
#1509 = CARTESIAN_POINT ( 'NONE',  ( -1.209665403055565136, 1.449999999999999067, 0.5749999999999995115 ) ) ;
#1510 = DIRECTION ( 'NONE',  ( -0.000000000000000000, -0.000000000000000000, -1.000000000000000000 ) ) ;
#1511 = AXIS2_PLACEMENT_3D ( 'NONE', #1054, #36, #918 ) ;
#1512 = CARTESIAN_POINT ( 'NONE',  ( 1.875000000000000000, 0.1500000000000000500, -0.2750000000000000222 ) ) ;
#1513 =( LENGTH_UNIT ( ) NAMED_UNIT ( * ) SI_UNIT ( .MILLI., .METRE. ) );
#1514 = ORIENTED_EDGE ( 'NONE', *, *, #1384, .F. ) ;
#1515 = DIRECTION ( 'NONE',  ( 1.000000000000000000, -0.000000000000000000, -0.000000000000000000 ) ) ;
#1516 = DIRECTION ( 'NONE',  ( 1.000000000000000000, -0.000000000000000000, -0.000000000000000000 ) ) ;
#1517 = ORIENTED_EDGE ( 'NONE', *, *, #1201, .T. ) ;
#1518 = ORIENTED_EDGE ( 'NONE', *, *, #732, .T. ) ;
#1519 = CARTESIAN_POINT ( 'NONE',  ( 1.349997856458056367, 0.9799878433695420332, -0.6757560476980948305 ) ) ;
#1520 = EDGE_CURVE ( 'NONE', #339, #247, #1855, .T. ) ;
#1521 = ORIENTED_EDGE ( 'NONE', *, *, #1358, .T. ) ;
#1522 = CARTESIAN_POINT ( 'NONE',  ( -1.227298101126411023, 1.249999999999998890, 0.7749999999999995781 ) ) ;
#1523 = DIRECTION ( 'NONE',  ( -0.000000000000000000, -0.000000000000000000, 1.000000000000000000 ) ) ;
#1524 = EDGE_CURVE ( 'NONE', #1535, #1998, #1348, .T. ) ;
#1525 = EDGE_LOOP ( 'NONE', ( #692, #1732, #57, #2001 ) ) ;
#1526 = ADVANCED_FACE ( 'NONE', ( #56 ), #419, .T. ) ;
#1527 = DIRECTION ( 'NONE',  ( 0.000000000000000000, -0.000000000000000000, -1.000000000000000000 ) ) ;
#1528 = CARTESIAN_POINT ( 'NONE',  ( 1.227298101126411467, 1.249999999999998446, -0.7750000000000000222 ) ) ;
#1529 = AXIS2_PLACEMENT_3D ( 'NONE', #1202, #410, #1214 ) ;
#1530 = ORIENTED_EDGE ( 'NONE', *, *, #1749, .F. ) ;
#1531 = DIRECTION ( 'NONE',  ( 1.000000000000000000, 0.000000000000000000, 0.000000000000000000 ) ) ;
#1532 = CARTESIAN_POINT ( 'NONE',  ( 1.127018201032664590, 0.2825688514504695048, -0.7139826809120563000 ) ) ;
#1533 = ORIENTED_EDGE ( 'NONE', *, *, #1631, .T. ) ;
#1534 = CARTESIAN_POINT ( 'NONE',  ( 1.688266234803486254, 0.2000000000000000389, 0.2750000000000000222 ) ) ;
#1535 = VERTEX_POINT ( 'NONE', #1279 ) ;
#1536 = DIRECTION ( 'NONE',  ( -1.000000000000000000, 0.000000000000000000, 0.000000000000000000 ) ) ;
#1537 = CARTESIAN_POINT ( 'NONE',  ( -1.688266234803486254, 0.2000000000000000389, 0.2750000000000000222 ) ) ;
#1538 = EDGE_LOOP ( 'NONE', ( #931, #924, #1514, #969 ) ) ;
#1539 = CARTESIAN_POINT ( 'NONE',  ( -1.349993569443090458, 0.9799635304995085727, -0.6761340502765872396 ) ) ;
#1540 = EDGE_CURVE ( 'NONE', #1711, #1666, #1399, .T. ) ;
#1541 = ADVANCED_FACE ( 'NONE', ( #1377 ), #58, .T. ) ;
#1542 = CARTESIAN_POINT ( 'NONE',  ( 1.350000000000000977, 1.129999999999999005, -0.6749999999999999334 ) ) ;
#1543 = EDGE_CURVE ( 'NONE', #193, #1791, #776, .T. ) ;
#1544 = DIRECTION ( 'NONE',  ( -0.000000000000000000, 0.000000000000000000, 1.000000000000000000 ) ) ;
#1545 = ORIENTED_EDGE ( 'NONE', *, *, #174, .F. ) ;
#1546 = B_SPLINE_CURVE_WITH_KNOTS ( 'NONE', 3,
 ( #908, #464, #604, #919, #1857, #783, #1721, #1877, #332, #655, #937, #1127, #834, #1011, #422, #1460 ),
 .UNSPECIFIED., .F., .F.,
 ( 4, 3, 3, 3, 3, 4 ),
 ( 0.000000000000000000, 3.345675322652017728E-05, 6.691578215570571431E-05, 0.0001003481242808700144, 0.0001338429071349009792, 0.0001551584341327053918 ),
 .UNSPECIFIED. ) ;
#1547 = ORIENTED_EDGE ( 'NONE', *, *, #1162, .T. ) ;
#1548 = CARTESIAN_POINT ( 'NONE',  ( 1.249999999999999778, -2.007781800899082650E-16, 0.6749999999999999334 ) ) ;
#1549 = CARTESIAN_POINT ( 'NONE',  ( -1.272483908692321419, 0.9795557661923587345, 0.7730768740273677997 ) ) ;
#1550 = VERTEX_POINT ( 'NONE', #903 ) ;
#1551 = DIRECTION ( 'NONE',  ( -1.606225440719266367E-16, 1.000000000000000000, 0.000000000000000000 ) ) ;
#1552 = ORIENTED_EDGE ( 'NONE', *, *, #727, .F. ) ;
#1553 =( GEOMETRIC_REPRESENTATION_CONTEXT ( 3 ) GLOBAL_UNCERTAINTY_ASSIGNED_CONTEXT ( ( #1019 ) ) GLOBAL_UNIT_ASSIGNED_CONTEXT ( ( #1154, #940, #1414 ) ) REPRESENTATION_CONTEXT ( 'NONE', 'WORKASPACE' ) );
#1554 = ORIENTED_EDGE ( 'NONE', *, *, #93, .T. ) ;
#1555 =( BOUNDED_CURVE ( )  B_SPLINE_CURVE ( 3, ( #1188, #523, #1338, #1486 ),
 .UNSPECIFIED., .F., .F. ) 
 B_SPLINE_CURVE_WITH_KNOTS ( ( 4, 4 ),
 ( 0.000000000000000000, 1.570796326794898778 ),
 .UNSPECIFIED. ) 
 CURVE ( )  GEOMETRIC_REPRESENTATION_ITEM ( )  RATIONAL_B_SPLINE_CURVE ( ( 1.000000000000000000, 0.8047378541243644934, 0.8047378541243644934, 1.000000000000000000 ) ) 
 REPRESENTATION_ITEM ( '' )  );
#1556 =( BOUNDED_CURVE ( )  B_SPLINE_CURVE ( 3, ( #1532, #1750, #1115, #493 ),
 .UNSPECIFIED., .F., .F. ) 
 B_SPLINE_CURVE_WITH_KNOTS ( ( 4, 4 ),
 ( 1.658062789394607606, 3.141592653589793116 ),
 .UNSPECIFIED. ) 
 CURVE ( )  GEOMETRIC_REPRESENTATION_ITEM ( )  RATIONAL_B_SPLINE_CURVE ( ( 1.000000000000000000, 0.8248515578734147979, 0.8248515578734147979, 1.000000000000000000 ) ) 
 REPRESENTATION_ITEM ( '' )  );
#1557 = CARTESIAN_POINT ( 'NONE',  ( -1.209403069160049693, 0.1826351822333074637, -0.5147437412937070356 ) ) ;
#1558 = ADVANCED_FACE ( 'NONE', ( #762 ), #764, .T. ) ;
#1559 = ORIENTED_EDGE ( 'NONE', *, *, #1819, .F. ) ;
#1560 = CARTESIAN_POINT ( 'NONE',  ( -1.349997856458056367, 0.9799878433695450308, -0.6757560476980950526 ) ) ;
#1561 = DIRECTION ( 'NONE',  ( 1.000000000000000000, 0.000000000000000000, 0.000000000000000000 ) ) ;
#1562 = EDGE_CURVE ( 'NONE', #296, #968, #97, .T. ) ;
#1563 = CARTESIAN_POINT ( 'NONE',  ( -1.249999999999999778, -2.007781800899082650E-16, 0.6749999999999999334 ) ) ;
#1564 = VERTEX_POINT ( 'NONE', #1094 ) ;
#1565 = CARTESIAN_POINT ( 'NONE',  ( 1.127018201032664590, 0.2825688514504695048, -0.7139826809120563000 ) ) ;
#1566 = EDGE_CURVE ( 'NONE', #1329, #1378, #83, .T. ) ;
#1567 = CARTESIAN_POINT ( 'NONE',  ( -1.209403071415853015, 0.1826351950266044133, -0.5659194861052753156 ) ) ;
#1568 = CARTESIAN_POINT ( 'NONE',  ( 1.638456499898898855, 0.1956422128626174872, -0.2750000000000000222 ) ) ;
#1569 = DIRECTION ( 'NONE',  ( 1.000000000000000000, 0.000000000000000000, 0.000000000000000000 ) ) ;
#1570 = EDGE_LOOP ( 'NONE', ( #1915, #988, #1918, #1571, #920, #396, #676, #269, #1052, #1765 ) ) ;
#1571 = ORIENTED_EDGE ( 'NONE', *, *, #880, .T. ) ;
#1572 = ADVANCED_FACE ( 'NONE', ( #1422 ), #1443, .T. ) ;
#1573 = ORIENTED_EDGE ( 'NONE', *, *, #152, .F. ) ;
#1574 = CARTESIAN_POINT ( 'NONE',  ( 1.194832256976557483, 0.1000000000000007133, 0.5147437412937070356 ) ) ;
#1575 = VERTEX_POINT ( 'NONE', #1506 ) ;
#1576 = AXIS2_PLACEMENT_3D ( 'NONE', #1548, #1441, #1451 ) ;
#1577 = CARTESIAN_POINT ( 'NONE',  ( 1.875000000000000000, 0.1500000000000000500, -0.2750000000000000222 ) ) ;
#1578 = ORIENTED_EDGE ( 'NONE', *, *, #315, .T. ) ;
#1579 = CARTESIAN_POINT ( 'NONE',  ( 1.308146178356786704, 1.367364817766691498, -0.6335786437626905743 ) ) ;
#1580 = ORIENTED_EDGE ( 'NONE', *, *, #1775, .F. ) ;
#1581 = VERTEX_POINT ( 'NONE', #891 ) ;
#1582 = FACE_OUTER_BOUND ( 'NONE', #29, .T. ) ;
#1583 = CARTESIAN_POINT ( 'NONE',  ( -1.325778876427632147, 1.267364817766691187, -0.7750000000000001332 ) ) ;
#1584 = ORIENTED_EDGE ( 'NONE', *, *, #1504, .F. ) ;
#1585 = CARTESIAN_POINT ( 'NONE',  ( 1.127018201032665701, 0.2825688514504701154, 0.7139826809120563000 ) ) ;
#1586 = EDGE_LOOP ( 'NONE', ( #582, #229, #994, #270, #896, #939, #1009, #1933, #598, #281 ) ) ;
#1587 = ORIENTED_EDGE ( 'NONE', *, *, #928, .T. ) ;
#1588 = EDGE_CURVE ( 'NONE', #1581, #1378, #271, .T. ) ;
#1589 = LINE ( 'NONE', #382, #1668 ) ;
#1590 = ADVANCED_FACE ( 'NONE', ( #107 ), #1490, .T. ) ;
#1591 = VERTEX_POINT ( 'NONE', #1203 ) ;
#1592 = CARTESIAN_POINT ( 'NONE',  ( 1.110922293858829013, 0.1000000000000000056, 0.6239496868834695231 ) ) ;
#1593 = CARTESIAN_POINT ( 'NONE',  ( -1.345013456926106743, 0.9783724753589078116, -0.7081161603256612702 ) ) ;
#1594 = ORIENTED_EDGE ( 'NONE', *, *, #1631, .F. ) ;
#1595 = CARTESIAN_POINT ( 'NONE',  ( 1.302411120633081953, 0.9785096936739822171, -0.7601649836140683680 ) ) ;
#1596 = VECTOR ( 'NONE', #307, 1000.000000000000000 ) ;
#1597 = EDGE_CURVE ( 'NONE', #1374, #1134, #102, .T. ) ;
#1598 = VERTEX_POINT ( 'NONE', #458 ) ;
#1599 = VERTEX_POINT ( 'NONE', #1078 ) ;
#1600 = ORIENTED_EDGE ( 'NONE', *, *, #1941, .T. ) ;
#1601 = LINE ( 'NONE', #1247, #1649 ) ;
#1602 = VECTOR ( 'NONE', #536, 1000.000000000000000 ) ;
#1603 = DIRECTION ( 'NONE',  ( -0.000000000000000000, -0.000000000000000000, -1.000000000000000000 ) ) ;
#1604 = VERTEX_POINT ( 'NONE', #1611 ) ;
#1605 = ORIENTED_EDGE ( 'NONE', *, *, #1, .F. ) ;
#1606 = ORIENTED_EDGE ( 'NONE', *, *, #1477, .T. ) ;
#1607 = FACE_OUTER_BOUND ( 'NONE', #451, .T. ) ;
#1608 = VECTOR ( 'NONE', #1824, 1000.000000000000000 ) ;
#1609 = DIRECTION ( 'NONE',  ( -0.1730072088098760508, -0.9811726379862935055, -0.08584148278561845591 ) ) ;
#1610 = VERTEX_POINT ( 'NONE', #1228 ) ;
#1611 = CARTESIAN_POINT ( 'NONE',  ( 1.349993569443090458, 0.9799635304995055751, 0.6761340502765864624 ) ) ;
#1612 = EDGE_LOOP ( 'NONE', ( #1036, #1738, #11, #402 ) ) ;
#1613 = ORIENTED_EDGE ( 'NONE', *, *, #1242, .T. ) ;
#1614 = VECTOR ( 'NONE', #317, 1000.000000000000000 ) ;
#1615 = CARTESIAN_POINT ( 'NONE',  ( 1.209665403055565802, 1.349999999999998979, 0.5749999999999995115 ) ) ;
#1616 = ORIENTED_EDGE ( 'NONE', *, *, #2002, .T. ) ;
#1617 = CARTESIAN_POINT ( 'NONE',  ( -1.350000000000000089, 0.9799999999999999822, 0.2750000000000000222 ) ) ;
#1618 = ORIENTED_EDGE ( 'NONE', *, *, #1562, .T. ) ;
#1619 = CARTESIAN_POINT ( 'NONE',  ( 1.350000000000000089, 0.9044147621422250483, 0.2750000000000000222 ) ) ;
#1620 = FACE_OUTER_BOUND ( 'NONE', #1762, .T. ) ;
#1621 = LINE ( 'NONE', #819, #251 ) ;
#1622 = ORIENTED_EDGE ( 'NONE', *, *, #174, .T. ) ;
#1623 = CYLINDRICAL_SURFACE ( 'NONE', #942, 0.1000000000000000333 ) ;
#1624 = FACE_OUTER_BOUND ( 'NONE', #1807, .T. ) ;
#1625 = CARTESIAN_POINT ( 'NONE',  ( -1.350000000000000089, 0.9799999999999999822, -0.6749999999999999334 ) ) ;
#1626 = ORIENTED_EDGE ( 'NONE', *, *, #705, .F. ) ;
#1627 = ORIENTED_EDGE ( 'NONE', *, *, #967, .F. ) ;
#1628 = ADVANCED_BREP_SHAPE_REPRESENTATION ( 'STPS0560Z', ( #828, #1432, #671, #912 ), #1553 ) ;
#1629 = PRESENTATION_STYLE_ASSIGNMENT (( #1356 ) ) ;
#1630 = VECTOR ( 'NONE', #1656, 1000.000000000000000 ) ;
#1631 = EDGE_CURVE ( 'NONE', #666, #193, #89, .T. ) ;
#1632 = ORIENTED_EDGE ( 'NONE', *, *, #1379, .F. ) ;
#1633 = ORIENTED_EDGE ( 'NONE', *, *, #1850, .F. ) ;
#1634 = DIRECTION ( 'NONE',  ( 0.000000000000000000, -0.000000000000000000, -1.000000000000000000 ) ) ;
#1635 = ORIENTED_EDGE ( 'NONE', *, *, #1775, .T. ) ;
#1636 = EDGE_CURVE ( 'NONE', #1673, #943, #1431, .T. ) ;
#1637 = CARTESIAN_POINT ( 'NONE',  ( -1.489027295185136879, 0.1825688514504697768, 0.2750000000000000222 ) ) ;
#1638 =( BOUNDED_CURVE ( )  B_SPLINE_CURVE ( 3, ( #1053, #838, #1193, #108 ),
 .UNSPECIFIED., .F., .F. ) 
 B_SPLINE_CURVE_WITH_KNOTS ( ( 4, 4 ),
 ( 3.141592653589789119, 3.152933399447739760 ),
 .UNSPECIFIED. ) 
 CURVE ( )  GEOMETRIC_REPRESENTATION_ITEM ( )  RATIONAL_B_SPLINE_CURVE ( ( 1.000000000000000000, 0.9999892823189993063, 0.9999892823189993063, 1.000000000000000000 ) ) 
 REPRESENTATION_ITEM ( '' )  );
#1639 = FACE_OUTER_BOUND ( 'NONE', #744, .T. ) ;
#1640 = ORIENTED_EDGE ( 'NONE', *, *, #1702, .F. ) ;
#1641 = COLOUR_RGB ( '',0.2509803921568627416, 0.2509803921568627416, 0.2509803921568627416 ) ;
#1642 = AXIS2_PLACEMENT_3D ( 'NONE', #1196, #1185, #1992 ) ;
#1643 = FILL_AREA_STYLE ('',( #469 ) ) ;
#1644 = CYLINDRICAL_SURFACE ( 'NONE', #513, 0.1000000000000000194 ) ;
#1645 = CARTESIAN_POINT ( 'NONE',  ( 1.875000000000000000, 4.752567295878568371E-17, 0.2750000000000000222 ) ) ;
#1646 = AXIS2_PLACEMENT_3D ( 'NONE', #125, #239, #761 ) ;
#1647 = ORIENTED_EDGE ( 'NONE', *, *, #540, .T. ) ;
#1648 = ORIENTED_EDGE ( 'NONE', *, *, #237, .T. ) ;
#1649 = VECTOR ( 'NONE', #509, 1000.000000000000000 ) ;
#1650 = LINE ( 'NONE', #1267, #1596 ) ;
#1651 = CARTESIAN_POINT ( 'NONE',  ( -1.316174118281446370, 1.321836108022981460, -0.6749999869940777053 ) ) ;
#1652 = CARTESIAN_POINT ( 'NONE',  ( 1.350000000000000089, 0.9799999999999999822, 0.2750000000000000222 ) ) ;
#1653 = EDGE_LOOP ( 'NONE', ( #927, #1660, #1618, #1606 ) ) ;
#1654 = ORIENTED_EDGE ( 'NONE', *, *, #21, .T. ) ;
#1655 = SURFACE_STYLE_FILL_AREA ( #1499 ) ;
#1656 = DIRECTION ( 'NONE',  ( 1.000000000000000000, -0.000000000000000000, -0.000000000000000000 ) ) ;
#1657 = ORIENTED_EDGE ( 'NONE', *, *, #1850, .T. ) ;
#1658 = DIRECTION ( 'NONE',  ( 0.9961946980917462113, 0.08715574274765119922, 0.000000000000000000 ) ) ;
#1659 = CARTESIAN_POINT ( 'NONE',  ( 1.308146180757858268, 1.367364804149537649, -0.6294712897814584984 ) ) ;
#1660 = ORIENTED_EDGE ( 'NONE', *, *, #993, .T. ) ;
#1661 = CARTESIAN_POINT ( 'NONE',  ( 1.404053124708265932, 0.2475724482340839472, -0.7750000000000000222 ) ) ;
#1662 = ORIENTED_EDGE ( 'NONE', *, *, #668, .T. ) ;
#1663 = CARTESIAN_POINT ( 'NONE',  ( -1.350000000000000089, 0.9044147621422250483, -0.2750000000000000222 ) ) ;
#1664 = VECTOR ( 'NONE', #1874, 1000.000000000000000 ) ;
#1665 = DIRECTION ( 'NONE',  ( 1.000000000000000000, 0.000000000000000000, 0.000000000000000000 ) ) ;
#1666 = VERTEX_POINT ( 'NONE', #864 ) ;
#1667 = VERTEX_POINT ( 'NONE', #1966 ) ;
#1668 = VECTOR ( 'NONE', #1777, 1000.000000000000000 ) ;
#1669 = EDGE_CURVE ( 'NONE', #1610, #22, #784, .T. ) ;
#1670 = CARTESIAN_POINT ( 'NONE',  ( 1.308578643762691618, 1.126376100901361088, 0.7749999999999995781 ) ) ;
#1671 = CARTESIAN_POINT ( 'NONE',  ( -1.283020220396069222, 0.9791806423879816368, -0.7693910220571585912 ) ) ;
#1672 = ORIENTED_EDGE ( 'NONE', *, *, #1588, .F. ) ;
#1673 = VERTEX_POINT ( 'NONE', #1034 ) ;
#1674 = CYLINDRICAL_SURFACE ( 'NONE', #1766, 0.1000000000000000194 ) ;
#1675 = ORIENTED_EDGE ( 'NONE', *, *, #753, .F. ) ;
#1676 = CARTESIAN_POINT ( 'NONE',  ( -1.350000000000000089, 0.9044147621422250483, -0.2750000000000000222 ) ) ;
#1677 = ORIENTED_EDGE ( 'NONE', *, *, #1488, .F. ) ;
#1678 = CARTESIAN_POINT ( 'NONE',  ( -1.638456499898898855, 0.1956422128626174872, 0.2750000000000000222 ) ) ;
#1679 = LINE ( 'NONE', #633, #268 ) ;
#1680 = AXIS2_PLACEMENT_3D ( 'NONE', #1676, #1083, #590 ) ;
#1681 = EDGE_LOOP ( 'NONE', ( #208, #870, #913, #984, #79, #233, #170, #242 ) ) ;
#1682 = CARTESIAN_POINT ( 'NONE',  ( -1.688266234803486254, 0.2000000000000000389, 0.2750000000000000222 ) ) ;
#1683 = FACE_OUTER_BOUND ( 'NONE', #1142, .T. ) ;
#1684 = CARTESIAN_POINT ( 'NONE',  ( 1.216969105737740087, 1.367157287525379905, -0.7750000000000002442 ) ) ;
#1685 = AXIS2_PLACEMENT_3D ( 'NONE', #1219, #414, #1463 ) ;
#1686 = ORIENTED_EDGE ( 'NONE', *, *, #73, .F. ) ;
#1687 = ORIENTED_EDGE ( 'NONE', *, *, #90, .T. ) ;
#1688 = CARTESIAN_POINT ( 'NONE',  ( 1.875000000000000000, 4.752567295878568371E-17, -0.2750000000000000222 ) ) ;
#1689 = VERTEX_POINT ( 'NONE', #1357 ) ;
#1690 = CARTESIAN_POINT ( 'NONE',  ( -1.293575368704150907, 1.449999985646631462, 0.6735457010633383312 ) ) ;
#1691 = ORIENTED_EDGE ( 'NONE', *, *, #1907, .F. ) ;
#1692 = CARTESIAN_POINT ( 'NONE',  ( -1.250000000000000000, 1.121251133647407583, 0.7750000000000000222 ) ) ;
#1693 = AXIS2_PLACEMENT_3D ( 'NONE', #1902, #1812, #109 ) ;
#1694 = VERTEX_POINT ( 'NONE', #1482 ) ;
#1695 = ORIENTED_EDGE ( 'NONE', *, *, #823, .F. ) ;
#1696 = DIRECTION ( 'NONE',  ( -0.000000000000000000, -0.000000000000000000, 1.000000000000000000 ) ) ;
#1697 = EDGE_LOOP ( 'NONE', ( #41, #728, #1031, #1067, #1016 ) ) ;
#1698 = EDGE_CURVE ( 'NONE', #427, #666, #787, .T. ) ;
#1699 = DIRECTION ( 'NONE',  ( 1.000000000000000000, 0.000000000000000000, 0.000000000000000000 ) ) ;
#1700 = CARTESIAN_POINT ( 'NONE',  ( 1.350000000000000533, 0.9799999999999990941, -0.7750000000000000222 ) ) ;
#1701 = ORIENTED_EDGE ( 'NONE', *, *, #131, .T. ) ;
#1702 = EDGE_CURVE ( 'NONE', #351, #1347, #1450, .T. ) ;
#1703 = ADVANCED_FACE ( 'NONE', ( #773 ), #45, .F. ) ;
#1704 = PRESENTATION_LAYER_ASSIGNMENT (  '', '', ( #682 ) ) ;
#1705 = CARTESIAN_POINT ( 'NONE',  ( 1.209665403055565358, 1.449999999999999067, 0.5749999999999995115 ) ) ;
#1706 = EDGE_LOOP ( 'NONE', ( #1130, #1111, #467, #1792 ) ) ;
#1707 = PRESENTATION_LAYER_ASSIGNMENT (  '', '', ( #977 ) ) ;
#1708 = EDGE_LOOP ( 'NONE', ( #295, #1043, #343, #326 ) ) ;
#1709 = DIRECTION ( 'NONE',  ( 0.000000000000000000, -0.000000000000000000, -1.000000000000000000 ) ) ;
#1710 = LINE ( 'NONE', #840, #373 ) ;
#1711 = VERTEX_POINT ( 'NONE', #1314 ) ;
#1712 = CARTESIAN_POINT ( 'NONE',  ( 1.249999999999998002, 0.9799999999999986500, -0.7750000000000002442 ) ) ;
#1713 = VECTOR ( 'NONE', #186, 999.9999999999998863 ) ;
#1714 =( BOUNDED_CURVE ( )  B_SPLINE_CURVE ( 3, ( #1160, #820, #855, #197 ),
 .UNSPECIFIED., .F., .F. ) 
 B_SPLINE_CURVE_WITH_KNOTS ( ( 4, 4 ),
 ( 3.141592653589793116, 4.712388980384689674 ),
 .UNSPECIFIED. ) 
 CURVE ( )  GEOMETRIC_REPRESENTATION_ITEM ( )  RATIONAL_B_SPLINE_CURVE ( ( 1.000000000000000000, 0.8047378541243649375, 0.8047378541243649375, 1.000000000000000000 ) ) 
 REPRESENTATION_ITEM ( '' )  );
#1715 = CARTESIAN_POINT ( 'NONE',  ( -1.325778876427631925, 1.267364817766690965, -0.6750000000000000444 ) ) ;
#1716 = DIRECTION ( 'NONE',  ( -0.9848077530122092416, 0.1736481776669239196, 0.000000000000000000 ) ) ;
#1717 = EDGE_LOOP ( 'NONE', ( #1303, #334, #429, #974 ) ) ;
#1718 = VECTOR ( 'NONE', #1893, 1000.000000000000000 ) ;
#1719 = DIRECTION ( 'NONE',  ( 1.000000000000000000, -0.000000000000000000, -0.000000000000000000 ) ) ;
#1720 = ORIENTED_EDGE ( 'NONE', *, *, #884, .T. ) ;
#1721 = CARTESIAN_POINT ( 'NONE',  ( 1.327552172087730575, 0.9779759041929980690, 0.7381320885483364513 ) ) ;
#1722 = CARTESIAN_POINT ( 'NONE',  ( 1.328448877374169834, 0.8577775100597699875, 0.6654441586467636505 ) ) ;
#1723 = ADVANCED_FACE ( 'NONE', ( #1439 ), #147, .F. ) ;
#1724 = EDGE_CURVE ( 'NONE', #406, #951, #246, .T. ) ;
#1725 = VECTOR ( 'NONE', #173, 1000.000000000000227 ) ;
#1726 = EDGE_CURVE ( 'NONE', #1312, #9, #971, .T. ) ;
#1727 = ORIENTED_EDGE ( 'NONE', *, *, #1223, .F. ) ;
#1728 = SURFACE_STYLE_FILL_AREA ( #479 ) ;
#1729 = CARTESIAN_POINT ( 'NONE',  ( -1.252989101077238487, 0.9969853266741696141, -0.7764860235302746272 ) ) ;
#1730 = LINE ( 'NONE', #780, #1758 ) ;
#1731 = DIRECTION ( 'NONE',  ( -1.000000000000000000, 0.000000000000000000, 0.000000000000000000 ) ) ;
#1732 = ORIENTED_EDGE ( 'NONE', *, *, #1477, .F. ) ;
#1733 = MECHANICAL_DESIGN_GEOMETRIC_PRESENTATION_REPRESENTATION (  '', ( #682 ), #408 ) ;
#1734 = VECTOR ( 'NONE', #875, 1000.000000000000227 ) ;
#1735 = CARTESIAN_POINT ( 'NONE',  ( -1.110922293858828569, 0.2000000000000002054, -0.7750000000000000222 ) ) ;
#1736 = CARTESIAN_POINT ( 'NONE',  ( -1.350000000000001421, 1.129999999999987237, 0.7335786437626902190 ) ) ;
#1737 = CLOSED_SHELL ( 'NONE', ( #70, #1469, #159, #490, #323, #1333, #377, #34, #1458, #837, #797, #1723 ) ) ;
#1738 = ORIENTED_EDGE ( 'NONE', *, *, #315, .F. ) ;
#1739 = ADVANCED_FACE ( 'NONE', ( #986 ), #1674, .T. ) ;
#1740 = CARTESIAN_POINT ( 'NONE',  ( -1.312326915347117540, 0.9782246501133322614, 0.7532007392760020625 ) ) ;
#1741 = VERTEX_POINT ( 'NONE', #930 ) ;
#1742 = ORIENTED_EDGE ( 'NONE', *, *, #1133, .T. ) ;
#1743 = EDGE_LOOP ( 'NONE', ( #1971, #381, #580, #1086 ) ) ;
#1744 = DIRECTION ( 'NONE',  ( 0.000000000000000000, 0.000000000000000000, 1.000000000000000000 ) ) ;
#1745 = CARTESIAN_POINT ( 'NONE',  ( 1.875000000000000000, 4.752567295878568371E-17, 0.2750000000000000222 ) ) ;
#1746 = EDGE_LOOP ( 'NONE', ( #981, #1559, #1584, #1552 ) ) ;
#1747 = FACE_OUTER_BOUND ( 'NONE', #1708, .T. ) ;
#1748 = DIRECTION ( 'NONE',  ( 1.606225440719266367E-16, 1.000000000000000000, 0.000000000000000000 ) ) ;
#1749 = EDGE_CURVE ( 'NONE', #602, #1535, #310, .T. ) ;
#1750 = CARTESIAN_POINT ( 'NONE',  ( 1.117426861062546406, 0.1737784674538522534, -0.7044647556117207277 ) ) ;
#1751 = CARTESIAN_POINT ( 'NONE',  ( 1.350000000000000089, 1.129999999999999893, -0.2750000000000000222 ) ) ;
#1752 =( BOUNDED_CURVE ( )  B_SPLINE_CURVE ( 3, ( #1920, #1793, #196, #397 ),
 .UNSPECIFIED., .F., .F. ) 
 B_SPLINE_CURVE_WITH_KNOTS ( ( 4, 4 ),
 ( 3.141592653589793116, 4.625122517784978626 ),
 .UNSPECIFIED. ) 
 CURVE ( )  GEOMETRIC_REPRESENTATION_ITEM ( )  RATIONAL_B_SPLINE_CURVE ( ( 1.000000000000000000, 0.8248515578734147979, 0.8248515578734147979, 1.000000000000000000 ) ) 
 REPRESENTATION_ITEM ( '' )  );
#1753 = LINE ( 'NONE', #267, #412 ) ;
#1754 = ORIENTED_EDGE ( 'NONE', *, *, #484, .F. ) ;
#1755 = EDGE_CURVE ( 'NONE', #1059, #1784, #1621, .T. ) ;
#1756 = CARTESIAN_POINT ( 'NONE',  ( 1.225498976333885937, 0.2739196079585424770, 0.6143632111028813902 ) ) ;
#1757 = CARTESIAN_POINT ( 'NONE',  ( -1.225498976333885714, 0.2739196079585425325, 0.6143632111028813902 ) ) ;
#1758 = VECTOR ( 'NONE', #1491, 1000.000000000000000 ) ;
#1759 = ORIENTED_EDGE ( 'NONE', *, *, #1969, .F. ) ;
#1760 = ADVANCED_FACE ( 'NONE', ( #289 ), #340, .T. ) ;
#1761 = AXIS2_PLACEMENT_3D ( 'NONE', #914, #575, #1938 ) ;
#1762 = EDGE_LOOP ( 'NONE', ( #1635, #935, #979, #873 ) ) ;
#1763 = CARTESIAN_POINT ( 'NONE',  ( 1.350000000000000089, 1.449999999999999956, 0.7750000000000000222 ) ) ;
#1764 = CARTESIAN_POINT ( 'NONE',  ( 1.127018201032664146, 0.2825688514504697268, 0.7139826809120563000 ) ) ;
#1765 = ORIENTED_EDGE ( 'NONE', *, *, #699, .T. ) ;
#1766 = AXIS2_PLACEMENT_3D ( 'NONE', #327, #1283, #804 ) ;
#1767 = VERTEX_POINT ( 'NONE', #1864 ) ;
#1768 = CARTESIAN_POINT ( 'NONE',  ( 1.350000000000000533, 0.9799999999999990941, -0.7750000000000000222 ) ) ;
#1769 = ORIENTED_EDGE ( 'NONE', *, *, #906, .F. ) ;
#1770 = CARTESIAN_POINT ( 'NONE',  ( 1.350000000000000977, 1.129999999999999005, 0.6749999999999994893 ) ) ;
#1771 = VERTEX_POINT ( 'NONE', #1125 ) ;
#1772 = VERTEX_POINT ( 'NONE', #1159 ) ;
#1773 = CARTESIAN_POINT ( 'NONE',  ( 1.209403071415853015, 0.1826351950266031920, 0.5659194861052747605 ) ) ;
#1774 = ORIENTED_EDGE ( 'NONE', *, *, #73, .T. ) ;
#1775 = EDGE_CURVE ( 'NONE', #1535, #1117, #328, .T. ) ;
#1776 = ORIENTED_EDGE ( 'NONE', *, *, #1969, .T. ) ;
#1777 = DIRECTION ( 'NONE',  ( 1.000000000000000000, -0.000000000000000000, -0.000000000000000000 ) ) ;
#1778 = CARTESIAN_POINT ( 'NONE',  ( -1.293553062618961302, 0.9788056421073699775, -0.7657063837937196915 ) ) ;
#1779 = VERTEX_POINT ( 'NONE', #810 ) ;
#1780 = ADVANCED_FACE ( 'NONE', ( #1624 ), #511, .T. ) ;
#1781 = VERTEX_POINT ( 'NONE', #19 ) ;
#1782 = EDGE_CURVE ( 'NONE', #1598, #1103, #257, .T. ) ;
#1783 = DIRECTION ( 'NONE',  ( 1.000000000000000000, -0.000000000000000000, -0.000000000000000000 ) ) ;
#1784 = VERTEX_POINT ( 'NONE', #665 ) ;
#1785 = DIRECTION ( 'NONE',  ( 0.000000000000000000, 0.000000000000000000, -1.000000000000000000 ) ) ;
#1786 = EDGE_LOOP ( 'NONE', ( #938, #1633, #570, #1967 ) ) ;
#1787 = ORIENTED_EDGE ( 'NONE', *, *, #1466, .F. ) ;
#1788 = CARTESIAN_POINT ( 'NONE',  ( -1.303597465928503230, 0.9784442180478793993, 0.7601582138469346051 ) ) ;
#1789 = LINE ( 'NONE', #1299, #1713 ) ;
#1790 = AXIS2_PLACEMENT_3D ( 'NONE', #1735, #978, #1885 ) ;
#1791 = VERTEX_POINT ( 'NONE', #499 ) ;
#1792 = ORIENTED_EDGE ( 'NONE', *, *, #1201, .F. ) ;
#1793 = CARTESIAN_POINT ( 'NONE',  ( 1.209403069160050137, 0.1826351822333074637, -0.5693467140885883904 ) ) ;
#1794 = CARTESIAN_POINT ( 'NONE',  ( -1.308578643762689619, 1.126376100901375077, -0.7750000000000000222 ) ) ;
#1795 = CARTESIAN_POINT ( 'NONE',  ( 1.340243195177672542, 0.9780790883759499232, -0.7195021896963889052 ) ) ;
#1796 = EDGE_LOOP ( 'NONE', ( #858, #286, #1400, #87 ) ) ;
#1797 = ORIENTED_EDGE ( 'NONE', *, *, #1218, .F. ) ;
#1798 = DIRECTION ( 'NONE',  ( -1.000000000000000000, 0.000000000000000000, 0.000000000000000000 ) ) ;
#1799 = CARTESIAN_POINT ( 'NONE',  ( 1.688266234803486254, 0.1500000000000000222, -0.2750000000000000222 ) ) ;
#1800 = VECTOR ( 'NONE', #12, 1000.000000000000000 ) ;
#1801 = ORIENTED_EDGE ( 'NONE', *, *, #1466, .T. ) ;
#1802 = VERTEX_POINT ( 'NONE', #1715 ) ;
#1803 = CARTESIAN_POINT ( 'NONE',  ( 1.250000000000000000, 1.121251133647412468, 0.7750000000000000222 ) ) ;
#1804 = VECTOR ( 'NONE', #1719, 1000.000000000000000 ) ;
#1805 = DIRECTION ( 'NONE',  ( -0.000000000000000000, -0.000000000000000000, -1.000000000000000000 ) ) ;
#1806 = ORIENTED_EDGE ( 'NONE', *, *, #1242, .F. ) ;
#1807 = EDGE_LOOP ( 'NONE', ( #892, #1320, #975, #1976, #292, #636, #989, #1654, #647, #1025 ) ) ;
#1808 = AXIS2_PLACEMENT_3D ( 'NONE', #1991, #867, #1040 ) ;
#1809 = CIRCLE ( 'NONE', #1511, 0.1000000000000000194 ) ;
#1810 = ORIENTED_EDGE ( 'NONE', *, *, #1492, .F. ) ;
#1811 = CARTESIAN_POINT ( 'NONE',  ( -1.110922293858828569, 0.1000000000000000472, 0.7750000000000000222 ) ) ;
#1812 = DIRECTION ( 'NONE',  ( 0.000000000000000000, -0.000000000000000000, 1.000000000000000000 ) ) ;
#1813 = CARTESIAN_POINT ( 'NONE',  ( -1.350000000000000089, 1.129999999999999893, -0.6749999999999999334 ) ) ;
#1814 = DIRECTION ( 'NONE',  ( -0.000000000000000000, -0.000000000000000000, -1.000000000000000000 ) ) ;
#1815 = EDGE_LOOP ( 'NONE', ( #367, #1089, #1616, #605 ) ) ;
#1816 = CYLINDRICAL_SURFACE ( 'NONE', #1808, 0.1000000000000000472 ) ;
#1817 = CARTESIAN_POINT ( 'NONE',  ( -1.227298101126411023, 1.249999999999998446, -0.7750000000000000222 ) ) ;
#1818 = FACE_OUTER_BOUND ( 'NONE', #1369, .T. ) ;
#1819 = EDGE_CURVE ( 'NONE', #690, #456, #1650, .T. ) ;
#1820 = AXIS2_PLACEMENT_3D ( 'NONE', #1534, #1075, #1417 ) ;
#1821 =( NAMED_UNIT ( * ) SI_UNIT ( $, .STERADIAN. ) SOLID_ANGLE_UNIT ( ) );
#1822 = VECTOR ( 'NONE', #416, 999.9999999999998863 ) ;
#1823 = CARTESIAN_POINT ( 'NONE',  ( -1.350000000000000089, 0.9044147621422250483, 0.2750000000000000222 ) ) ;
#1824 = DIRECTION ( 'NONE',  ( -1.000000000000000000, 1.451534717548964133E-16, -0.000000000000000000 ) ) ;
#1825 = DIRECTION ( 'NONE',  ( -0.000000000000000000, -0.000000000000000000, -1.000000000000000000 ) ) ;
#1826 = CARTESIAN_POINT ( 'NONE',  ( 1.209665405456626264, 1.449999999999999067, -0.6839425603345202775 ) ) ;
#1827 = VECTOR ( 'NONE', #1972, 1000.000000000000000 ) ;
#1828 = DIRECTION ( 'NONE',  ( -0.000000000000000000, -0.000000000000000000, -1.000000000000000000 ) ) ;
#1829 = DIRECTION ( 'NONE',  ( 0.000000000000000000, 0.000000000000000000, -1.000000000000000000 ) ) ;
#1830 = FACE_OUTER_BOUND ( 'NONE', #240, .T. ) ;
#1831 = CARTESIAN_POINT ( 'NONE',  ( 1.229968102072948932, 0.8751423278264625072, 0.6654441586467636505 ) ) ;
#1832 = EDGE_CURVE ( 'NONE', #1288, #202, #966, .T. ) ;
#1833 = LINE ( 'NONE', #1464, #1166 ) ;
#1834 = CARTESIAN_POINT ( 'NONE',  ( 1.110922293858829679, 0.09999999999999979738, -0.5147437412937068135 ) ) ;
#1835 = CARTESIAN_POINT ( 'NONE',  ( -1.328840762314985158, 1.249999999999999556, 0.6749999999999999334 ) ) ;
#1836 = EDGE_CURVE ( 'NONE', #456, #445, #949, .T. ) ;
#1837 = DIRECTION ( 'NONE',  ( 0.1736481776669232813, -0.9848077530122093526, 0.000000000000000000 ) ) ;
#1838 = LINE ( 'NONE', #696, #473 ) ;
#1839 = CARTESIAN_POINT ( 'NONE',  ( 1.875000000000000000, 0.1500000000000000500, 0.2750000000000000222 ) ) ;
#1840 = CARTESIAN_POINT ( 'NONE',  ( 1.225498976333885937, 0.2739196079585424770, 0.6143632111028813902 ) ) ;
#1841 = CYLINDRICAL_SURFACE ( 'NONE', #520, 0.2000000000000000944 ) ;
#1842 = AXIS2_PLACEMENT_3D ( 'NONE', #701, #1603, #1027 ) ;
#1843 = DIRECTION ( 'NONE',  ( -1.606225440719266367E-16, -1.000000000000000000, -0.000000000000000000 ) ) ;
#1844 = LINE ( 'NONE', #110, #1827 ) ;
#1845 = CARTESIAN_POINT ( 'NONE',  ( -1.127018201032664813, 0.2825688514504697268, 0.7139826809120563000 ) ) ;
#1846 = DIRECTION ( 'NONE',  ( -1.000000000000000000, 0.000000000000000000, 0.000000000000000000 ) ) ;
#1847 = DIRECTION ( 'NONE',  ( -0.1730072088098758010, 0.9811726379862936165, 0.08584148278561934409 ) ) ;
#1848 = CARTESIAN_POINT ( 'NONE',  ( 1.350000000000000977, 1.129999999999999005, -0.7750000000000000222 ) ) ;
#1849 = VECTOR ( 'NONE', #1113, 1000.000000000000000 ) ;
#1850 = EDGE_CURVE ( 'NONE', #1288, #22, #1015, .T. ) ;
#1851 = PLANE ( 'NONE',  #288 ) ;
#1852 = CARTESIAN_POINT ( 'NONE',  ( -1.349997856458056367, 0.9799878433695452529, 0.6757560476980944975 ) ) ;
#1853 = FACE_OUTER_BOUND ( 'NONE', #1084, .T. ) ;
#1854 = EDGE_CURVE ( 'NONE', #1082, #968, #1679, .T. ) ;
#1855 =( BOUNDED_CURVE ( )  B_SPLINE_CURVE ( 3, ( #982, #546, #948, #1452 ),
 .UNSPECIFIED., .F., .F. ) 
 B_SPLINE_CURVE_WITH_KNOTS ( ( 4, 4 ),
 ( 4.712388980384689674, 6.283185307179586232 ),
 .UNSPECIFIED. ) 
 CURVE ( )  GEOMETRIC_REPRESENTATION_ITEM ( )  RATIONAL_B_SPLINE_CURVE ( ( 1.000000000000000000, 0.8047378541243649375, 0.8047378541243649375, 1.000000000000000000 ) ) 
 REPRESENTATION_ITEM ( '' )  );
#1856 = CARTESIAN_POINT ( 'NONE',  ( -1.209665405456625153, 1.449999999999999067, 0.6839425603345197224 ) ) ;
#1857 = CARTESIAN_POINT ( 'NONE',  ( 1.340243195177672542, 0.9780790883759510335, 0.7195021896963884611 ) ) ;
#1858 = CYLINDRICAL_SURFACE ( 'NONE', #1693, 0.1000000000000000472 ) ;
#1859 = CARTESIAN_POINT ( 'NONE',  ( 1.574726817921680899, 0.9240758111006250886, 0.2750000000000000222 ) ) ;
#1860 = ADVANCED_FACE ( 'NONE', ( #297 ), #1644, .T. ) ;
#1861 = VECTOR ( 'NONE', #201, 1000.000000000000000 ) ;
#1862 = CARTESIAN_POINT ( 'NONE',  ( 1.325778876427632369, 1.267364817766691187, 0.6749999999999996003 ) ) ;
#1863 = FACE_OUTER_BOUND ( 'NONE', #929, .T. ) ;
#1864 = CARTESIAN_POINT ( 'NONE',  ( -1.425297613207918923, 0.9110024496884773226, -0.2750000000000000222 ) ) ;
#1865 = CARTESIAN_POINT ( 'NONE',  ( 1.350000000000000533, 0.9799999999999990941, -0.6749999999999999334 ) ) ;
#1866 = FACE_OUTER_BOUND ( 'NONE', #721, .T. ) ;
#1867 = AXIS2_PLACEMENT_3D ( 'NONE', #1022, #1297, #1456 ) ;
#1868 = DIRECTION ( 'NONE',  ( 0.000000000000000000, 0.000000000000000000, 1.000000000000000000 ) ) ;
#1869 = ADVANCED_FACE ( 'NONE', ( #322 ), #313, .T. ) ;
#1870 = PLANE ( 'NONE',  #225 ) ;
#1871 = LINE ( 'NONE', #1768, #1861 ) ;
#1872 = EDGE_CURVE ( 'NONE', #996, #1767, #303, .T. ) ;
#1873 = CARTESIAN_POINT ( 'NONE',  ( -1.350054999999999783, 0.9799999999999986500, -0.7750000000000002442 ) ) ;
#1874 = DIRECTION ( 'NONE',  ( 1.000000000000000000, -0.000000000000000000, -0.000000000000000000 ) ) ;
#1875 = CARTESIAN_POINT ( 'NONE',  ( -1.638456499898898855, 0.1956422128626174872, 0.2750000000000000222 ) ) ;
#1876 = CARTESIAN_POINT ( 'NONE',  ( 1.350000000000000089, 0.9044147621422250483, 0.2750000000000000222 ) ) ;
#1877 = CARTESIAN_POINT ( 'NONE',  ( 1.320516423278349283, 0.9780077065608849818, 0.7467748820148225608 ) ) ;
#1878 = STYLED_ITEM ( 'NONE', ( #1629 ), #828 ) ;
#1879 = CARTESIAN_POINT ( 'NONE',  ( 1.110922293858829679, 0.09999999999999997780, 0.5147437412937070356 ) ) ;
#1880 = UNCERTAINTY_MEASURE_WITH_UNIT (LENGTH_MEASURE( 1.000000000000000082E-05 ), #669, 'distance_accuracy_value', 'NONE');
#1881 = ADVANCED_FACE ( 'NONE', ( #1683 ), #141, .T. ) ;
#1882 = LINE ( 'NONE', #350, #564 ) ;
#1883 = DIRECTION ( 'NONE',  ( -0.000000000000000000, -0.000000000000000000, -1.000000000000000000 ) ) ;
#1884 = FACE_OUTER_BOUND ( 'NONE', #1335, .T. ) ;
#1885 = DIRECTION ( 'NONE',  ( 1.000000000000000000, 0.000000000000000000, 0.000000000000000000 ) ) ;
#1886 = EDGE_CURVE ( 'NONE', #690, #733, #262, .T. ) ;
#1887 = CYLINDRICAL_SURFACE ( 'NONE', #324, 0.2000000000000000944 ) ;
#1888 = DIRECTION ( 'NONE',  ( 1.000000000000000000, 0.000000000000000000, 0.000000000000000000 ) ) ;
#1889 = CARTESIAN_POINT ( 'NONE',  ( -1.209403069160049693, 0.1826351822333076580, 0.5693467140885882793 ) ) ;
#1890 = VECTOR ( 'NONE', #1304, 1000.000000000000000 ) ;
#1891 = EDGE_CURVE ( 'NONE', #1117, #1550, #976, .T. ) ;
#1892 = FACE_OUTER_BOUND ( 'NONE', #704, .T. ) ;
#1893 = DIRECTION ( 'NONE',  ( 0.000000000000000000, -1.000000000000000000, -0.000000000000000000 ) ) ;
#1894 = ADVANCED_FACE ( 'NONE', ( #1582 ), #1359, .F. ) ;
#1895 = AXIS2_PLACEMENT_3D ( 'NONE', #863, #1370, #553 ) ;
#1896 = DIRECTION ( 'NONE',  ( 0.000000000000000000, -1.000000000000000000, 0.000000000000000000 ) ) ;
#1897 = VECTOR ( 'NONE', #774, 1000.000000000000000 ) ;
#1898 = CARTESIAN_POINT ( 'NONE',  ( -1.404053124708265488, 0.2475724482340838917, -0.6749999999999999334 ) ) ;
#1899 = CARTESIAN_POINT ( 'NONE',  ( -1.349993569443090680, 0.9799635304995087948, 0.6761340502765864624 ) ) ;
#1900 =( BOUNDED_CURVE ( )  B_SPLINE_CURVE ( 3, ( #1817, #1234, #594, #1074 ),
 .UNSPECIFIED., .F., .F. ) 
 B_SPLINE_CURVE_WITH_KNOTS ( ( 4, 4 ),
 ( 4.712388980384687898, 6.283185307179586232 ),
 .UNSPECIFIED. ) 
 CURVE ( )  GEOMETRIC_REPRESENTATION_ITEM ( )  RATIONAL_B_SPLINE_CURVE ( ( 1.000000000000000000, 0.8047378541243646044, 0.8047378541243646044, 1.000000000000000000 ) ) 
 REPRESENTATION_ITEM ( '' )  );
#1901 = CARTESIAN_POINT ( 'NONE',  ( -1.209403069160049693, 0.1826351822333079911, -0.7750000000000000222 ) ) ;
#1902 = CARTESIAN_POINT ( 'NONE',  ( 1.110922293858828791, 0.2000000000000000389, 0.7750000000000000222 ) ) ;
#1903 = CARTESIAN_POINT ( 'NONE',  ( -1.249999999999999778, -2.007781800899082650E-16, -0.7750000000000000222 ) ) ;
#1904 = CIRCLE ( 'NONE', #1761, 0.1000000000000000472 ) ;
#1905 = ORIENTED_EDGE ( 'NONE', *, *, #809, .F. ) ;
#1906 = CIRCLE ( 'NONE', #180, 0.2000000000000000944 ) ;
#1907 = EDGE_CURVE ( 'NONE', #202, #1994, #272, .T. ) ;
#1908 = PLANE ( 'NONE',  #1309 ) ;
#1909 = APPLICATION_PROTOCOL_DEFINITION ( 'draft international standard', 'automotive_design', 1998, #921 ) ;
#1910 = ADVANCED_FACE ( 'NONE', ( #1639 ), #934, .T. ) ;
#1911 = ORIENTED_EDGE ( 'NONE', *, *, #1223, .T. ) ;
#1912 = EDGE_CURVE ( 'NONE', #1134, #1604, #1638, .T. ) ;
#1913 = CARTESIAN_POINT ( 'NONE',  ( -1.875000000000000000, 4.752567295878568371E-17, -0.2750000000000000222 ) ) ;
#1914 = CARTESIAN_POINT ( 'NONE',  ( 1.207397189073500021, 0.1712592709661694135, 0.6958988679840055758 ) ) ;
#1915 = ORIENTED_EDGE ( 'NONE', *, *, #998, .T. ) ;
#1916 = VECTOR ( 'NONE', #833, 1000.000000000000227 ) ;
#1917 = B_SPLINE_CURVE_WITH_KNOTS ( 'NONE', 3,
 ( #111, #88, #539, #224, #715, #841, #1595, #748, #1041, #1172, #1473, #1795, #210, #400, #549, #1274 ),
 .UNSPECIFIED., .F., .F.,
 ( 4, 3, 3, 3, 3, 4 ),
 ( 0.000000000000000000, 2.149485773090468497E-05, 5.527143722852159003E-05, 8.898505067403311469E-05, 0.0001227255754436599143, 0.0001564638053647927278 ),
 .UNSPECIFIED. ) ;
#1918 = ORIENTED_EDGE ( 'NONE', *, *, #480, .T. ) ;
#1919 = CIRCLE ( 'NONE', #227, 0.07558523785777490622 ) ;
#1920 = CARTESIAN_POINT ( 'NONE',  ( 1.209403069160049915, 0.1826351822333076580, -0.5147437412937070356 ) ) ;
#1921 = CARTESIAN_POINT ( 'NONE',  ( -1.875000000000000000, 0.1500000000000000500, -0.2750000000000000222 ) ) ;
#1922 = CARTESIAN_POINT ( 'NONE',  ( -1.321077582417139462, 0.9780045485006934047, -0.7462263539856136552 ) ) ;
#1923 = CARTESIAN_POINT ( 'NONE',  ( -1.350000000000000089, 1.129999999999999893, 0.2750000000000000222 ) ) ;
#1924 = AXIS2_PLACEMENT_3D ( 'NONE', #1996, #925, #1829 ) ;
#1925 = EDGE_LOOP ( 'NONE', ( #1905, #1028, #260, #221, #211 ) ) ;
#1926 = CARTESIAN_POINT ( 'NONE',  ( 1.216969105737740087, 1.367157287525379905, 0.7749999999999996891 ) ) ;
#1927 = DIRECTION ( 'NONE',  ( -0.000000000000000000, 0.000000000000000000, 1.000000000000000000 ) ) ;
#1928 = ORIENTED_EDGE ( 'NONE', *, *, #1636, .T. ) ;
#1929 = LINE ( 'NONE', #1542, #1260 ) ;
#1930 = CARTESIAN_POINT ( 'NONE',  ( -1.349993569443090458, 0.9799635304995085727, -0.6761340502765872396 ) ) ;
#1931 = ADVANCED_FACE ( 'NONE', ( #320 ), #222, .F. ) ;
#1932 = DIRECTION ( 'NONE',  ( -0.000000000000000000, 0.000000000000000000, 1.000000000000000000 ) ) ;
#1933 = ORIENTED_EDGE ( 'NONE', *, *, #1872, .F. ) ;
#1934 = AXIS2_PLACEMENT_3D ( 'NONE', #932, #164, #86 ) ;
#1935 = LINE ( 'NONE', #871, #577 ) ;
#1936 = DIRECTION ( 'NONE',  ( -0.9961946980917462113, 0.08715574274765119922, 0.000000000000000000 ) ) ;
#1937 = CARTESIAN_POINT ( 'NONE',  ( 1.110922293858828569, 0.09999999999999999167, 0.5147437412937070356 ) ) ;
#1938 = DIRECTION ( 'NONE',  ( -1.000000000000000000, 0.000000000000000000, 0.000000000000000000 ) ) ;
#1939 = ORIENTED_EDGE ( 'NONE', *, *, #2002, .F. ) ;
#1940 = LINE ( 'NONE', #806, #606 ) ;
#1941 = EDGE_CURVE ( 'NONE', #602, #1550, #277, .T. ) ;
#1942 = CARTESIAN_POINT ( 'NONE',  ( 1.308146178356786704, 1.367364817766692386, -0.5749999999999999556 ) ) ;
#1943 = DIRECTION ( 'NONE',  ( -0.000000000000000000, -1.000000000000000000, -0.000000000000000000 ) ) ;
#1944 = LINE ( 'NONE', #542, #1916 ) ;
#1945 = EDGE_CURVE ( 'NONE', #167, #1711, #1589, .T. ) ;
#1946 = DIRECTION ( 'NONE',  ( -0.08715574274765115759, 0.9961946980917461003, 0.000000000000000000 ) ) ;
#1947 = DIRECTION ( 'NONE',  ( 0.000000000000000000, -0.000000000000000000, -1.000000000000000000 ) ) ;
#1948 = FACE_OUTER_BOUND ( 'NONE', #1042, .T. ) ;
#1949 = AXIS2_PLACEMENT_3D ( 'NONE', #325, #263, #486 ) ;
#1950 = LINE ( 'NONE', #792, #612 ) ;
#1951 = ORIENTED_EDGE ( 'NONE', *, *, #368, .F. ) ;
#1952 = VECTOR ( 'NONE', #1278, 1000.000000000000000 ) ;
#1953 = DIRECTION ( 'NONE',  ( 0.000000000000000000, 0.000000000000000000, -1.000000000000000000 ) ) ;
#1954 = CARTESIAN_POINT ( 'NONE',  ( 1.117426861062546406, 0.1737784674538523921, 0.7044647556117208387 ) ) ;
#1955 = DIRECTION ( 'NONE',  ( 0.1736481776669232813, 0.9848077530122093526, -0.000000000000000000 ) ) ;
#1956 = DIRECTION ( 'NONE',  ( -0.000000000000000000, -0.000000000000000000, -1.000000000000000000 ) ) ;
#1957 = LINE ( 'NONE', #1437, #571 ) ;
#1958 = EDGE_LOOP ( 'NONE', ( #961, #1627, #1951, #1533 ) ) ;
#1959 = LINE ( 'NONE', #1913, #1952 ) ;
#1960 = CARTESIAN_POINT ( 'NONE',  ( -1.350054999999999783, 1.249999999999998890, -0.5749999999999999556 ) ) ;
#1961 = CARTESIAN_POINT ( 'NONE',  ( -1.227298101126411023, 1.249999999999998446, -0.7750000000000000222 ) ) ;
#1962 = FACE_OUTER_BOUND ( 'NONE', #1958, .T. ) ;
#1963 = ORIENTED_EDGE ( 'NONE', *, *, #796, .F. ) ;
#1964 = LINE ( 'NONE', #181, #625 ) ;
#1965 = LINE ( 'NONE', #146, #1981 ) ;
#1966 = CARTESIAN_POINT ( 'NONE',  ( 1.688266234803486254, 2.710505431213761085E-17, 0.2750000000000000222 ) ) ;
#1967 = ORIENTED_EDGE ( 'NONE', *, *, #275, .T. ) ;
#1968 = VECTOR ( 'NONE', #1709, 1000.000000000000000 ) ;
#1969 = EDGE_CURVE ( 'NONE', #1081, #356, #1752, .T. ) ;
#1970 = FACE_OUTER_BOUND ( 'NONE', #443, .T. ) ;
#1971 = ORIENTED_EDGE ( 'NONE', *, *, #699, .F. ) ;
#1972 = DIRECTION ( 'NONE',  ( 0.000000000000000000, 0.000000000000000000, 1.000000000000000000 ) ) ;
#1973 = PLANE ( 'NONE',  #25 ) ;
#1974 = EDGE_CURVE ( 'NONE', #391, #1689, #991, .T. ) ;
#1975 = CIRCLE ( 'NONE', #1407, 0.1000000000000000611 ) ;
#1976 = ORIENTED_EDGE ( 'NONE', *, *, #115, .T. ) ;
#1977 = PLANE ( 'NONE',  #1646 ) ;
#1978 = FACE_OUTER_BOUND ( 'NONE', #2006, .T. ) ;
#1979 = ORIENTED_EDGE ( 'NONE', *, *, #796, .T. ) ;
#1980 = CARTESIAN_POINT ( 'NONE',  ( -1.307800676763508640, 1.369324254671380192, -0.7660110896710096151 ) ) ;
#1981 = VECTOR ( 'NONE', #1515, 1000.000000000000000 ) ;
#1982 = DIRECTION ( 'NONE',  ( 1.000000000000000000, -0.000000000000000000, -0.000000000000000000 ) ) ;
#1983 = DIRECTION ( 'NONE',  ( -0.1730072088098762728, -0.9811726379862933944, -0.08584148278561931633 ) ) ;
#1984 = VERTEX_POINT ( 'NONE', #65 ) ;
#1985 = MECHANICAL_DESIGN_GEOMETRIC_PRESENTATION_REPRESENTATION (  '', ( #977 ), #1065 ) ;
#1986 =( BOUNDED_CURVE ( )  B_SPLINE_CURVE ( 3, ( #603, #1519, #252, #1240 ),
 .UNSPECIFIED., .F., .F. ) 
 B_SPLINE_CURVE_WITH_KNOTS ( ( 4, 4 ),
 ( 6.271844561321635148, 6.283185307179586232 ),
 .UNSPECIFIED. ) 
 CURVE ( )  GEOMETRIC_REPRESENTATION_ITEM ( )  RATIONAL_B_SPLINE_CURVE ( ( 1.000000000000000000, 0.9999892823189993063, 0.9999892823189993063, 1.000000000000000000 ) ) 
 REPRESENTATION_ITEM ( '' )  );
#1987 = LINE ( 'NONE', #857, #624 ) ;
#1988 = ORIENTED_EDGE ( 'NONE', *, *, #1819, .T. ) ;
#1989 = CARTESIAN_POINT ( 'NONE',  ( 1.207397189073498689, 0.1712592709661678037, -0.6958988679840049096 ) ) ;
#1990 = DIRECTION ( 'NONE',  ( 0.08715574274765118534, -0.9961946980917461003, 0.000000000000000000 ) ) ;
#1991 = CARTESIAN_POINT ( 'NONE',  ( -1.209665403055564914, 1.349999999999999867, 0.7750000000000000222 ) ) ;
#1992 = DIRECTION ( 'NONE',  ( 0.1736481776669232535, 0.9848077530122092416, 0.000000000000000000 ) ) ;
#1993 = LINE ( 'NONE', #1637, #646 ) ;
#1994 = VERTEX_POINT ( 'NONE', #801 ) ;
#1995 = CARTESIAN_POINT ( 'NONE',  ( 1.875000000000000000, 4.752567295878568371E-17, -0.2750000000000000222 ) ) ;
#1996 = CARTESIAN_POINT ( 'NONE',  ( -1.350054999999999783, 0.3000000000000000444, 0.5147437412937070356 ) ) ;
#1997 = CIRCLE ( 'NONE', #1895, 0.1000000000000000472 ) ;
#1998 = VERTEX_POINT ( 'NONE', #149 ) ;
#1999 = DIRECTION ( 'NONE',  ( 1.606225440719266367E-16, 1.000000000000000000, 0.000000000000000000 ) ) ;
#2000 = FACE_OUTER_BOUND ( 'NONE', #740, .T. ) ;
#2001 = ORIENTED_EDGE ( 'NONE', *, *, #1426, .F. ) ;
#2002 = EDGE_CURVE ( 'NONE', #1673, #1599, #958, .T. ) ;
#2003 = VECTOR ( 'NONE', #94, 1000.000000000000000 ) ;
#2004 = VERTEX_POINT ( 'NONE', #1751 ) ;
#2005 = EDGE_CURVE ( 'NONE', #1604, #1398, #282, .T. ) ;
#2006 = EDGE_LOOP ( 'NONE', ( #1640, #248, #952, #1911 ) ) ;
ENDSEC;
END-ISO-10303-21;
