ISO-10303-21;
HEADER;
FILE_DESCRIPTION (( 'STEP AP214' ),
    '1' );
FILE_NAME ('646BX.STEP',
    '2024-05-13T06:42:42',
    ( 'LENOVO' ),
    ( '' ),
    'SwSTEP 2.0',
    'SolidWorks 2021',
    '' );
FILE_SCHEMA (( 'AUTOMOTIVE_DESIGN' ));
ENDSEC;

DATA;
#1 = ORIENTED_EDGE ( 'NONE', *, *, #3220, .T. ) ;
#2 = ORIENTED_EDGE ( 'NONE', *, *, #3668, .T. ) ;
#3 = FILL_AREA_STYLE ('',( #2097 ) ) ;
#4 = CARTESIAN_POINT ( 'NONE',  ( 3.685000000000000053, -3.717158958003099922, -2.214027713591400381 ) ) ;
#5 = CARTESIAN_POINT ( 'NONE',  ( -3.660000000000000142, 2.954999999999950333, -1.992499999999999938 ) ) ;
#6 = VERTEX_POINT ( 'NONE', #3037 ) ;
#7 = FACE_OUTER_BOUND ( 'NONE', #2984, .T. ) ;
#8 = DIRECTION ( 'NONE',  ( 0.000000000000000000, -1.000000000000000000, 0.000000000000000000 ) ) ;
#9 = ORIENTED_EDGE ( 'NONE', *, *, #3177, .F. ) ;
#10 = DIRECTION ( 'NONE',  ( 0.000000000000000000, 1.000000000000000000, 0.000000000000000000 ) ) ;
#11 = ORIENTED_EDGE ( 'NONE', *, *, #3032, .F. ) ;
#12 = VERTEX_POINT ( 'NONE', #297 ) ;
#13 = AXIS2_PLACEMENT_3D ( 'NONE', #588, #1565, #1203 ) ;
#14 = LINE ( 'NONE', #707, #2646 ) ;
#15 = EDGE_LOOP ( 'NONE', ( #2888, #3019, #2972, #439 ) ) ;
#16 = VERTEX_POINT ( 'NONE', #602 ) ;
#17 = EDGE_LOOP ( 'NONE', ( #1485, #178, #85, #1947 ) ) ;
#18 = CARTESIAN_POINT ( 'NONE',  ( 3.935000000000000053, 2.929999999999949978, 1.687500000000000000 ) ) ;
#19 = VECTOR ( 'NONE', #2772, 1000.000000000000000 ) ;
#20 = EDGE_CURVE ( 'NONE', #326, #2528, #3024, .T. ) ;
#21 = ORIENTED_EDGE ( 'NONE', *, *, #629, .F. ) ;
#22 = ORIENTED_EDGE ( 'NONE', *, *, #2704, .T. ) ;
#23 = DIRECTION ( 'NONE',  ( 0.000000000000000000, 0.000000000000000000, 1.000000000000000000 ) ) ;
#24 = DIRECTION ( 'NONE',  ( 0.000000000000000000, 0.000000000000000000, -1.000000000000000000 ) ) ;
#25 = ORIENTED_EDGE ( 'NONE', *, *, #497, .T. ) ;
#26 = VECTOR ( 'NONE', #398, 1000.000000000000000 ) ;
#27 = VERTEX_POINT ( 'NONE', #1906 ) ;
#28 = EDGE_CURVE ( 'NONE', #1158, #1758, #3111, .T. ) ;
#29 = VERTEX_POINT ( 'NONE', #3131 ) ;
#30 = ADVANCED_FACE ( 'NONE', ( #479 ), #2029, .F. ) ;
#31 = ORIENTED_EDGE ( 'NONE', *, *, #3860, .F. ) ;
#32 = DIRECTION ( 'NONE',  ( 3.372194610909714747E-32, -2.620428211445405372E-16, -1.000000000000000000 ) ) ;
#33 = DIRECTION ( 'NONE',  ( -2.016153594338775066E-32, 1.566690647129389750E-16, 1.000000000000000000 ) ) ;
#34 = EDGE_CURVE ( 'NONE', #1317, #2737, #381, .T. ) ;
#35 = ADVANCED_FACE ( 'NONE', ( #1799 ), #1697, .F. ) ;
#36 = CARTESIAN_POINT ( 'NONE',  ( 3.685000000000000053, -3.810000000000000053, 1.687500000000000000 ) ) ;
#37 = ORIENTED_EDGE ( 'NONE', *, *, #1382, .F. ) ;
#38 = ORIENTED_EDGE ( 'NONE', *, *, #1436, .T. ) ;
#39 = DIRECTION ( 'NONE',  ( 1.000000000000000000, 1.286886851614851933E-16, 0.000000000000000000 ) ) ;
#40 = ORIENTED_EDGE ( 'NONE', *, *, #529, .T. ) ;
#41 = EDGE_CURVE ( 'NONE', #3150, #3808, #3030, .T. ) ;
#42 = DIRECTION ( 'NONE',  ( 1.000000000000000000, 0.000000000000000000, 1.309668824627241829E-16 ) ) ;
#43 = LINE ( 'NONE', #1725, #2814 ) ;
#44 = EDGE_LOOP ( 'NONE', ( #22, #3161, #174, #1808 ) ) ;
#45 = ORIENTED_EDGE ( 'NONE', *, *, #2468, .F. ) ;
#46 = CARTESIAN_POINT ( 'NONE',  ( 3.685000000000000053, 4.336808689942014778E-16, -3.392500000000000071 ) ) ;
#47 = ORIENTED_EDGE ( 'NONE', *, *, #1881, .F. ) ;
#48 = LINE ( 'NONE', #1631, #1366 ) ;
#49 = PRODUCT_DEFINITION_FORMATION_WITH_SPECIFIED_SOURCE ( 'ANY', '', #1350, .NOT_KNOWN. ) ;
#50 = DIRECTION ( 'NONE',  ( 1.000000000000000000, 0.000000000000000000, 0.000000000000000000 ) ) ;
#51 = EDGE_LOOP ( 'NONE', ( #1518, #122, #770, #2706 ) ) ;
#52 = DIRECTION ( 'NONE',  ( 1.000000000000000000, 0.000000000000000000, 0.000000000000000000 ) ) ;
#53 = ORIENTED_EDGE ( 'NONE', *, *, #778, .F. ) ;
#54 = LINE ( 'NONE', #2913, #1394 ) ;
#55 = VERTEX_POINT ( 'NONE', #3722 ) ;
#56 = DIRECTION ( 'NONE',  ( -1.000000000000000000, 0.000000000000000000, 0.000000000000000000 ) ) ;
#57 = VERTEX_POINT ( 'NONE', #1997 ) ;
#58 = DIRECTION ( 'NONE',  ( 1.000000000000000000, 0.000000000000000000, 0.000000000000000000 ) ) ;
#59 = CARTESIAN_POINT ( 'NONE',  ( 3.935000000000000053, -0.7418666113899029524, -0.2300000000000000100 ) ) ;
#60 = LINE ( 'NONE', #2219, #83 ) ;
#61 = DIRECTION ( 'NONE',  ( 1.267336148719775439E-16, -0.9848077530122079093, 0.1736481776669314692 ) ) ;
#62 = CARTESIAN_POINT ( 'NONE',  ( 3.174999999999999822, 3.079999999999949889, -1.992499999999999938 ) ) ;
#63 = ORIENTED_EDGE ( 'NONE', *, *, #3466, .F. ) ;
#64 = CARTESIAN_POINT ( 'NONE',  ( -3.158543437801574871, 3.204999999999949889, 1.687500000000000000 ) ) ;
#65 = ADVANCED_FACE ( 'NONE', ( #1704 ), #3753, .F. ) ;
#66 = ORIENTED_EDGE ( 'NONE', *, *, #2164, .F. ) ;
#67 = EDGE_CURVE ( 'NONE', #2785, #2514, #3011, .T. ) ;
#68 = CARTESIAN_POINT ( 'NONE',  ( 3.174999999999999822, 3.079999999999949889, 3.392500000000000071 ) ) ;
#69 = ADVANCED_FACE ( 'NONE', ( #1873 ), #3156, .F. ) ;
#70 = VECTOR ( 'NONE', #1014, 1000.000000000000000 ) ;
#71 = DIRECTION ( 'NONE',  ( -0.000000000000000000, 1.000000000000000000, 0.000000000000000000 ) ) ;
#72 = EDGE_LOOP ( 'NONE', ( #1857, #73, #1440, #3276 ) ) ;
#73 = ORIENTED_EDGE ( 'NONE', *, *, #1588, .F. ) ;
#74 = DIRECTION ( 'NONE',  ( 1.286886851614851933E-16, 1.000000000000000000, 0.000000000000000000 ) ) ;
#75 = APPLICATION_PROTOCOL_DEFINITION ( 'draft international standard', 'automotive_design', 1998, #1713 ) ;
#76 = EDGE_CURVE ( 'NONE', #1531, #3048, #1860, .T. ) ;
#77 = VECTOR ( 'NONE', #3743, 1000.000000000000000 ) ;
#78 = VERTEX_POINT ( 'NONE', #1319 ) ;
#79 = VERTEX_POINT ( 'NONE', #1051 ) ;
#80 = VERTEX_POINT ( 'NONE', #1937 ) ;
#81 = EDGE_CURVE ( 'NONE', #1128, #29, #3221, .T. ) ;
#82 = DIRECTION ( 'NONE',  ( -1.000000000000000000, -1.286886851614851933E-16, 0.000000000000000000 ) ) ;
#83 = VECTOR ( 'NONE', #418, 1000.000000000000000 ) ;
#84 = ORIENTED_EDGE ( 'NONE', *, *, #3727, .T. ) ;
#85 = ORIENTED_EDGE ( 'NONE', *, *, #67, .T. ) ;
#86 = EDGE_CURVE ( 'NONE', #3937, #1213, #1893, .T. ) ;
#87 = CARTESIAN_POINT ( 'NONE',  ( -2.911695004825210376, 5.080000000000000071, 0.000000000000000000 ) ) ;
#88 = EDGE_LOOP ( 'NONE', ( #1578, #1641, #3229, #133, #560, #3162, #1891, #1468, #11 ) ) ;
#89 = CARTESIAN_POINT ( 'NONE',  ( 3.685000000000000053, 1.245000000000000107, -1.687500000000000000 ) ) ;
#90 = LINE ( 'NONE', #1592, #153 ) ;
#91 = CARTESIAN_POINT ( 'NONE',  ( -3.174999999999999822, 3.079999999999949889, 3.392500000000000071 ) ) ;
#92 = DIRECTION ( 'NONE',  ( -4.504103980651980163E-16, -1.000000000000000000, 0.000000000000000000 ) ) ;
#93 = CARTESIAN_POINT ( 'NONE',  ( -3.935000000000000053, 2.929999999999949978, -1.687500000000000000 ) ) ;
#94 = DIRECTION ( 'NONE',  ( 0.000000000000000000, 0.9848077530122075762, -0.1736481776669324406 ) ) ;
#95 = EDGE_LOOP ( 'NONE', ( #1403, #164, #605, #25 ) ) ;
#96 = CARTESIAN_POINT ( 'NONE',  ( 3.935000000000000053, -0.7418666113899029524, 0.2300000000000000100 ) ) ;
#97 = ORIENTED_EDGE ( 'NONE', *, *, #3495, .T. ) ;
#98 = EDGE_CURVE ( 'NONE', #1570, #3776, #1813, .T. ) ;
#99 = LINE ( 'NONE', #3101, #1400 ) ;
#100 = CARTESIAN_POINT ( 'NONE',  ( -3.158543437801574871, 2.954999999999950333, -1.992499999999999938 ) ) ;
#101 = EDGE_LOOP ( 'NONE', ( #3863, #2751, #1330, #288 ) ) ;
#102 = ORIENTED_EDGE ( 'NONE', *, *, #1838, .F. ) ;
#103 = ADVANCED_FACE ( 'NONE', ( #524 ), #1971, .T. ) ;
#104 = ORIENTED_EDGE ( 'NONE', *, *, #3177, .T. ) ;
#105 = CARTESIAN_POINT ( 'NONE',  ( -3.158543437801574871, 3.204999999999949889, -0.8524999999999999245 ) ) ;
#106 = ORIENTED_EDGE ( 'NONE', *, *, #1988, .F. ) ;
#107 = VERTEX_POINT ( 'NONE', #3799 ) ;
#108 = AXIS2_PLACEMENT_3D ( 'NONE', #1654, #1951, #2244 ) ;
#109 = ADVANCED_FACE ( 'NONE', ( #3174 ), #1377, .F. ) ;
#110 = AXIS2_PLACEMENT_3D ( 'NONE', #3055, #2252, #2744 ) ;
#111 = LINE ( 'NONE', #3462, #1454 ) ;
#112 = CARTESIAN_POINT ( 'NONE',  ( -3.685000000000000053, -2.723942692522719700, 0.6203348947371999378 ) ) ;
#113 = DIRECTION ( 'NONE',  ( 0.000000000000000000, 0.000000000000000000, 1.000000000000000000 ) ) ;
#114 = VERTEX_POINT ( 'NONE', #3535 ) ;
#115 = ORIENTED_EDGE ( 'NONE', *, *, #1881, .T. ) ;
#116 = ORIENTED_EDGE ( 'NONE', *, *, #2617, .T. ) ;
#117 = AXIS2_PLACEMENT_3D ( 'NONE', #748, #1979, #2337 ) ;
#118 = VECTOR ( 'NONE', #866, 1000.000000000000000 ) ;
#119 = SURFACE_STYLE_USAGE ( .BOTH. , #3106 ) ;
#120 = EDGE_LOOP ( 'NONE', ( #3253, #3405, #1259, #590, #2187, #1148, #2599, #2449, #2753, #38, #3807, #3832 ) ) ;
#121 = VERTEX_POINT ( 'NONE', #966 ) ;
#122 = ORIENTED_EDGE ( 'NONE', *, *, #3771, .F. ) ;
#123 = CARTESIAN_POINT ( 'NONE',  ( 3.935000000000000053, 1.550000000000000044, -1.992499999999999938 ) ) ;
#124 = VERTEX_POINT ( 'NONE', #1261 ) ;
#125 = FACE_OUTER_BOUND ( 'NONE', #2016, .T. ) ;
#126 = DIRECTION ( 'NONE',  ( 0.000000000000000000, -1.000000000000000000, 0.000000000000000000 ) ) ;
#127 = CARTESIAN_POINT ( 'NONE',  ( 3.685000000000000053, -2.235799778455525022, -1.023558769488251974 ) ) ;
#128 = AXIS2_PLACEMENT_3D ( 'NONE', #2082, #222, #3603 ) ;
#129 = DIRECTION ( 'NONE',  ( 0.000000000000000000, 0.000000000000000000, 1.000000000000000000 ) ) ;
#130 = CARTESIAN_POINT ( 'NONE',  ( -3.660000000000000142, 2.929999999999949978, 1.687500000000000000 ) ) ;
#131 = ORIENTED_EDGE ( 'NONE', *, *, #2050, .F. ) ;
#132 = DIRECTION ( 'NONE',  ( 0.000000000000000000, 0.000000000000000000, 1.000000000000000000 ) ) ;
#133 = ORIENTED_EDGE ( 'NONE', *, *, #2388, .F. ) ;
#134 = ORIENTED_EDGE ( 'NONE', *, *, #3025, .T. ) ;
#135 = VECTOR ( 'NONE', #2881, 1000.000000000000000 ) ;
#136 = EDGE_LOOP ( 'NONE', ( #2842, #2092, #279, #264 ) ) ;
#137 = EDGE_CURVE ( 'NONE', #2945, #1559, #1904, .T. ) ;
#138 = ORIENTED_EDGE ( 'NONE', *, *, #1336, .T. ) ;
#139 = CARTESIAN_POINT ( 'NONE',  ( -3.032443144390850165, 1.997173177709629766, -4.112443144390849348 ) ) ;
#140 = VERTEX_POINT ( 'NONE', #1123 ) ;
#141 = CARTESIAN_POINT ( 'NONE',  ( 0.000000000000000000, 0.000000000000000000, 0.000000000000000000 ) ) ;
#142 = ORIENTED_EDGE ( 'NONE', *, *, #3817, .T. ) ;
#143 = VECTOR ( 'NONE', #1426, 1000.000000000000114 ) ;
#144 = DIRECTION ( 'NONE',  ( 0.000000000000000000, 0.000000000000000000, -1.000000000000000000 ) ) ;
#145 = DIRECTION ( 'NONE',  ( 0.000000000000000000, 0.000000000000000000, 1.000000000000000000 ) ) ;
#146 = ORIENTED_EDGE ( 'NONE', *, *, #650, .F. ) ;
#147 = ORIENTED_EDGE ( 'NONE', *, *, #2657, .T. ) ;
#148 = ADVANCED_FACE ( 'NONE', ( #535 ), #2384, .F. ) ;
#149 = EDGE_LOOP ( 'NONE', ( #2694, #3345, #701, #3266 ) ) ;
#150 = EDGE_LOOP ( 'NONE', ( #2570, #3447, #1358, #1207 ) ) ;
#151 = ADVANCED_FACE ( 'NONE', ( #576 ), #1769, .F. ) ;
#152 = EDGE_CURVE ( 'NONE', #1266, #1322, #3226, .T. ) ;
#153 = VECTOR ( 'NONE', #1871, 1000.000000000000000 ) ;
#154 = DIRECTION ( 'NONE',  ( 1.000000000000000000, 0.000000000000000000, 0.000000000000000000 ) ) ;
#155 = VERTEX_POINT ( 'NONE', #819 ) ;
#156 = VERTEX_POINT ( 'NONE', #579 ) ;
#157 = CARTESIAN_POINT ( 'NONE',  ( -3.935000000000000053, -3.810000000000000053, -1.687500000000000000 ) ) ;
#158 = EDGE_LOOP ( 'NONE', ( #3338, #2664, #612, #3252 ) ) ;
#159 = CARTESIAN_POINT ( 'NONE',  ( 3.935000000000000053, 2.168404344971010051E-15, 1.687500000000000000 ) ) ;
#160 = DIRECTION ( 'NONE',  ( 3.184882467888318304E-16, -0.7071067811865435759, 0.7071067811865515695 ) ) ;
#161 = MECHANICAL_DESIGN_GEOMETRIC_PRESENTATION_REPRESENTATION (  '', ( #219 ), #1111 ) ;
#162 = CARTESIAN_POINT ( 'NONE',  ( 3.685000000000000053, -3.810000000000000053, -0.2300000000000000100 ) ) ;
#163 = VERTEX_POINT ( 'NONE', #3578 ) ;
#164 = ORIENTED_EDGE ( 'NONE', *, *, #2617, .F. ) ;
#165 = DIRECTION ( 'NONE',  ( 1.286886851614851933E-16, -1.000000000000000000, 0.000000000000000000 ) ) ;
#166 = ORIENTED_EDGE ( 'NONE', *, *, #3954, .T. ) ;
#167 = EDGE_LOOP ( 'NONE', ( #3190, #591, #3098, #561 ) ) ;
#168 = VECTOR ( 'NONE', #2109, 1000.000000000000000 ) ;
#169 = CARTESIAN_POINT ( 'NONE',  ( -3.685000000000000053, -1.282499999999969997, -0.8400000000000000799 ) ) ;
#170 = ORIENTED_EDGE ( 'NONE', *, *, #2981, .T. ) ;
#171 = ORIENTED_EDGE ( 'NONE', *, *, #3166, .F. ) ;
#172 = AXIS2_PLACEMENT_3D ( 'NONE', #705, #1664, #1310 ) ;
#173 = DIRECTION ( 'NONE',  ( 0.000000000000000000, 0.000000000000000000, -1.000000000000000000 ) ) ;
#174 = ORIENTED_EDGE ( 'NONE', *, *, #498, .F. ) ;
#175 = LINE ( 'NONE', #1349, #182 ) ;
#176 = CARTESIAN_POINT ( 'NONE',  ( -3.174999999999999822, 3.079999999999949889, -3.392500000000000071 ) ) ;
#177 = EDGE_LOOP ( 'NONE', ( #1851, #2718, #3230, #1908 ) ) ;
#178 = ORIENTED_EDGE ( 'NONE', *, *, #1431, .F. ) ;
#179 = ORIENTED_EDGE ( 'NONE', *, *, #908, .T. ) ;
#180 = ORIENTED_EDGE ( 'NONE', *, *, #2094, .T. ) ;
#181 = AXIS2_PLACEMENT_3D ( 'NONE', #1649, #2947, #3248 ) ;
#182 = VECTOR ( 'NONE', #1378, 1000.000000000000000 ) ;
#183 = CARTESIAN_POINT ( 'NONE',  ( -3.158543437801574871, 2.954999999999950333, -0.8524999999999999245 ) ) ;
#184 = VERTEX_POINT ( 'NONE', #3270 ) ;
#185 = ADVANCED_FACE ( 'NONE', ( #562 ), #3327, .F. ) ;
#186 = ORIENTED_EDGE ( 'NONE', *, *, #2754, .T. ) ;
#187 = CARTESIAN_POINT ( 'NONE',  ( 3.174999999999999822, 5.080000000000000071, 3.991695004825209558 ) ) ;
#188 = ORIENTED_EDGE ( 'NONE', *, *, #2981, .F. ) ;
#189 = CARTESIAN_POINT ( 'NONE',  ( -3.935000000000000053, 2.929999999999949978, 1.992499999999999938 ) ) ;
#190 = AXIS2_PLACEMENT_3D ( 'NONE', #2590, #1521, #3647 ) ;
#191 = ADVANCED_FACE ( 'NONE', ( #3194 ), #3263, .F. ) ;
#192 = LINE ( 'NONE', #636, #275 ) ;
#193 = CARTESIAN_POINT ( 'NONE',  ( 3.935000000000000053, 3.204999999999954774, -1.992499999999999938 ) ) ;
#194 = DIRECTION ( 'NONE',  ( 0.000000000000000000, 1.000000000000000000, 0.000000000000000000 ) ) ;
#195 = DIRECTION ( 'NONE',  ( 0.000000000000000000, -1.000000000000000000, 0.000000000000000000 ) ) ;
#196 = EDGE_LOOP ( 'NONE', ( #2767, #324, #1722, #1558 ) ) ;
#197 = ORIENTED_EDGE ( 'NONE', *, *, #1431, .T. ) ;
#198 = VERTEX_POINT ( 'NONE', #2359 ) ;
#199 = EDGE_CURVE ( 'NONE', #1444, #12, #1836, .T. ) ;
#200 = LINE ( 'NONE', #1472, #238 ) ;
#201 = PLANE ( 'NONE',  #1861 ) ;
#202 = ORIENTED_EDGE ( 'NONE', *, *, #1438, .F. ) ;
#203 = VERTEX_POINT ( 'NONE', #554 ) ;
#204 = CARTESIAN_POINT ( 'NONE',  ( -3.685000000000000053, -3.717158958003099922, 2.214027713591400381 ) ) ;
#205 = ORIENTED_EDGE ( 'NONE', *, *, #2122, .T. ) ;
#206 = EDGE_CURVE ( 'NONE', #2898, #203, #3182, .T. ) ;
#207 = VECTOR ( 'NONE', #3828, 1000.000000000000000 ) ;
#208 = DIRECTION ( 'NONE',  ( 0.000000000000000000, 0.000000000000000000, -1.000000000000000000 ) ) ;
#209 = ORIENTED_EDGE ( 'NONE', *, *, #1750, .F. ) ;
#210 = ORIENTED_EDGE ( 'NONE', *, *, #410, .T. ) ;
#211 = VERTEX_POINT ( 'NONE', #1175 ) ;
#212 = EDGE_CURVE ( 'NONE', #1539, #3803, #1841, .T. ) ;
#213 = FACE_OUTER_BOUND ( 'NONE', #427, .T. ) ;
#214 = ORIENTED_EDGE ( 'NONE', *, *, #3771, .T. ) ;
#215 = DIRECTION ( 'NONE',  ( 0.000000000000000000, -1.000000000000000000, 0.000000000000000000 ) ) ;
#216 = EDGE_LOOP ( 'NONE', ( #2826, #527, #1390, #3178 ) ) ;
#217 = CARTESIAN_POINT ( 'NONE',  ( 3.660000000000000142, 2.929999999999949978, -1.687500000000000000 ) ) ;
#218 = CARTESIAN_POINT ( 'NONE',  ( -3.685000000000000053, -2.723942692522719700, -0.6203348947371999378 ) ) ;
#219 = STYLED_ITEM ( 'NONE', ( #2148 ), #3911 ) ;
#220 = AXIS2_PLACEMENT_3D ( 'NONE', #1226, #3361, #3947 ) ;
#221 = CIRCLE ( 'NONE', #608, 0.02499999999999984873 ) ;
#222 = DIRECTION ( 'NONE',  ( -1.000000000000000000, -4.504103980651980163E-16, 0.000000000000000000 ) ) ;
#223 = PLANE ( 'NONE',  #3930 ) ;
#224 = CARTESIAN_POINT ( 'NONE',  ( 3.660000000000000142, 2.954999999999950333, 0.8524999999999999245 ) ) ;
#225 = ORIENTED_EDGE ( 'NONE', *, *, #1877, .F. ) ;
#226 = VERTEX_POINT ( 'NONE', #2627 ) ;
#227 = ADVANCED_FACE ( 'NONE', ( #518 ), #1399, .T. ) ;
#228 = AXIS2_PLACEMENT_3D ( 'NONE', #3164, #1555, #925 ) ;
#229 = CIRCLE ( 'NONE', #1398, 0.02499999999999984873 ) ;
#230 = DIRECTION ( 'NONE',  ( -0.9914448613738107152, 0.1305261922200500746, 0.000000000000000000 ) ) ;
#231 = VERTEX_POINT ( 'NONE', #2989 ) ;
#232 = EDGE_LOOP ( 'NONE', ( #2569, #225, #1657, #241 ) ) ;
#233 = LINE ( 'NONE', #3757, #2955 ) ;
#234 = AXIS2_PLACEMENT_3D ( 'NONE', #1166, #3928, #2258 ) ;
#235 = CARTESIAN_POINT ( 'NONE',  ( 3.660000000000000142, 2.929999999999949978, 1.992499999999999938 ) ) ;
#236 = VERTEX_POINT ( 'NONE', #1424 ) ;
#237 = EDGE_LOOP ( 'NONE', ( #2436, #1192, #2453, #3767 ) ) ;
#238 = VECTOR ( 'NONE', #3272, 1000.000000000000000 ) ;
#239 = DIRECTION ( 'NONE',  ( -1.000000000000000000, 0.000000000000000000, 0.000000000000000000 ) ) ;
#240 = EDGE_CURVE ( 'NONE', #1410, #114, #1865, .T. ) ;
#241 = ORIENTED_EDGE ( 'NONE', *, *, #1708, .T. ) ;
#242 = VERTEX_POINT ( 'NONE', #910 ) ;
#243 = DIRECTION ( 'NONE',  ( 0.000000000000000000, 0.000000000000000000, 1.000000000000000000 ) ) ;
#244 = LINE ( 'NONE', #976, #2933 ) ;
#245 = DIRECTION ( 'NONE',  ( 0.000000000000000000, -0.7071067811865435759, 0.7071067811865515695 ) ) ;
#246 = CARTESIAN_POINT ( 'NONE',  ( 3.685000000000000053, -3.717158958003099922, 2.214027713591400381 ) ) ;
#247 = DIRECTION ( 'NONE',  ( 0.000000000000000000, -1.000000000000000000, 1.370854316238213966E-16 ) ) ;
#248 = ORIENTED_EDGE ( 'NONE', *, *, #1886, .F. ) ;
#249 = EDGE_CURVE ( 'NONE', #2610, #1133, #587, .T. ) ;
#250 = EDGE_LOOP ( 'NONE', ( #1344, #2923, #3963, #397 ) ) ;
#251 = EDGE_CURVE ( 'NONE', #1345, #2514, #543, .T. ) ;
#252 = VECTOR ( 'NONE', #1560, 1000.000000000000000 ) ;
#253 = CARTESIAN_POINT ( 'NONE',  ( -3.174999999999999822, 3.079999999999949889, 0.8524999999999999245 ) ) ;
#254 = FILL_AREA_STYLE ('',( #3884 ) ) ;
#255 = ORIENTED_EDGE ( 'NONE', *, *, #3716, .F. ) ;
#256 = DIRECTION ( 'NONE',  ( 1.000000000000000000, 0.000000000000000000, 0.000000000000000000 ) ) ;
#257 = VERTEX_POINT ( 'NONE', #1870 ) ;
#258 = EDGE_CURVE ( 'NONE', #779, #3300, #550, .T. ) ;
#259 = ADVANCED_FACE ( 'NONE', ( #594 ), #955, .F. ) ;
#260 = VECTOR ( 'NONE', #1102, 1000.000000000000000 ) ;
#261 = DIRECTION ( 'NONE',  ( 0.000000000000000000, 0.000000000000000000, -1.000000000000000000 ) ) ;
#262 = CARTESIAN_POINT ( 'NONE',  ( 3.685000000000000053, -3.510000000000000231, 2.177500000000000213 ) ) ;
#263 = EDGE_LOOP ( 'NONE', ( #519, #2835, #2952, #1652 ) ) ;
#264 = ORIENTED_EDGE ( 'NONE', *, *, #3768, .T. ) ;
#265 = CARTESIAN_POINT ( 'NONE',  ( 3.935000000000000053, -3.810000000000000053, -2.584601905787459852 ) ) ;
#266 = LINE ( 'NONE', #246, #1562 ) ;
#267 = PRODUCT_RELATED_PRODUCT_CATEGORY ( 'part', '', ( #1350 ) ) ;
#268 = ORIENTED_EDGE ( 'NONE', *, *, #1382, .T. ) ;
#269 = AXIS2_PLACEMENT_3D ( 'NONE', #64, #2429, #1579 ) ;
#270 = ORIENTED_EDGE ( 'NONE', *, *, #1701, .T. ) ;
#271 = CARTESIAN_POINT ( 'NONE',  ( 3.935000000000000053, 2.929999999999949978, 0.8524999999999999245 ) ) ;
#272 = ORIENTED_EDGE ( 'NONE', *, *, #886, .T. ) ;
#273 = CARTESIAN_POINT ( 'NONE',  ( -3.685000000000000053, 2.929999999999949978, -1.992499999999999938 ) ) ;
#274 = CARTESIAN_POINT ( 'NONE',  ( 3.935000000000000053, -3.810000000000000053, 2.230398094212539650 ) ) ;
#275 = VECTOR ( 'NONE', #3558, 1000.000000000000000 ) ;
#276 = CARTESIAN_POINT ( 'NONE',  ( -3.158543437801574871, 2.954999999999950333, 1.687500000000000000 ) ) ;
#277 = CARTESIAN_POINT ( 'NONE',  ( -3.935000000000000053, -0.7418666113899050618, -2.637500000000000178 ) ) ;
#278 = DIRECTION ( 'NONE',  ( 2.016153594338775066E-32, -1.566690647129389750E-16, 1.000000000000000000 ) ) ;
#279 = ORIENTED_EDGE ( 'NONE', *, *, #249, .F. ) ;
#280 = VERTEX_POINT ( 'NONE', #1250 ) ;
#281 = ORIENTED_EDGE ( 'NONE', *, *, #2657, .F. ) ;
#282 = LINE ( 'NONE', #2709, #2846 ) ;
#283 = CARTESIAN_POINT ( 'NONE',  ( -3.660000000000000142, 2.954999999999950333, -3.392500000000000071 ) ) ;
#284 = CARTESIAN_POINT ( 'NONE',  ( -3.685000000000000053, -3.810000000000000053, 0.8524999999999999245 ) ) ;
#285 = VERTEX_POINT ( 'NONE', #618 ) ;
#286 = DIRECTION ( 'NONE',  ( 1.000000000000000000, 1.286886851614851933E-16, 0.000000000000000000 ) ) ;
#287 = ORIENTED_EDGE ( 'NONE', *, *, #2179, .T. ) ;
#288 = ORIENTED_EDGE ( 'NONE', *, *, #1877, .T. ) ;
#289 = EDGE_CURVE ( 'NONE', #2505, #1524, #3209, .T. ) ;
#290 = LINE ( 'NONE', #1919, #1630 ) ;
#291 = CARTESIAN_POINT ( 'NONE',  ( 3.935000000000000053, 1.550000000000000044, 1.992499999999999938 ) ) ;
#292 = DIRECTION ( 'NONE',  ( -1.286886851614851933E-16, 1.000000000000000000, 0.000000000000000000 ) ) ;
#293 = EDGE_LOOP ( 'NONE', ( #432, #3031, #202, #1751 ) ) ;
#294 = VERTEX_POINT ( 'NONE', #1538 ) ;
#295 = ORIENTED_EDGE ( 'NONE', *, *, #585, .F. ) ;
#296 = CARTESIAN_POINT ( 'NONE',  ( -3.660000000000000142, 3.204999999999949889, -0.8524999999999999245 ) ) ;
#297 = CARTESIAN_POINT ( 'NONE',  ( 3.685000000000000053, -3.510000000000000231, 2.637500000000000178 ) ) ;
#298 = EDGE_CURVE ( 'NONE', #3039, #2514, #569, .T. ) ;
#299 = LINE ( 'NONE', #580, #252 ) ;
#300 = CARTESIAN_POINT ( 'NONE',  ( 3.158543437801574871, 2.954999999999950333, -0.8524999999999999245 ) ) ;
#301 = ORIENTED_EDGE ( 'NONE', *, *, #2246, .F. ) ;
#302 = VERTEX_POINT ( 'NONE', #3739 ) ;
#303 = CARTESIAN_POINT ( 'NONE',  ( 3.935000000000000053, -0.7418666113899040626, -2.177500000000000213 ) ) ;
#304 = ORIENTED_EDGE ( 'NONE', *, *, #1056, .F. ) ;
#305 = DIRECTION ( 'NONE',  ( 0.000000000000000000, 0.000000000000000000, -1.000000000000000000 ) ) ;
#306 = EDGE_CURVE ( 'NONE', #1559, #799, #1912, .T. ) ;
#307 = VECTOR ( 'NONE', #1712, 1000.000000000000000 ) ;
#308 = DIRECTION ( 'NONE',  ( 4.504103980651980163E-16, -1.000000000000000000, 2.620428211445405372E-16 ) ) ;
#309 = ORIENTED_EDGE ( 'NONE', *, *, #999, .F. ) ;
#310 = EDGE_CURVE ( 'NONE', #211, #2417, #487, .T. ) ;
#311 = VERTEX_POINT ( 'NONE', #3943 ) ;
#312 = EDGE_LOOP ( 'NONE', ( #1159, #106, #2474, #3398 ) ) ;
#313 = LINE ( 'NONE', #1270, #1648 ) ;
#314 = CARTESIAN_POINT ( 'NONE',  ( -3.935000000000000053, -3.810000000000000053, -2.230398094212539650 ) ) ;
#315 = UNCERTAINTY_MEASURE_WITH_UNIT (LENGTH_MEASURE( 1.000000000000000082E-05 ), #2463, 'distance_accuracy_value', 'NONE');
#316 = CARTESIAN_POINT ( 'NONE',  ( -3.935000000000000053, 1.301042606982603940E-15, -3.392500000000000071 ) ) ;
#317 = VERTEX_POINT ( 'NONE', #3380 ) ;
#318 = DIRECTION ( 'NONE',  ( -1.000000000000000000, 0.000000000000000000, 1.008076797169386028E-32 ) ) ;
#319 = EDGE_LOOP ( 'NONE', ( #597, #2157, #2649, #696 ) ) ;
#320 = ORIENTED_EDGE ( 'NONE', *, *, #1326, .T. ) ;
#321 = EDGE_CURVE ( 'NONE', #2734, #2892, #3157, .T. ) ;
#322 = FACE_OUTER_BOUND ( 'NONE', #2957, .T. ) ;
#323 = CARTESIAN_POINT ( 'NONE',  ( -3.935000000000000053, 1.245000000000000107, -1.687500000000000000 ) ) ;
#324 = ORIENTED_EDGE ( 'NONE', *, *, #3306, .F. ) ;
#325 = ORIENTED_EDGE ( 'NONE', *, *, #3066, .F. ) ;
#326 = VERTEX_POINT ( 'NONE', #3662 ) ;
#327 = CARTESIAN_POINT ( 'NONE',  ( 3.158543437801574871, 2.954999999999950333, -3.392500000000000071 ) ) ;
#328 = VECTOR ( 'NONE', #387, 1000.000000000000000 ) ;
#329 = CARTESIAN_POINT ( 'NONE',  ( -3.158543437801574871, 2.954999999999950333, 3.392500000000000071 ) ) ;
#330 = VERTEX_POINT ( 'NONE', #1276 ) ;
#331 = EDGE_LOOP ( 'NONE', ( #389, #146, #1855, #420 ) ) ;
#332 = DIRECTION ( 'NONE',  ( 0.000000000000000000, 0.1305261922200484093, -0.9914448613738108262 ) ) ;
#333 = ORIENTED_EDGE ( 'NONE', *, *, #3119, .F. ) ;
#334 = FACE_OUTER_BOUND ( 'NONE', #196, .T. ) ;
#335 = AXIS2_PLACEMENT_3D ( 'NONE', #2168, #3060, #2466 ) ;
#336 = DIRECTION ( 'NONE',  ( -1.000000000000000000, -1.286886851614851933E-16, 0.000000000000000000 ) ) ;
#337 = DIRECTION ( 'NONE',  ( -1.000000000000000000, -1.286886851614851933E-16, 0.000000000000000000 ) ) ;
#338 = ORIENTED_EDGE ( 'NONE', *, *, #1708, .F. ) ;
#339 = ORIENTED_EDGE ( 'NONE', *, *, #1003, .T. ) ;
#340 = DIRECTION ( 'NONE',  ( -0.1294283079955605986, -0.9831056027603609637, 0.1294283079955605986 ) ) ;
#341 = CIRCLE ( 'NONE', #1849, 0.02499999999999984873 ) ;
#342 = CARTESIAN_POINT ( 'NONE',  ( -3.935000000000000053, 1.245000000000000107, 1.687500000000000000 ) ) ;
#343 = AXIS2_PLACEMENT_3D ( 'NONE', #504, #3214, #3521 ) ;
#344 = ORIENTED_EDGE ( 'NONE', *, *, #3124, .F. ) ;
#345 = DIRECTION ( 'NONE',  ( 0.000000000000000000, 1.000000000000000000, 0.000000000000000000 ) ) ;
#346 = ORIENTED_EDGE ( 'NONE', *, *, #1323, .F. ) ;
#347 = CIRCLE ( 'NONE', #1514, 0.2750000000000000777 ) ;
#348 = CARTESIAN_POINT ( 'NONE',  ( 3.685000000000000053, -3.510000000000000231, -0.2300000000000000100 ) ) ;
#349 = DIRECTION ( 'NONE',  ( -1.000000000000000000, 0.000000000000000000, -3.372194610909714747E-32 ) ) ;
#350 = EDGE_CURVE ( 'NONE', #2711, #3895, #1921, .T. ) ;
#351 = VERTEX_POINT ( 'NONE', #2510 ) ;
#352 = DIRECTION ( 'NONE',  ( 0.000000000000000000, 0.000000000000000000, -1.000000000000000000 ) ) ;
#353 = LINE ( 'NONE', #3029, #1768 ) ;
#354 = DIRECTION ( 'NONE',  ( 0.000000000000000000, 0.000000000000000000, 1.000000000000000000 ) ) ;
#355 = ADVANCED_FACE ( 'NONE', ( #3168 ), #600, .T. ) ;
#356 = PLANE ( 'NONE',  #2061 ) ;
#357 = VERTEX_POINT ( 'NONE', #2954 ) ;
#358 = EDGE_CURVE ( 'NONE', #2761, #121, #1935, .T. ) ;
#359 = SURFACE_STYLE_FILL_AREA ( #2870 ) ;
#360 = EDGE_CURVE ( 'NONE', #1533, #2585, #3256, .T. ) ;
#361 = DIRECTION ( 'NONE',  ( 1.000000000000000000, 0.000000000000000000, 0.000000000000000000 ) ) ;
#362 = ORIENTED_EDGE ( 'NONE', *, *, #3203, .F. ) ;
#363 = ORIENTED_EDGE ( 'NONE', *, *, #2508, .F. ) ;
#364 = CARTESIAN_POINT ( 'NONE',  ( 3.660000000000000142, 2.929999999999949978, 0.8524999999999999245 ) ) ;
#365 = DIRECTION ( 'NONE',  ( -0.000000000000000000, 1.000000000000000000, 0.000000000000000000 ) ) ;
#366 = VECTOR ( 'NONE', #173, 1000.000000000000000 ) ;
#367 = DIRECTION ( 'NONE',  ( -1.000000000000000000, 0.000000000000000000, 0.000000000000000000 ) ) ;
#368 = AXIS2_PLACEMENT_3D ( 'NONE', #3500, #3780, #132 ) ;
#369 = VECTOR ( 'NONE', #1639, 1000.000000000000000 ) ;
#370 = AXIS2_PLACEMENT_3D ( 'NONE', #1613, #2823, #2212 ) ;
#371 = DIRECTION ( 'NONE',  ( 0.000000000000000000, 0.000000000000000000, 1.000000000000000000 ) ) ;
#372 = ORIENTED_EDGE ( 'NONE', *, *, #360, .F. ) ;
#373 = DIRECTION ( 'NONE',  ( 0.000000000000000000, 0.000000000000000000, 1.000000000000000000 ) ) ;
#374 = DIRECTION ( 'NONE',  ( -1.000000000000000000, 0.000000000000000000, 0.000000000000000000 ) ) ;
#375 = EDGE_LOOP ( 'NONE', ( #104, #1894, #3924, #1907, #483, #2745, #2106, #2770, #2778, #138, #2777, #2760 ) ) ;
#376 = VERTEX_POINT ( 'NONE', #3227 ) ;
#377 = AXIS2_PLACEMENT_3D ( 'NONE', #2162, #2118, #2927 ) ;
#378 = CARTESIAN_POINT ( 'NONE',  ( 3.935000000000000053, 2.929999999999949978, -0.8524999999999999245 ) ) ;
#379 = LINE ( 'NONE', #1063, #1749 ) ;
#380 = PLANE ( 'NONE',  #2680 ) ;
#381 = LINE ( 'NONE', #2494, #1721 ) ;
#382 = CARTESIAN_POINT ( 'NONE',  ( -3.660000000000000142, 2.929999999999949978, 0.8524999999999999245 ) ) ;
#383 = ORIENTED_EDGE ( 'NONE', *, *, #2840, .F. ) ;
#384 = PRESENTATION_LAYER_ASSIGNMENT (  '', '', ( #2116 ) ) ;
#385 = DIRECTION ( 'NONE',  ( 1.000000000000000000, 1.286886851614849961E-16, 0.000000000000000000 ) ) ;
#386 = ADVANCED_FACE ( 'NONE', ( #617 ), #1090, .F. ) ;
#387 = DIRECTION ( 'NONE',  ( 3.133381294258775062E-16, -1.000000000000000000, 1.566690647129389750E-16 ) ) ;
#388 = SURFACE_STYLE_USAGE ( .BOTH. , #2710 ) ;
#389 = ORIENTED_EDGE ( 'NONE', *, *, #98, .T. ) ;
#390 = VERTEX_POINT ( 'NONE', #1735 ) ;
#391 = ADVANCED_FACE ( 'NONE', ( #3125 ), #1824, .F. ) ;
#392 = PRESENTATION_LAYER_ASSIGNMENT (  '', '', ( #3654 ) ) ;
#393 = CARTESIAN_POINT ( 'NONE',  ( -3.935000000000000053, -3.810000000000000053, 1.687500000000000000 ) ) ;
#394 = VECTOR ( 'NONE', #2121, 1000.000000000000000 ) ;
#395 = DIRECTION ( 'NONE',  ( 1.286886851614851933E-16, -1.000000000000000000, 0.000000000000000000 ) ) ;
#396 = ORIENTED_EDGE ( 'NONE', *, *, #3466, .T. ) ;
#397 = ORIENTED_EDGE ( 'NONE', *, *, #34, .F. ) ;
#398 = DIRECTION ( 'NONE',  ( 1.000000000000000000, 0.000000000000000000, 0.000000000000000000 ) ) ;
#399 = EDGE_CURVE ( 'NONE', #1422, #3399, #3138, .T. ) ;
#400 = VECTOR ( 'NONE', #3834, 1000.000000000000000 ) ;
#401 = DIRECTION ( 'NONE',  ( -1.000000000000000000, 0.000000000000000000, 0.000000000000000000 ) ) ;
#402 = FILL_AREA_STYLE_COLOUR ( '', #889 ) ;
#403 = ORIENTED_EDGE ( 'NONE', *, *, #2571, .F. ) ;
#404 = ORIENTED_EDGE ( 'NONE', *, *, #2037, .F. ) ;
#405 = DIRECTION ( 'NONE',  ( 3.758310153692524776E-16, 0.8344190475701450671, 0.5511305227005049989 ) ) ;
#406 = DIRECTION ( 'NONE',  ( -4.435676520519212926E-16, 0.9848077530122075762, 0.1736481776669324406 ) ) ;
#407 = CARTESIAN_POINT ( 'NONE',  ( -3.158543437801574871, 2.954999999999950333, -1.992499999999999938 ) ) ;
#408 = VECTOR ( 'NONE', #1386, 1000.000000000000000 ) ;
#409 = DIRECTION ( 'NONE',  ( 0.000000000000000000, 1.000000000000000000, 0.000000000000000000 ) ) ;
#410 = EDGE_CURVE ( 'NONE', #376, #3198, #1831, .T. ) ;
#411 = ORIENTED_EDGE ( 'NONE', *, *, #415, .F. ) ;
#412 = PLANE ( 'NONE',  #2594 ) ;
#413 = ORIENTED_EDGE ( 'NONE', *, *, #2078, .F. ) ;
#414 = DIRECTION ( 'NONE',  ( 0.000000000000000000, 1.000000000000000000, 0.000000000000000000 ) ) ;
#415 = EDGE_CURVE ( 'NONE', #1668, #156, #3328, .T. ) ;
#416 = VECTOR ( 'NONE', #773, 1000.000000000000000 ) ;
#417 = CARTESIAN_POINT ( 'NONE',  ( 3.935000000000000053, -0.7418666113899040626, -2.177500000000000213 ) ) ;
#418 = DIRECTION ( 'NONE',  ( -1.000000000000000000, -1.286886851614851933E-16, 0.000000000000000000 ) ) ;
#419 = DIRECTION ( 'NONE',  ( 0.000000000000000000, 0.000000000000000000, 1.000000000000000000 ) ) ;
#420 = ORIENTED_EDGE ( 'NONE', *, *, #3548, .T. ) ;
#421 = ORIENTED_EDGE ( 'NONE', *, *, #3914, .F. ) ;
#422 = SURFACE_SIDE_STYLE ('',( #822 ) ) ;
#423 = VECTOR ( 'NONE', #2919, 1000.000000000000000 ) ;
#424 = CARTESIAN_POINT ( 'NONE',  ( -3.174999999999999822, 3.080000000000039595, -4.254999999999999893 ) ) ;
#425 = ADVANCED_FACE ( 'NONE', ( #649 ), #3629, .F. ) ;
#426 = EDGE_LOOP ( 'NONE', ( #3836, #3384, #2478, #1198, #3783, #2469, #1088, #134, #2052, #1185, #2103, #1139 ) ) ;
#427 = EDGE_LOOP ( 'NONE', ( #2916, #1706, #752, #3969, #3184, #1603, #3949, #3923, #2893 ) ) ;
#428 = PLANE ( 'NONE',  #172 ) ;
#429 = LINE ( 'NONE', #1445, #3054 ) ;
#430 = CARTESIAN_POINT ( 'NONE',  ( 3.935000000000000053, 1.373751714098847875E-15, 3.392500000000000071 ) ) ;
#431 = ORIENTED_EDGE ( 'NONE', *, *, #3319, .F. ) ;
#432 = ORIENTED_EDGE ( 'NONE', *, *, #875, .T. ) ;
#433 = VERTEX_POINT ( 'NONE', #2271 ) ;
#434 = CARTESIAN_POINT ( 'NONE',  ( -3.174999999999999822, 3.079999999999949889, -4.254999999999999893 ) ) ;
#435 = CARTESIAN_POINT ( 'NONE',  ( -3.174999999999999822, 3.079999999999949889, -1.687500000000000000 ) ) ;
#436 = FACE_OUTER_BOUND ( 'NONE', #3794, .T. ) ;
#437 = DIRECTION ( 'NONE',  ( 3.133381294258779992E-16, -1.000000000000000000, -7.833453235646948748E-17 ) ) ;
#438 = AXIS2_PLACEMENT_3D ( 'NONE', #2209, #2600, #2545 ) ;
#439 = ORIENTED_EDGE ( 'NONE', *, *, #3408, .F. ) ;
#440 = DIRECTION ( 'NONE',  ( 0.000000000000000000, -1.000000000000000000, -2.620428211445405372E-16 ) ) ;
#441 = ORIENTED_EDGE ( 'NONE', *, *, #446, .F. ) ;
#442 = CARTESIAN_POINT ( 'NONE',  ( -3.935000000000000053, 2.819605174045369811, -1.061419830583905988 ) ) ;
#443 = CARTESIAN_POINT ( 'NONE',  ( 3.935000000000000053, -0.7418666113899040626, 2.177500000000000213 ) ) ;
#444 = DIRECTION ( 'NONE',  ( 0.000000000000000000, 1.000000000000000000, 0.000000000000000000 ) ) ;
#445 = ORIENTED_EDGE ( 'NONE', *, *, #2251, .F. ) ;
#446 = EDGE_CURVE ( 'NONE', #2490, #3104, #2026, .T. ) ;
#447 = ORIENTED_EDGE ( 'NONE', *, *, #3169, .F. ) ;
#448 = CARTESIAN_POINT ( 'NONE',  ( -3.660000000000000142, 2.929999999999949978, 3.392500000000000071 ) ) ;
#449 = VECTOR ( 'NONE', #2639, 1000.000000000000000 ) ;
#450 = VERTEX_POINT ( 'NONE', #3859 ) ;
#451 = ORIENTED_EDGE ( 'NONE', *, *, #2251, .T. ) ;
#452 = DIRECTION ( 'NONE',  ( -1.000000000000000000, 0.000000000000000000, 0.000000000000000000 ) ) ;
#453 = LINE ( 'NONE', #1892, #3008 ) ;
#454 = EDGE_CURVE ( 'NONE', #311, #1807, #2123, .T. ) ;
#455 = ORIENTED_EDGE ( 'NONE', *, *, #2809, .F. ) ;
#456 = ADVANCED_FACE ( 'NONE', ( #1969 ), #2073, .F. ) ;
#457 = EDGE_CURVE ( 'NONE', #3048, #3967, #2100, .T. ) ;
#458 = DIRECTION ( 'NONE',  ( -1.286886851614851933E-16, 1.000000000000000000, 0.000000000000000000 ) ) ;
#459 = CARTESIAN_POINT ( 'NONE',  ( -3.660000000000000142, 2.929999999999949978, 3.392500000000000071 ) ) ;
#460 = EDGE_LOOP ( 'NONE', ( #3172, #1273, #3378, #2811 ) ) ;
#461 = LINE ( 'NONE', #3528, #2997 ) ;
#462 = CARTESIAN_POINT ( 'NONE',  ( -3.685000000000000053, -3.510000000000000231, 2.637500000000000178 ) ) ;
#463 = ORIENTED_EDGE ( 'NONE', *, *, #98, .F. ) ;
#464 = DIRECTION ( 'NONE',  ( -0.9914448613738102711, -0.1305261922200534608, 0.000000000000000000 ) ) ;
#465 = CARTESIAN_POINT ( 'NONE',  ( 3.935000000000000053, -3.810000000000000053, 1.687500000000000000 ) ) ;
#466 = VECTOR ( 'NONE', #2395, 1000.000000000000000 ) ;
#467 = DIRECTION ( 'NONE',  ( 0.000000000000000000, 0.000000000000000000, -1.000000000000000000 ) ) ;
#468 = ORIENTED_EDGE ( 'NONE', *, *, #3959, .F. ) ;
#469 =( GEOMETRIC_REPRESENTATION_CONTEXT ( 3 ) GLOBAL_UNCERTAINTY_ASSIGNED_CONTEXT ( ( #3492 ) ) GLOBAL_UNIT_ASSIGNED_CONTEXT ( ( #754, #3453, #1037 ) ) REPRESENTATION_CONTEXT ( 'NONE', 'WORKASPACE' ) );
#470 =( LENGTH_UNIT ( ) NAMED_UNIT ( * ) SI_UNIT ( .MILLI., .METRE. ) );
#471 = ORIENTED_EDGE ( 'NONE', *, *, #2392, .T. ) ;
#472 = CIRCLE ( 'NONE', #1112, 0.4499999999999999001 ) ;
#473 = VECTOR ( 'NONE', #739, 1000.000000000000000 ) ;
#474 = MECHANICAL_DESIGN_GEOMETRIC_PRESENTATION_REPRESENTATION (  '', ( #2116 ), #2797 ) ;
#475 = FILL_AREA_STYLE_COLOUR ( '', #1689 ) ;
#476 = LINE ( 'NONE', #1339, #1876 ) ;
#477 = VECTOR ( 'NONE', #3823, 1000.000000000000000 ) ;
#478 = PLANE ( 'NONE',  #3192 ) ;
#479 = FACE_OUTER_BOUND ( 'NONE', #3478, .T. ) ;
#480 = PLANE ( 'NONE',  #3297 ) ;
#481 = EDGE_CURVE ( 'NONE', #1286, #1213, #772, .T. ) ;
#482 = CARTESIAN_POINT ( 'NONE',  ( -3.685000000000000053, -0.7418666113899050618, -2.637500000000000178 ) ) ;
#483 = ORIENTED_EDGE ( 'NONE', *, *, #3035, .T. ) ;
#484 = LINE ( 'NONE', #863, #533 ) ;
#485 = DIRECTION ( 'NONE',  ( 9.019477303400230192E-17, -0.7008757057453910422, 0.7132834255020229497 ) ) ;
#486 = VECTOR ( 'NONE', #1933, 1000.000000000000114 ) ;
#487 = LINE ( 'NONE', #3145, #1927 ) ;
#488 = ADVANCED_FACE ( 'NONE', ( #1958 ), #1334, .F. ) ;
#489 = MANIFOLD_SOLID_BREP ( 'NONE', #1165 ) ;
#490 = VERTEX_POINT ( 'NONE', #1009 ) ;
#491 = EDGE_CURVE ( 'NONE', #2564, #3198, #2013, .T. ) ;
#492 = FACE_OUTER_BOUND ( 'NONE', #1239, .T. ) ;
#493 = CARTESIAN_POINT ( 'NONE',  ( -3.660000000000000142, 2.954999999999950333, 3.392500000000000071 ) ) ;
#494 = DIRECTION ( 'NONE',  ( -1.000000000000000000, 0.000000000000000000, 2.269128730586679577E-17 ) ) ;
#495 = CARTESIAN_POINT ( 'NONE',  ( 3.935000000000000053, -3.510000000000000231, 2.177500000000000213 ) ) ;
#496 = COLOUR_RGB ( '',0.2509803921568627416, 0.2509803921568627416, 0.2509803921568627416 ) ;
#497 = EDGE_CURVE ( 'NONE', #2951, #1680, #1996, .T. ) ;
#498 = EDGE_CURVE ( 'NONE', #3808, #2844, #3285, .T. ) ;
#499 = DIRECTION ( 'NONE',  ( -0.1305261922200534608, 0.9914448613738102711, 0.000000000000000000 ) ) ;
#500 = VECTOR ( 'NONE', #3383, 1000.000000000000000 ) ;
#501 = DIRECTION ( 'NONE',  ( 1.000000000000000000, 0.000000000000000000, 0.000000000000000000 ) ) ;
#502 = VECTOR ( 'NONE', #1497, 1000.000000000000000 ) ;
#503 = CARTESIAN_POINT ( 'NONE',  ( 3.685000000000000053, -0.7418666113899040626, 2.637500000000000178 ) ) ;
#504 = CARTESIAN_POINT ( 'NONE',  ( 0.000000000000000000, 5.080000000000000071, 3.991695004825209558 ) ) ;
#505 = CARTESIAN_POINT ( 'NONE',  ( -3.935000000000000053, 2.929999999999949978, 2.637500000000000178 ) ) ;
#506 = EDGE_CURVE ( 'NONE', #257, #653, #3428, .T. ) ;
#507 = CARTESIAN_POINT ( 'NONE',  ( 3.660000000000000142, 2.954999999999950333, 0.8524999999999999245 ) ) ;
#508 = VECTOR ( 'NONE', #3909, 1000.000000000000000 ) ;
#509 = VERTEX_POINT ( 'NONE', #783 ) ;
#510 = CARTESIAN_POINT ( 'NONE',  ( 3.158543437801574871, 3.204999999999949889, 1.687500000000000000 ) ) ;
#511 = CYLINDRICAL_SURFACE ( 'NONE', #3421, 0.02499999999999984873 ) ;
#512 = ADVANCED_FACE ( 'NONE', ( #2043 ), #2018, .F. ) ;
#513 = PLANE ( 'NONE',  #975 ) ;
#514 = DIRECTION ( 'NONE',  ( 0.000000000000000000, 0.000000000000000000, 1.000000000000000000 ) ) ;
#515 = ORIENTED_EDGE ( 'NONE', *, *, #3622, .T. ) ;
#516 = FACE_OUTER_BOUND ( 'NONE', #95, .T. ) ;
#517 = AXIS2_PLACEMENT_3D ( 'NONE', #2190, #856, #1136 ) ;
#518 = FACE_OUTER_BOUND ( 'NONE', #1504, .T. ) ;
#519 = ORIENTED_EDGE ( 'NONE', *, *, #498, .T. ) ;
#520 = PLANE ( 'NONE',  #3590 ) ;
#521 = EDGE_LOOP ( 'NONE', ( #1236, #2442, #3346, #2058 ) ) ;
#522 = VECTOR ( 'NONE', #788, 1000.000000000000000 ) ;
#523 = CARTESIAN_POINT ( 'NONE',  ( 3.935000000000000053, 2.929999999999949978, 0.8524999999999999245 ) ) ;
#524 = FACE_OUTER_BOUND ( 'NONE', #654, .T. ) ;
#525 = CARTESIAN_POINT ( 'NONE',  ( 3.935000000000000053, -3.510000000000000231, 2.177500000000000213 ) ) ;
#526 = EDGE_CURVE ( 'NONE', #2922, #280, #3342, .T. ) ;
#527 = ORIENTED_EDGE ( 'NONE', *, *, #3261, .F. ) ;
#528 = LINE ( 'NONE', #2021, #1858 ) ;
#529 = EDGE_CURVE ( 'NONE', #1106, #351, #3406, .T. ) ;
#530 = ORIENTED_EDGE ( 'NONE', *, *, #2704, .F. ) ;
#531 = DIRECTION ( 'NONE',  ( 0.000000000000000000, 0.000000000000000000, 1.000000000000000000 ) ) ;
#532 = EDGE_LOOP ( 'NONE', ( #1331, #3212, #3950, #1953 ) ) ;
#533 = VECTOR ( 'NONE', #1423, 1000.000000000000000 ) ;
#534 = CARTESIAN_POINT ( 'NONE',  ( 3.935000000000000053, 9.400708451046461017E-16, -0.8524999999999999245 ) ) ;
#535 = FACE_OUTER_BOUND ( 'NONE', #1098, .T. ) ;
#536 = ORIENTED_EDGE ( 'NONE', *, *, #629, .T. ) ;
#537 = EDGE_CURVE ( 'NONE', #2679, #3759, #2035, .T. ) ;
#538 = CARTESIAN_POINT ( 'NONE',  ( 3.935000000000000053, -3.810000000000000053, 0.8524999999999999245 ) ) ;
#539 = DIRECTION ( 'NONE',  ( 0.000000000000000000, -1.000000000000000000, -2.620428211445405372E-16 ) ) ;
#540 = ORIENTED_EDGE ( 'NONE', *, *, #2568, .T. ) ;
#541 = VECTOR ( 'NONE', #3900, 1000.000000000000000 ) ;
#542 = EDGE_CURVE ( 'NONE', #3843, #163, #782, .T. ) ;
#543 = LINE ( 'NONE', #3457, #3215 ) ;
#544 = ADVANCED_FACE ( 'NONE', ( #2128 ), #902, .F. ) ;
#545 = EDGE_LOOP ( 'NONE', ( #1295, #2095, #2551, #2069 ) ) ;
#546 = DIRECTION ( 'NONE',  ( 0.000000000000000000, 0.000000000000000000, 1.000000000000000000 ) ) ;
#547 = VERTEX_POINT ( 'NONE', #1766 ) ;
#548 = LINE ( 'NONE', #3598, #592 ) ;
#549 = CARTESIAN_POINT ( 'NONE',  ( -3.935000000000000053, -3.810000000000000053, 0.8524999999999999245 ) ) ;
#550 = LINE ( 'NONE', #3049, #1880 ) ;
#551 = CARTESIAN_POINT ( 'NONE',  ( 3.935000000000000053, -3.810000000000000053, -1.687500000000000000 ) ) ;
#552 = AXIS2_PLACEMENT_3D ( 'NONE', #1397, #546, #1143 ) ;
#553 = VERTEX_POINT ( 'NONE', #1095 ) ;
#554 = CARTESIAN_POINT ( 'NONE',  ( -3.158543437801574871, 2.954999999999950333, 3.392500000000000071 ) ) ;
#555 = DIRECTION ( 'NONE',  ( 4.435676520519220815E-16, 0.9848077530122082424, -0.1736481776669295263 ) ) ;
#556 = VERTEX_POINT ( 'NONE', #3365 ) ;
#557 = DIRECTION ( 'NONE',  ( 0.000000000000000000, 0.000000000000000000, -1.000000000000000000 ) ) ;
#558 = VECTOR ( 'NONE', #1392, 1000.000000000000000 ) ;
#559 = AXIS2_PLACEMENT_3D ( 'NONE', #2907, #2546, #129 ) ;
#560 = ORIENTED_EDGE ( 'NONE', *, *, #3622, .F. ) ;
#561 = ORIENTED_EDGE ( 'NONE', *, *, #3539, .F. ) ;
#562 = FACE_OUTER_BOUND ( 'NONE', #1152, .T. ) ;
#563 = DIRECTION ( 'NONE',  ( 4.435676520519214405E-16, -0.9848077530122079093, -0.1736481776669314692 ) ) ;
#564 = AXIS2_PLACEMENT_3D ( 'NONE', #3010, #8, #352 ) ;
#565 = DIRECTION ( 'NONE',  ( -1.000000000000000000, -1.286886851614851933E-16, 0.000000000000000000 ) ) ;
#566 = DIRECTION ( 'NONE',  ( 0.000000000000000000, 1.000000000000000000, 0.000000000000000000 ) ) ;
#567 = ORIENTED_EDGE ( 'NONE', *, *, #1550, .F. ) ;
#568 = PRESENTATION_STYLE_ASSIGNMENT (( #3262 ) ) ;
#569 = LINE ( 'NONE', #3639, #1848 ) ;
#570 = DIRECTION ( 'NONE',  ( -1.000000000000000000, -1.286886851614851933E-16, 0.000000000000000000 ) ) ;
#571 = PLANE ( 'NONE',  #755 ) ;
#572 = ORIENTED_EDGE ( 'NONE', *, *, #1759, .T. ) ;
#573 = EDGE_CURVE ( 'NONE', #3224, #2944, #3279, .T. ) ;
#574 = VECTOR ( 'NONE', #1495, 1000.000000000000000 ) ;
#575 = DIRECTION ( 'NONE',  ( -1.000000000000000000, 1.286886851614851933E-16, 0.000000000000000000 ) ) ;
#576 = FACE_OUTER_BOUND ( 'NONE', #2163, .T. ) ;
#577 = PLANE ( 'NONE',  #3526 ) ;
#578 = ADVANCED_FACE ( 'NONE', ( #801 ), #3926, .F. ) ;
#579 = CARTESIAN_POINT ( 'NONE',  ( -3.935000000000000053, 2.929999999999949978, -0.8524999999999999245 ) ) ;
#580 = CARTESIAN_POINT ( 'NONE',  ( 3.935000000000000053, -3.510000000000000231, 0.2300000000000000100 ) ) ;
#581 = ORIENTED_EDGE ( 'NONE', *, *, #1393, .F. ) ;
#582 = ORIENTED_EDGE ( 'NONE', *, *, #948, .T. ) ;
#583 = VECTOR ( 'NONE', #3676, 1000.000000000000114 ) ;
#584 = CARTESIAN_POINT ( 'NONE',  ( -3.685000000000000053, -3.810000000000000053, -1.992499999999999938 ) ) ;
#585 = EDGE_CURVE ( 'NONE', #294, #1807, #1989, .T. ) ;
#586 = VECTOR ( 'NONE', #898, 1000.000000000000000 ) ;
#587 = CIRCLE ( 'NONE', #3888, 0.02499999999999984873 ) ;
#588 = CARTESIAN_POINT ( 'NONE',  ( 3.935000000000000053, 1.550000000000000044, 1.992499999999999938 ) ) ;
#589 = PLANE ( 'NONE',  #2901 ) ;
#590 = ORIENTED_EDGE ( 'NONE', *, *, #3083, .T. ) ;
#591 = ORIENTED_EDGE ( 'NONE', *, *, #845, .F. ) ;
#592 = VECTOR ( 'NONE', #1459, 1000.000000000000114 ) ;
#593 = EDGE_CURVE ( 'NONE', #2944, #79, #2133, .T. ) ;
#594 = FACE_OUTER_BOUND ( 'NONE', #2915, .T. ) ;
#595 = DIRECTION ( 'NONE',  ( -9.858125216024387000E-17, 0.7660444431189817882, 0.6427876096865349220 ) ) ;
#596 = DIRECTION ( 'NONE',  ( 3.372194610909714747E-32, 0.000000000000000000, 1.000000000000000000 ) ) ;
#597 = ORIENTED_EDGE ( 'NONE', *, *, #684, .T. ) ;
#598 = ORIENTED_EDGE ( 'NONE', *, *, #3269, .T. ) ;
#599 = LINE ( 'NONE', #2620, #3113 ) ;
#600 = CYLINDRICAL_SURFACE ( 'NONE', #2422, 0.4499999999999999001 ) ;
#601 = PLANE ( 'NONE',  #1124 ) ;
#602 = CARTESIAN_POINT ( 'NONE',  ( -3.685000000000000053, 1.550000000000000044, 1.992499999999999938 ) ) ;
#603 = DIRECTION ( 'NONE',  ( 0.000000000000000000, 0.000000000000000000, -1.000000000000000000 ) ) ;
#604 = LINE ( 'NONE', #3128, #3258 ) ;
#605 = ORIENTED_EDGE ( 'NONE', *, *, #2525, .F. ) ;
#606 = FACE_OUTER_BOUND ( 'NONE', #293, .T. ) ;
#607 = AXIS2_PLACEMENT_3D ( 'NONE', #3142, #2559, #2891 ) ;
#608 = AXIS2_PLACEMENT_3D ( 'NONE', #3451, #2557, #2266 ) ;
#609 = CARTESIAN_POINT ( 'NONE',  ( 3.660000000000000142, 2.929999999999949978, 3.392500000000000071 ) ) ;
#610 = VECTOR ( 'NONE', #887, 1000.000000000000000 ) ;
#611 = DIRECTION ( 'NONE',  ( -2.016153594338775066E-32, 1.566690647129389750E-16, -1.000000000000000000 ) ) ;
#612 = ORIENTED_EDGE ( 'NONE', *, *, #732, .T. ) ;
#613 = ORIENTED_EDGE ( 'NONE', *, *, #593, .T. ) ;
#614 = VECTOR ( 'NONE', #657, 1000.000000000000000 ) ;
#615 = DIRECTION ( 'NONE',  ( -1.000000000000000000, -1.286886851614851933E-16, 0.000000000000000000 ) ) ;
#616 = AXIS2_PLACEMENT_3D ( 'NONE', #961, #1600, #1902 ) ;
#617 = FACE_OUTER_BOUND ( 'NONE', #2930, .T. ) ;
#618 = CARTESIAN_POINT ( 'NONE',  ( 3.685000000000000053, 1.550000000000000044, 1.992499999999999938 ) ) ;
#619 = LINE ( 'NONE', #3718, #1946 ) ;
#620 = ORIENTED_EDGE ( 'NONE', *, *, #1785, .T. ) ;
#621 = VECTOR ( 'NONE', #1942, 1000.000000000000000 ) ;
#622 = CARTESIAN_POINT ( 'NONE',  ( 3.935000000000000053, 1.373751714098847875E-15, 3.392500000000000071 ) ) ;
#623 = AXIS2_PLACEMENT_3D ( 'NONE', #1114, #1656, #2248 ) ;
#624 = DIRECTION ( 'NONE',  ( 9.019477303400230192E-17, -0.7008757057453910422, -0.7132834255020229497 ) ) ;
#625 = LINE ( 'NONE', #3069, #3274 ) ;
#626 = ORIENTED_EDGE ( 'NONE', *, *, #2300, .T. ) ;
#627 = VECTOR ( 'NONE', #3091, 999.9999999999998863 ) ;
#628 = VECTOR ( 'NONE', #2298, 1000.000000000000000 ) ;
#629 = EDGE_CURVE ( 'NONE', #1480, #1615, #2140, .T. ) ;
#630 = ORIENTED_EDGE ( 'NONE', *, *, #793, .F. ) ;
#631 = ORIENTED_EDGE ( 'NONE', *, *, #3509, .F. ) ;
#632 = VECTOR ( 'NONE', #3523, 1000.000000000000000 ) ;
#633 = DIRECTION ( 'NONE',  ( -1.000000000000000000, 0.000000000000000000, 0.000000000000000000 ) ) ;
#634 = LINE ( 'NONE', #2149, #642 ) ;
#635 = EDGE_CURVE ( 'NONE', #124, #3634, #634, .T. ) ;
#636 = CARTESIAN_POINT ( 'NONE',  ( -3.685000000000000053, -3.810000000000000053, 2.637500000000000178 ) ) ;
#637 = LINE ( 'NONE', #3934, #3605 ) ;
#638 = ORIENTED_EDGE ( 'NONE', *, *, #948, .F. ) ;
#639 = LINE ( 'NONE', #224, #1966 ) ;
#640 = CARTESIAN_POINT ( 'NONE',  ( 3.685000000000000053, -3.810000000000000053, 0.8524999999999999245 ) ) ;
#641 = EDGE_CURVE ( 'NONE', #231, #3433, #3305, .T. ) ;
#642 = VECTOR ( 'NONE', #652, 1000.000000000000000 ) ;
#643 = PLANE ( 'NONE',  #2274 ) ;
#644 = EDGE_CURVE ( 'NONE', #257, #3843, #3445, .T. ) ;
#645 = EDGE_LOOP ( 'NONE', ( #774, #536, #530, #180 ) ) ;
#646 = ORIENTED_EDGE ( 'NONE', *, *, #3805, .T. ) ;
#647 = CIRCLE ( 'NONE', #2534, 0.02499999999999984873 ) ;
#648 = DIRECTION ( 'NONE',  ( 0.000000000000000000, 0.000000000000000000, 1.000000000000000000 ) ) ;
#649 = FACE_OUTER_BOUND ( 'NONE', #695, .T. ) ;
#650 = EDGE_CURVE ( 'NONE', #490, #3776, #3310, .T. ) ;
#651 = CARTESIAN_POINT ( 'NONE',  ( 3.935000000000000053, -3.510000000000000231, 0.2300000000000000100 ) ) ;
#652 = DIRECTION ( 'NONE',  ( -1.000000000000000000, -1.286886851614851933E-16, 0.000000000000000000 ) ) ;
#653 = VERTEX_POINT ( 'NONE', #2191 ) ;
#654 = EDGE_LOOP ( 'NONE', ( #1282, #3827, #2317, #1324 ) ) ;
#655 = CARTESIAN_POINT ( 'NONE',  ( 3.935000000000000053, 2.929999999999949978, 3.392500000000000071 ) ) ;
#656 = LINE ( 'NONE', #1746, #2064 ) ;
#657 = DIRECTION ( 'NONE',  ( -1.000000000000000000, -1.286886851614851933E-16, 0.000000000000000000 ) ) ;
#658 = ORIENTED_EDGE ( 'NONE', *, *, #358, .F. ) ;
#659 = ORIENTED_EDGE ( 'NONE', *, *, #457, .T. ) ;
#660 = LINE ( 'NONE', #3758, #1994 ) ;
#661 = CARTESIAN_POINT ( 'NONE',  ( -3.935000000000000053, 2.929999999999949978, -2.637500000000000178 ) ) ;
#662 = CYLINDRICAL_SURFACE ( 'NONE', #1082, 0.4499999999999999001 ) ;
#663 = MECHANICAL_DESIGN_GEOMETRIC_PRESENTATION_REPRESENTATION (  '', ( #860 ), #2645 ) ;
#664 = CARTESIAN_POINT ( 'NONE',  ( 3.660000000000000142, 3.204999999999954774, 1.992499999999999938 ) ) ;
#665 = ORIENTED_EDGE ( 'NONE', *, *, #358, .T. ) ;
#666 = ORIENTED_EDGE ( 'NONE', *, *, #199, .F. ) ;
#667 = VECTOR ( 'NONE', #485, 1000.000000000000114 ) ;
#668 = FILL_AREA_STYLE ('',( #3686 ) ) ;
#669 = DIRECTION ( 'NONE',  ( -4.435676520519214405E-16, -0.9848077530122079093, 0.1736481776669314692 ) ) ;
#670 = CARTESIAN_POINT ( 'NONE',  ( 3.174999999999999822, 3.079999999999949889, 1.687500000000000000 ) ) ;
#671 = DIRECTION ( 'NONE',  ( 0.000000000000000000, 0.000000000000000000, 1.000000000000000000 ) ) ;
#672 = ADVANCED_FACE ( 'NONE', ( #2145 ), #662, .F. ) ;
#673 = ORIENTED_EDGE ( 'NONE', *, *, #2164, .T. ) ;
#674 = ORIENTED_EDGE ( 'NONE', *, *, #3330, .F. ) ;
#675 = EDGE_CURVE ( 'NONE', #3150, #357, #2197, .T. ) ;
#676 = LINE ( 'NONE', #1214, #2032 ) ;
#677 = DIRECTION ( 'NONE',  ( -1.000000000000000000, -1.286886851614851933E-16, 0.000000000000000000 ) ) ;
#678 = ADVANCED_FACE ( 'NONE', ( #912 ), #3414, .F. ) ;
#679 = DIRECTION ( 'NONE',  ( -3.156817056190080321E-16, 0.7008757057453910422, -0.7132834255020229497 ) ) ;
#680 = DIRECTION ( 'NONE',  ( 3.372194610909714747E-32, -2.620428211445405372E-16, 1.000000000000000000 ) ) ;
#681 = ORIENTED_EDGE ( 'NONE', *, *, #793, .T. ) ;
#682 = ORIENTED_EDGE ( 'NONE', *, *, #3700, .T. ) ;
#683 = LINE ( 'NONE', #2193, #1976 ) ;
#684 = EDGE_CURVE ( 'NONE', #3765, #824, #3468, .T. ) ;
#685 = VECTOR ( 'NONE', #1690, 1000.000000000000000 ) ;
#686 = CARTESIAN_POINT ( 'NONE',  ( -3.685000000000000053, -3.810000000000000053, 1.687500000000000000 ) ) ;
#687 = CARTESIAN_POINT ( 'NONE',  ( -3.935000000000000053, -3.510000000000000231, -2.637500000000000178 ) ) ;
#688 = ORIENTED_EDGE ( 'NONE', *, *, #1215, .T. ) ;
#689 = ORIENTED_EDGE ( 'NONE', *, *, #1138, .F. ) ;
#690 = CARTESIAN_POINT ( 'NONE',  ( -3.158543437801574871, 2.954999999999950333, 1.992499999999999938 ) ) ;
#691 = EDGE_CURVE ( 'NONE', #3224, #3773, #3461, .T. ) ;
#692 = DIRECTION ( 'NONE',  ( 0.000000000000000000, 0.000000000000000000, -1.000000000000000000 ) ) ;
#693 = EDGE_CURVE ( 'NONE', #2505, #1475, #3549, .T. ) ;
#694 = CARTESIAN_POINT ( 'NONE',  ( -1.975000000000000089, 5.029999999999999361, -2.604999999999999982 ) ) ;
#695 = EDGE_LOOP ( 'NONE', ( #1388, #421, #3081, #362 ) ) ;
#696 = ORIENTED_EDGE ( 'NONE', *, *, #3856, .T. ) ;
#697 = LINE ( 'NONE', #2882, #3374 ) ;
#698 =( NAMED_UNIT ( * ) SI_UNIT ( $, .STERADIAN. ) SOLID_ANGLE_UNIT ( ) );
#699 = VECTOR ( 'NONE', #3621, 1000.000000000000000 ) ;
#700 = DIRECTION ( 'NONE',  ( -1.286886851614851933E-16, 1.000000000000000000, 0.000000000000000000 ) ) ;
#701 = ORIENTED_EDGE ( 'NONE', *, *, #953, .F. ) ;
#702 = ORIENTED_EDGE ( 'NONE', *, *, #1931, .F. ) ;
#703 = VECTOR ( 'NONE', #3475, 1000.000000000000114 ) ;
#704 = EDGE_CURVE ( 'NONE', #2804, #1419, #2241, .T. ) ;
#705 = CARTESIAN_POINT ( 'NONE',  ( -3.935000000000000053, -3.810000000000000053, -1.687500000000000000 ) ) ;
#706 = VECTOR ( 'NONE', #3485, 1000.000000000000000 ) ;
#707 = CARTESIAN_POINT ( 'NONE',  ( -3.685000000000000053, -3.810000000000000053, 1.687500000000000000 ) ) ;
#708 = ADVANCED_FACE ( 'NONE', ( #3508 ), #2749, .F. ) ;
#709 = DIRECTION ( 'NONE',  ( 1.000000000000000000, 1.286886851614849961E-16, 0.000000000000000000 ) ) ;
#710 = ORIENTED_EDGE ( 'NONE', *, *, #3542, .T. ) ;
#711 = ORIENTED_EDGE ( 'NONE', *, *, #2213, .T. ) ;
#712 = FACE_OUTER_BOUND ( 'NONE', #792, .T. ) ;
#713 = ADVANCED_FACE ( 'NONE', ( #2185 ), #3554, .T. ) ;
#714 = AXIS2_PLACEMENT_3D ( 'NONE', #2794, #3905, #3871 ) ;
#715 = CARTESIAN_POINT ( 'NONE',  ( 3.158543437801574871, 2.954999999999950333, -1.687500000000000000 ) ) ;
#716 = DIRECTION ( 'NONE',  ( -0.9914448613738108262, 0.1305261922200484093, 0.000000000000000000 ) ) ;
#717 = ORIENTED_EDGE ( 'NONE', *, *, #3672, .T. ) ;
#718 = VECTOR ( 'NONE', #3607, 1000.000000000000000 ) ;
#719 = DIRECTION ( 'NONE',  ( 0.1305261922200499358, -0.9914448613738106042, 0.000000000000000000 ) ) ;
#720 = AXIS2_PLACEMENT_3D ( 'NONE', #609, #1195, #2155 ) ;
#721 = DIRECTION ( 'NONE',  ( 0.000000000000000000, 0.000000000000000000, 1.000000000000000000 ) ) ;
#722 = PLANE ( 'NONE',  #3244 ) ;
#723 = CARTESIAN_POINT ( 'NONE',  ( 3.685000000000000053, -3.810000000000000053, 0.1771019057874599900 ) ) ;
#724 = CARTESIAN_POINT ( 'NONE',  ( -3.935000000000000053, 2.819605174045369811, 1.061419830583905988 ) ) ;
#725 = ORIENTED_EDGE ( 'NONE', *, *, #1923, .F. ) ;
#726 = VECTOR ( 'NONE', #165, 1000.000000000000000 ) ;
#727 = CARTESIAN_POINT ( 'NONE',  ( -3.935000000000000053, -3.810000000000000053, 2.230398094212539650 ) ) ;
#728 = ORIENTED_EDGE ( 'NONE', *, *, #1794, .F. ) ;
#729 = VECTOR ( 'NONE', #1055, 1000.000000000000000 ) ;
#730 = DIRECTION ( 'NONE',  ( -3.156817056190080321E-16, -0.7008757057453910422, 0.7132834255020229497 ) ) ;
#731 = DIRECTION ( 'NONE',  ( 0.000000000000000000, -0.9848077530122079093, -0.1736481776669314692 ) ) ;
#732 = EDGE_CURVE ( 'NONE', #1598, #3089, #831, .T. ) ;
#733 = DIRECTION ( 'NONE',  ( 0.000000000000000000, 0.000000000000000000, -1.000000000000000000 ) ) ;
#734 = CARTESIAN_POINT ( 'NONE',  ( 2.911695004825210376, 5.080000000000000071, 3.991695004825209558 ) ) ;
#735 = DIRECTION ( 'NONE',  ( -9.179150617533549474E-17, 0.7132834255020230607, -0.7008757057453910422 ) ) ;
#736 = VERTEX_POINT ( 'NONE', #1806 ) ;
#737 = ORIENTED_EDGE ( 'NONE', *, *, #2719, .T. ) ;
#738 = VECTOR ( 'NONE', #557, 1000.000000000000000 ) ;
#739 = DIRECTION ( 'NONE',  ( 3.450343825608533786E-16, 0.7660444431189817882, 0.6427876096865349220 ) ) ;
#740 = CARTESIAN_POINT ( 'NONE',  ( 3.685000000000000053, 2.929999999999949978, -0.8524999999999999245 ) ) ;
#741 = PLANE ( 'NONE',  #850 ) ;
#742 = EDGE_CURVE ( 'NONE', #351, #2803, #3487, .T. ) ;
#743 = ORIENTED_EDGE ( 'NONE', *, *, #2712, .T. ) ;
#744 = EDGE_LOOP ( 'NONE', ( #1447, #3907, #2928, #3012 ) ) ;
#745 = FACE_OUTER_BOUND ( 'NONE', #319, .T. ) ;
#746 = CARTESIAN_POINT ( 'NONE',  ( -3.660000000000000142, 2.954999999999950333, -1.687500000000000000 ) ) ;
#747 = ADVANCED_FACE ( 'NONE', ( #2217 ), #1162, .F. ) ;
#748 = CARTESIAN_POINT ( 'NONE',  ( -3.935000000000000053, -3.810000000000000053, 0.8524999999999999245 ) ) ;
#749 = EDGE_CURVE ( 'NONE', #1736, #107, #3561, .T. ) ;
#750 = CARTESIAN_POINT ( 'NONE',  ( -3.158543437801574871, 3.204999999999949889, -1.687500000000000000 ) ) ;
#751 = ORIENTED_EDGE ( 'NONE', *, *, #1581, .T. ) ;
#752 = ORIENTED_EDGE ( 'NONE', *, *, #835, .T. ) ;
#753 = LINE ( 'NONE', #1553, #627 ) ;
#754 =( LENGTH_UNIT ( ) NAMED_UNIT ( * ) SI_UNIT ( .MILLI., .METRE. ) );
#755 = AXIS2_PLACEMENT_3D ( 'NONE', #836, #1835, #603 ) ;
#756 = ORIENTED_EDGE ( 'NONE', *, *, #1489, .T. ) ;
#757 = VERTEX_POINT ( 'NONE', #1605 ) ;
#758 = LINE ( 'NONE', #1587, #3503 ) ;
#759 = CARTESIAN_POINT ( 'NONE',  ( 3.935000000000000053, -0.7418666113899029524, 0.2300000000000000100 ) ) ;
#760 = AXIS2_PLACEMENT_3D ( 'NONE', #1351, #3304, #849 ) ;
#761 =( NAMED_UNIT ( * ) SI_UNIT ( $, .STERADIAN. ) SOLID_ANGLE_UNIT ( ) );
#762 = ORIENTED_EDGE ( 'NONE', *, *, #446, .T. ) ;
#763 = LINE ( 'NONE', #2387, #2096 ) ;
#764 = DIRECTION ( 'NONE',  ( 0.000000000000000000, 0.000000000000000000, 1.000000000000000000 ) ) ;
#765 = DIRECTION ( 'NONE',  ( 0.000000000000000000, 0.000000000000000000, -1.000000000000000000 ) ) ;
#766 = DIRECTION ( 'NONE',  ( 0.000000000000000000, 0.000000000000000000, 1.000000000000000000 ) ) ;
#767 = ORIENTED_EDGE ( 'NONE', *, *, #1557, .T. ) ;
#768 = AXIS2_PLACEMENT_3D ( 'NONE', #525, #3151, #709 ) ;
#769 = ORIENTED_EDGE ( 'NONE', *, *, #1012, .F. ) ;
#770 = ORIENTED_EDGE ( 'NONE', *, *, #3322, .T. ) ;
#771 = CARTESIAN_POINT ( 'NONE',  ( 3.174999999999999822, 3.079999999999949889, -0.8524999999999999245 ) ) ;
#772 = LINE ( 'NONE', #2895, #3296 ) ;
#773 = DIRECTION ( 'NONE',  ( -0.1294283079955605986, 0.9831056027603609637, -0.1294283079955605986 ) ) ;
#774 = ORIENTED_EDGE ( 'NONE', *, *, #3066, .T. ) ;
#775 = MANIFOLD_SOLID_BREP ( 'NONE', #1717 ) ;
#776 = ORIENTED_EDGE ( 'NONE', *, *, #1332, .T. ) ;
#777 = CARTESIAN_POINT ( 'NONE',  ( 3.935000000000000053, -3.510000000000000231, -0.2300000000000000100 ) ) ;
#778 = EDGE_CURVE ( 'NONE', #3843, #1580, #3540, .T. ) ;
#779 = VERTEX_POINT ( 'NONE', #1934 ) ;
#780 = SHAPE_DEFINITION_REPRESENTATION ( #1171, #1460 ) ;
#781 = ADVANCED_FACE ( 'NONE', ( #3545 ), #3750, .F. ) ;
#782 = LINE ( 'NONE', #1814, #797 ) ;
#783 = CARTESIAN_POINT ( 'NONE',  ( 3.935000000000000053, -3.810000000000000053, -2.584601905787459852 ) ) ;
#784 = ORIENTED_EDGE ( 'NONE', *, *, #3714, .F. ) ;
#785 = SURFACE_STYLE_FILL_AREA ( #668 ) ;
#786 = CARTESIAN_POINT ( 'NONE',  ( 3.935000000000000053, -0.7418666113899040626, -2.637500000000000178 ) ) ;
#787 = EDGE_CURVE ( 'NONE', #1116, #121, #922, .T. ) ;
#788 = DIRECTION ( 'NONE',  ( -1.000000000000000000, -1.286886851614851933E-16, 0.000000000000000000 ) ) ;
#789 = COLOUR_RGB ( '',0.7921568627450980005, 0.8196078431372548767, 0.9333333333333333481 ) ;
#790 = EDGE_CURVE ( 'NONE', #1716, #1410, #2204, .T. ) ;
#791 = CARTESIAN_POINT ( 'NONE',  ( -3.660000000000000142, 2.929999999999949978, -1.687500000000000000 ) ) ;
#792 = EDGE_LOOP ( 'NONE', ( #630, #1862, #3239, #598 ) ) ;
#793 = EDGE_CURVE ( 'NONE', #1477, #1494, #2253, .T. ) ;
#794 = DIRECTION ( 'NONE',  ( -0.000000000000000000, 1.000000000000000000, 0.000000000000000000 ) ) ;
#795 = CARTESIAN_POINT ( 'NONE',  ( 3.935000000000000053, -3.810000000000000053, -0.1771019057874599900 ) ) ;
#796 = CARTESIAN_POINT ( 'NONE',  ( 3.660000000000000142, 2.954999999999950333, -1.992499999999999938 ) ) ;
#797 = VECTOR ( 'NONE', #2406, 1000.000000000000000 ) ;
#798 = PRODUCT_DEFINITION_CONTEXT ( 'detailed design', #1910, 'design' ) ;
#799 = VERTEX_POINT ( 'NONE', #89 ) ;
#800 = DIRECTION ( 'NONE',  ( 3.372194610909714747E-32, 0.000000000000000000, 1.000000000000000000 ) ) ;
#801 = FACE_OUTER_BOUND ( 'NONE', #3733, .T. ) ;
#802 = CARTESIAN_POINT ( 'NONE',  ( -3.685000000000000053, -3.810000000000000053, 0.8524999999999999245 ) ) ;
#803 = VERTEX_POINT ( 'NONE', #1636 ) ;
#804 = UNCERTAINTY_MEASURE_WITH_UNIT (LENGTH_MEASURE( 1.000000000000000082E-05 ), #2506, 'distance_accuracy_value', 'NONE');
#805 = VECTOR ( 'NONE', #858, 1000.000000000000000 ) ;
#806 = CARTESIAN_POINT ( 'NONE',  ( 3.935000000000000053, -3.510000000000000231, 2.637500000000000178 ) ) ;
#807 = ADVANCED_FACE ( 'NONE', ( #857 ), #478, .F. ) ;
#808 = ORIENTED_EDGE ( 'NONE', *, *, #537, .T. ) ;
#809 = VECTOR ( 'NONE', #3022, 1000.000000000000227 ) ;
#810 = CONTEXT_DEPENDENT_SHAPE_REPRESENTATION ( #1611, #1058 ) ;
#811 = ADVANCED_FACE ( 'NONE', ( #3565 ), #989, .F. ) ;
#812 = AXIS2_PLACEMENT_3D ( 'NONE', #3813, #2561, #494 ) ;
#813 = DIRECTION ( 'NONE',  ( -0.1305261922200534608, -0.9914448613738102711, 0.000000000000000000 ) ) ;
#814 = VECTOR ( 'NONE', #899, 1000.000000000000000 ) ;
#815 = DIRECTION ( 'NONE',  ( -9.179150617533549474E-17, 0.7132834255020230607, 0.7008757057453910422 ) ) ;
#816 = ORIENTED_EDGE ( 'NONE', *, *, #1481, .F. ) ;
#817 = CARTESIAN_POINT ( 'NONE',  ( -3.660000000000000142, 2.954999999999950333, -1.992499999999999938 ) ) ;
#818 = DIRECTION ( 'NONE',  ( 3.372194610909714747E-32, -2.620428211445405372E-16, -1.000000000000000000 ) ) ;
#819 = CARTESIAN_POINT ( 'NONE',  ( 3.685000000000000053, 0.000000000000000000, -0.8524999999999999245 ) ) ;
#820 = AXIS2_PLACEMENT_3D ( 'NONE', #3547, #3838, #113 ) ;
#821 = CARTESIAN_POINT ( 'NONE',  ( -3.935000000000000053, -3.510000000000000231, 0.2300000000000000100 ) ) ;
#822 = SURFACE_STYLE_FILL_AREA ( #2562 ) ;
#823 = PLANE ( 'NONE',  #2788 ) ;
#824 = VERTEX_POINT ( 'NONE', #1968 ) ;
#825 = SHAPE_REPRESENTATION_RELATIONSHIP ( 'NONE' , 'NONE' ,  #974, #3731 ) ;
#826 = VECTOR ( 'NONE', #3903, 1000.000000000000000 ) ;
#827 = EDGE_CURVE ( 'NONE', #1083, #184, #928, .T. ) ;
#828 = ORIENTED_EDGE ( 'NONE', *, *, #2263, .T. ) ;
#829 = LINE ( 'NONE', #3966, #809 ) ;
#830 = CARTESIAN_POINT ( 'NONE',  ( 3.158543437801574871, 2.954999999999950333, -1.687500000000000000 ) ) ;
#831 = LINE ( 'NONE', #2098, #2235 ) ;
#832 = EDGE_CURVE ( 'NONE', #2810, #1213, #2259, .T. ) ;
#833 = ORIENTED_EDGE ( 'NONE', *, *, #2840, .T. ) ;
#834 = ITEM_DEFINED_TRANSFORMATION ( 'NONE', 'NONE', #607,  #1801 ) ;
#835 = EDGE_CURVE ( 'NONE', #1523, #2686, #3570, .T. ) ;
#836 = CARTESIAN_POINT ( 'NONE',  ( 3.158543437801574871, 3.204999999999949889, 1.687500000000000000 ) ) ;
#837 = LINE ( 'NONE', #2431, #2165 ) ;
#838 = CARTESIAN_POINT ( 'NONE',  ( 0.000000000000000000, 5.080000000000000071, 0.000000000000000000 ) ) ;
#839 = ORIENTED_EDGE ( 'NONE', *, *, #1131, .T. ) ;
#840 = DIRECTION ( 'NONE',  ( 0.000000000000000000, 0.000000000000000000, -1.000000000000000000 ) ) ;
#841 = CARTESIAN_POINT ( 'NONE',  ( -3.174999999999999822, 3.079999999999949889, 4.254999999999999893 ) ) ;
#842 = ADVANCED_FACE ( 'NONE', ( #3476 ), #2108, .F. ) ;
#843 = DIRECTION ( 'NONE',  ( 0.000000000000000000, -1.000000000000000000, 1.566690647129389750E-16 ) ) ;
#844 = FACE_OUTER_BOUND ( 'NONE', #1218, .T. ) ;
#845 = EDGE_CURVE ( 'NONE', #3433, #330, #2156, .T. ) ;
#846 = DIRECTION ( 'NONE',  ( 0.000000000000000000, 0.000000000000000000, -1.000000000000000000 ) ) ;
#847 = ORIENTED_EDGE ( 'NONE', *, *, #3396, .T. ) ;
#848 = DIRECTION ( 'NONE',  ( -1.000000000000000000, 0.000000000000000000, 0.000000000000000000 ) ) ;
#849 = DIRECTION ( 'NONE',  ( 1.000000000000000000, 0.000000000000000000, 0.000000000000000000 ) ) ;
#850 = AXIS2_PLACEMENT_3D ( 'NONE', #1977, #2725, #3650 ) ;
#851 = CARTESIAN_POINT ( 'NONE',  ( 3.935000000000000053, -0.7418666113899040626, -2.177500000000000213 ) ) ;
#852 = ORIENTED_EDGE ( 'NONE', *, *, #2302, .T. ) ;
#853 = CIRCLE ( 'NONE', #2586, 0.4499999999999999001 ) ;
#854 = CARTESIAN_POINT ( 'NONE',  ( -3.935000000000000053, 2.929999999999949978, 3.392500000000000071 ) ) ;
#855 = DIRECTION ( 'NONE',  ( 0.000000000000000000, 0.000000000000000000, -1.000000000000000000 ) ) ;
#856 = DIRECTION ( 'NONE',  ( 0.000000000000000000, 0.000000000000000000, -1.000000000000000000 ) ) ;
#857 = FACE_OUTER_BOUND ( 'NONE', #3281, .T. ) ;
#858 = DIRECTION ( 'NONE',  ( 4.504103980651980163E-16, 1.000000000000000000, -1.566690647129389750E-16 ) ) ;
#859 = ORIENTED_EDGE ( 'NONE', *, *, #2508, .T. ) ;
#860 = STYLED_ITEM ( 'NONE', ( #3534 ), #775 ) ;
#861 = LINE ( 'NONE', #777, #865 ) ;
#862 = CARTESIAN_POINT ( 'NONE',  ( -3.935000000000000053, -0.7418666113899050618, 2.637500000000000178 ) ) ;
#863 = CARTESIAN_POINT ( 'NONE',  ( 3.935000000000000053, -0.7418666113899029524, 0.2300000000000000100 ) ) ;
#864 = CARTESIAN_POINT ( 'NONE',  ( -3.660000000000000142, 2.929999999999949978, -0.8524999999999999245 ) ) ;
#865 = VECTOR ( 'NONE', #1007, 1000.000000000000000 ) ;
#866 = DIRECTION ( 'NONE',  ( -1.000000000000000000, 0.000000000000000000, 0.000000000000000000 ) ) ;
#867 = DIRECTION ( 'NONE',  ( 1.000000000000000000, 0.000000000000000000, 0.000000000000000000 ) ) ;
#868 = EDGE_CURVE ( 'NONE', #3246, #3063, #837, .T. ) ;
#869 = CARTESIAN_POINT ( 'NONE',  ( 3.935000000000000053, -0.7418666113899040626, -2.177500000000000213 ) ) ;
#870 = DIRECTION ( 'NONE',  ( 0.000000000000000000, 0.000000000000000000, -1.000000000000000000 ) ) ;
#871 = VECTOR ( 'NONE', #3720, 1000.000000000000000 ) ;
#872 = CARTESIAN_POINT ( 'NONE',  ( 3.660000000000000142, 2.929999999999949978, -3.392500000000000071 ) ) ;
#873 = ADVANCED_FACE ( 'NONE', ( #844 ), #3514, .T. ) ;
#874 = ADVANCED_FACE ( 'NONE', ( #878 ), #3211, .F. ) ;
#875 = EDGE_CURVE ( 'NONE', #2142, #1584, #882, .T. ) ;
#876 = PLANE ( 'NONE',  #13 ) ;
#877 = DIRECTION ( 'NONE',  ( 1.267336148719775192E-16, -0.9848077530122075762, -0.1736481776669324406 ) ) ;
#878 = FACE_OUTER_BOUND ( 'NONE', #1526, .T. ) ;
#879 = PLANE ( 'NONE',  #3336 ) ;
#880 = EDGE_CURVE ( 'NONE', #1494, #2531, #3659, .T. ) ;
#881 = DIRECTION ( 'NONE',  ( 0.000000000000000000, 0.000000000000000000, 1.000000000000000000 ) ) ;
#882 = LINE ( 'NONE', #2597, #3673 ) ;
#883 = EDGE_CURVE ( 'NONE', #1322, #285, #950, .T. ) ;
#884 = DIRECTION ( 'NONE',  ( 3.758310153692524776E-16, -0.8344190475701450671, 0.5511305227005049989 ) ) ;
#885 = DIRECTION ( 'NONE',  ( 0.000000000000000000, 0.000000000000000000, 1.000000000000000000 ) ) ;
#886 = EDGE_CURVE ( 'NONE', #1844, #2439, #2352, .T. ) ;
#887 = DIRECTION ( 'NONE',  ( 0.000000000000000000, 0.000000000000000000, 1.000000000000000000 ) ) ;
#888 = PLANE ( 'NONE',  #3737 ) ;
#889 = COLOUR_RGB ( '',1.000000000000000000, 1.000000000000000000, 1.000000000000000000 ) ;
#890 = VECTOR ( 'NONE', #61, 1000.000000000000114 ) ;
#891 = CARTESIAN_POINT ( 'NONE',  ( -1.975000000000000089, 5.029999999999999361, -3.055000000000000160 ) ) ;
#892 = AXIS2_PLACEMENT_3D ( 'NONE', #1291, #2260, #195 ) ;
#893 = CARTESIAN_POINT ( 'NONE',  ( 3.935000000000000053, -0.7418666113899040626, -2.177500000000000213 ) ) ;
#894 = DIRECTION ( 'NONE',  ( -7.092426231869005687E-17, 0.5511305227005051099, -0.8344190475701451781 ) ) ;
#895 = VECTOR ( 'NONE', #2648, 1000.000000000000000 ) ;
#896 = CARTESIAN_POINT ( 'NONE',  ( 3.935000000000000053, -3.510000000000000231, 0.2300000000000000100 ) ) ;
#897 = PRESENTATION_LAYER_ASSIGNMENT (  '', '', ( #937 ) ) ;
#898 = DIRECTION ( 'NONE',  ( -1.000000000000000000, 0.000000000000000000, 0.000000000000000000 ) ) ;
#899 = DIRECTION ( 'NONE',  ( 0.000000000000000000, 0.000000000000000000, -1.000000000000000000 ) ) ;
#900 = LINE ( 'NONE', #2349, #2225 ) ;
#901 = AXIS2_PLACEMENT_3D ( 'NONE', #869, #2681, #3021 ) ;
#902 = PLANE ( 'NONE',  #3254 ) ;
#903 = DIRECTION ( 'NONE',  ( -0.9914448613738107152, 0.1305261922200500746, 0.000000000000000000 ) ) ;
#904 = LINE ( 'NONE', #3185, #2231 ) ;
#905 = CARTESIAN_POINT ( 'NONE',  ( 3.660000000000000142, 2.929999999999949978, -1.992499999999999938 ) ) ;
#906 = VECTOR ( 'NONE', #2207, 1000.000000000000000 ) ;
#907 = CARTESIAN_POINT ( 'NONE',  ( -1.975000000000000089, 5.029999999999999361, -3.055000000000000160 ) ) ;
#908 = EDGE_CURVE ( 'NONE', #1133, #2752, #958, .T. ) ;
#909 = LINE ( 'NONE', #3904, #2287 ) ;
#910 = CARTESIAN_POINT ( 'NONE',  ( 3.158543437801574871, 2.954999999999950333, -1.992499999999999938 ) ) ;
#911 = CARTESIAN_POINT ( 'NONE',  ( -3.158543437801574871, 2.954999999999950333, -1.687500000000000000 ) ) ;
#912 = FACE_OUTER_BOUND ( 'NONE', #3899, .T. ) ;
#913 =( NAMED_UNIT ( * ) SI_UNIT ( $, .STERADIAN. ) SOLID_ANGLE_UNIT ( ) );
#914 = EDGE_CURVE ( 'NONE', #1531, #2761, #2290, .T. ) ;
#915 = VECTOR ( 'NONE', #1936, 1000.000000000000000 ) ;
#916 = CARTESIAN_POINT ( 'NONE',  ( 3.935000000000000053, -3.810000000000000053, 0.8524999999999999245 ) ) ;
#917 = CARTESIAN_POINT ( 'NONE',  ( 3.935000000000000053, 2.929999999999949978, 1.687500000000000000 ) ) ;
#918 = EDGE_CURVE ( 'NONE', #1286, #1792, #2325, .T. ) ;
#919 = LINE ( 'NONE', #2851, #3563 ) ;
#920 = APPLICATION_PROTOCOL_DEFINITION ( 'draft international standard', 'automotive_design', 1998, #1910 ) ;
#921 = DIRECTION ( 'NONE',  ( 0.000000000000000000, -0.9848077530122082424, 0.1736481776669295263 ) ) ;
#922 = LINE ( 'NONE', #1671, #906 ) ;
#923 = PRODUCT_RELATED_PRODUCT_CATEGORY ( 'part', '', ( #1681 ) ) ;
#924 = STYLED_ITEM ( 'NONE', ( #1702 ), #3311 ) ;
#925 = DIRECTION ( 'NONE',  ( 0.000000000000000000, 1.000000000000000000, 0.000000000000000000 ) ) ;
#926 = FACE_OUTER_BOUND ( 'NONE', #2834, .T. ) ;
#927 = CARTESIAN_POINT ( 'NONE',  ( -3.935000000000000053, -3.510000000000000231, -0.2300000000000000100 ) ) ;
#928 = LINE ( 'NONE', #157, #871 ) ;
#929 = DIRECTION ( 'NONE',  ( 0.000000000000000000, 0.7008757057453910422, 0.7132834255020229497 ) ) ;
#930 = AXIS2_PLACEMENT_3D ( 'NONE', #1267, #414, #721 ) ;
#931 = UNCERTAINTY_MEASURE_WITH_UNIT (LENGTH_MEASURE( 1.000000000000000082E-05 ), #1738, 'distance_accuracy_value', 'NONE');
#932 = LINE ( 'NONE', #1609, #2322 ) ;
#933 = CARTESIAN_POINT ( 'NONE',  ( 3.158543437801574871, 2.954999999999950333, 0.8524999999999999245 ) ) ;
#934 = DIRECTION ( 'NONE',  ( -1.000000000000000000, 0.000000000000000000, 0.000000000000000000 ) ) ;
#935 = VECTOR ( 'NONE', #3593, 1000.000000000000000 ) ;
#936 = DIRECTION ( 'NONE',  ( -1.008076797169386028E-32, 7.833453235646948748E-17, -1.000000000000000000 ) ) ;
#937 = STYLED_ITEM ( 'NONE', ( #2376 ), #1369 ) ;
#938 = VECTOR ( 'NONE', #3369, 1000.000000000000000 ) ;
#939 = ADVANCED_FACE ( 'NONE', ( #3601 ), #3644, .T. ) ;
#940 = DIRECTION ( 'NONE',  ( -4.504103980651980163E-16, -1.000000000000000000, 0.000000000000000000 ) ) ;
#941 = FACE_OUTER_BOUND ( 'NONE', #645, .T. ) ;
#942 = DIRECTION ( 'NONE',  ( 1.000000000000000000, 1.286886851614851933E-16, 0.000000000000000000 ) ) ;
#943 = CARTESIAN_POINT ( 'NONE',  ( -3.158543437801574871, 3.204999999999949889, 0.8524999999999999245 ) ) ;
#944 = EDGE_CURVE ( 'NONE', #1083, #3772, #3653, .T. ) ;
#945 = VECTOR ( 'NONE', #3504, 1000.000000000000000 ) ;
#946 = VECTOR ( 'NONE', #1251, 1000.000000000000000 ) ;
#947 = CARTESIAN_POINT ( 'NONE',  ( 3.935000000000000053, 1.373751714098847875E-15, -3.392500000000000071 ) ) ;
#948 = EDGE_CURVE ( 'NONE', #1669, #29, #2338, .T. ) ;
#949 = DIRECTION ( 'NONE',  ( 0.9914448613738107152, 0.1305261922200500746, 0.000000000000000000 ) ) ;
#950 = LINE ( 'NONE', #2007, #2372 ) ;
#951 =( NAMED_UNIT ( * ) PLANE_ANGLE_UNIT ( ) SI_UNIT ( $, .RADIAN. ) );
#952 = LINE ( 'NONE', #2224, #946 ) ;
#953 = EDGE_CURVE ( 'NONE', #1680, #390, #1029, .T. ) ;
#954 = VECTOR ( 'NONE', #1455, 1000.000000000000000 ) ;
#955 = PLANE ( 'NONE',  #983 ) ;
#956 = DIRECTION ( 'NONE',  ( 0.000000000000000000, 0.000000000000000000, 1.000000000000000000 ) ) ;
#957 = EDGE_CURVE ( 'NONE', #3377, #3039, #963, .T. ) ;
#958 = LINE ( 'NONE', #1683, #3594 ) ;
#959 = COLOUR_RGB ( '',0.7921568627450980005, 0.8196078431372548767, 0.9333333333333333481 ) ;
#960 = PLANE ( 'NONE',  #110 ) ;
#961 = CARTESIAN_POINT ( 'NONE',  ( -3.158543437801574871, 2.954999999999950333, 0.8524999999999999245 ) ) ;
#962 = DIRECTION ( 'NONE',  ( 1.000000000000000000, 0.000000000000000000, 0.000000000000000000 ) ) ;
#963 = LINE ( 'NONE', #3527, #3575 ) ;
#964 = DIRECTION ( 'NONE',  ( 9.099664193966723036E-17, -0.7071067811865514585, -0.7071067811865435759 ) ) ;
#965 = FACE_OUTER_BOUND ( 'NONE', #744, .T. ) ;
#966 = CARTESIAN_POINT ( 'NONE',  ( -3.158543437801574871, 2.954999999999950333, -3.392500000000000071 ) ) ;
#967 = CIRCLE ( 'NONE', #3693, 0.02499999999999984873 ) ;
#968 = DIRECTION ( 'NONE',  ( 3.758310153692524776E-16, 0.8344190475701450671, -0.5511305227005049989 ) ) ;
#969 = ADVANCED_FACE ( 'NONE', ( #2297 ), #201, .F. ) ;
#970 = LINE ( 'NONE', #3562, #3608 ) ;
#971 = VECTOR ( 'NONE', #3585, 1000.000000000000000 ) ;
#972 = DIRECTION ( 'NONE',  ( 0.000000000000000000, 0.000000000000000000, 1.000000000000000000 ) ) ;
#973 = ADVANCED_FACE ( 'NONE', ( #2360 ), #3806, .F. ) ;
#974 = SHAPE_REPRESENTATION ( '646BX_646BX', ( #1801 ), #469 ) ;
#975 = AXIS2_PLACEMENT_3D ( 'NONE', #830, #2613, #144 ) ;
#976 = CARTESIAN_POINT ( 'NONE',  ( 3.935000000000000053, -0.7418666113899029524, 0.2300000000000000100 ) ) ;
#977 = DIRECTION ( 'NONE',  ( -2.234655566464536620E-17, 0.1736481776669314692, -0.9848077530122079093 ) ) ;
#978 = CARTESIAN_POINT ( 'NONE',  ( 3.935000000000000053, 1.550000000000000044, -1.992499999999999938 ) ) ;
#979 = VECTOR ( 'NONE', #1491, 999.9999999999998863 ) ;
#980 = DIRECTION ( 'NONE',  ( -1.000000000000000000, -1.286886851614851933E-16, 0.000000000000000000 ) ) ;
#981 = CARTESIAN_POINT ( 'NONE',  ( 3.935000000000000053, -3.810000000000000053, 1.687500000000000000 ) ) ;
#982 = VECTOR ( 'NONE', #3640, 1000.000000000000000 ) ;
#983 = AXIS2_PLACEMENT_3D ( 'NONE', #2141, #1590, #700 ) ;
#984 = LINE ( 'NONE', #1872, #2362 ) ;
#985 = ORIENTED_EDGE ( 'NONE', *, *, #2177, .T. ) ;
#986 = VECTOR ( 'NONE', #3624, 1000.000000000000000 ) ;
#987 = DIRECTION ( 'NONE',  ( 3.372194610909714747E-32, 0.000000000000000000, -1.000000000000000000 ) ) ;
#988 = VECTOR ( 'NONE', #2581, 1000.000000000000000 ) ;
#989 = PLANE ( 'NONE',  #2194 ) ;
#990 = VECTOR ( 'NONE', #595, 1000.000000000000000 ) ;
#991 = EDGE_CURVE ( 'NONE', #16, #1981, #2270, .T. ) ;
#992 = ORIENTED_EDGE ( 'NONE', *, *, #1421, .T. ) ;
#993 = DIRECTION ( 'NONE',  ( 1.000000000000000000, 0.000000000000000000, 0.000000000000000000 ) ) ;
#994 = CIRCLE ( 'NONE', #234, 0.2750000000000000777 ) ;
#995 = DIRECTION ( 'NONE',  ( 1.000000000000000000, 0.000000000000000000, 0.000000000000000000 ) ) ;
#996 = VECTOR ( 'NONE', #374, 1000.000000000000000 ) ;
#997 = FACE_OUTER_BOUND ( 'NONE', #2833, .T. ) ;
#998 = CARTESIAN_POINT ( 'NONE',  ( 3.158543437801574871, 2.954999999999950333, 0.8524999999999999245 ) ) ;
#999 = EDGE_CURVE ( 'NONE', #294, #80, #1011, .T. ) ;
#1000 = DIRECTION ( 'NONE',  ( -7.092426231868995827E-17, 0.5511305227005051099, 0.8344190475701451781 ) ) ;
#1001 = DIRECTION ( 'NONE',  ( -9.099664193966623196E-17, 0.7071067811865435759, -0.7071067811865515695 ) ) ;
#1002 = LINE ( 'NONE', #3062, #938 ) ;
#1003 = EDGE_CURVE ( 'NONE', #509, #3773, #3667, .T. ) ;
#1004 = ADVANCED_FACE ( 'NONE', ( #1019 ), #2038, .F. ) ;
#1005 = DIRECTION ( 'NONE',  ( 1.286886851614851933E-16, 1.000000000000000000, 0.000000000000000000 ) ) ;
#1006 = VECTOR ( 'NONE', #3479, 1000.000000000000114 ) ;
#1007 = DIRECTION ( 'NONE',  ( -1.000000000000000000, -1.286886851614851933E-16, 0.000000000000000000 ) ) ;
#1008 = VECTOR ( 'NONE', #3110, 1000.000000000000000 ) ;
#1009 = CARTESIAN_POINT ( 'NONE',  ( -3.158543437801574871, 2.954999999999950333, 0.8524999999999999245 ) ) ;
#1010 = DIRECTION ( 'NONE',  ( 4.504103980651980163E-16, -1.000000000000000000, 1.566690647129389750E-16 ) ) ;
#1011 = CIRCLE ( 'NONE', #2455, 0.02499999999999984873 ) ;
#1012 = EDGE_CURVE ( 'NONE', #2938, #1874, #2344, .T. ) ;
#1013 = LINE ( 'NONE', #2697, #3660 ) ;
#1014 = DIRECTION ( 'NONE',  ( -1.000000000000000000, 0.000000000000000000, 0.000000000000000000 ) ) ;
#1015 = VECTOR ( 'NONE', #58, 1000.000000000000000 ) ;
#1016 = LINE ( 'NONE', #1376, #890 ) ;
#1017 = DIRECTION ( 'NONE',  ( -1.286886851614851933E-16, 1.000000000000000000, -1.566690647129389750E-16 ) ) ;
#1018 = CARTESIAN_POINT ( 'NONE',  ( 3.660000000000000142, 3.204999999999954774, -1.992499999999999938 ) ) ;
#1019 = FACE_OUTER_BOUND ( 'NONE', #2467, .T. ) ;
#1020 = DIRECTION ( 'NONE',  ( -1.000000000000000000, 0.000000000000000000, 1.309668824627241829E-16 ) ) ;
#1021 = VECTOR ( 'NONE', #1010, 1000.000000000000000 ) ;
#1022 = AXIS2_PLACEMENT_3D ( 'NONE', #1665, #345, #371 ) ;
#1023 = ORIENTED_EDGE ( 'NONE', *, *, #3083, .F. ) ;
#1024 = CARTESIAN_POINT ( 'NONE',  ( 3.685000000000000053, 9.564174324517490638E-16, 0.8524999999999999245 ) ) ;
#1025 = CARTESIAN_POINT ( 'NONE',  ( 3.174999999999999822, 3.080000000000039595, 4.254999999999999893 ) ) ;
#1026 = LINE ( 'NONE', #2239, #2390 ) ;
#1027 = PLANE ( 'NONE',  #892 ) ;
#1028 = CARTESIAN_POINT ( 'NONE',  ( 3.660000000000000142, 2.929999999999949978, 1.687500000000000000 ) ) ;
#1029 = LINE ( 'NONE', #510, #945 ) ;
#1030 = VECTOR ( 'NONE', #2374, 1000.000000000000000 ) ;
#1031 = DIRECTION ( 'NONE',  ( -4.504103980651980163E-16, -1.000000000000000000, 0.000000000000000000 ) ) ;
#1032 = AXIS2_PLACEMENT_3D ( 'NONE', #3517, #2025, #2306 ) ;
#1033 = DIRECTION ( 'NONE',  ( -1.000000000000000000, -1.286886851614851933E-16, 0.000000000000000000 ) ) ;
#1034 = VECTOR ( 'NONE', #261, 1000.000000000000000 ) ;
#1035 = DIRECTION ( 'NONE',  ( 0.000000000000000000, -1.000000000000000000, -1.566690647129389750E-16 ) ) ;
#1036 = VECTOR ( 'NONE', #2265, 999.9999999999998863 ) ;
#1037 =( NAMED_UNIT ( * ) SI_UNIT ( $, .STERADIAN. ) SOLID_ANGLE_UNIT ( ) );
#1038 = VECTOR ( 'NONE', #3970, 1000.000000000000000 ) ;
#1039 = EDGE_CURVE ( 'NONE', #1133, #1758, #2319, .T. ) ;
#1040 = FACE_OUTER_BOUND ( 'NONE', #1466, .T. ) ;
#1041 = LINE ( 'NONE', #1829, #2369 ) ;
#1042 = ADVANCED_FACE ( 'NONE', ( #1040 ), #722, .F. ) ;
#1043 = CARTESIAN_POINT ( 'NONE',  ( 2.973571678691285136, 1.550000000000000044, -4.053571678691284319 ) ) ;
#1044 = VECTOR ( 'NONE', #563, 1000.000000000000114 ) ;
#1045 = EDGE_CURVE ( 'NONE', #155, #1964, #3638, .T. ) ;
#1046 = PLANE ( 'NONE',  #616 ) ;
#1047 = VECTOR ( 'NONE', #2062, 1000.000000000000000 ) ;
#1048 = DIRECTION ( 'NONE',  ( 0.000000000000000000, 0.7071067811865435759, -0.7071067811865514585 ) ) ;
#1049 = LINE ( 'NONE', #2089, #2285 ) ;
#1050 = DIRECTION ( 'NONE',  ( 0.000000000000000000, 0.000000000000000000, -1.000000000000000000 ) ) ;
#1051 = CARTESIAN_POINT ( 'NONE',  ( 3.685000000000000053, -0.7418666113899040626, -2.177500000000000213 ) ) ;
#1052 = LINE ( 'NONE', #2650, #1061 ) ;
#1053 = LINE ( 'NONE', #2527, #1200 ) ;
#1054 = CARTESIAN_POINT ( 'NONE',  ( 3.158543437801574871, 2.954999999999950333, -0.8524999999999999245 ) ) ;
#1055 = DIRECTION ( 'NONE',  ( 0.000000000000000000, 0.000000000000000000, 1.000000000000000000 ) ) ;
#1056 = EDGE_CURVE ( 'NONE', #1422, #3820, #3680, .T. ) ;
#1057 = VECTOR ( 'NONE', #2186, 1000.000000000000000 ) ;
#1058 = PRODUCT_DEFINITION_SHAPE ( 'NONE', 'NONE',  #3974 ) ;
#1059 = CARTESIAN_POINT ( 'NONE',  ( -3.174999999999999822, 3.079999999999949889, 0.8524999999999999245 ) ) ;
#1060 = EDGE_CURVE ( 'NONE', #2585, #2461, #970, .T. ) ;
#1061 = VECTOR ( 'NONE', #2991, 1000.000000000000114 ) ;
#1062 = CIRCLE ( 'NONE', #2959, 0.4499999999999999001 ) ;
#1063 = CARTESIAN_POINT ( 'NONE',  ( -3.935000000000000053, 2.087499999999970157, 2.530000000000000249 ) ) ;
#1064 = DIRECTION ( 'NONE',  ( 0.000000000000000000, 0.000000000000000000, 1.000000000000000000 ) ) ;
#1065 = FACE_OUTER_BOUND ( 'NONE', #177, .T. ) ;
#1066 = VECTOR ( 'NONE', #719, 1000.000000000000114 ) ;
#1067 = DIRECTION ( 'NONE',  ( 0.1305261922200499358, 0.9914448613738106042, 0.000000000000000000 ) ) ;
#1068 = AXIS2_PLACEMENT_3D ( 'NONE', #1911, #3160, #39 ) ;
#1069 = LINE ( 'NONE', #981, #3602 ) ;
#1070 = ORIENTED_EDGE ( 'NONE', *, *, #2044, .T. ) ;
#1071 = CARTESIAN_POINT ( 'NONE',  ( 3.685000000000000053, -3.694500123507769906, 0.1974676502815350121 ) ) ;
#1072 = LINE ( 'NONE', #2499, #2523 ) ;
#1073 = AXIS2_PLACEMENT_3D ( 'NONE', #217, #840, #3292 ) ;
#1074 = DIRECTION ( 'NONE',  ( -4.504103980651980163E-16, 1.000000000000000000, 0.000000000000000000 ) ) ;
#1075 = LINE ( 'NONE', #2748, #2404 ) ;
#1076 = ADVANCED_FACE ( 'NONE', ( #3623 ), #3000, .T. ) ;
#1077 = CARTESIAN_POINT ( 'NONE',  ( -3.685000000000000053, -3.510000000000000231, 0.2300000000000000100 ) ) ;
#1078 = VECTOR ( 'NONE', #3846, 999.9999999999998863 ) ;
#1079 = FACE_OUTER_BOUND ( 'NONE', #1925, .T. ) ;
#1080 = DIRECTION ( 'NONE',  ( 0.000000000000000000, 0.000000000000000000, 1.000000000000000000 ) ) ;
#1081 = CARTESIAN_POINT ( 'NONE',  ( -3.685000000000000053, -3.510000000000000231, 2.177500000000000213 ) ) ;
#1082 = AXIS2_PLACEMENT_3D ( 'NONE', #1188, #3389, #1782 ) ;
#1083 = VERTEX_POINT ( 'NONE', #314 ) ;
#1084 = LINE ( 'NONE', #2354, #1189 ) ;
#1085 = DIRECTION ( 'NONE',  ( -1.000000000000000000, -4.504103980651980163E-16, 0.000000000000000000 ) ) ;
#1086 = VERTEX_POINT ( 'NONE', #1478 ) ;
#1087 = AXIS2_PLACEMENT_3D ( 'NONE', #3442, #3499, #1610 ) ;
#1088 = ORIENTED_EDGE ( 'NONE', *, *, #1944, .T. ) ;
#1089 = VECTOR ( 'NONE', #3760, 1000.000000000000114 ) ;
#1090 = PLANE ( 'NONE',  #820 ) ;
#1091 = ORIENTED_EDGE ( 'NONE', *, *, #2990, .F. ) ;
#1092 = VERTEX_POINT ( 'NONE', #2415 ) ;
#1093 = DIRECTION ( 'NONE',  ( 0.000000000000000000, 0.000000000000000000, -1.000000000000000000 ) ) ;
#1094 = FACE_OUTER_BOUND ( 'NONE', #232, .T. ) ;
#1095 = CARTESIAN_POINT ( 'NONE',  ( -3.685000000000000053, 3.931439331683309919E-16, 3.392500000000000071 ) ) ;
#1096 = DIRECTION ( 'NONE',  ( 0.000000000000000000, 1.000000000000000000, 0.000000000000000000 ) ) ;
#1097 = VERTEX_POINT ( 'NONE', #1823 ) ;
#1098 = EDGE_LOOP ( 'NONE', ( #2914, #1660, #339, #2633 ) ) ;
#1099 = EDGE_CURVE ( 'NONE', #124, #2734, #2276, .T. ) ;
#1100 = DIRECTION ( 'NONE',  ( -1.000000000000000000, 0.000000000000000000, 0.000000000000000000 ) ) ;
#1101 = FACE_BOUND ( 'NONE', #3830, .T. ) ;
#1102 = DIRECTION ( 'NONE',  ( 1.286886851614851933E-16, -1.000000000000000000, -1.566690647129389750E-16 ) ) ;
#1103 = CARTESIAN_POINT ( 'NONE',  ( -3.174999999999999822, 3.079999999999949889, 1.687500000000000000 ) ) ;
#1104 = ORIENTED_EDGE ( 'NONE', *, *, #1596, .F. ) ;
#1105 = ADVANCED_FACE ( 'NONE', ( #941 ), #3853, .F. ) ;
#1106 = VERTEX_POINT ( 'NONE', #3360 ) ;
#1107 = CARTESIAN_POINT ( 'NONE',  ( -1.975000000000000089, 5.029999999999999361, -3.504999999999999893 ) ) ;
#1108 = LINE ( 'NONE', #1321, #1089 ) ;
#1109 = CARTESIAN_POINT ( 'NONE',  ( 3.935000000000000053, -3.510000000000000231, -0.2300000000000000100 ) ) ;
#1110 = ORIENTED_EDGE ( 'NONE', *, *, #641, .T. ) ;
#1111 =( GEOMETRIC_REPRESENTATION_CONTEXT ( 3 ) GLOBAL_UNCERTAINTY_ASSIGNED_CONTEXT ( ( #1833 ) ) GLOBAL_UNIT_ASSIGNED_CONTEXT ( ( #3046, #951, #698 ) ) REPRESENTATION_CONTEXT ( 'NONE', 'WORKASPACE' ) );
#1112 = AXIS2_PLACEMENT_3D ( 'NONE', #1157, #2042, #2370 ) ;
#1113 = EDGE_LOOP ( 'NONE', ( #3076, #1699, #210, #2591 ) ) ;
#1114 = CARTESIAN_POINT ( 'NONE',  ( 3.935000000000000053, 9.885896037421198999E-16, 0.8524999999999999245 ) ) ;
#1115 = ORIENTED_EDGE ( 'NONE', *, *, #684, .F. ) ;
#1116 = VERTEX_POINT ( 'NONE', #283 ) ;
#1117 = CARTESIAN_POINT ( 'NONE',  ( 3.174999999999999822, 3.079999999999949889, 0.8524999999999999245 ) ) ;
#1118 = DIRECTION ( 'NONE',  ( 1.000000000000000000, 0.000000000000000000, 0.000000000000000000 ) ) ;
#1119 = CARTESIAN_POINT ( 'NONE',  ( -3.174999999999999822, 3.079999999999949889, -1.992499999999999938 ) ) ;
#1120 = VERTEX_POINT ( 'NONE', #2117 ) ;
#1121 = VERTEX_POINT ( 'NONE', #342 ) ;
#1122 = PLANE ( 'NONE',  #1164 ) ;
#1123 = CARTESIAN_POINT ( 'NONE',  ( -3.935000000000000053, 2.929999999999949978, -1.992499999999999938 ) ) ;
#1124 = AXIS2_PLACEMENT_3D ( 'NONE', #2127, #3036, #2427 ) ;
#1125 = CARTESIAN_POINT ( 'NONE',  ( -3.660000000000000142, 3.204999999999949889, -3.392500000000000071 ) ) ;
#1126 = CARTESIAN_POINT ( 'NONE',  ( 3.935000000000000053, -3.510000000000000231, 2.637500000000000178 ) ) ;
#1127 = ORIENTED_EDGE ( 'NONE', *, *, #2134, .F. ) ;
#1128 = VERTEX_POINT ( 'NONE', #3918 ) ;
#1129 = CARTESIAN_POINT ( 'NONE',  ( -3.935000000000000053, 2.929999999999949978, 3.392500000000000071 ) ) ;
#1130 = CARTESIAN_POINT ( 'NONE',  ( 3.660000000000000142, 2.929999999999949978, -0.8524999999999999245 ) ) ;
#1131 = EDGE_CURVE ( 'NONE', #3711, #3300, #3589, .T. ) ;
#1132 = PLANE ( 'NONE',  #2730 ) ;
#1133 = VERTEX_POINT ( 'NONE', #2973 ) ;
#1134 = ADVANCED_FACE ( 'NONE', ( #2309 ), #643, .F. ) ;
#1135 = VERTEX_POINT ( 'NONE', #893 ) ;
#1136 = DIRECTION ( 'NONE',  ( -1.000000000000000000, 0.000000000000000000, 0.000000000000000000 ) ) ;
#1137 = CARTESIAN_POINT ( 'NONE',  ( -1.975000000000000089, 5.029999999999999361, -3.055000000000000160 ) ) ;
#1138 = EDGE_CURVE ( 'NONE', #2490, #2153, #2314, .T. ) ;
#1139 = ORIENTED_EDGE ( 'NONE', *, *, #1365, .T. ) ;
#1140 = DIRECTION ( 'NONE',  ( -1.000000000000000000, 0.000000000000000000, 0.000000000000000000 ) ) ;
#1141 = EDGE_CURVE ( 'NONE', #3372, #1480, #2315, .T. ) ;
#1142 = VERTEX_POINT ( 'NONE', #2393 ) ;
#1143 = DIRECTION ( 'NONE',  ( -1.000000000000000000, 0.000000000000000000, 0.000000000000000000 ) ) ;
#1144 = DIRECTION ( 'NONE',  ( -1.000000000000000000, -1.286886851614851933E-16, 0.000000000000000000 ) ) ;
#1145 = EDGE_CURVE ( 'NONE', #2153, #55, #984, .T. ) ;
#1146 = CARTESIAN_POINT ( 'NONE',  ( -3.660000000000000142, 3.204999999999949889, 3.392500000000000071 ) ) ;
#1147 = VERTEX_POINT ( 'NONE', #1224 ) ;
#1148 = ORIENTED_EDGE ( 'NONE', *, *, #704, .T. ) ;
#1149 = DIRECTION ( 'NONE',  ( -1.000000000000000000, -1.286886851614851933E-16, 0.000000000000000000 ) ) ;
#1150 = CARTESIAN_POINT ( 'NONE',  ( 3.685000000000000053, 1.341579542808475856E-15, 1.687500000000000000 ) ) ;
#1151 = CARTESIAN_POINT ( 'NONE',  ( -3.935000000000000053, -3.510000000000000231, -2.177500000000000213 ) ) ;
#1152 = EDGE_LOOP ( 'NONE', ( #131, #1, #1532, #2655, #3082, #1484, #2643, #2956, #3057, #2964, #1633, #1501 ) ) ;
#1153 = VERTEX_POINT ( 'NONE', #1846 ) ;
#1154 = CARTESIAN_POINT ( 'NONE',  ( -3.685000000000000053, 1.245000000000000107, -1.687500000000000000 ) ) ;
#1155 = DIRECTION ( 'NONE',  ( 0.000000000000000000, 0.000000000000000000, -1.000000000000000000 ) ) ;
#1156 = AXIS2_PLACEMENT_3D ( 'NONE', #2411, #1219, #1820 ) ;
#1157 = CARTESIAN_POINT ( 'NONE',  ( -1.975000000000000089, 5.029999999999999361, -3.055000000000000160 ) ) ;
#1158 = VERTEX_POINT ( 'NONE', #1442 ) ;
#1159 = ORIENTED_EDGE ( 'NONE', *, *, #1493, .F. ) ;
#1160 = CARTESIAN_POINT ( 'NONE',  ( -3.660000000000000142, 2.929999999999949978, 0.8524999999999999245 ) ) ;
#1161 = DIRECTION ( 'NONE',  ( -0.000000000000000000, 1.000000000000000000, 0.000000000000000000 ) ) ;
#1162 = PLANE ( 'NONE',  #3791 ) ;
#1163 = LINE ( 'NONE', #1238, #3719 ) ;
#1164 = AXIS2_PLACEMENT_3D ( 'NONE', #193, #818, #3874 ) ;
#1165 = CLOSED_SHELL ( 'NONE', ( #1167, #708, #2264, #3839, #488, #1105, #3455, #3103, #2796, #227, #874, #3200, #2665, #185, #3423, #259, #939, #3538, #1134 ) ) ;
#1166 = CARTESIAN_POINT ( 'NONE',  ( -3.660000000000000142, 2.929999999999949978, -3.392500000000000071 ) ) ;
#1167 = ADVANCED_FACE ( 'NONE', ( #997 ), #876, .F. ) ;
#1168 = CARTESIAN_POINT ( 'NONE',  ( 3.935000000000000053, 1.373751714098847875E-15, 1.687500000000000000 ) ) ;
#1169 = LINE ( 'NONE', #2068, #3810 ) ;
#1170 = DIRECTION ( 'NONE',  ( 0.000000000000000000, 0.000000000000000000, -1.000000000000000000 ) ) ;
#1171 = PRODUCT_DEFINITION_SHAPE ( 'NONE', 'NONE',  #3473 ) ;
#1172 = CARTESIAN_POINT ( 'NONE',  ( 3.935000000000000053, 1.245000000000000107, -1.687500000000000000 ) ) ;
#1173 = ORIENTED_EDGE ( 'NONE', *, *, #1493, .T. ) ;
#1174 = VERTEX_POINT ( 'NONE', #1777 ) ;
#1175 = CARTESIAN_POINT ( 'NONE',  ( 3.935000000000000053, -3.510000000000000231, 2.637500000000000178 ) ) ;
#1176 = LINE ( 'NONE', #3397, #2509 ) ;
#1177 = ORIENTED_EDGE ( 'NONE', *, *, #3505, .F. ) ;
#1178 = EDGE_CURVE ( 'NONE', #1547, #1153, #1049, .T. ) ;
#1179 = DIRECTION ( 'NONE',  ( 0.000000000000000000, 1.000000000000000000, 0.000000000000000000 ) ) ;
#1180 = CARTESIAN_POINT ( 'NONE',  ( 3.935000000000000053, 3.204999999999954774, -1.992499999999999938 ) ) ;
#1181 = DIRECTION ( 'NONE',  ( -1.000000000000000000, 0.000000000000000000, 8.499837404865548871E-17 ) ) ;
#1182 = VECTOR ( 'NONE', #3005, 1000.000000000000000 ) ;
#1183 = DIRECTION ( 'NONE',  ( -2.234655566464536620E-17, 0.1736481776669314692, -0.9848077530122079093 ) ) ;
#1184 = ORIENTED_EDGE ( 'NONE', *, *, #1581, .F. ) ;
#1185 = ORIENTED_EDGE ( 'NONE', *, *, #944, .T. ) ;
#1186 = EDGE_CURVE ( 'NONE', #1477, #317, #2380, .T. ) ;
#1187 = CARTESIAN_POINT ( 'NONE',  ( -3.935000000000000053, -0.7418666113899050618, 2.177500000000000213 ) ) ;
#1188 = CARTESIAN_POINT ( 'NONE',  ( -1.975000000000000089, 5.029999999999999361, -3.055000000000000160 ) ) ;
#1189 = VECTOR ( 'NONE', #2731, 1000.000000000000000 ) ;
#1190 = EDGE_CURVE ( 'NONE', #2752, #155, #3692, .T. ) ;
#1191 = ORIENTED_EDGE ( 'NONE', *, *, #3502, .T. ) ;
#1192 = ORIENTED_EDGE ( 'NONE', *, *, #2865, .T. ) ;
#1193 = DIRECTION ( 'NONE',  ( 0.000000000000000000, 0.000000000000000000, -1.000000000000000000 ) ) ;
#1194 = LINE ( 'NONE', #538, #2347 ) ;
#1195 = DIRECTION ( 'NONE',  ( 0.000000000000000000, 0.000000000000000000, 1.000000000000000000 ) ) ;
#1196 = SURFACE_SIDE_STYLE ('',( #3599 ) ) ;
#1197 = ORIENTED_EDGE ( 'NONE', *, *, #3025, .F. ) ;
#1198 = ORIENTED_EDGE ( 'NONE', *, *, #3086, .T. ) ;
#1199 = DIRECTION ( 'NONE',  ( 0.000000000000000000, 1.000000000000000000, 0.000000000000000000 ) ) ;
#1200 = VECTOR ( 'NONE', #1293, 1000.000000000000227 ) ;
#1201 = ORIENTED_EDGE ( 'NONE', *, *, #3539, .T. ) ;
#1202 = ORIENTED_EDGE ( 'NONE', *, *, #3359, .F. ) ;
#1203 = DIRECTION ( 'NONE',  ( -1.000000000000000000, -1.286886851614849961E-16, 0.000000000000000000 ) ) ;
#1204 = DIRECTION ( 'NONE',  ( -1.000000000000000000, 0.000000000000000000, 0.000000000000000000 ) ) ;
#1205 = LINE ( 'NONE', #2829, #3847 ) ;
#1206 = ORIENTED_EDGE ( 'NONE', *, *, #258, .F. ) ;
#1207 = ORIENTED_EDGE ( 'NONE', *, *, #1990, .T. ) ;
#1208 = PRESENTATION_LAYER_ASSIGNMENT (  '', '', ( #860 ) ) ;
#1209 = CARTESIAN_POINT ( 'NONE',  ( -3.158543437801574871, 2.954999999999950333, 0.8524999999999999245 ) ) ;
#1210 = LINE ( 'NONE', #3136, #3851 ) ;
#1211 = UNCERTAINTY_MEASURE_WITH_UNIT (LENGTH_MEASURE( 1.000000000000000082E-05 ), #1488, 'distance_accuracy_value', 'NONE');
#1212 = ORIENTED_EDGE ( 'NONE', *, *, #1666, .T. ) ;
#1213 = VERTEX_POINT ( 'NONE', #1154 ) ;
#1214 = CARTESIAN_POINT ( 'NONE',  ( 3.685000000000000053, -1.282499999999967999, 0.8400000000000000799 ) ) ;
#1215 = EDGE_CURVE ( 'NONE', #2713, #317, #3655, .T. ) ;
#1216 = VECTOR ( 'NONE', #401, 1000.000000000000000 ) ;
#1217 = CARTESIAN_POINT ( 'NONE',  ( 3.685000000000000053, -3.810000000000000053, -1.687500000000000000 ) ) ;
#1218 = EDGE_LOOP ( 'NONE', ( #3761, #2500, #1173, #2472 ) ) ;
#1219 = DIRECTION ( 'NONE',  ( 2.016153594338775066E-32, -1.566690647129389750E-16, -1.000000000000000000 ) ) ;
#1220 = FACE_OUTER_BOUND ( 'NONE', #1659, .T. ) ;
#1221 = EDGE_CURVE ( 'NONE', #236, #2528, #2291, .T. ) ;
#1222 = ORIENTED_EDGE ( 'NONE', *, *, #1890, .T. ) ;
#1223 = ORIENTED_EDGE ( 'NONE', *, *, #1794, .T. ) ;
#1224 = CARTESIAN_POINT ( 'NONE',  ( -3.685000000000000053, -3.810000000000000053, -2.584601905787459852 ) ) ;
#1225 = VECTOR ( 'NONE', #82, 1000.000000000000000 ) ;
#1226 = CARTESIAN_POINT ( 'NONE',  ( 3.660000000000000142, 2.929999999999949978, -3.392500000000000071 ) ) ;
#1227 = ORIENTED_EDGE ( 'NONE', *, *, #1890, .F. ) ;
#1228 = EDGE_CURVE ( 'NONE', #1121, #1981, #952, .T. ) ;
#1229 = EDGE_LOOP ( 'NONE', ( #1409, #147, #620, #1965 ) ) ;
#1230 = EDGE_CURVE ( 'NONE', #2971, #1668, #3625, .T. ) ;
#1231 = CARTESIAN_POINT ( 'NONE',  ( 3.685000000000000053, 1.245000000000000107, 1.687500000000000000 ) ) ;
#1232 = CARTESIAN_POINT ( 'NONE',  ( 3.685000000000000053, -3.810000000000000053, -1.992499999999999938 ) ) ;
#1233 = CYLINDRICAL_SURFACE ( 'NONE', #2739, 0.2750000000000000777 ) ;
#1234 = VERTEX_POINT ( 'NONE', #3689 ) ;
#1235 = ORIENTED_EDGE ( 'NONE', *, *, #944, .F. ) ;
#1236 = ORIENTED_EDGE ( 'NONE', *, *, #1262, .T. ) ;
#1237 =( GEOMETRIC_REPRESENTATION_CONTEXT ( 3 ) GLOBAL_UNCERTAINTY_ASSIGNED_CONTEXT ( ( #931 ) ) GLOBAL_UNIT_ASSIGNED_CONTEXT ( ( #1738, #3550, #3842 ) ) REPRESENTATION_CONTEXT ( 'NONE', 'WORKASPACE' ) );
#1238 = CARTESIAN_POINT ( 'NONE',  ( -3.174999999999999822, 3.080000000000039595, 4.254999999999999893 ) ) ;
#1239 = EDGE_LOOP ( 'NONE', ( #272, #338, #2977, #268 ) ) ;
#1240 = ORIENTED_EDGE ( 'NONE', *, *, #2087, .F. ) ;
#1241 = ADVANCED_FACE ( 'NONE', ( #2353 ), #3102, .F. ) ;
#1242 = CARTESIAN_POINT ( 'NONE',  ( -3.660000000000000142, 4.336808689942014778E-16, 3.392500000000000071 ) ) ;
#1243 = CARTESIAN_POINT ( 'NONE',  ( 3.935000000000000053, -0.7418666113899029524, -0.2300000000000000100 ) ) ;
#1244 = LINE ( 'NONE', #274, #1225 ) ;
#1245 = ORIENTED_EDGE ( 'NONE', *, *, #2516, .T. ) ;
#1246 = ADVANCED_FACE ( 'NONE', ( #1065 ), #3175, .F. ) ;
#1247 = AXIS2_PLACEMENT_3D ( 'NONE', #1160, #1804, #1486 ) ;
#1248 = ORIENTED_EDGE ( 'NONE', *, *, #481, .T. ) ;
#1249 = ORIENTED_EDGE ( 'NONE', *, *, #2438, .T. ) ;
#1250 = CARTESIAN_POINT ( 'NONE',  ( 3.935000000000000053, 2.929999999999949978, -3.392500000000000071 ) ) ;
#1251 = DIRECTION ( 'NONE',  ( 1.000000000000000000, 1.286886851614849961E-16, 0.000000000000000000 ) ) ;
#1252 = VECTOR ( 'NONE', #2843, 1000.000000000000000 ) ;
#1253 = ORIENTED_EDGE ( 'NONE', *, *, #1599, .F. ) ;
#1254 = ORIENTED_EDGE ( 'NONE', *, *, #3509, .T. ) ;
#1255 = AXIS2_PLACEMENT_3D ( 'NONE', #3610, #2714, #3278 ) ;
#1256 = VERTEX_POINT ( 'NONE', #2807 ) ;
#1257 = CARTESIAN_POINT ( 'NONE',  ( -2.973571678691285136, 1.550000000000000044, 0.000000000000000000 ) ) ;
#1258 = ORIENTED_EDGE ( 'NONE', *, *, #3812, .T. ) ;
#1259 = ORIENTED_EDGE ( 'NONE', *, *, #832, .F. ) ;
#1260 = CARTESIAN_POINT ( 'NONE',  ( -3.158543437801574871, 3.204999999999949889, -1.687500000000000000 ) ) ;
#1261 = CARTESIAN_POINT ( 'NONE',  ( -3.685000000000000053, -3.510000000000000231, -2.637500000000000178 ) ) ;
#1262 = EDGE_CURVE ( 'NONE', #736, #2084, #1069, .T. ) ;
#1263 = ORIENTED_EDGE ( 'NONE', *, *, #1012, .T. ) ;
#1264 = PRESENTATION_STYLE_ASSIGNMENT (( #1541 ) ) ;
#1265 = ORIENTED_EDGE ( 'NONE', *, *, #137, .F. ) ;
#1266 = VERTEX_POINT ( 'NONE', #3741 ) ;
#1267 = CARTESIAN_POINT ( 'NONE',  ( -1.975000000000000089, 5.080000000000000071, -3.055000000000000160 ) ) ;
#1268 = ORIENTED_EDGE ( 'NONE', *, *, #2769, .F. ) ;
#1269 = EDGE_CURVE ( 'NONE', #2679, #2804, #2277, .T. ) ;
#1270 = CARTESIAN_POINT ( 'NONE',  ( -3.935000000000000053, 2.573350670850880206, -3.710158856381964743 ) ) ;
#1271 = DIRECTION ( 'NONE',  ( 0.000000000000000000, 0.7071067811865435759, -0.7071067811865514585 ) ) ;
#1272 = CIRCLE ( 'NONE', #930, 0.4499999999999999001 ) ;
#1273 = ORIENTED_EDGE ( 'NONE', *, *, #1131, .F. ) ;
#1274 = ORIENTED_EDGE ( 'NONE', *, *, #2865, .F. ) ;
#1275 = EDGE_LOOP ( 'NONE', ( #1667, #1685, #2993, #1684 ) ) ;
#1276 = CARTESIAN_POINT ( 'NONE',  ( 3.660000000000000142, 3.204999999999949889, 3.392500000000000071 ) ) ;
#1277 = ADVANCED_FACE ( 'NONE', ( #3707 ), #2460, .F. ) ;
#1278 = EDGE_CURVE ( 'NONE', #1086, #1570, #2334, .T. ) ;
#1279 = LINE ( 'NONE', #2750, #3942 ) ;
#1280 = ORIENTED_EDGE ( 'NONE', *, *, #298, .T. ) ;
#1281 = ADVANCED_FACE ( 'NONE', ( #2339 ), #2668, .F. ) ;
#1282 = ORIENTED_EDGE ( 'NONE', *, *, #289, .T. ) ;
#1283 = CARTESIAN_POINT ( 'NONE',  ( 3.935000000000000053, -3.510000000000000231, -0.2300000000000000100 ) ) ;
#1284 = CARTESIAN_POINT ( 'NONE',  ( 3.660000000000000142, 2.954999999999950333, 0.8524999999999999245 ) ) ;
#1285 = LINE ( 'NONE', #3717, #3889 ) ;
#1286 = VERTEX_POINT ( 'NONE', #323 ) ;
#1287 = ORIENTED_EDGE ( 'NONE', *, *, #240, .T. ) ;
#1288 = CARTESIAN_POINT ( 'NONE',  ( -3.660000000000000142, 2.954999999999950333, 3.392500000000000071 ) ) ;
#1289 = CARTESIAN_POINT ( 'NONE',  ( 3.685000000000000053, -3.810000000000000053, 1.687500000000000000 ) ) ;
#1290 = AXIS2_PLACEMENT_3D ( 'NONE', #3331, #278, #1843 ) ;
#1291 = CARTESIAN_POINT ( 'NONE',  ( 3.660000000000000142, 2.929999999999949978, -0.8524999999999999245 ) ) ;
#1292 = FACE_OUTER_BOUND ( 'NONE', #167, .T. ) ;
#1293 = DIRECTION ( 'NONE',  ( 0.000000000000000000, -0.8344190475701450671, 0.5511305227005049989 ) ) ;
#1294 = ORIENTED_EDGE ( 'NONE', *, *, #3412, .F. ) ;
#1295 = ORIENTED_EDGE ( 'NONE', *, *, #2827, .T. ) ;
#1296 = DIRECTION ( 'NONE',  ( -1.286886851614851933E-16, 1.000000000000000000, 7.833453235646948748E-17 ) ) ;
#1297 = CARTESIAN_POINT ( 'NONE',  ( -3.660000000000000142, 2.929999999999949978, 1.992499999999999938 ) ) ;
#1298 = ORIENTED_EDGE ( 'NONE', *, *, #1740, .T. ) ;
#1299 = DIRECTION ( 'NONE',  ( -1.000000000000000000, -1.286886851614851933E-16, 0.000000000000000000 ) ) ;
#1300 = PLANE ( 'NONE',  #3597 ) ;
#1301 = DIRECTION ( 'NONE',  ( 1.000000000000000000, 0.000000000000000000, 0.000000000000000000 ) ) ;
#1302 = FACE_OUTER_BOUND ( 'NONE', #1552, .T. ) ;
#1303 = ORIENTED_EDGE ( 'NONE', *, *, #3668, .F. ) ;
#1304 = ORIENTED_EDGE ( 'NONE', *, *, #999, .T. ) ;
#1305 = EDGE_LOOP ( 'NONE', ( #1741, #2825, #1395, #447, #445, #1368, #1402, #205, #2743, #1374 ) ) ;
#1306 = CARTESIAN_POINT ( 'NONE',  ( -3.174999999999999822, 3.079999999999949889, 0.8524999999999999245 ) ) ;
#1307 = DIRECTION ( 'NONE',  ( 0.000000000000000000, 0.000000000000000000, -1.000000000000000000 ) ) ;
#1308 = AXIS2_PLACEMENT_3D ( 'NONE', #2994, #3875, #3556 ) ;
#1309 = CLOSED_SHELL ( 'NONE', ( #3595, #3268, #3232, #425, #2323, #3519, #69, #1889, #2202, #2910, #2101, #3127, #973, #578, #1647, #2661, #386 ) ) ;
#1310 = DIRECTION ( 'NONE',  ( 1.000000000000000000, 0.000000000000000000, 0.000000000000000000 ) ) ;
#1311 = ORIENTED_EDGE ( 'NONE', *, *, #1557, .F. ) ;
#1312 = ORIENTED_EDGE ( 'NONE', *, *, #506, .F. ) ;
#1313 = PLANE ( 'NONE',  #3560 ) ;
#1314 = EDGE_CURVE ( 'NONE', #1256, #3198, #2345, .T. ) ;
#1315 = VERTEX_POINT ( 'NONE', #262 ) ;
#1316 = ADVANCED_FACE ( 'NONE', ( #965 ), #3675, .T. ) ;
#1317 = VERTEX_POINT ( 'NONE', #1805 ) ;
#1318 = CARTESIAN_POINT ( 'NONE',  ( -3.685000000000000053, -0.7418666113899050618, 2.177500000000000213 ) ) ;
#1319 = CARTESIAN_POINT ( 'NONE',  ( 3.685000000000000053, -3.810000000000000053, 2.584601905787459852 ) ) ;
#1320 = CARTESIAN_POINT ( 'NONE',  ( 3.660000000000000142, 2.929999999999949978, 3.392500000000000071 ) ) ;
#1321 = CARTESIAN_POINT ( 'NONE',  ( -3.174999999999999822, 3.079999999999949889, -0.8524999999999999245 ) ) ;
#1322 = VERTEX_POINT ( 'NONE', #1231 ) ;
#1323 = EDGE_CURVE ( 'NONE', #2856, #3224, #2401, .T. ) ;
#1324 = ORIENTED_EDGE ( 'NONE', *, *, #693, .F. ) ;
#1325 = ORIENTED_EDGE ( 'NONE', *, *, #3505, .T. ) ;
#1326 = EDGE_CURVE ( 'NONE', #3139, #1763, #2386, .T. ) ;
#1327 = DIRECTION ( 'NONE',  ( 4.504103980651980163E-16, 1.000000000000000000, 2.620428211445405372E-16 ) ) ;
#1328 = DIRECTION ( 'NONE',  ( 0.000000000000000000, 0.000000000000000000, 1.000000000000000000 ) ) ;
#1329 = LINE ( 'NONE', #2006, #3857 ) ;
#1330 = ORIENTED_EDGE ( 'NONE', *, *, #1506, .F. ) ;
#1331 = ORIENTED_EDGE ( 'NONE', *, *, #481, .F. ) ;
#1332 = EDGE_CURVE ( 'NONE', #2593, #1158, #2299, .T. ) ;
#1333 = ORIENTED_EDGE ( 'NONE', *, *, #2929, .T. ) ;
#1334 = PLANE ( 'NONE',  #2967 ) ;
#1335 = LINE ( 'NONE', #3436, #3935 ) ;
#1336 = EDGE_CURVE ( 'NONE', #2585, #3246, #1041, .T. ) ;
#1337 = VERTEX_POINT ( 'NONE', #3388 ) ;
#1338 = ORIENTED_EDGE ( 'NONE', *, *, #1546, .F. ) ;
#1339 = CARTESIAN_POINT ( 'NONE',  ( 3.935000000000000053, 9.885896037421198999E-16, 0.8524999999999999245 ) ) ;
#1340 = ORIENTED_EDGE ( 'NONE', *, *, #20, .T. ) ;
#1341 = DIRECTION ( 'NONE',  ( -0.9914448613738108262, 0.1305261922200484093, 0.000000000000000000 ) ) ;
#1342 = DIRECTION ( 'NONE',  ( 0.000000000000000000, 0.000000000000000000, -1.000000000000000000 ) ) ;
#1343 = VECTOR ( 'NONE', #2836, 1000.000000000000000 ) ;
#1344 = ORIENTED_EDGE ( 'NONE', *, *, #3946, .F. ) ;
#1345 = VERTEX_POINT ( 'NONE', #348 ) ;
#1346 = ORIENTED_EDGE ( 'NONE', *, *, #1718, .T. ) ;
#1347 = DIRECTION ( 'NONE',  ( 1.000000000000000000, 0.000000000000000000, 0.000000000000000000 ) ) ;
#1348 = CARTESIAN_POINT ( 'NONE',  ( -3.660000000000000142, 4.336808689942014778E-16, -3.392500000000000071 ) ) ;
#1349 = CARTESIAN_POINT ( 'NONE',  ( 3.935000000000000053, -3.810000000000000053, 2.584601905787459852 ) ) ;
#1350 = PRODUCT ( '646BX_646BX', '646BX_646BX', '', ( #3626 ) ) ;
#1351 = CARTESIAN_POINT ( 'NONE',  ( -3.660000000000000142, 2.929999999999949978, -3.392500000000000071 ) ) ;
#1352 = VERTEX_POINT ( 'NONE', #651 ) ;
#1353 = ADVANCED_FACE ( 'NONE', ( #3633 ), #2465, .F. ) ;
#1354 = EDGE_LOOP ( 'NONE', ( #3324, #2587, #3316, #142 ) ) ;
#1355 = ORIENTED_EDGE ( 'NONE', *, *, #991, .T. ) ;
#1356 = AXIS2_PLACEMENT_3D ( 'NONE', #1511, #2367, #1540 ) ;
#1357 = DIRECTION ( 'NONE',  ( 1.000000000000000000, 0.000000000000000000, 0.000000000000000000 ) ) ;
#1358 = ORIENTED_EDGE ( 'NONE', *, *, #1145, .F. ) ;
#1359 = DIRECTION ( 'NONE',  ( -9.099664193966623196E-17, 0.7071067811865435759, 0.7071067811865515695 ) ) ;
#1360 = CYLINDRICAL_SURFACE ( 'NONE', #1073, 0.02499999999999984873 ) ;
#1361 = ORIENTED_EDGE ( 'NONE', *, *, #454, .F. ) ;
#1362 = EDGE_LOOP ( 'NONE', ( #1999, #1201, #2558, #3945, #3489, #2554, #3416, #756, #3403 ) ) ;
#1363 = UNCERTAINTY_MEASURE_WITH_UNIT (LENGTH_MEASURE( 1.000000000000000082E-05 ), #2543, 'distance_accuracy_value', 'NONE');
#1364 = ORIENTED_EDGE ( 'NONE', *, *, #3812, .F. ) ;
#1365 = EDGE_CURVE ( 'NONE', #3759, #450, #3681, .T. ) ;
#1366 = VECTOR ( 'NONE', #731, 1000.000000000000114 ) ;
#1367 = ORIENTED_EDGE ( 'NONE', *, *, #3677, .T. ) ;
#1368 = ORIENTED_EDGE ( 'NONE', *, *, #3364, .T. ) ;
#1369 = MANIFOLD_SOLID_BREP ( 'NONE', #3929 ) ;
#1370 = ORIENTED_EDGE ( 'NONE', *, *, #880, .T. ) ;
#1371 =( NAMED_UNIT ( * ) PLANE_ANGLE_UNIT ( ) SI_UNIT ( $, .RADIAN. ) );
#1372 = EDGE_CURVE ( 'NONE', #653, #1771, #1013, .T. ) ;
#1373 = FACE_OUTER_BOUND ( 'NONE', #1229, .T. ) ;
#1374 = ORIENTED_EDGE ( 'NONE', *, *, #1178, .T. ) ;
#1375 = VERTEX_POINT ( 'NONE', #3619 ) ;
#1376 = CARTESIAN_POINT ( 'NONE',  ( -3.935000000000000053, 2.550691836355555075, -1.298663492509024131 ) ) ;
#1377 = PLANE ( 'NONE',  #3443 ) ;
#1378 = DIRECTION ( 'NONE',  ( -1.000000000000000000, -1.286886851614851933E-16, 0.000000000000000000 ) ) ;
#1379 = DIRECTION ( 'NONE',  ( -1.000000000000000000, -4.504103980651980163E-16, 0.000000000000000000 ) ) ;
#1380 = LINE ( 'NONE', #2511, #1343 ) ;
#1381 = ORIENTED_EDGE ( 'NONE', *, *, #491, .T. ) ;
#1382 = EDGE_CURVE ( 'NONE', #3820, #1844, #1075, .T. ) ;
#1383 = ORIENTED_EDGE ( 'NONE', *, *, #3582, .T. ) ;
#1384 = CARTESIAN_POINT ( 'NONE',  ( 3.935000000000000053, -3.810000000000000053, -2.584601905787459852 ) ) ;
#1385 = ADVANCED_FACE ( 'NONE', ( #2272 ), #3343, .F. ) ;
#1386 = DIRECTION ( 'NONE',  ( -1.000000000000000000, -1.286886851614851933E-16, 0.000000000000000000 ) ) ;
#1387 = FACE_OUTER_BOUND ( 'NONE', #2091, .T. ) ;
#1388 = ORIENTED_EDGE ( 'NONE', *, *, #3922, .F. ) ;
#1389 = ADVANCED_FACE ( 'NONE', ( #3180 ), #3006, .F. ) ;
#1390 = ORIENTED_EDGE ( 'NONE', *, *, #542, .F. ) ;
#1391 = DIRECTION ( 'NONE',  ( -4.504103980651980163E-16, 1.000000000000000000, 0.000000000000000000 ) ) ;
#1392 = DIRECTION ( 'NONE',  ( 0.000000000000000000, 0.000000000000000000, -1.000000000000000000 ) ) ;
#1393 = EDGE_CURVE ( 'NONE', #302, #27, #3201, .T. ) ;
#1394 = VECTOR ( 'NONE', #1155, 1000.000000000000000 ) ;
#1395 = ORIENTED_EDGE ( 'NONE', *, *, #2078, .T. ) ;
#1396 = EDGE_LOOP ( 'NONE', ( #47, #3919, #3876, #2447 ) ) ;
#1397 = CARTESIAN_POINT ( 'NONE',  ( 3.660000000000000142, 2.929999999999949978, 0.8524999999999999245 ) ) ;
#1398 = AXIS2_PLACEMENT_3D ( 'NONE', #905, #2160, #1199 ) ;
#1399 = PLANE ( 'NONE',  #2462 ) ;
#1400 = VECTOR ( 'NONE', #23, 1000.000000000000000 ) ;
#1401 = CARTESIAN_POINT ( 'NONE',  ( 3.935000000000000053, 1.373751714098847875E-15, 1.687500000000000000 ) ) ;
#1402 = ORIENTED_EDGE ( 'NONE', *, *, #3306, .T. ) ;
#1403 = ORIENTED_EDGE ( 'NONE', *, *, #953, .T. ) ;
#1404 = DIRECTION ( 'NONE',  ( -0.1305261922200499358, -0.9914448613738106042, 2.598010084836514366E-16 ) ) ;
#1405 = CARTESIAN_POINT ( 'NONE',  ( 3.174999999999999822, 3.079999999999949889, 4.254999999999999893 ) ) ;
#1406 = AXIS2_PLACEMENT_3D ( 'NONE', #916, #1161, #3951 ) ;
#1407 = VECTOR ( 'NONE', #2416, 1000.000000000000000 ) ;
#1408 = ORIENTED_EDGE ( 'NONE', *, *, #2619, .T. ) ;
#1409 = ORIENTED_EDGE ( 'NONE', *, *, #2300, .F. ) ;
#1410 = VERTEX_POINT ( 'NONE', #1187 ) ;
#1411 = DIRECTION ( 'NONE',  ( -2.234655566464550487E-17, 0.1736481776669324406, -0.9848077530122076872 ) ) ;
#1412 = VECTOR ( 'NONE', #1975, 1000.000000000000000 ) ;
#1413 = ORIENTED_EDGE ( 'NONE', *, *, #1832, .T. ) ;
#1414 = ORIENTED_EDGE ( 'NONE', *, *, #2468, .T. ) ;
#1415 = CARTESIAN_POINT ( 'NONE',  ( 3.935000000000000053, -3.510000000000000231, -2.177500000000000213 ) ) ;
#1416 = DIRECTION ( 'NONE',  ( 1.000000000000000000, 1.286886851614849961E-16, 0.000000000000000000 ) ) ;
#1417 = CIRCLE ( 'NONE', #377, 0.02499999999999984873 ) ;
#1418 = EDGE_LOOP ( 'NONE', ( #1298, #3391, #1184, #3953, #1249, #3333, #666, #2430, #1433, #1312, #1091, #1470 ) ) ;
#1419 = VERTEX_POINT ( 'NONE', #3059 ) ;
#1420 = ADVANCED_FACE ( 'NONE', ( #3233 ), #1313, .F. ) ;
#1421 = EDGE_CURVE ( 'NONE', #1120, #1092, #1798, .T. ) ;
#1422 = VERTEX_POINT ( 'NONE', #2356 ) ;
#1423 = DIRECTION ( 'NONE',  ( -1.000000000000000000, -1.286886851614851933E-16, 0.000000000000000000 ) ) ;
#1424 = CARTESIAN_POINT ( 'NONE',  ( -3.935000000000000053, 2.929999999999949978, -3.392500000000000071 ) ) ;
#1425 = LINE ( 'NONE', #2273, #118 ) ;
#1426 = DIRECTION ( 'NONE',  ( 0.1305261922200499358, 0.9914448613738106042, 0.000000000000000000 ) ) ;
#1427 = CARTESIAN_POINT ( 'NONE',  ( 3.935000000000000053, -3.510000000000000231, -2.637500000000000178 ) ) ;
#1428 = ORIENTED_EDGE ( 'NONE', *, *, #2619, .F. ) ;
#1429 = EDGE_LOOP ( 'NONE', ( #1492, #451, #3095, #1760, #2801, #2716, #2783, #1827, #1381 ) ) ;
#1430 = ORIENTED_EDGE ( 'NONE', *, *, #3074, .F. ) ;
#1431 = EDGE_CURVE ( 'NONE', #2785, #2181, #3114, .T. ) ;
#1432 = DIRECTION ( 'NONE',  ( -2.234655566464551412E-17, 0.1736481776669324406, 0.9848077530122076872 ) ) ;
#1433 = ORIENTED_EDGE ( 'NONE', *, *, #1372, .F. ) ;
#1434 = DIRECTION ( 'NONE',  ( -0.000000000000000000, 1.000000000000000000, 0.000000000000000000 ) ) ;
#1435 = DIRECTION ( 'NONE',  ( -2.234655566464550487E-17, 0.1736481776669324406, -0.9848077530122076872 ) ) ;
#1436 = EDGE_CURVE ( 'NONE', #2734, #326, #1812, .T. ) ;
#1437 = LINE ( 'NONE', #3207, #2715 ) ;
#1438 = EDGE_CURVE ( 'NONE', #3816, #2498, #3670, .T. ) ;
#1439 = ORIENTED_EDGE ( 'NONE', *, *, #749, .F. ) ;
#1440 = ORIENTED_EDGE ( 'NONE', *, *, #3860, .T. ) ;
#1441 = ORIENTED_EDGE ( 'NONE', *, *, #1332, .F. ) ;
#1442 = CARTESIAN_POINT ( 'NONE',  ( 3.685000000000000053, -0.7418666113899029524, 0.2300000000000000100 ) ) ;
#1443 = CARTESIAN_POINT ( 'NONE',  ( -3.935000000000000053, 2.929999999999949978, 0.8524999999999999245 ) ) ;
#1444 = VERTEX_POINT ( 'NONE', #503 ) ;
#1445 = CARTESIAN_POINT ( 'NONE',  ( -3.685000000000000053, 2.929999999999949978, 0.8524999999999999245 ) ) ;
#1446 = LINE ( 'NONE', #3869, #168 ) ;
#1447 = ORIENTED_EDGE ( 'NONE', *, *, #2237, .T. ) ;
#1448 = VERTEX_POINT ( 'NONE', #817 ) ;
#1449 = AXIS2_PLACEMENT_3D ( 'NONE', #3588, #2611, #256 ) ;
#1450 = EDGE_LOOP ( 'NONE', ( #3152, #166 ) ) ;
#1451 = EDGE_LOOP ( 'NONE', ( #992, #3858, #1899, #3323, #1222, #833, #1304, #2119, #1254 ) ) ;
#1452 = CARTESIAN_POINT ( 'NONE',  ( 3.935000000000000053, 2.929999999999949978, -0.8524999999999999245 ) ) ;
#1453 = DIRECTION ( 'NONE',  ( 0.000000000000000000, 0.000000000000000000, 1.000000000000000000 ) ) ;
#1454 = VECTOR ( 'NONE', #730, 1000.000000000000114 ) ;
#1455 = DIRECTION ( 'NONE',  ( -1.000000000000000000, -1.286886851614849961E-16, 0.000000000000000000 ) ) ;
#1456 = ORIENTED_EDGE ( 'NONE', *, *, #1141, .F. ) ;
#1457 = ORIENTED_EDGE ( 'NONE', *, *, #306, .T. ) ;
#1458 = MECHANICAL_DESIGN_GEOMETRIC_PRESENTATION_REPRESENTATION (  '', ( #1623 ), #2688 ) ;
#1459 = DIRECTION ( 'NONE',  ( -0.1294283079955605986, -0.9831056027603608527, -0.1294283079955610150 ) ) ;
#1460 = SHAPE_REPRESENTATION ( '646BX', ( #2056, #607 ), #3132 ) ;
#1461 = EDGE_LOOP ( 'NONE', ( #2998, #1778, #1517, #1519 ) ) ;
#1462 = ORIENTED_EDGE ( 'NONE', *, *, #86, .F. ) ;
#1463 = FACE_OUTER_BOUND ( 'NONE', #150, .T. ) ;
#1464 = DIRECTION ( 'NONE',  ( 1.000000000000000000, 0.000000000000000000, 0.000000000000000000 ) ) ;
#1465 = ORIENTED_EDGE ( 'NONE', *, *, #3946, .T. ) ;
#1466 = EDGE_LOOP ( 'NONE', ( #97, #1457, #2812, #567 ) ) ;
#1467 = ADVANCED_FACE ( 'NONE', ( #2397 ), #2027, .F. ) ;
#1468 = ORIENTED_EDGE ( 'NONE', *, *, #3269, .F. ) ;
#1469 = CARTESIAN_POINT ( 'NONE',  ( 3.935000000000000053, -3.510000000000000231, -2.637500000000000178 ) ) ;
#1470 = ORIENTED_EDGE ( 'NONE', *, *, #883, .F. ) ;
#1471 = AXIS2_PLACEMENT_3D ( 'NONE', #291, #2167, #1878 ) ;
#1472 = CARTESIAN_POINT ( 'NONE',  ( 3.935000000000000053, 3.204999999999954774, 1.992499999999999938 ) ) ;
#1473 = CARTESIAN_POINT ( 'NONE',  ( -3.158543437801574871, 2.954999999999950333, -0.8524999999999999245 ) ) ;
#1474 = CIRCLE ( 'NONE', #559, 0.4499999999999999001 ) ;
#1475 = VERTEX_POINT ( 'NONE', #734 ) ;
#1476 = ORIENTED_EDGE ( 'NONE', *, *, #3112, .T. ) ;
#1477 = VERTEX_POINT ( 'NONE', #1018 ) ;
#1478 = CARTESIAN_POINT ( 'NONE',  ( -3.685000000000000053, 2.929999999999949978, -0.8524999999999999245 ) ) ;
#1479 = SURFACE_SIDE_STYLE ('',( #3955 ) ) ;
#1480 = VERTEX_POINT ( 'NONE', #1604 ) ;
#1481 = EDGE_CURVE ( 'NONE', #140, #6, #3702, .T. ) ;
#1482 = CARTESIAN_POINT ( 'NONE',  ( -3.935000000000000053, 0.8798459708391349610, -1.590778429623924906 ) ) ;
#1483 = FACE_OUTER_BOUND ( 'NONE', #3746, .T. ) ;
#1484 = ORIENTED_EDGE ( 'NONE', *, *, #41, .F. ) ;
#1485 = ORIENTED_EDGE ( 'NONE', *, *, #3965, .F. ) ;
#1486 = DIRECTION ( 'NONE',  ( -1.000000000000000000, 0.000000000000000000, 0.000000000000000000 ) ) ;
#1487 = EDGE_LOOP ( 'NONE', ( #1248, #1462, #852, #2592 ) ) ;
#1488 =( LENGTH_UNIT ( ) NAMED_UNIT ( * ) SI_UNIT ( .MILLI., .METRE. ) );
#1489 = EDGE_CURVE ( 'NONE', #1580, #1375, #3749, .T. ) ;
#1490 = LINE ( 'NONE', #1961, #26 ) ;
#1491 = DIRECTION ( 'NONE',  ( 0.1305261922200534608, 0.9914448613738102711, -2.598010084836510915E-16 ) ) ;
#1492 = ORIENTED_EDGE ( 'NONE', *, *, #410, .F. ) ;
#1493 = EDGE_CURVE ( 'NONE', #6, #2904, #2443, .T. ) ;
#1494 = VERTEX_POINT ( 'NONE', #2329 ) ;
#1495 = DIRECTION ( 'NONE',  ( -1.000000000000000000, -1.286886851614851933E-16, 0.000000000000000000 ) ) ;
#1496 = EDGE_LOOP ( 'NONE', ( #1274, #3865, #2147, #1235 ) ) ;
#1497 = DIRECTION ( 'NONE',  ( 0.000000000000000000, 0.000000000000000000, -1.000000000000000000 ) ) ;
#1498 = EDGE_CURVE ( 'NONE', #1174, #490, #2420, .T. ) ;
#1499 = VECTOR ( 'NONE', #2243, 1000.000000000000000 ) ;
#1500 = CARTESIAN_POINT ( 'NONE',  ( -3.660000000000000142, 2.954999999999950333, -0.8524999999999999245 ) ) ;
#1501 = ORIENTED_EDGE ( 'NONE', *, *, #991, .F. ) ;
#1502 = EDGE_LOOP ( 'NONE', ( #1567, #2936, #737, #2583, #2732, #1595, #776, #2556, #1839, #179 ) ) ;
#1503 = DIRECTION ( 'NONE',  ( 1.000000000000000000, 1.286886851614851933E-16, 0.000000000000000000 ) ) ;
#1504 = EDGE_LOOP ( 'NONE', ( #1821, #1795, #270, #188 ) ) ;
#1505 = CARTESIAN_POINT ( 'NONE',  ( 3.935000000000000053, -0.7418666113899040626, -2.637500000000000178 ) ) ;
#1506 = EDGE_CURVE ( 'NONE', #3895, #2610, #3683, .T. ) ;
#1507 = DIRECTION ( 'NONE',  ( -1.000000000000000000, -1.286886851614851933E-16, 0.000000000000000000 ) ) ;
#1508 = CYLINDRICAL_SURFACE ( 'NONE', #1810, 0.02499999999999984873 ) ;
#1509 = ORIENTED_EDGE ( 'NONE', *, *, #34, .T. ) ;
#1510 = ORIENTED_EDGE ( 'NONE', *, *, #3796, .T. ) ;
#1511 = CARTESIAN_POINT ( 'NONE',  ( 2.911695004825210376, 5.080000000000000071, 0.000000000000000000 ) ) ;
#1512 = CARTESIAN_POINT ( 'NONE',  ( -3.158543437801574871, 3.204999999999949889, 3.392500000000000071 ) ) ;
#1513 = ORIENTED_EDGE ( 'NONE', *, *, #3922, .T. ) ;
#1514 = AXIS2_PLACEMENT_3D ( 'NONE', #2900, #648, #452 ) ;
#1515 = DIRECTION ( 'NONE',  ( -1.000000000000000000, 0.000000000000000000, 2.269128730586704845E-17 ) ) ;
#1516 = FACE_OUTER_BOUND ( 'NONE', #1450, .T. ) ;
#1517 = ORIENTED_EDGE ( 'NONE', *, *, #3017, .F. ) ;
#1518 = ORIENTED_EDGE ( 'NONE', *, *, #3402, .F. ) ;
#1519 = ORIENTED_EDGE ( 'NONE', *, *, #3169, .T. ) ;
#1520 = CARTESIAN_POINT ( 'NONE',  ( 3.935000000000000053, -3.810000000000000053, -2.230398094212539650 ) ) ;
#1521 = DIRECTION ( 'NONE',  ( 0.9914448613738108262, 0.1305261922200484093, 0.000000000000000000 ) ) ;
#1522 = FACE_OUTER_BOUND ( 'NONE', #545, .T. ) ;
#1523 = VERTEX_POINT ( 'NONE', #2206 ) ;
#1524 = VERTEX_POINT ( 'NONE', #841 ) ;
#1525 = FILL_AREA_STYLE ('',( #3627 ) ) ;
#1526 = EDGE_LOOP ( 'NONE', ( #1614, #3123, #2677, #1227 ) ) ;
#1527 = DIRECTION ( 'NONE',  ( 0.000000000000000000, 0.000000000000000000, -1.000000000000000000 ) ) ;
#1528 = LINE ( 'NONE', #162, #1589 ) ;
#1529 = DIRECTION ( 'NONE',  ( 0.000000000000000000, 0.000000000000000000, 1.000000000000000000 ) ) ;
#1530 = AXIS2_PLACEMENT_3D ( 'NONE', #448, #208, #1955 ) ;
#1531 = VERTEX_POINT ( 'NONE', #1119 ) ;
#1532 = ORIENTED_EDGE ( 'NONE', *, *, #3727, .F. ) ;
#1533 = VERTEX_POINT ( 'NONE', #1427 ) ;
#1534 = CARTESIAN_POINT ( 'NONE',  ( -1.975000000000000089, 5.080000000000000071, -2.604999999999999982 ) ) ;
#1535 = CARTESIAN_POINT ( 'NONE',  ( 3.158543437801574871, 3.204999999999949889, 0.8524999999999999245 ) ) ;
#1536 = LINE ( 'NONE', #3481, #1624 ) ;
#1537 = EDGE_CURVE ( 'NONE', #2531, #2757, #1052, .T. ) ;
#1538 = CARTESIAN_POINT ( 'NONE',  ( -3.660000000000000142, 2.954999999999950333, 1.992499999999999938 ) ) ;
#1539 = VERTEX_POINT ( 'NONE', #3576 ) ;
#1540 = DIRECTION ( 'NONE',  ( 0.000000000000000000, 0.000000000000000000, -1.000000000000000000 ) ) ;
#1541 = SURFACE_STYLE_USAGE ( .BOTH. , #1479 ) ;
#1542 = EDGE_LOOP ( 'NONE', ( #2641, #2063, #2544, #2113 ) ) ;
#1543 = CARTESIAN_POINT ( 'NONE',  ( -3.685000000000000053, -3.810000000000000053, 0.2300000000000000100 ) ) ;
#1544 = FACE_OUTER_BOUND ( 'NONE', #2622, .T. ) ;
#1545 = ORIENTED_EDGE ( 'NONE', *, *, #1060, .F. ) ;
#1546 = EDGE_CURVE ( 'NONE', #55, #2564, #3245, .T. ) ;
#1547 = VERTEX_POINT ( 'NONE', #2489 ) ;
#1548 = DIRECTION ( 'NONE',  ( -2.234655566464551412E-17, 0.1736481776669324406, 0.9848077530122076872 ) ) ;
#1549 = CARTESIAN_POINT ( 'NONE',  ( 3.935000000000000053, -3.510000000000000231, 2.177500000000000213 ) ) ;
#1550 = EDGE_CURVE ( 'NONE', #2638, #198, #604, .T. ) ;
#1551 = FACE_OUTER_BOUND ( 'NONE', #3964, .T. ) ;
#1552 = EDGE_LOOP ( 'NONE', ( #1938, #1202, #3464, #581 ) ) ;
#1553 = CARTESIAN_POINT ( 'NONE',  ( 3.158543437801574871, 2.954999999999950333, -3.392500000000000071 ) ) ;
#1554 = EDGE_LOOP ( 'NONE', ( #2673, #1900, #681, #1370 ) ) ;
#1555 = DIRECTION ( 'NONE',  ( -3.372194610909714747E-32, 0.000000000000000000, 1.000000000000000000 ) ) ;
#1556 = VECTOR ( 'NONE', #2765, 1000.000000000000000 ) ;
#1557 = EDGE_CURVE ( 'NONE', #3300, #1539, #619, .T. ) ;
#1558 = ORIENTED_EDGE ( 'NONE', *, *, #2292, .F. ) ;
#1559 = VERTEX_POINT ( 'NONE', #1172 ) ;
#1560 = DIRECTION ( 'NONE',  ( -1.000000000000000000, -1.286886851614851933E-16, 0.000000000000000000 ) ) ;
#1561 = DIRECTION ( 'NONE',  ( 1.000000000000000000, -4.504103980651980163E-16, 0.000000000000000000 ) ) ;
#1562 = VECTOR ( 'NONE', #555, 1000.000000000000000 ) ;
#1563 = EDGE_LOOP ( 'NONE', ( #1692, #37, #304, #2670 ) ) ;
#1564 = AXIS2_PLACEMENT_3D ( 'NONE', #443, #2242, #1035 ) ;
#1565 = DIRECTION ( 'NONE',  ( 9.099664193966718106E-17, -0.7071067811865514585, 0.7071067811865435759 ) ) ;
#1566 = ADVANCED_FACE ( 'NONE', ( #3265 ), #577, .F. ) ;
#1567 = ORIENTED_EDGE ( 'NONE', *, *, #1190, .T. ) ;
#1568 = DIRECTION ( 'NONE',  ( 0.000000000000000000, 0.000000000000000000, -1.000000000000000000 ) ) ;
#1569 = LINE ( 'NONE', #3606, #2918 ) ;
#1570 = VERTEX_POINT ( 'NONE', #1500 ) ;
#1571 = ORIENTED_EDGE ( 'NONE', *, *, #2516, .F. ) ;
#1572 = AXIS2_PLACEMENT_3D ( 'NONE', #2483, #1593, #671 ) ;
#1573 = DIRECTION ( 'NONE',  ( 0.000000000000000000, 0.000000000000000000, -1.000000000000000000 ) ) ;
#1574 = CARTESIAN_POINT ( 'NONE',  ( 3.935000000000000053, -3.810000000000000053, 2.584601905787459852 ) ) ;
#1575 = CARTESIAN_POINT ( 'NONE',  ( -3.174999999999999822, 3.079999999999949889, -4.254999999999999893 ) ) ;
#1576 = LINE ( 'NONE', #2085, #1582 ) ;
#1577 = PRODUCT_DEFINITION_SHAPE ( 'NONE', 'NONE',  #2001 ) ;
#1578 = ORIENTED_EDGE ( 'NONE', *, *, #868, .T. ) ;
#1579 = DIRECTION ( 'NONE',  ( 0.000000000000000000, 0.000000000000000000, -1.000000000000000000 ) ) ;
#1580 = VERTEX_POINT ( 'NONE', #1815 ) ;
#1581 = EDGE_CURVE ( 'NONE', #1315, #1234, #625, .T. ) ;
#1582 = VECTOR ( 'NONE', #467, 1000.000000000000000 ) ;
#1583 = PLANE ( 'NONE',  #714 ) ;
#1584 = VERTEX_POINT ( 'NONE', #1146 ) ;
#1585 = ORIENTED_EDGE ( 'NONE', *, *, #1983, .T. ) ;
#1586 = DIRECTION ( 'NONE',  ( -1.000000000000000000, -1.286886851614851933E-16, 0.000000000000000000 ) ) ;
#1587 = CARTESIAN_POINT ( 'NONE',  ( -3.685000000000000053, -3.075348387898430236, 1.728023698027185029 ) ) ;
#1588 = EDGE_CURVE ( 'NONE', #57, #3139, #637, .T. ) ;
#1589 = VECTOR ( 'NONE', #2033, 1000.000000000000000 ) ;
#1590 = DIRECTION ( 'NONE',  ( 1.000000000000000000, 1.286886851614851933E-16, 0.000000000000000000 ) ) ;
#1591 = VERTEX_POINT ( 'NONE', #3373 ) ;
#1592 = CARTESIAN_POINT ( 'NONE',  ( -3.935000000000000053, 2.929999999999949978, 2.177500000000000213 ) ) ;
#1593 = DIRECTION ( 'NONE',  ( -1.000000000000000000, 1.286886851614851933E-16, 0.000000000000000000 ) ) ;
#1594 = EDGE_LOOP ( 'NONE', ( #3294, #2616 ) ) ;
#1595 = ORIENTED_EDGE ( 'NONE', *, *, #3366, .T. ) ;
#1596 = EDGE_CURVE ( 'NONE', #3967, #2904, #909, .T. ) ;
#1597 = FACE_OUTER_BOUND ( 'NONE', #3195, .T. ) ;
#1598 = VERTEX_POINT ( 'NONE', #273 ) ;
#1599 = EDGE_CURVE ( 'NONE', #3287, #2752, #967, .T. ) ;
#1600 = DIRECTION ( 'NONE',  ( -0.9914448613738102711, -0.1305261922200534608, 0.000000000000000000 ) ) ;
#1601 = EDGE_LOOP ( 'NONE', ( #2868, #333, #295, #383 ) ) ;
#1602 = ADVANCED_FACE ( 'NONE', ( #2301 ), #3042, .F. ) ;
#1603 = ORIENTED_EDGE ( 'NONE', *, *, #3217, .T. ) ;
#1604 = CARTESIAN_POINT ( 'NONE',  ( -3.935000000000000053, 1.301042606982603940E-15, 3.392500000000000071 ) ) ;
#1605 = CARTESIAN_POINT ( 'NONE',  ( -3.685000000000000053, -3.810000000000000053, 0.1771019057874599900 ) ) ;
#1606 = MANIFOLD_SOLID_BREP ( 'NONE', #2965 ) ;
#1607 = ADVANCED_FACE ( 'NONE', ( #3568 ), #1122, .F. ) ;
#1608 = LINE ( 'NONE', #18, #2832 ) ;
#1609 = CARTESIAN_POINT ( 'NONE',  ( 3.685000000000000053, -3.810000000000000053, -3.392500000000000071 ) ) ;
#1610 = DIRECTION ( 'NONE',  ( 0.000000000000000000, 0.000000000000000000, 1.000000000000000000 ) ) ;
#1611 =( REPRESENTATION_RELATIONSHIP ('NONE','NONE', #1460, #974 ) REPRESENTATION_RELATIONSHIP_WITH_TRANSFORMATION ( #834 )SHAPE_REPRESENTATION_RELATIONSHIP( ) );
#1612 = ORIENTED_EDGE ( 'NONE', *, *, #886, .F. ) ;
#1613 = CARTESIAN_POINT ( 'NONE',  ( 3.935000000000000053, -0.7418666113899029524, -0.2300000000000000100 ) ) ;
#1614 = ORIENTED_EDGE ( 'NONE', *, *, #3716, .T. ) ;
#1615 = VERTEX_POINT ( 'NONE', #862 ) ;
#1616 = VECTOR ( 'NONE', #3801, 1000.000000000000000 ) ;
#1617 = ORIENTED_EDGE ( 'NONE', *, *, #1842, .F. ) ;
#1618 = EDGE_LOOP ( 'NONE', ( #2071, #1414, #2104, #638 ) ) ;
#1619 = ORIENTED_EDGE ( 'NONE', *, *, #3844, .F. ) ;
#1620 = CARTESIAN_POINT ( 'NONE',  ( 3.685000000000000053, -3.510000000000000231, -2.177500000000000213 ) ) ;
#1621 = DIRECTION ( 'NONE',  ( -1.000000000000000000, 0.000000000000000000, 2.269128730586704845E-17 ) ) ;
#1622 = PLANE ( 'NONE',  #2221 ) ;
#1623 = STYLED_ITEM ( 'NONE', ( #1264 ), #2247 ) ;
#1624 = VECTOR ( 'NONE', #2504, 1000.000000000000000 ) ;
#1625 = DIRECTION ( 'NONE',  ( -0.1305261922200534608, -0.9914448613738102711, 0.000000000000000000 ) ) ;
#1626 = ORIENTED_EDGE ( 'NONE', *, *, #835, .F. ) ;
#1627 = DIRECTION ( 'NONE',  ( 0.9914448613738102711, -0.1305261922200534608, 0.000000000000000000 ) ) ;
#1628 = VERTEX_POINT ( 'NONE', #327 ) ;
#1629 = ORIENTED_EDGE ( 'NONE', *, *, #306, .F. ) ;
#1630 = VECTOR ( 'NONE', #2799, 1000.000000000000114 ) ;
#1631 = CARTESIAN_POINT ( 'NONE',  ( 3.935000000000000053, -3.510000000000000231, 0.2300000000000000100 ) ) ;
#1632 = AXIS2_PLACEMENT_3D ( 'NONE', #235, #596, #566 ) ;
#1633 = ORIENTED_EDGE ( 'NONE', *, *, #2205, .T. ) ;
#1634 = ORIENTED_EDGE ( 'NONE', *, *, #3119, .T. ) ;
#1635 = ORIENTED_EDGE ( 'NONE', *, *, #529, .F. ) ;
#1636 = CARTESIAN_POINT ( 'NONE',  ( -3.174999999999999822, 3.079999999999949889, 1.992499999999999938 ) ) ;
#1637 = VECTOR ( 'NONE', #1327, 1000.000000000000000 ) ;
#1638 = CARTESIAN_POINT ( 'NONE',  ( -3.660000000000000142, 2.929999999999949978, 3.392500000000000071 ) ) ;
#1639 = DIRECTION ( 'NONE',  ( -1.000000000000000000, -1.286886851614851933E-16, 0.000000000000000000 ) ) ;
#1640 = CARTESIAN_POINT ( 'NONE',  ( -3.174999999999999822, 3.079999999999949889, -1.992499999999999938 ) ) ;
#1641 = ORIENTED_EDGE ( 'NONE', *, *, #1718, .F. ) ;
#1642 = CARTESIAN_POINT ( 'NONE',  ( -3.660000000000000142, 2.954999999999950333, 0.8524999999999999245 ) ) ;
#1643 = VERTEX_POINT ( 'NONE', #3674 ) ;
#1644 = ADVANCED_FACE ( 'NONE', ( #2296 ), #601, .F. ) ;
#1645 = ORIENTED_EDGE ( 'NONE', *, *, #2381, .T. ) ;
#1646 = CARTESIAN_POINT ( 'NONE',  ( -3.685000000000000053, 1.245000000000000107, 1.687500000000000000 ) ) ;
#1647 = ADVANCED_FACE ( 'NONE', ( #926 ), #2312, .T. ) ;
#1648 = VECTOR ( 'NONE', #3506, 1000.000000000000227 ) ;
#1649 = CARTESIAN_POINT ( 'NONE',  ( 3.935000000000000053, -0.7418666113899029524, 0.2300000000000000100 ) ) ;
#1650 = ORIENTED_EDGE ( 'NONE', *, *, #2088, .F. ) ;
#1651 = EDGE_CURVE ( 'NONE', #1153, #1736, #900, .T. ) ;
#1652 = ORIENTED_EDGE ( 'NONE', *, *, #41, .T. ) ;
#1653 = ORIENTED_EDGE ( 'NONE', *, *, #3965, .T. ) ;
#1654 = CARTESIAN_POINT ( 'NONE',  ( 0.000000000000000000, 0.000000000000000000, 0.000000000000000000 ) ) ;
#1655 = VECTOR ( 'NONE', #74, 1000.000000000000000 ) ;
#1656 = DIRECTION ( 'NONE',  ( -8.271949232865407059E-17, 0.6427876096865348110, -0.7660444431189817882 ) ) ;
#1657 = ORIENTED_EDGE ( 'NONE', *, *, #350, .F. ) ;
#1658 = CARTESIAN_POINT ( 'NONE',  ( 3.174999999999999822, 3.079999999999949889, -1.992499999999999938 ) ) ;
#1659 = EDGE_LOOP ( 'NONE', ( #431, #2828, #1408, #209 ) ) ;
#1660 = ORIENTED_EDGE ( 'NONE', *, *, #2774, .F. ) ;
#1661 = EDGE_CURVE ( 'NONE', #1142, #1266, #1002, .T. ) ;
#1662 = CARTESIAN_POINT ( 'NONE',  ( 3.685000000000000053, -3.510000000000000231, 0.2300000000000000100 ) ) ;
#1663 = LINE ( 'NONE', #3376, #2838 ) ;
#1664 = DIRECTION ( 'NONE',  ( -0.000000000000000000, 1.000000000000000000, 0.000000000000000000 ) ) ;
#1665 = CARTESIAN_POINT ( 'NONE',  ( -1.975000000000000089, 5.080000000000000071, -3.055000000000000160 ) ) ;
#1666 = EDGE_CURVE ( 'NONE', #242, #2713, #3620, .T. ) ;
#1667 = ORIENTED_EDGE ( 'NONE', *, *, #3677, .F. ) ;
#1668 = VERTEX_POINT ( 'NONE', #296 ) ;
#1669 = VERTEX_POINT ( 'NONE', #2450 ) ;
#1670 = CARTESIAN_POINT ( 'NONE',  ( -3.660000000000000142, 2.929999999999949978, -1.992499999999999938 ) ) ;
#1671 = CARTESIAN_POINT ( 'NONE',  ( -3.660000000000000142, 2.954999999999950333, -3.392500000000000071 ) ) ;
#1672 = LINE ( 'NONE', #1543, #1761 ) ;
#1673 = PLANE ( 'NONE',  #2552 ) ;
#1674 = CARTESIAN_POINT ( 'NONE',  ( -1.975000000000000089, 5.080000000000000071, -3.055000000000000160 ) ) ;
#1675 = DIRECTION ( 'NONE',  ( 1.000000000000000000, 1.286886851614851933E-16, 0.000000000000000000 ) ) ;
#1676 = PLANE ( 'NONE',  #3051 ) ;
#1677 = EDGE_LOOP ( 'NONE', ( #2992, #2839, #403, #3090 ) ) ;
#1678 =( GEOMETRIC_REPRESENTATION_CONTEXT ( 3 ) GLOBAL_UNCERTAINTY_ASSIGNED_CONTEXT ( ( #315 ) ) GLOBAL_UNIT_ASSIGNED_CONTEXT ( ( #2463, #1371, #913 ) ) REPRESENTATION_CONTEXT ( 'NONE', 'WORKASPACE' ) );
#1679 = DIRECTION ( 'NONE',  ( 3.372194610909714747E-32, 0.000000000000000000, -1.000000000000000000 ) ) ;
#1680 = VERTEX_POINT ( 'NONE', #3649 ) ;
#1681 = PRODUCT ( '646BX', '646BX', '', ( #3482 ) ) ;
#1682 = FACE_OUTER_BOUND ( 'NONE', #263, .T. ) ;
#1683 = CARTESIAN_POINT ( 'NONE',  ( 3.685000000000000053, 2.929999999999949978, 0.8524999999999999245 ) ) ;
#1684 = ORIENTED_EDGE ( 'NONE', *, *, #593, .F. ) ;
#1685 = ORIENTED_EDGE ( 'NONE', *, *, #3035, .F. ) ;
#1686 = PRESENTATION_LAYER_ASSIGNMENT (  '', '', ( #1623 ) ) ;
#1687 = CARTESIAN_POINT ( 'NONE',  ( 3.158543437801574871, 2.954999999999950333, 3.392500000000000071 ) ) ;
#1688 = ADVANCED_FACE ( 'NONE', ( #2262 ), #3394, .T. ) ;
#1689 = COLOUR_RGB ( '',0.7921568627450980005, 0.8196078431372548767, 0.9333333333333333481 ) ;
#1690 = DIRECTION ( 'NONE',  ( 1.286886851614851933E-16, -1.000000000000000000, 0.000000000000000000 ) ) ;
#1691 = ORIENTED_EDGE ( 'NONE', *, *, #1651, .F. ) ;
#1692 = ORIENTED_EDGE ( 'NONE', *, *, #3898, .T. ) ;
#1693 = AXIS2_PLACEMENT_3D ( 'NONE', #1260, #126, #1050 ) ;
#1694 = CARTESIAN_POINT ( 'NONE',  ( 3.935000000000000053, 1.550000000000000044, 1.992499999999999938 ) ) ;
#1695 = FACE_OUTER_BOUND ( 'NONE', #250, .T. ) ;
#1696 = CARTESIAN_POINT ( 'NONE',  ( -1.975000000000000089, 5.029999999999999361, -3.504999999999999893 ) ) ;
#1697 = CYLINDRICAL_SURFACE ( 'NONE', #1087, 0.4499999999999999001 ) ;
#1698 = DIRECTION ( 'NONE',  ( -1.000000000000000000, -1.286886851614851933E-16, 0.000000000000000000 ) ) ;
#1699 = ORIENTED_EDGE ( 'NONE', *, *, #3364, .F. ) ;
#1700 = SURFACE_STYLE_USAGE ( .BOTH. , #3237 ) ;
#1701 = EDGE_CURVE ( 'NONE', #3941, #114, #3628, .T. ) ;
#1702 = PRESENTATION_STYLE_ASSIGNMENT (( #119 ) ) ;
#1703 = CARTESIAN_POINT ( 'NONE',  ( 3.935000000000000053, -3.510000000000000231, -2.177500000000000213 ) ) ;
#1704 = FACE_OUTER_BOUND ( 'NONE', #1418, .T. ) ;
#1705 = DIRECTION ( 'NONE',  ( -0.1305261922200534608, 0.9914448613738102711, 0.000000000000000000 ) ) ;
#1706 = ORIENTED_EDGE ( 'NONE', *, *, #3322, .F. ) ;
#1707 = DIRECTION ( 'NONE',  ( 0.000000000000000000, 0.1305261922200486036, -0.9914448613738108262 ) ) ;
#1708 = EDGE_CURVE ( 'NONE', #2711, #2439, #3543, .T. ) ;
#1709 = ORIENTED_EDGE ( 'NONE', *, *, #2609, .T. ) ;
#1710 = EDGE_CURVE ( 'NONE', #1147, #184, #3635, .T. ) ;
#1711 = EDGE_LOOP ( 'NONE', ( #2023, #3301, #2491, #659 ) ) ;
#1712 = DIRECTION ( 'NONE',  ( 0.000000000000000000, 0.000000000000000000, -1.000000000000000000 ) ) ;
#1713 = APPLICATION_CONTEXT ( 'automotive_design' ) ;
#1714 = LINE ( 'NONE', #3887, #449 ) ;
#1715 = EDGE_CURVE ( 'NONE', #2904, #236, #994, .T. ) ;
#1716 = VERTEX_POINT ( 'NONE', #1318 ) ;
#1717 = CLOSED_SHELL ( 'NONE', ( #1775, #678, #355, #713 ) ) ;
#1718 = EDGE_CURVE ( 'NONE', #2803, #3063, #932, .T. ) ;
#1719 = ADVANCED_FACE ( 'NONE', ( #3642 ), #1673, .F. ) ;
#1720 = DIRECTION ( 'NONE',  ( 4.435676520519214405E-16, 0.9848077530122079093, 0.1736481776669314692 ) ) ;
#1721 = VECTOR ( 'NONE', #3472, 1000.000000000000114 ) ;
#1722 = ORIENTED_EDGE ( 'NONE', *, *, #2939, .T. ) ;
#1723 = CARTESIAN_POINT ( 'NONE',  ( 3.660000000000000142, 2.954999999999950333, 1.992499999999999938 ) ) ;
#1724 = CARTESIAN_POINT ( 'NONE',  ( 3.935000000000000053, 1.373751714098847875E-15, -1.687500000000000000 ) ) ;
#1725 = CARTESIAN_POINT ( 'NONE',  ( 3.685000000000000053, -3.963413461197579757, 2.557550973374454806 ) ) ;
#1726 = EDGE_LOOP ( 'NONE', ( #31, #1364, #1653, #3882 ) ) ;
#1727 = PLANE ( 'NONE',  #3777 ) ;
#1728 = ORIENTED_EDGE ( 'NONE', *, *, #1278, .F. ) ;
#1729 = AXIS2_PLACEMENT_3D ( 'NONE', #947, #3701, #42 ) ;
#1730 = DIRECTION ( 'NONE',  ( 0.000000000000000000, 1.000000000000000000, 0.000000000000000000 ) ) ;
#1731 = EDGE_LOOP ( 'NONE', ( #985, #2419, #2771, #3788 ) ) ;
#1732 = ORIENTED_EDGE ( 'NONE', *, *, #650, .T. ) ;
#1733 = CARTESIAN_POINT ( 'NONE',  ( -3.685000000000000053, -3.810000000000000053, 2.584601905787459852 ) ) ;
#1734 = EDGE_CURVE ( 'NONE', #2425, #2999, #2328, .T. ) ;
#1735 = CARTESIAN_POINT ( 'NONE',  ( 3.158543437801574871, 3.204999999999949889, 3.392500000000000071 ) ) ;
#1736 = VERTEX_POINT ( 'NONE', #2878 ) ;
#1737 = VERTEX_POINT ( 'NONE', #91 ) ;
#1738 =( LENGTH_UNIT ( ) NAMED_UNIT ( * ) SI_UNIT ( .MILLI., .METRE. ) );
#1739 = ORIENTED_EDGE ( 'NONE', *, *, #2568, .F. ) ;
#1740 = EDGE_CURVE ( 'NONE', #1322, #2849, #2256, .T. ) ;
#1741 = ORIENTED_EDGE ( 'NONE', *, *, #1651, .T. ) ;
#1742 = CARTESIAN_POINT ( 'NONE',  ( -3.685000000000000053, -3.717158958003099922, -2.214027713591400381 ) ) ;
#1743 = LINE ( 'NONE', #139, #416 ) ;
#1744 = CARTESIAN_POINT ( 'NONE',  ( 3.935000000000000053, -3.810000000000000053, -0.1771019057874599900 ) ) ;
#1745 = EDGE_LOOP ( 'NONE', ( #2776, #1617, #2848, #2676 ) ) ;
#1746 = CARTESIAN_POINT ( 'NONE',  ( -3.158543437801574871, 2.954999999999950333, 0.8524999999999999245 ) ) ;
#1747 = VERTEX_POINT ( 'NONE', #1077 ) ;
#1748 = EDGE_CURVE ( 'NONE', #1286, #450, #2238, .T. ) ;
#1749 = VECTOR ( 'NONE', #1359, 1000.000000000000000 ) ;
#1750 = EDGE_CURVE ( 'NONE', #2899, #226, #1016, .T. ) ;
#1751 = ORIENTED_EDGE ( 'NONE', *, *, #2871, .T. ) ;
#1752 = EDGE_LOOP ( 'NONE', ( #2626, #717, #1177, #3866 ) ) ;
#1753 = DIRECTION ( 'NONE',  ( -0.1294283079955605986, -0.9831056027603609637, -0.1294283079955605986 ) ) ;
#1754 = VERTEX_POINT ( 'NONE', #434 ) ;
#1755 = FACE_OUTER_BOUND ( 'NONE', #88, .T. ) ;
#1756 = DIRECTION ( 'NONE',  ( -1.000000000000000000, -1.286886851614851933E-16, 0.000000000000000000 ) ) ;
#1757 = DIRECTION ( 'NONE',  ( -2.234655566464510428E-17, 0.1736481776669295263, 0.9848077530122082424 ) ) ;
#1758 = VERTEX_POINT ( 'NONE', #1024 ) ;
#1759 = EDGE_CURVE ( 'NONE', #79, #198, #2214, .T. ) ;
#1760 = ORIENTED_EDGE ( 'NONE', *, *, #1498, .T. ) ;
#1761 = VECTOR ( 'NONE', #3491, 1000.000000000000000 ) ;
#1762 = CARTESIAN_POINT ( 'NONE',  ( -3.660000000000000142, 2.929999999999949978, 1.992499999999999938 ) ) ;
#1763 = VERTEX_POINT ( 'NONE', #378 ) ;
#1764 = PRESENTATION_LAYER_ASSIGNMENT (  '', '', ( #2405 ) ) ;
#1765 = ORIENTED_EDGE ( 'NONE', *, *, #2763, .F. ) ;
#1766 = CARTESIAN_POINT ( 'NONE',  ( 3.935000000000000053, -0.7418666113899029524, 0.2300000000000000100 ) ) ;
#1767 = ORIENTED_EDGE ( 'NONE', *, *, #1750, .T. ) ;
#1768 = VECTOR ( 'NONE', #3616, 1000.000000000000114 ) ;
#1769 = PLANE ( 'NONE',  #901 ) ;
#1770 = DIRECTION ( 'NONE',  ( 1.000000000000000000, 0.000000000000000000, 0.000000000000000000 ) ) ;
#1771 = VERTEX_POINT ( 'NONE', #3752 ) ;
#1772 = DIRECTION ( 'NONE',  ( 0.000000000000000000, 0.000000000000000000, -1.000000000000000000 ) ) ;
#1773 = ORIENTED_EDGE ( 'NONE', *, *, #1913, .F. ) ;
#1774 = AXIS2_PLACEMENT_3D ( 'NONE', #3312, #32, #3592 ) ;
#1775 = ADVANCED_FACE ( 'NONE', ( #3551 ), #480, .T. ) ;
#1776 = VECTOR ( 'NONE', #2976, 1000.000000000000000 ) ;
#1777 = CARTESIAN_POINT ( 'NONE',  ( -3.660000000000000142, 2.954999999999950333, 0.8524999999999999245 ) ) ;
#1778 = ORIENTED_EDGE ( 'NONE', *, *, #3548, .F. ) ;
#1779 = CARTESIAN_POINT ( 'NONE',  ( 3.935000000000000053, 3.204999999999954774, -1.992499999999999938 ) ) ;
#1780 = EDGE_CURVE ( 'NONE', #1092, #3372, #904, .T. ) ;
#1781 = LINE ( 'NONE', #3809, #366 ) ;
#1782 = DIRECTION ( 'NONE',  ( 0.000000000000000000, 0.000000000000000000, 1.000000000000000000 ) ) ;
#1783 = ORIENTED_EDGE ( 'NONE', *, *, #1438, .T. ) ;
#1784 = EDGE_LOOP ( 'NONE', ( #1070, #1939, #2795, #2580 ) ) ;
#1785 = EDGE_CURVE ( 'NONE', #242, #1628, #3546, .T. ) ;
#1786 = VECTOR ( 'NONE', #1586, 1000.000000000000000 ) ;
#1787 = DIRECTION ( 'NONE',  ( -1.000000000000000000, 0.000000000000000000, 2.016153594338775066E-32 ) ) ;
#1788 = VECTOR ( 'NONE', #2281, 1000.000000000000000 ) ;
#1789 =( NAMED_UNIT ( * ) PLANE_ANGLE_UNIT ( ) SI_UNIT ( $, .RADIAN. ) );
#1790 = LINE ( 'NONE', #1482, #3093 ) ;
#1791 = EDGE_CURVE ( 'NONE', #2022, #3150, #2245, .T. ) ;
#1792 = VERTEX_POINT ( 'NONE', #3774 ) ;
#1793 = DIRECTION ( 'NONE',  ( -4.504103980651980163E-16, 1.000000000000000000, 0.000000000000000000 ) ) ;
#1794 = EDGE_CURVE ( 'NONE', #27, #2505, #919, .T. ) ;
#1795 = ORIENTED_EDGE ( 'NONE', *, *, #2205, .F. ) ;
#1796 = CIRCLE ( 'NONE', #3972, 0.2750000000000000777 ) ;
#1797 = CARTESIAN_POINT ( 'NONE',  ( 3.158543437801574871, 3.204999999999949889, 0.8524999999999999245 ) ) ;
#1798 = LINE ( 'NONE', #189, #477 ) ;
#1799 = FACE_OUTER_BOUND ( 'NONE', #2978, .T. ) ;
#1800 = DIRECTION ( 'NONE',  ( 0.000000000000000000, 0.000000000000000000, -1.000000000000000000 ) ) ;
#1801 = AXIS2_PLACEMENT_3D ( 'NONE', #3764, #1328, #1301 ) ;
#1802 = ADVANCED_FACE ( 'NONE', ( #3573 ), #3520, .F. ) ;
#1803 = VECTOR ( 'NONE', #677, 1000.000000000000000 ) ;
#1804 = DIRECTION ( 'NONE',  ( 0.000000000000000000, 0.000000000000000000, -1.000000000000000000 ) ) ;
#1805 = CARTESIAN_POINT ( 'NONE',  ( -3.935000000000000053, -3.810000000000000053, 0.1771019057874599900 ) ) ;
#1806 = CARTESIAN_POINT ( 'NONE',  ( 3.935000000000000053, -3.810000000000000053, 2.230398094212539650 ) ) ;
#1807 = VERTEX_POINT ( 'NONE', #1288 ) ;
#1808 = ORIENTED_EDGE ( 'NONE', *, *, #2887, .T. ) ;
#1809 = FACE_OUTER_BOUND ( 'NONE', #136, .T. ) ;
#1810 = AXIS2_PLACEMENT_3D ( 'NONE', #130, #766, #2524 ) ;
#1811 = CARTESIAN_POINT ( 'NONE',  ( 3.935000000000000053, -3.810000000000000053, 0.1771019057874599900 ) ) ;
#1812 = LINE ( 'NONE', #218, #3613 ) ;
#1813 = LINE ( 'NONE', #2234, #3149 ) ;
#1814 = CARTESIAN_POINT ( 'NONE',  ( 3.660000000000000142, 2.954999999999950333, 1.687500000000000000 ) ) ;
#1815 = CARTESIAN_POINT ( 'NONE',  ( 3.158543437801574871, 2.954999999999950333, 1.992499999999999938 ) ) ;
#1816 = LINE ( 'NONE', #1168, #574 ) ;
#1817 = AXIS2_PLACEMENT_3D ( 'NONE', #791, #1342, #2278 ) ;
#1818 = CARTESIAN_POINT ( 'NONE',  ( -3.158543437801574871, 2.954999999999950333, 1.992499999999999938 ) ) ;
#1819 = VECTOR ( 'NONE', #1625, 999.9999999999998863 ) ;
#1820 = DIRECTION ( 'NONE',  ( 0.000000000000000000, -1.000000000000000000, 1.566690647129389750E-16 ) ) ;
#1821 = ORIENTED_EDGE ( 'NONE', *, *, #1228, .T. ) ;
#1822 = LINE ( 'NONE', #1071, #3118 ) ;
#1823 = CARTESIAN_POINT ( 'NONE',  ( 3.685000000000000053, -3.810000000000000053, 2.230398094212539650 ) ) ;
#1824 = CYLINDRICAL_SURFACE ( 'NONE', #2330, 0.02499999999999984873 ) ;
#1825 =( GEOMETRIC_REPRESENTATION_CONTEXT ( 3 ) GLOBAL_UNCERTAINTY_ASSIGNED_CONTEXT ( ( #3249 ) ) GLOBAL_UNIT_ASSIGNED_CONTEXT ( ( #470, #2980, #3286 ) ) REPRESENTATION_CONTEXT ( 'NONE', 'WORKASPACE' ) );
#1826 = CARTESIAN_POINT ( 'NONE',  ( -3.174999999999999822, 3.079999999999949889, -0.8524999999999999245 ) ) ;
#1827 = ORIENTED_EDGE ( 'NONE', *, *, #1546, .T. ) ;
#1828 = LINE ( 'NONE', #2960, #541 ) ;
#1829 = CARTESIAN_POINT ( 'NONE',  ( 3.935000000000000053, 1.373751714098847875E-15, -3.392500000000000071 ) ) ;
#1830 = DIRECTION ( 'NONE',  ( -1.000000000000000000, -1.286886851614851933E-16, 0.000000000000000000 ) ) ;
#1831 = LINE ( 'NONE', #2962, #3454 ) ;
#1832 = EDGE_CURVE ( 'NONE', #1584, #3372, #2268, .T. ) ;
#1833 = UNCERTAINTY_MEASURE_WITH_UNIT (LENGTH_MEASURE( 1.000000000000000082E-05 ), #3046, 'distance_accuracy_value', 'NONE');
#1834 = FACE_OUTER_BOUND ( 'NONE', #2598, .T. ) ;
#1835 = DIRECTION ( 'NONE',  ( 0.000000000000000000, -1.000000000000000000, 0.000000000000000000 ) ) ;
#1836 = LINE ( 'NONE', #2112, #508 ) ;
#1837 = DIRECTION ( 'NONE',  ( -0.1294283079955605986, 0.9831056027603608527, 0.1294283079955610150 ) ) ;
#1838 = EDGE_CURVE ( 'NONE', #1580, #2999, #3579, .T. ) ;
#1839 = ORIENTED_EDGE ( 'NONE', *, *, #1039, .F. ) ;
#1840 = LINE ( 'NONE', #183, #1863 ) ;
#1841 = LINE ( 'NONE', #2331, #3144 ) ;
#1842 = EDGE_CURVE ( 'NONE', #2638, #1135, #3684, .T. ) ;
#1843 = DIRECTION ( 'NONE',  ( 0.000000000000000000, -1.000000000000000000, -1.566690647129389750E-16 ) ) ;
#1844 = VERTEX_POINT ( 'NONE', #2906 ) ;
#1845 = FACE_OUTER_BOUND ( 'NONE', #375, .T. ) ;
#1846 = CARTESIAN_POINT ( 'NONE',  ( -3.685000000000000053, -3.510000000000000231, -0.2300000000000000100 ) ) ;
#1847 = DIRECTION ( 'NONE',  ( -0.1305261922200534608, 0.9914448613738102711, 0.000000000000000000 ) ) ;
#1848 = VECTOR ( 'NONE', #2481, 1000.000000000000000 ) ;
#1849 = AXIS2_PLACEMENT_3D ( 'NONE', #3643, #1568, #2275 ) ;
#1850 = CARTESIAN_POINT ( 'NONE',  ( 3.174999999999999822, 3.079999999999949889, -4.254999999999999893 ) ) ;
#1851 = ORIENTED_EDGE ( 'NONE', *, *, #1838, .T. ) ;
#1852 = VECTOR ( 'NONE', #3208, 1000.000000000000000 ) ;
#1853 = DIRECTION ( 'NONE',  ( 0.000000000000000000, 0.000000000000000000, 1.000000000000000000 ) ) ;
#1854 = VECTOR ( 'NONE', #1149, 1000.000000000000000 ) ;
#1855 = ORIENTED_EDGE ( 'NONE', *, *, #1498, .F. ) ;
#1856 = AXIS2_PLACEMENT_3D ( 'NONE', #838, #2079, #1527 ) ;
#1857 = ORIENTED_EDGE ( 'NONE', *, *, #2754, .F. ) ;
#1858 = VECTOR ( 'NONE', #3931, 1000.000000000000000 ) ;
#1859 = DIRECTION ( 'NONE',  ( 3.184882467888318304E-16, 0.7071067811865435759, -0.7071067811865515695 ) ) ;
#1860 = LINE ( 'NONE', #435, #1898 ) ;
#1861 = AXIS2_PLACEMENT_3D ( 'NONE', #465, #71, #1357 ) ;
#1862 = ORIENTED_EDGE ( 'NONE', *, *, #3532, .T. ) ;
#1863 = VECTOR ( 'NONE', #499, 999.9999999999998863 ) ;
#1864 = PLANE ( 'NONE',  #2152 ) ;
#1865 = LINE ( 'NONE', #2678, #1887 ) ;
#1866 = DIRECTION ( 'NONE',  ( 0.000000000000000000, -0.9848077530122082424, -0.1736481776669295263 ) ) ;
#1867 = ORIENTED_EDGE ( 'NONE', *, *, #2809, .T. ) ;
#1868 = EDGE_CURVE ( 'NONE', #2856, #509, #3699, .T. ) ;
#1869 = LINE ( 'NONE', #3516, #1852 ) ;
#1870 = CARTESIAN_POINT ( 'NONE',  ( 3.685000000000000053, 2.929999999999954863, 1.992499999999999938 ) ) ;
#1871 = DIRECTION ( 'NONE',  ( -1.286886851614851933E-16, 1.000000000000000000, 1.566690647129389750E-16 ) ) ;
#1872 = CARTESIAN_POINT ( 'NONE',  ( -3.158543437801574871, 3.204999999999949889, 0.8524999999999999245 ) ) ;
#1873 = FACE_OUTER_BOUND ( 'NONE', #2486, .T. ) ;
#1874 = VERTEX_POINT ( 'NONE', #3798 ) ;
#1875 = VERTEX_POINT ( 'NONE', #159 ) ;
#1876 = VECTOR ( 'NONE', #2303, 1000.000000000000000 ) ;
#1877 = EDGE_CURVE ( 'NONE', #3895, #2662, #3695, .T. ) ;
#1878 = DIRECTION ( 'NONE',  ( -1.000000000000000000, -1.286886851614849961E-16, 0.000000000000000000 ) ) ;
#1879 = DIRECTION ( 'NONE',  ( 4.435676520519220815E-16, 0.9848077530122082424, 0.1736481776669295263 ) ) ;
#1880 = VECTOR ( 'NONE', #340, 1000.000000000000000 ) ;
#1881 = EDGE_CURVE ( 'NONE', #3803, #1524, #1163, .T. ) ;
#1882 = EDGE_LOOP ( 'NONE', ( #2946, #1361, #2979, #309 ) ) ;
#1883 = ORIENTED_EDGE ( 'NONE', *, *, #3366, .F. ) ;
#1884 = DIRECTION ( 'NONE',  ( -0.1305261922200534608, 0.9914448613738102711, 0.000000000000000000 ) ) ;
#1885 = ADVANCED_FACE ( 'NONE', ( #2487 ), #1888, .F. ) ;
#1886 = EDGE_CURVE ( 'NONE', #2686, #1763, #1176, .T. ) ;
#1887 = VECTOR ( 'NONE', #3015, 1000.000000000000227 ) ;
#1888 = PLANE ( 'NONE',  #3604 ) ;
#1889 = ADVANCED_FACE ( 'NONE', ( #2495 ), #3191, .T. ) ;
#1890 = EDGE_CURVE ( 'NONE', #803, #2898, #3804, .T. ) ;
#1891 = ORIENTED_EDGE ( 'NONE', *, *, #880, .F. ) ;
#1892 = CARTESIAN_POINT ( 'NONE',  ( -3.935000000000000053, 2.929999999999949978, -1.687500000000000000 ) ) ;
#1893 = LINE ( 'NONE', #2879, #3187 ) ;
#1894 = ORIENTED_EDGE ( 'NONE', *, *, #137, .T. ) ;
#1895 = FACE_OUTER_BOUND ( 'NONE', #44, .T. ) ;
#1896 = CARTESIAN_POINT ( 'NONE',  ( -2.844827379861794903, 5.587910037324019363, 3.924827379861795418 ) ) ;
#1897 = AXIS2_PLACEMENT_3D ( 'NONE', #3725, #1679, #409 ) ;
#1898 = VECTOR ( 'NONE', #765, 1000.000000000000000 ) ;
#1899 = ORIENTED_EDGE ( 'NONE', *, *, #2871, .F. ) ;
#1900 = ORIENTED_EDGE ( 'NONE', *, *, #1186, .F. ) ;
#1901 = LINE ( 'NONE', #2471, #583 ) ;
#1902 = DIRECTION ( 'NONE',  ( -0.1305261922200534608, 0.9914448613738102711, 0.000000000000000000 ) ) ;
#1903 = DIRECTION ( 'NONE',  ( 0.000000000000000000, 0.000000000000000000, -1.000000000000000000 ) ) ;
#1904 = LINE ( 'NONE', #2822, #3250 ) ;
#1905 = DIRECTION ( 'NONE',  ( 0.000000000000000000, -0.8344190475701450671, -0.5511305227005049989 ) ) ;
#1906 = CARTESIAN_POINT ( 'NONE',  ( -2.911695004825210376, 5.080000000000000071, -3.991695004825209558 ) ) ;
#1907 = ORIENTED_EDGE ( 'NONE', *, *, #1842, .T. ) ;
#1908 = ORIENTED_EDGE ( 'NONE', *, *, #1489, .F. ) ;
#1909 = LINE ( 'NONE', #3666, #3225 ) ;
#1910 = APPLICATION_CONTEXT ( 'automotive_design' ) ;
#1911 = CARTESIAN_POINT ( 'NONE',  ( 3.935000000000000053, 9.400708451046461017E-16, -0.8524999999999999245 ) ) ;
#1912 = LINE ( 'NONE', #2805, #3202 ) ;
#1913 = EDGE_CURVE ( 'NONE', #3104, #2971, #1108, .T. ) ;
#1914 = DIRECTION ( 'NONE',  ( 0.9914448613738102711, -0.1305261922200534608, 0.000000000000000000 ) ) ;
#1915 = CARTESIAN_POINT ( 'NONE',  ( 3.935000000000000053, 1.373751714098847875E-15, 1.687500000000000000 ) ) ;
#1916 = ORIENTED_EDGE ( 'NONE', *, *, #1537, .T. ) ;
#1917 = LINE ( 'NONE', #3407, #522 ) ;
#1918 = ADVANCED_FACE ( 'NONE', ( #1079 ), #2855, .F. ) ;
#1919 = CARTESIAN_POINT ( 'NONE',  ( 3.685000000000000053, -2.723942692522719700, 0.6203348947371989386 ) ) ;
#1920 = CARTESIAN_POINT ( 'NONE',  ( 3.660000000000000142, 3.204999999999949889, 1.687500000000000000 ) ) ;
#1921 = LINE ( 'NONE', #933, #1819 ) ;
#1922 = CARTESIAN_POINT ( 'NONE',  ( -3.158543437801574871, 3.204999999999949889, -3.392500000000000071 ) ) ;
#1923 = EDGE_CURVE ( 'NONE', #1448, #1598, #2371, .T. ) ;
#1924 = ADVANCED_FACE ( 'NONE', ( #3657 ), #356, .F. ) ;
#1925 = EDGE_LOOP ( 'NONE', ( #1986, #2, #40, #2115, #1346, #540, #471, #710, #1972, #2008, #613, #572 ) ) ;
#1926 = ORIENTED_EDGE ( 'NONE', *, *, #2566, .F. ) ;
#1927 = VECTOR ( 'NONE', #3121, 1000.000000000000000 ) ;
#1928 = EDGE_CURVE ( 'NONE', #390, #2425, #2426, .T. ) ;
#1929 = ORIENTED_EDGE ( 'NONE', *, *, #1868, .F. ) ;
#1930 = ORIENTED_EDGE ( 'NONE', *, *, #2428, .T. ) ;
#1931 = EDGE_CURVE ( 'NONE', #1875, #2793, #1053, .T. ) ;
#1932 = DIRECTION ( 'NONE',  ( -4.504103980651980163E-16, 1.000000000000000000, 0.000000000000000000 ) ) ;
#1933 = DIRECTION ( 'NONE',  ( 0.000000000000000000, 0.9848077530122079093, -0.1736481776669314692 ) ) ;
#1934 = CARTESIAN_POINT ( 'NONE',  ( 3.174999999999999822, 3.079999999999949889, -4.254999999999999893 ) ) ;
#1935 = LINE ( 'NONE', #3815, #558 ) ;
#1936 = DIRECTION ( 'NONE',  ( 0.000000000000000000, 0.000000000000000000, -1.000000000000000000 ) ) ;
#1937 = CARTESIAN_POINT ( 'NONE',  ( -3.685000000000000053, 2.929999999999949978, 1.992499999999999938 ) ) ;
#1938 = ORIENTED_EDGE ( 'NONE', *, *, #2044, .F. ) ;
#1939 = ORIENTED_EDGE ( 'NONE', *, *, #3116, .F. ) ;
#1940 = LINE ( 'NONE', #1642, #621 ) ;
#1941 = DIRECTION ( 'NONE',  ( 0.000000000000000000, 0.000000000000000000, -1.000000000000000000 ) ) ;
#1942 = DIRECTION ( 'NONE',  ( 0.000000000000000000, 0.000000000000000000, -1.000000000000000000 ) ) ;
#1943 = VECTOR ( 'NONE', #2049, 1000.000000000000000 ) ;
#1944 = EDGE_CURVE ( 'NONE', #2892, #3634, #3703, .T. ) ;
#1945 = CARTESIAN_POINT ( 'NONE',  ( 3.660000000000000142, 2.929999999999949978, -1.687500000000000000 ) ) ;
#1946 = VECTOR ( 'NONE', #243, 1000.000000000000000 ) ;
#1947 = ORIENTED_EDGE ( 'NONE', *, *, #251, .F. ) ;
#1948 = FACE_OUTER_BOUND ( 'NONE', #72, .T. ) ;
#1949 = DIRECTION ( 'NONE',  ( 0.000000000000000000, 0.000000000000000000, 1.000000000000000000 ) ) ;
#1950 = VECTOR ( 'NONE', #1853, 1000.000000000000000 ) ;
#1951 = DIRECTION ( 'NONE',  ( 0.000000000000000000, 0.000000000000000000, 1.000000000000000000 ) ) ;
#1952 = ORIENTED_EDGE ( 'NONE', *, *, #2428, .F. ) ;
#1953 = ORIENTED_EDGE ( 'NONE', *, *, #832, .T. ) ;
#1954 = LINE ( 'NONE', #2261, #738 ) ;
#1955 = DIRECTION ( 'NONE',  ( -1.000000000000000000, 0.000000000000000000, 0.000000000000000000 ) ) ;
#1956 = CARTESIAN_POINT ( 'NONE',  ( -3.158543437801574871, 3.204999999999949889, -0.8524999999999999245 ) ) ;
#1957 = ADVANCED_FACE ( 'NONE', ( #3726 ), #3422, .F. ) ;
#1958 = FACE_OUTER_BOUND ( 'NONE', #2937, .T. ) ;
#1959 = DIRECTION ( 'NONE',  ( 1.286886851614851933E-16, -1.000000000000000000, 1.370854316238213966E-16 ) ) ;
#1960 = ADVANCED_FACE ( 'NONE', ( #1094 ), #412, .F. ) ;
#1961 = CARTESIAN_POINT ( 'NONE',  ( 3.660000000000000142, 2.954999999999950333, -3.392500000000000071 ) ) ;
#1962 = AXIS2_PLACEMENT_3D ( 'NONE', #3870, #373, #962 ) ;
#1963 = PLANE ( 'NONE',  #3381 ) ;
#1964 = VERTEX_POINT ( 'NONE', #2553 ) ;
#1965 = ORIENTED_EDGE ( 'NONE', *, *, #2388, .T. ) ;
#1966 = VECTOR ( 'NONE', #1772, 1000.000000000000000 ) ;
#1967 = CARTESIAN_POINT ( 'NONE',  ( -3.158543437801574871, 3.204999999999949889, 3.392500000000000071 ) ) ;
#1968 = CARTESIAN_POINT ( 'NONE',  ( -3.935000000000000053, -3.510000000000000231, 2.177500000000000213 ) ) ;
#1969 = FACE_OUTER_BOUND ( 'NONE', #51, .T. ) ;
#1970 = DIRECTION ( 'NONE',  ( 0.000000000000000000, 0.000000000000000000, 1.000000000000000000 ) ) ;
#1971 = PLANE ( 'NONE',  #343 ) ;
#1972 = ORIENTED_EDGE ( 'NONE', *, *, #691, .F. ) ;
#1973 = ORIENTED_EDGE ( 'NONE', *, *, #2475, .F. ) ;
#1974 = AXIS2_PLACEMENT_3D ( 'NONE', #1674, #194, #2308 ) ;
#1975 = DIRECTION ( 'NONE',  ( 0.000000000000000000, 1.000000000000000000, 0.000000000000000000 ) ) ;
#1976 = VECTOR ( 'NONE', #921, 1000.000000000000000 ) ;
#1977 = CARTESIAN_POINT ( 'NONE',  ( 3.935000000000000053, 9.885896037421198999E-16, 0.8524999999999999245 ) ) ;
#1978 = DIRECTION ( 'NONE',  ( -1.000000000000000000, -1.286886851614851933E-16, 0.000000000000000000 ) ) ;
#1979 = DIRECTION ( 'NONE',  ( -0.000000000000000000, 1.000000000000000000, 0.000000000000000000 ) ) ;
#1980 = ORIENTED_EDGE ( 'NONE', *, *, #457, .F. ) ;
#1981 = VERTEX_POINT ( 'NONE', #1646 ) ;
#1982 = VECTOR ( 'NONE', #3957, 1000.000000000000227 ) ;
#1983 = EDGE_CURVE ( 'NONE', #1533, #2966, #1026, .T. ) ;
#1984 = CARTESIAN_POINT ( 'NONE',  ( 3.685000000000000053, -3.810000000000000053, 1.992499999999999938 ) ) ;
#1985 = FILL_AREA_STYLE_COLOUR ( '', #2175 ) ;
#1986 = ORIENTED_EDGE ( 'NONE', *, *, #3153, .F. ) ;
#1987 = LINE ( 'NONE', #2549, #3340 ) ;
#1988 = EDGE_CURVE ( 'NONE', #3715, #6, #1072, .T. ) ;
#1989 = LINE ( 'NONE', #3085, #1950 ) ;
#1990 = EDGE_CURVE ( 'NONE', #2153, #2971, #3797, .T. ) ;
#1991 = PLANE ( 'NONE',  #2536 ) ;
#1992 = ORIENTED_EDGE ( 'NONE', *, *, #3852, .F. ) ;
#1993 = EDGE_LOOP ( 'NONE', ( #45, #3410, #582, #2819 ) ) ;
#1994 = VECTOR ( 'NONE', #3065, 1000.000000000000114 ) ;
#1995 = CARTESIAN_POINT ( 'NONE',  ( -3.685000000000000053, -3.810000000000000053, -1.687500000000000000 ) ) ;
#1996 = LINE ( 'NONE', #2866, #2019 ) ;
#1997 = CARTESIAN_POINT ( 'NONE',  ( 3.935000000000000053, -0.7418666113899029524, -0.2300000000000000100 ) ) ;
#1998 = ORIENTED_EDGE ( 'NONE', *, *, #1228, .F. ) ;
#1999 = ORIENTED_EDGE ( 'NONE', *, *, #497, .F. ) ;
#2000 = LINE ( 'NONE', #3698, #1982 ) ;
#2001 = PRODUCT_DEFINITION ( 'UNKNOWN', '', #49, #3513 ) ;
#2002 = CARTESIAN_POINT ( 'NONE',  ( 3.935000000000000053, -0.7418666113899040626, 2.637500000000000178 ) ) ;
#2003 = STYLED_ITEM ( 'NONE', ( #568 ), #3511 ) ;
#2004 = CARTESIAN_POINT ( 'NONE',  ( 3.685000000000000053, -3.810000000000000053, -2.584601905787459852 ) ) ;
#2005 = VECTOR ( 'NONE', #624, 1000.000000000000114 ) ;
#2006 = CARTESIAN_POINT ( 'NONE',  ( 3.935000000000000053, 3.204999999999954774, 1.992499999999999938 ) ) ;
#2007 = CARTESIAN_POINT ( 'NONE',  ( 3.685000000000000053, -1.282499999999967999, -0.8400000000000000799 ) ) ;
#2008 = ORIENTED_EDGE ( 'NONE', *, *, #573, .T. ) ;
#2009 = EDGE_LOOP ( 'NONE', ( #2321, #751, #1240, #711 ) ) ;
#2010 = VECTOR ( 'NONE', #437, 1000.000000000000000 ) ;
#2011 = AXIS2_PLACEMENT_3D ( 'NONE', #911, #464, #1847 ) ;
#2012 = DIRECTION ( 'NONE',  ( 3.758310153692524776E-16, -0.8344190475701450671, -0.5511305227005049989 ) ) ;
#2013 = LINE ( 'NONE', #2535, #685 ) ;
#2014 = SURFACE_STYLE_USAGE ( .BOTH. , #3171 ) ;
#2015 = ORIENTED_EDGE ( 'NONE', *, *, #3959, .T. ) ;
#2016 = EDGE_LOOP ( 'NONE', ( #2792, #1867, #626, #3259 ) ) ;
#2017 = LINE ( 'NONE', #1405, #729 ) ;
#2018 = PLANE ( 'NONE',  #190 ) ;
#2019 = VECTOR ( 'NONE', #3789, 1000.000000000000000 ) ;
#2020 = AXIS2_PLACEMENT_3D ( 'NONE', #3694, #1548, #2445 ) ;
#2021 = CARTESIAN_POINT ( 'NONE',  ( -3.935000000000000053, 2.929999999999949978, 0.8524999999999999245 ) ) ;
#2022 = VERTEX_POINT ( 'NONE', #2327 ) ;
#2023 = ORIENTED_EDGE ( 'NONE', *, *, #2985, .F. ) ;
#2024 = LINE ( 'NONE', #2942, #726 ) ;
#2025 = DIRECTION ( 'NONE',  ( -0.9914448613738102711, -0.1305261922200534608, 0.000000000000000000 ) ) ;
#2026 = LINE ( 'NONE', #1306, #628 ) ;
#2027 = PLANE ( 'NONE',  #768 ) ;
#2028 = AXIS2_PLACEMENT_3D ( 'NONE', #864, #3600, #501 ) ;
#2029 = PLANE ( 'NONE',  #2601 ) ;
#2030 = ORIENTED_EDGE ( 'NONE', *, *, #2381, .F. ) ;
#2031 = ORIENTED_EDGE ( 'NONE', *, *, #868, .F. ) ;
#2032 = VECTOR ( 'NONE', #1859, 1000.000000000000000 ) ;
#2033 = DIRECTION ( 'NONE',  ( -4.504103980651980163E-16, -1.000000000000000000, 1.370854316238213966E-16 ) ) ;
#2034 = CARTESIAN_POINT ( 'NONE',  ( -3.660000000000000142, 2.954999999999950333, -1.687500000000000000 ) ) ;
#2035 = LINE ( 'NONE', #303, #3415 ) ;
#2036 = ADVANCED_FACE ( 'NONE', ( #1101, #2421 ), #2382, .F. ) ;
#2037 = EDGE_CURVE ( 'NONE', #1317, #226, #3712, .T. ) ;
#2038 = PLANE ( 'NONE',  #181 ) ;
#2039 = ORIENTED_EDGE ( 'NONE', *, *, #3796, .F. ) ;
#2040 = ORIENTED_EDGE ( 'NONE', *, *, #1060, .T. ) ;
#2041 = VECTOR ( 'NONE', #968, 1000.000000000000227 ) ;
#2042 = DIRECTION ( 'NONE',  ( 0.000000000000000000, 1.000000000000000000, 0.000000000000000000 ) ) ;
#2043 = FACE_OUTER_BOUND ( 'NONE', #2538, .T. ) ;
#2044 = EDGE_CURVE ( 'NONE', #779, #302, #3831, .T. ) ;
#2045 = CARTESIAN_POINT ( 'NONE',  ( 3.935000000000000053, -3.810000000000000053, 2.584601905787459852 ) ) ;
#2046 = EDGE_LOOP ( 'NONE', ( #2513, #1340, #3848, #3351, #1104, #1980, #3456, #3218, #1926 ) ) ;
#2047 = ORIENTED_EDGE ( 'NONE', *, *, #2070, .F. ) ;
#2048 = LINE ( 'NONE', #3705, #718 ) ;
#2049 = DIRECTION ( 'NONE',  ( -3.133381294258779992E-16, 1.000000000000000000, -1.566690647129389750E-16 ) ) ;
#2050 = EDGE_CURVE ( 'NONE', #80, #16, #1084, .T. ) ;
#2051 = DIRECTION ( 'NONE',  ( 0.000000000000000000, 1.000000000000000000, 0.000000000000000000 ) ) ;
#2052 = ORIENTED_EDGE ( 'NONE', *, *, #827, .F. ) ;
#2053 = LINE ( 'NONE', #3913, #3379 ) ;
#2054 = DIRECTION ( 'NONE',  ( 1.000000000000000000, 0.000000000000000000, 1.309668824627241829E-16 ) ) ;
#2055 = CARTESIAN_POINT ( 'NONE',  ( 3.935000000000000053, -3.510000000000000231, -0.2300000000000000100 ) ) ;
#2056 = AXIS2_PLACEMENT_3D ( 'NONE', #141, #1064, #2532 ) ;
#2057 = CARTESIAN_POINT ( 'NONE',  ( 3.935000000000000053, 1.245000000000000107, 1.687500000000000000 ) ) ;
#2058 = ORIENTED_EDGE ( 'NONE', *, *, #2336, .F. ) ;
#2059 = CIRCLE ( 'NONE', #2588, 0.2750000000000000777 ) ;
#2060 = CARTESIAN_POINT ( 'NONE',  ( 3.935000000000000053, -3.510000000000000231, 2.177500000000000213 ) ) ;
#2061 = AXIS2_PLACEMENT_3D ( 'NONE', #2791, #332, #633 ) ;
#2062 = DIRECTION ( 'NONE',  ( 0.000000000000000000, 1.000000000000000000, 0.000000000000000000 ) ) ;
#2063 = ORIENTED_EDGE ( 'NONE', *, *, #2831, .T. ) ;
#2064 = VECTOR ( 'NONE', #1705, 999.9999999999998863 ) ;
#2065 = ADVANCED_FACE ( 'NONE', ( #3742 ), #2924, .F. ) ;
#2066 = PLANE ( 'NONE',  #3474 ) ;
#2067 = ADVANCED_FACE ( 'NONE', ( #2480 ), #513, .F. ) ;
#2068 = CARTESIAN_POINT ( 'NONE',  ( -3.685000000000000053, -3.810000000000000053, -0.8524999999999999245 ) ) ;
#2069 = ORIENTED_EDGE ( 'NONE', *, *, #310, .T. ) ;
#2070 = EDGE_CURVE ( 'NONE', #2804, #3772, #2377, .T. ) ;
#2071 = ORIENTED_EDGE ( 'NONE', *, *, #3166, .T. ) ;
#2072 = FACE_OUTER_BOUND ( 'NONE', #120, .T. ) ;
#2073 = PLANE ( 'NONE',  #623 ) ;
#2074 = DIRECTION ( 'NONE',  ( -3.372194610909714747E-32, 0.000000000000000000, -1.000000000000000000 ) ) ;
#2075 = ORIENTED_EDGE ( 'NONE', *, *, #1944, .F. ) ;
#2076 = ORIENTED_EDGE ( 'NONE', *, *, #2129, .F. ) ;
#2077 = FACE_OUTER_BOUND ( 'NONE', #1275, .T. ) ;
#2078 = EDGE_CURVE ( 'NONE', #2484, #1086, #1169, .T. ) ;
#2079 = DIRECTION ( 'NONE',  ( 0.000000000000000000, -1.000000000000000000, 0.000000000000000000 ) ) ;
#2080 = CARTESIAN_POINT ( 'NONE',  ( -3.174999999999999822, 3.079999999999949889, 3.392500000000000071 ) ) ;
#2081 = DIRECTION ( 'NONE',  ( -7.092426231868995827E-17, 0.5511305227005051099, 0.8344190475701451781 ) ) ;
#2082 = CARTESIAN_POINT ( 'NONE',  ( -3.685000000000000053, -3.810000000000000053, 1.687500000000000000 ) ) ;
#2083 = ORIENTED_EDGE ( 'NONE', *, *, #845, .T. ) ;
#2084 = VERTEX_POINT ( 'NONE', #2045 ) ;
#2085 = CARTESIAN_POINT ( 'NONE',  ( -3.685000000000000053, -3.810000000000000053, -1.687500000000000000 ) ) ;
#2086 = PLANE ( 'NONE',  #3825 ) ;
#2087 = EDGE_CURVE ( 'NONE', #2793, #1234, #3818, .T. ) ;
#2088 = EDGE_CURVE ( 'NONE', #3377, #2785, #1194, .T. ) ;
#2089 = CARTESIAN_POINT ( 'NONE',  ( -3.685000000000000053, -3.986072295692905332, -0.1460556095015214106 ) ) ;
#2090 = UNCERTAINTY_MEASURE_WITH_UNIT (LENGTH_MEASURE( 1.000000000000000082E-05 ), #2433, 'distance_accuracy_value', 'NONE');
#2091 = EDGE_LOOP ( 'NONE', ( #3424, #1023, #743, #3430 ) ) ;
#2092 = ORIENTED_EDGE ( 'NONE', *, *, #908, .F. ) ;
#2093 = DIRECTION ( 'NONE',  ( 9.858125216024387000E-17, -0.7660444431189817882, 0.6427876096865349220 ) ) ;
#2094 = EDGE_CURVE ( 'NONE', #1337, #553, #3835, .T. ) ;
#2095 = ORIENTED_EDGE ( 'NONE', *, *, #199, .T. ) ;
#2096 = VECTOR ( 'NONE', #1507, 1000.000000000000000 ) ;
#2097 = FILL_AREA_STYLE_COLOUR ( '', #959 ) ;
#2098 = CARTESIAN_POINT ( 'NONE',  ( -3.685000000000000053, 2.929999999999949978, -1.687500000000000000 ) ) ;
#2099 = EDGE_CURVE ( 'NONE', #1524, #1754, #3665, .T. ) ;
#2100 = LINE ( 'NONE', #176, #2111 ) ;
#2101 = ADVANCED_FACE ( 'NONE', ( #2355 ), #2365, .F. ) ;
#2102 = CARTESIAN_POINT ( 'NONE',  ( -3.685000000000000053, -2.652732109871374977, 3.439619200245035202 ) ) ;
#2103 = ORIENTED_EDGE ( 'NONE', *, *, #2169, .T. ) ;
#2104 = ORIENTED_EDGE ( 'NONE', *, *, #3275, .F. ) ;
#2105 = PRESENTATION_LAYER_ASSIGNMENT (  '', '', ( #219 ) ) ;
#2106 = ORIENTED_EDGE ( 'NONE', *, *, #1868, .T. ) ;
#2107 = MECHANICAL_DESIGN_GEOMETRIC_PRESENTATION_REPRESENTATION (  '', ( #2003 ), #1237 ) ;
#2108 = PLANE ( 'NONE',  #2912 ) ;
#2109 = DIRECTION ( 'NONE',  ( -1.000000000000000000, -1.286886851614851933E-16, 0.000000000000000000 ) ) ;
#2110 = SURFACE_STYLE_USAGE ( .BOTH. , #1196 ) ;
#2111 = VECTOR ( 'NONE', #1067, 1000.000000000000114 ) ;
#2112 = CARTESIAN_POINT ( 'NONE',  ( 3.685000000000000053, -3.810000000000000053, 2.637500000000000178 ) ) ;
#2113 = ORIENTED_EDGE ( 'NONE', *, *, #3661, .T. ) ;
#2114 = DIRECTION ( 'NONE',  ( 4.504103980651980163E-16, -1.000000000000000000, -1.566690647129389750E-16 ) ) ;
#2115 = ORIENTED_EDGE ( 'NONE', *, *, #742, .T. ) ;
#2116 = STYLED_ITEM ( 'NONE', ( #3587 ), #1606 ) ;
#2117 = CARTESIAN_POINT ( 'NONE',  ( -3.935000000000000053, 1.550000000000000044, 1.992499999999999938 ) ) ;
#2118 = DIRECTION ( 'NONE',  ( 0.000000000000000000, 0.000000000000000000, -1.000000000000000000 ) ) ;
#2119 = ORIENTED_EDGE ( 'NONE', *, *, #2050, .T. ) ;
#2120 = PRESENTATION_STYLE_ASSIGNMENT (( #2014 ) ) ;
#2121 = DIRECTION ( 'NONE',  ( 1.000000000000000000, 0.000000000000000000, 0.000000000000000000 ) ) ;
#2122 = EDGE_CURVE ( 'NONE', #1747, #757, #3678, .T. ) ;
#2123 = CIRCLE ( 'NONE', #1530, 0.02499999999999984873 ) ;
#2124 = CARTESIAN_POINT ( 'NONE',  ( -1.975000000000000089, 5.029999999999999361, -3.055000000000000160 ) ) ;
#2125 = ORIENTED_EDGE ( 'NONE', *, *, #2099, .F. ) ;
#2126 =( NAMED_UNIT ( * ) PLANE_ANGLE_UNIT ( ) SI_UNIT ( $, .RADIAN. ) );
#2127 = CARTESIAN_POINT ( 'NONE',  ( 3.158543437801574871, 3.204999999999949889, -1.687500000000000000 ) ) ;
#2128 = FACE_OUTER_BOUND ( 'NONE', #3020, .T. ) ;
#2129 = EDGE_CURVE ( 'NONE', #3280, #1669, #1062, .T. ) ;
#2130 = ORIENTED_EDGE ( 'NONE', *, *, #212, .T. ) ;
#2131 = CARTESIAN_POINT ( 'NONE',  ( 2.844827379861794903, 5.587910037324019363, -3.924827379861795418 ) ) ;
#2132 = DIRECTION ( 'NONE',  ( -1.000000000000000000, 0.000000000000000000, 0.000000000000000000 ) ) ;
#2133 = LINE ( 'NONE', #3894, #805 ) ;
#2134 = EDGE_CURVE ( 'NONE', #1643, #3433, #2383, .T. ) ;
#2135 = ORIENTED_EDGE ( 'NONE', *, *, #635, .F. ) ;
#2136 = VECTOR ( 'NONE', #1866, 1000.000000000000000 ) ;
#2137 = DIRECTION ( 'NONE',  ( -1.000000000000000000, -1.286886851614851933E-16, 0.000000000000000000 ) ) ;
#2138 = CARTESIAN_POINT ( 'NONE',  ( -3.685000000000000053, 1.550000000000000044, -1.992499999999999938 ) ) ;
#2139 = EDGE_CURVE ( 'NONE', #326, #3089, #1279, .T. ) ;
#2140 = LINE ( 'NONE', #3007, #2005 ) ;
#2141 = CARTESIAN_POINT ( 'NONE',  ( -3.935000000000000053, 2.929999999999949978, 1.687500000000000000 ) ) ;
#2142 = VERTEX_POINT ( 'NONE', #3390 ) ;
#2143 = LINE ( 'NONE', #1243, #3400 ) ;
#2144 = DIRECTION ( 'NONE',  ( -2.234655566464538777E-17, 0.1736481776669314692, 0.9848077530122079093 ) ) ;
#2145 = FACE_OUTER_BOUND ( 'NONE', #2886, .T. ) ;
#2146 = EDGE_CURVE ( 'NONE', #2761, #1448, #3927, .T. ) ;
#2147 = ORIENTED_EDGE ( 'NONE', *, *, #2070, .T. ) ;
#2148 = PRESENTATION_STYLE_ASSIGNMENT (( #388 ) ) ;
#2149 = CARTESIAN_POINT ( 'NONE',  ( 3.935000000000000053, -3.510000000000000231, -2.637500000000000178 ) ) ;
#2150 = SURFACE_STYLE_FILL_AREA ( #2862 ) ;
#2151 = APPLICATION_CONTEXT ( 'automotive_design' ) ;
#2152 = AXIS2_PLACEMENT_3D ( 'NONE', #1505, #3072, #843 ) ;
#2153 = VERTEX_POINT ( 'NONE', #943 ) ;
#2154 = VECTOR ( 'NONE', #3073, 1000.000000000000000 ) ;
#2155 = DIRECTION ( 'NONE',  ( -1.000000000000000000, 0.000000000000000000, 0.000000000000000000 ) ) ;
#2156 = CIRCLE ( 'NONE', #720, 0.2750000000000000777 ) ;
#2157 = ORIENTED_EDGE ( 'NONE', *, *, #2396, .T. ) ;
#2158 = AXIS2_PLACEMENT_3D ( 'NONE', #424, #2537, #52 ) ;
#2159 = VECTOR ( 'NONE', #2114, 1000.000000000000000 ) ;
#2160 = DIRECTION ( 'NONE',  ( -3.372194610909714747E-32, 0.000000000000000000, 1.000000000000000000 ) ) ;
#2161 = PLANE ( 'NONE',  #1156 ) ;
#2162 = CARTESIAN_POINT ( 'NONE',  ( -3.660000000000000142, 2.929999999999949978, -3.392500000000000071 ) ) ;
#2163 = EDGE_LOOP ( 'NONE', ( #2047, #2634, #808, #3901 ) ) ;
#2164 = EDGE_CURVE ( 'NONE', #3803, #3711, #3968, .T. ) ;
#2165 = VECTOR ( 'NONE', #3371, 1000.000000000000000 ) ;
#2166 = ORIENTED_EDGE ( 'NONE', *, *, #787, .T. ) ;
#2167 = DIRECTION ( 'NONE',  ( 9.099664193966718106E-17, -0.7071067811865514585, 0.7071067811865435759 ) ) ;
#2168 = CARTESIAN_POINT ( 'NONE',  ( -1.975000000000000089, 5.029999999999999361, -3.055000000000000160 ) ) ;
#2169 = EDGE_CURVE ( 'NONE', #3772, #3759, #2547, .T. ) ;
#2170 = DIRECTION ( 'NONE',  ( 0.000000000000000000, 0.000000000000000000, -1.000000000000000000 ) ) ;
#2171 = VECTOR ( 'NONE', #3344, 1000.000000000000000 ) ;
#2172 = CARTESIAN_POINT ( 'NONE',  ( 3.174999999999999822, 3.079999999999949889, 1.992499999999999938 ) ) ;
#2173 = ORIENTED_EDGE ( 'NONE', *, *, #3375, .F. ) ;
#2174 = FACE_OUTER_BOUND ( 'NONE', #1487, .T. ) ;
#2175 = COLOUR_RGB ( '',0.7921568627450980005, 0.8196078431372548767, 0.9333333333333333481 ) ;
#2176 = DIRECTION ( 'NONE',  ( 0.000000000000000000, 0.000000000000000000, -1.000000000000000000 ) ) ;
#2177 = EDGE_CURVE ( 'NONE', #211, #12, #1335, .T. ) ;
#2178 = VECTOR ( 'NONE', #3129, 1000.000000000000000 ) ;
#2179 = EDGE_CURVE ( 'NONE', #2498, #1584, #2574, .T. ) ;
#2180 = ADVANCED_FACE ( 'NONE', ( #3915 ), #2255, .T. ) ;
#2181 = VERTEX_POINT ( 'NONE', #1283 ) ;
#2182 = LINE ( 'NONE', #2220, #3404 ) ;
#2183 = PLANE ( 'NONE',  #2269 ) ;
#2184 = CARTESIAN_POINT ( 'NONE',  ( -3.685000000000000053, -3.810000000000000053, 2.177500000000000213 ) ) ;
#2185 = FACE_OUTER_BOUND ( 'NONE', #1618, .T. ) ;
#2186 = DIRECTION ( 'NONE',  ( -4.504103980651980163E-16, 1.000000000000000000, -1.566690647129389750E-16 ) ) ;
#2187 = ORIENTED_EDGE ( 'NONE', *, *, #1269, .T. ) ;
#2188 = AXIS2_PLACEMENT_3D ( 'NONE', #2631, #3189, #247 ) ;
#2189 = AXIS2_PLACEMENT_3D ( 'NONE', #3658, #3355, #3329 ) ;
#2190 = CARTESIAN_POINT ( 'NONE',  ( 3.660000000000000142, 2.929999999999949978, 0.8524999999999999245 ) ) ;
#2191 = CARTESIAN_POINT ( 'NONE',  ( 3.685000000000000053, 2.929999999999949978, 3.392500000000000071 ) ) ;
#2192 = AXIS2_PLACEMENT_3D ( 'NONE', #93, #1675, #458 ) ;
#2193 = CARTESIAN_POINT ( 'NONE',  ( 3.935000000000000053, -3.510000000000000231, 2.177500000000000213 ) ) ;
#2194 = AXIS2_PLACEMENT_3D ( 'NONE', #430, #735, #1020 ) ;
#2195 = VECTOR ( 'NONE', #1118, 1000.000000000000000 ) ;
#2196 = DIRECTION ( 'NONE',  ( 0.000000000000000000, 0.000000000000000000, -1.000000000000000000 ) ) ;
#2197 = LINE ( 'NONE', #1574, #2171 ) ;
#2198 = EDGE_CURVE ( 'NONE', #55, #1668, #1285, .T. ) ;
#2199 = DIRECTION ( 'NONE',  ( -0.1294283079955605986, -0.9831056027603608527, 0.1294283079955610150 ) ) ;
#2200 = DIRECTION ( 'NONE',  ( 1.000000000000000000, 0.000000000000000000, 0.000000000000000000 ) ) ;
#2201 = DIRECTION ( 'NONE',  ( -1.000000000000000000, 0.000000000000000000, 0.000000000000000000 ) ) ;
#2202 = ADVANCED_FACE ( 'NONE', ( #2555 ), #1046, .F. ) ;
#2203 = ADVANCED_FACE ( 'NONE', ( #1292 ), #1233, .T. ) ;
#2204 = LINE ( 'NONE', #2230, #2178 ) ;
#2205 = EDGE_CURVE ( 'NONE', #3941, #1981, #14, .T. ) ;
#2206 = CARTESIAN_POINT ( 'NONE',  ( 3.935000000000000053, 1.734723475976809855E-15, 0.8524999999999999245 ) ) ;
#2207 = DIRECTION ( 'NONE',  ( 1.000000000000000000, 0.000000000000000000, 0.000000000000000000 ) ) ;
#2208 = DIRECTION ( 'NONE',  ( 0.000000000000000000, 0.000000000000000000, 1.000000000000000000 ) ) ;
#2209 = CARTESIAN_POINT ( 'NONE',  ( -3.660000000000000142, 2.929999999999949978, -0.8524999999999999245 ) ) ;
#2210 = SURFACE_STYLE_FILL_AREA ( #2903 ) ;
#2211 = APPLICATION_PROTOCOL_DEFINITION ( 'draft international standard', 'automotive_design', 1998, #3133 ) ;
#2212 = DIRECTION ( 'NONE',  ( 0.000000000000000000, -1.000000000000000000, 1.370854316238213966E-16 ) ) ;
#2213 = EDGE_CURVE ( 'NONE', #2793, #2784, #3862, .T. ) ;
#2214 = LINE ( 'NONE', #3697, #3531 ) ;
#2215 = DIRECTION ( 'NONE',  ( 0.000000000000000000, 0.000000000000000000, -1.000000000000000000 ) ) ;
#2216 = CARTESIAN_POINT ( 'NONE',  ( -3.935000000000000053, 2.929999999999949978, 0.2300000000000000100 ) ) ;
#2217 = FACE_OUTER_BOUND ( 'NONE', #2869, .T. ) ;
#2218 = CARTESIAN_POINT ( 'NONE',  ( -1.975000000000000089, 5.029999999999999361, -3.504999999999999893 ) ) ;
#2219 = CARTESIAN_POINT ( 'NONE',  ( 3.935000000000000053, 1.550000000000000044, -1.992499999999999938 ) ) ;
#2220 = CARTESIAN_POINT ( 'NONE',  ( 3.935000000000000053, -3.810000000000000053, 2.230398094212539650 ) ) ;
#2221 = AXIS2_PLACEMENT_3D ( 'NONE', #978, #3427, #1271 ) ;
#2222 = DIRECTION ( 'NONE',  ( -1.000000000000000000, -1.286886851614851933E-16, 0.000000000000000000 ) ) ;
#2223 = PRESENTATION_LAYER_ASSIGNMENT (  '', '', ( #924 ) ) ;
#2224 = CARTESIAN_POINT ( 'NONE',  ( -3.660000000000000142, 1.245000000000000107, 1.687500000000000000 ) ) ;
#2225 = VECTOR ( 'NONE', #3318, 1000.000000000000000 ) ;
#2226 = PLANE ( 'NONE',  #3785 ) ;
#2227 = VECTOR ( 'NONE', #1830, 1000.000000000000000 ) ;
#2228 = CARTESIAN_POINT ( 'NONE',  ( 3.935000000000000053, -0.7418666113899040626, 2.177500000000000213 ) ) ;
#2229 = ADVANCED_FACE ( 'NONE', ( #3921 ), #3747, .F. ) ;
#2230 = CARTESIAN_POINT ( 'NONE',  ( 3.935000000000000053, -0.7418666113899040626, 2.177500000000000213 ) ) ;
#2231 = VECTOR ( 'NONE', #2208, 1000.000000000000000 ) ;
#2232 = ADVANCED_FACE ( 'NONE', ( #1302 ), #2394, .T. ) ;
#2233 = DIRECTION ( 'NONE',  ( 0.000000000000000000, 0.000000000000000000, 1.000000000000000000 ) ) ;
#2234 = CARTESIAN_POINT ( 'NONE',  ( -3.660000000000000142, 2.954999999999950333, -0.8524999999999999245 ) ) ;
#2235 = VECTOR ( 'NONE', #2698, 1000.000000000000000 ) ;
#2236 = CARTESIAN_POINT ( 'NONE',  ( -3.158543437801574871, 3.204999999999949889, 0.8524999999999999245 ) ) ;
#2237 = EDGE_CURVE ( 'NONE', #1763, #3399, #2621, .T. ) ;
#2238 = LINE ( 'NONE', #3498, #3651 ) ;
#2239 = CARTESIAN_POINT ( 'NONE',  ( 3.935000000000000053, -3.510000000000000231, -2.637500000000000178 ) ) ;
#2240 = DIRECTION ( 'NONE',  ( 0.000000000000000000, 0.000000000000000000, -1.000000000000000000 ) ) ;
#2241 = LINE ( 'NONE', #1742, #895 ) ;
#2242 = DIRECTION ( 'NONE',  ( 2.016153594338775066E-32, -1.566690647129389750E-16, 1.000000000000000000 ) ) ;
#2243 = DIRECTION ( 'NONE',  ( -1.267336148719775932E-16, 0.9848077530122082424, -0.1736481776669295263 ) ) ;
#2244 = DIRECTION ( 'NONE',  ( 1.000000000000000000, 0.000000000000000000, 0.000000000000000000 ) ) ;
#2245 = LINE ( 'NONE', #686, #3557 ) ;
#2246 = EDGE_CURVE ( 'NONE', #2844, #357, #3948, .T. ) ;
#2247 = MANIFOLD_SOLID_BREP ( 'NONE', #3873 ) ;
#2248 = DIRECTION ( 'NONE',  ( -1.000000000000000000, 0.000000000000000000, 1.079826282556899960E-16 ) ) ;
#2249 = COLOUR_RGB ( '',0.7921568627450980005, 0.8196078431372548767, 0.9333333333333333481 ) ;
#2250 = CARTESIAN_POINT ( 'NONE',  ( 3.660000000000000142, 2.954999999999950333, 0.8524999999999999245 ) ) ;
#2251 = EDGE_CURVE ( 'NONE', #376, #433, #3973, .T. ) ;
#2252 = DIRECTION ( 'NONE',  ( -1.000000000000000000, 1.286886851614851933E-16, 0.000000000000000000 ) ) ;
#2253 = LINE ( 'NONE', #3493, #3494 ) ;
#2254 = EDGE_CURVE ( 'NONE', #231, #1142, #1329, .T. ) ;
#2255 = PLANE ( 'NONE',  #3140 ) ;
#2256 = LINE ( 'NONE', #36, #1008 ) ;
#2257 = EDGE_CURVE ( 'NONE', #1448, #1116, #3881, .T. ) ;
#2258 = DIRECTION ( 'NONE',  ( 1.000000000000000000, 0.000000000000000000, 0.000000000000000000 ) ) ;
#2259 = LINE ( 'NONE', #1995, #3501 ) ;
#2260 = DIRECTION ( 'NONE',  ( 0.000000000000000000, 0.000000000000000000, -1.000000000000000000 ) ) ;
#2261 = CARTESIAN_POINT ( 'NONE',  ( 3.158543437801574871, 3.204999999999949889, -1.687500000000000000 ) ) ;
#2262 = FACE_OUTER_BOUND ( 'NONE', #3781, .T. ) ;
#2263 = EDGE_CURVE ( 'NONE', #1874, #2813, #1272, .T. ) ;
#2264 = ADVANCED_FACE ( 'NONE', ( #7 ), #2502, .F. ) ;
#2265 = DIRECTION ( 'NONE',  ( 0.1305261922200534608, -0.9914448613738102711, 2.598010084836510915E-16 ) ) ;
#2266 = DIRECTION ( 'NONE',  ( -1.000000000000000000, 0.000000000000000000, 0.000000000000000000 ) ) ;
#2267 =( NAMED_UNIT ( * ) PLANE_ANGLE_UNIT ( ) SI_UNIT ( $, .RADIAN. ) );
#2268 = CIRCLE ( 'NONE', #2373, 0.2750000000000000777 ) ;
#2269 = AXIS2_PLACEMENT_3D ( 'NONE', #2456, #1434, #1770 ) ;
#2270 = LINE ( 'NONE', #169, #3648 ) ;
#2271 = CARTESIAN_POINT ( 'NONE',  ( -3.685000000000000053, 2.929999999999949978, 0.8524999999999999245 ) ) ;
#2272 = FACE_OUTER_BOUND ( 'NONE', #1677, .T. ) ;
#2273 = CARTESIAN_POINT ( 'NONE',  ( 3.158543437801574871, 3.204999999999949889, 3.392500000000000071 ) ) ;
#2274 = AXIS2_PLACEMENT_3D ( 'NONE', #3663, #230, #531 ) ;
#2275 = DIRECTION ( 'NONE',  ( 1.000000000000000000, 0.000000000000000000, 0.000000000000000000 ) ) ;
#2276 = LINE ( 'NONE', #3052, #1057 ) ;
#2277 = LINE ( 'NONE', #3431, #1021 ) ;
#2278 = DIRECTION ( 'NONE',  ( -1.000000000000000000, 0.000000000000000000, 0.000000000000000000 ) ) ;
#2279 = ORIENTED_EDGE ( 'NONE', *, *, #790, .T. ) ;
#2280 = CARTESIAN_POINT ( 'NONE',  ( 3.158543437801574871, 2.954999999999950333, 1.687500000000000000 ) ) ;
#2281 = DIRECTION ( 'NONE',  ( -1.000000000000000000, -1.286886851614851933E-16, 0.000000000000000000 ) ) ;
#2282 = VECTOR ( 'NONE', #1033, 1000.000000000000000 ) ;
#2283 = CARTESIAN_POINT ( 'NONE',  ( -1.975000000000000089, 5.029999999999999361, -3.504999999999999893 ) ) ;
#2284 = CARTESIAN_POINT ( 'NONE',  ( 3.174999999999999822, 3.079999999999949889, 0.8524999999999999245 ) ) ;
#2285 = VECTOR ( 'NONE', #3027, 1000.000000000000114 ) ;
#2286 = DIRECTION ( 'NONE',  ( 0.000000000000000000, 1.000000000000000000, 0.000000000000000000 ) ) ;
#2287 = VECTOR ( 'NONE', #2132, 1000.000000000000000 ) ;
#2288 = DIRECTION ( 'NONE',  ( -0.1305261922200534608, 0.9914448613738102711, 0.000000000000000000 ) ) ;
#2289 = DIRECTION ( 'NONE',  ( -1.000000000000000000, 0.000000000000000000, 0.000000000000000000 ) ) ;
#2290 = LINE ( 'NONE', #100, #1036 ) ;
#2291 = LINE ( 'NONE', #2512, #3687 ) ;
#2292 = EDGE_CURVE ( 'NONE', #2737, #1256, #2660, .T. ) ;
#2293 = CARTESIAN_POINT ( 'NONE',  ( 3.935000000000000053, 2.929999999999949978, -3.392500000000000071 ) ) ;
#2294 = ORIENTED_EDGE ( 'NONE', *, *, #1099, .F. ) ;
#2295 = DIRECTION ( 'NONE',  ( -1.000000000000000000, -1.286886851614851933E-16, 0.000000000000000000 ) ) ;
#2296 = FACE_OUTER_BOUND ( 'NONE', #1554, .T. ) ;
#2297 = FACE_OUTER_BOUND ( 'NONE', #521, .T. ) ;
#2298 = DIRECTION ( 'NONE',  ( 0.000000000000000000, 0.000000000000000000, -1.000000000000000000 ) ) ;
#2299 = LINE ( 'NONE', #3084, #1030 ) ;
#2300 = EDGE_CURVE ( 'NONE', #3496, #3293, #1205, .T. ) ;
#2301 = FACE_OUTER_BOUND ( 'NONE', #1711, .T. ) ;
#2302 = EDGE_CURVE ( 'NONE', #3937, #1792, #1210, .T. ) ;
#2303 = DIRECTION ( 'NONE',  ( -1.000000000000000000, -1.286886851614851933E-16, 0.000000000000000000 ) ) ;
#2304 = VECTOR ( 'NONE', #2637, 1000.000000000000114 ) ;
#2305 = VECTOR ( 'NONE', #565, 1000.000000000000000 ) ;
#2306 = DIRECTION ( 'NONE',  ( -0.1305261922200534608, 0.9914448613738102711, 0.000000000000000000 ) ) ;
#2307 = CARTESIAN_POINT ( 'NONE',  ( 3.158543437801574871, 2.954999999999950333, 1.992499999999999938 ) ) ;
#2308 = DIRECTION ( 'NONE',  ( 0.000000000000000000, 0.000000000000000000, 1.000000000000000000 ) ) ;
#2309 = FACE_OUTER_BOUND ( 'NONE', #3038, .T. ) ;
#2310 = DIRECTION ( 'NONE',  ( 1.000000000000000000, 0.000000000000000000, 0.000000000000000000 ) ) ;
#2311 = DIRECTION ( 'NONE',  ( -1.000000000000000000, 0.000000000000000000, 0.000000000000000000 ) ) ;
#2312 = CYLINDRICAL_SURFACE ( 'NONE', #3486, 0.2750000000000000777 ) ;
#2313 = DIRECTION ( 'NONE',  ( 0.000000000000000000, 1.000000000000000000, 0.000000000000000000 ) ) ;
#2314 = LINE ( 'NONE', #253, #2304 ) ;
#2315 = LINE ( 'NONE', #1129, #1038 ) ;
#2316 = AXIS2_PLACEMENT_3D ( 'NONE', #3586, #1707, #1204 ) ;
#2317 = ORIENTED_EDGE ( 'NONE', *, *, #3515, .T. ) ;
#2318 = VECTOR ( 'NONE', #570, 1000.000000000000000 ) ;
#2319 = LINE ( 'NONE', #3730, #3583 ) ;
#2320 = CARTESIAN_POINT ( 'NONE',  ( -3.660000000000000142, 2.929999999999949978, -1.687500000000000000 ) ) ;
#2321 = ORIENTED_EDGE ( 'NONE', *, *, #2883, .T. ) ;
#2322 = VECTOR ( 'NONE', #2470, 1000.000000000000000 ) ;
#2323 = ADVANCED_FACE ( 'NONE', ( #1220 ), #1583, .F. ) ;
#2324 = CARTESIAN_POINT ( 'NONE',  ( 3.660000000000000142, 3.204999999999949889, -0.8524999999999999245 ) ) ;
#2325 = LINE ( 'NONE', #2607, #3617 ) ;
#2326 = VECTOR ( 'NONE', #2201, 1000.000000000000000 ) ;
#2327 = CARTESIAN_POINT ( 'NONE',  ( -3.685000000000000053, -3.810000000000000053, 2.230398094212539650 ) ) ;
#2328 = LINE ( 'NONE', #2572, #3646 ) ;
#2329 = CARTESIAN_POINT ( 'NONE',  ( 3.660000000000000142, 3.204999999999949889, -3.392500000000000071 ) ) ;
#2330 = AXIS2_PLACEMENT_3D ( 'NONE', #2320, #3569, #2615 ) ;
#2331 = CARTESIAN_POINT ( 'NONE',  ( 0.000000000000000000, 1.550000000000000044, 4.053571678691284319 ) ) ;
#2332 = VECTOR ( 'NONE', #1730, 1000.000000000000000 ) ;
#2333 = CARTESIAN_POINT ( 'NONE',  ( 3.935000000000000053, -3.510000000000000231, -2.177500000000000213 ) ) ;
#2334 = CIRCLE ( 'NONE', #2746, 0.02499999999999984873 ) ;
#2335 = CARTESIAN_POINT ( 'NONE',  ( -2.973571678691285136, 1.550000000000000044, -4.053571678691284319 ) ) ;
#2336 = EDGE_CURVE ( 'NONE', #736, #1097, #1244, .T. ) ;
#2337 = DIRECTION ( 'NONE',  ( 1.000000000000000000, 0.000000000000000000, 0.000000000000000000 ) ) ;
#2338 = LINE ( 'NONE', #3782, #2332 ) ;
#2339 = FACE_OUTER_BOUND ( 'NONE', #3392, .T. ) ;
#2340 = CARTESIAN_POINT ( 'NONE',  ( 3.174999999999999822, 3.080000000000039595, 4.254999999999999893 ) ) ;
#2341 = VECTOR ( 'NONE', #1756, 1000.000000000000000 ) ;
#2342 = EDGE_CURVE ( 'NONE', #1792, #140, #3896, .T. ) ;
#2343 = CARTESIAN_POINT ( 'NONE',  ( 3.935000000000000053, -0.7418666113899040626, 2.177500000000000213 ) ) ;
#2344 = LINE ( 'NONE', #1107, #1047 ) ;
#2345 = LINE ( 'NONE', #3645, #990 ) ;
#2346 = EDGE_LOOP ( 'NONE', ( #1929, #3206, #2768, #2724 ) ) ;
#2347 = VECTOR ( 'NONE', #855, 1000.000000000000000 ) ;
#2348 = EDGE_CURVE ( 'NONE', #1591, #1524, #3906, .T. ) ;
#2349 = CARTESIAN_POINT ( 'NONE',  ( -3.685000000000000053, -3.810000000000000053, -0.2300000000000000100 ) ) ;
#2350 = CARTESIAN_POINT ( 'NONE',  ( 3.660000000000000142, 2.954999999999950333, -1.992499999999999938 ) ) ;
#2351 = UNCERTAINTY_MEASURE_WITH_UNIT (LENGTH_MEASURE( 1.000000000000000082E-05 ), #3335, 'distance_accuracy_value', 'NONE');
#2352 = LINE ( 'NONE', #771, #1006 ) ;
#2353 = FACE_OUTER_BOUND ( 'NONE', #3357, .T. ) ;
#2354 = CARTESIAN_POINT ( 'NONE',  ( -3.685000000000000053, -3.810000000000000053, 1.992499999999999938 ) ) ;
#2355 = FACE_OUTER_BOUND ( 'NONE', #1461, .T. ) ;
#2356 = CARTESIAN_POINT ( 'NONE',  ( 3.660000000000000142, 3.204999999999949889, 0.8524999999999999245 ) ) ;
#2357 = ADVANCED_FACE ( 'NONE', ( #2667 ), #428, .F. ) ;
#2358 = AXIS2_PLACEMENT_3D ( 'NONE', #2477, #1949, #2861 ) ;
#2359 = CARTESIAN_POINT ( 'NONE',  ( 3.685000000000000053, 1.341579542808475856E-15, -1.687500000000000000 ) ) ;
#2360 = FACE_OUTER_BOUND ( 'NONE', #2647, .T. ) ;
#2361 = PLANE ( 'NONE',  #2189 ) ;
#2362 = VECTOR ( 'NONE', #934, 1000.000000000000000 ) ;
#2363 = DIRECTION ( 'NONE',  ( 1.000000000000000000, 0.000000000000000000, 0.000000000000000000 ) ) ;
#2364 = VECTOR ( 'NONE', #2815, 1000.000000000000000 ) ;
#2365 = CYLINDRICAL_SURFACE ( 'NONE', #1247, 0.02499999999999984873 ) ;
#2366 = AXIS2_PLACEMENT_3D ( 'NONE', #1915, #1000, #385 ) ;
#2367 = DIRECTION ( 'NONE',  ( 0.9914448613738108262, 0.1305261922200484093, 0.000000000000000000 ) ) ;
#2368 = VECTOR ( 'NONE', #2441, 1000.000000000000000 ) ;
#2369 = VECTOR ( 'NONE', #3925, 1000.000000000000114 ) ;
#2370 = DIRECTION ( 'NONE',  ( 0.000000000000000000, 0.000000000000000000, 1.000000000000000000 ) ) ;
#2371 = CIRCLE ( 'NONE', #228, 0.02499999999999984873 ) ;
#2372 = VECTOR ( 'NONE', #2859, 1000.000000000000000 ) ;
#2373 = AXIS2_PLACEMENT_3D ( 'NONE', #1638, #2493, #1347 ) ;
#2374 = DIRECTION ( 'NONE',  ( 4.504103980651980163E-16, 1.000000000000000000, 7.833453235646948748E-17 ) ) ;
#2375 = CARTESIAN_POINT ( 'NONE',  ( 3.935000000000000053, 2.929999999999949978, -1.687500000000000000 ) ) ;
#2376 = PRESENTATION_STYLE_ASSIGNMENT (( #2781 ) ) ;
#2377 = LINE ( 'NONE', #1415, #2341 ) ;
#2378 = CARTESIAN_POINT ( 'NONE',  ( -3.660000000000000142, 2.929999999999949978, 0.8524999999999999245 ) ) ;
#2379 = PLANE ( 'NONE',  #3688 ) ;
#2380 = LINE ( 'NONE', #1180, #971 ) ;
#2381 = EDGE_CURVE ( 'NONE', #1352, #3377, #48, .T. ) ;
#2382 = PLANE ( 'NONE',  #1856 ) ;
#2383 = LINE ( 'NONE', #655, #3962 ) ;
#2384 = PLANE ( 'NONE',  #2651 ) ;
#2385 = DIRECTION ( 'NONE',  ( 0.000000000000000000, -1.000000000000000000, 0.000000000000000000 ) ) ;
#2386 = LINE ( 'NONE', #1452, #3591 ) ;
#2387 = CARTESIAN_POINT ( 'NONE',  ( -3.660000000000000142, 0.000000000000000000, -0.8524999999999999245 ) ) ;
#2388 = EDGE_CURVE ( 'NONE', #1628, #3293, #1490, .T. ) ;
#2389 = EDGE_LOOP ( 'NONE', ( #3332, #2030, #3205, #1883 ) ) ;
#2390 = VECTOR ( 'NONE', #2885, 1000.000000000000000 ) ;
#2391 = ADVANCED_FACE ( 'NONE', ( #1373 ), #2226, .F. ) ;
#2392 = EDGE_CURVE ( 'NONE', #2461, #2966, #1380, .T. ) ;
#2393 = CARTESIAN_POINT ( 'NONE',  ( 3.935000000000000053, 1.550000000000000044, 1.992499999999999938 ) ) ;
#2394 = PLANE ( 'NONE',  #2316 ) ;
#2395 = DIRECTION ( 'NONE',  ( 0.000000000000000000, -1.000000000000000000, 2.620428211445405372E-16 ) ) ;
#2396 = EDGE_CURVE ( 'NONE', #824, #1410, #90, .T. ) ;
#2397 = FACE_OUTER_BOUND ( 'NONE', #1542, .T. ) ;
#2398 = VECTOR ( 'NONE', #2233, 1000.000000000000000 ) ;
#2399 = DIRECTION ( 'NONE',  ( 1.286886851614851933E-16, 1.000000000000000000, 0.000000000000000000 ) ) ;
#2400 = DIRECTION ( 'NONE',  ( 0.000000000000000000, 1.000000000000000000, 0.000000000000000000 ) ) ;
#2401 = LINE ( 'NONE', #1520, #2305 ) ;
#2402 = EDGE_LOOP ( 'NONE', ( #2876, #2970, #2790, #281, #455, #1635, #1571, #9, #2953 ) ) ;
#2403 = VECTOR ( 'NONE', #2623, 1000.000000000000000 ) ;
#2404 = VECTOR ( 'NONE', #1573, 1000.000000000000000 ) ;
#2405 = STYLED_ITEM ( 'NONE', ( #2120 ), #3731 ) ;
#2406 = DIRECTION ( 'NONE',  ( 0.000000000000000000, 0.000000000000000000, 1.000000000000000000 ) ) ;
#2407 = VECTOR ( 'NONE', #1905, 1000.000000000000227 ) ;
#2408 = CARTESIAN_POINT ( 'NONE',  ( 3.660000000000000142, 2.929999999999949978, -0.8524999999999999245 ) ) ;
#2409 = DIRECTION ( 'NONE',  ( -1.000000000000000000, 0.000000000000000000, 2.016153594338775066E-32 ) ) ;
#2410 = ORIENTED_EDGE ( 'NONE', *, *, #321, .F. ) ;
#2411 = CARTESIAN_POINT ( 'NONE',  ( 3.935000000000000053, -0.7418666113899040626, -2.177500000000000213 ) ) ;
#2412 = ORIENTED_EDGE ( 'NONE', *, *, #3210, .T. ) ;
#2413 = VECTOR ( 'NONE', #1903, 1000.000000000000000 ) ;
#2414 = VECTOR ( 'NONE', #3477, 1000.000000000000000 ) ;
#2415 = CARTESIAN_POINT ( 'NONE',  ( -3.935000000000000053, 2.929999999999949978, 1.992499999999999938 ) ) ;
#2416 = DIRECTION ( 'NONE',  ( 0.000000000000000000, 0.000000000000000000, 1.000000000000000000 ) ) ;
#2417 = VERTEX_POINT ( 'NONE', #3458 ) ;
#2418 = CARTESIAN_POINT ( 'NONE',  ( 3.935000000000000053, 1.373751714098847875E-15, -3.392500000000000071 ) ) ;
#2419 = ORIENTED_EDGE ( 'NONE', *, *, #2666, .T. ) ;
#2420 = LINE ( 'NONE', #2625, #1015 ) ;
#2421 = FACE_OUTER_BOUND ( 'NONE', #2728, .T. ) ;
#2422 = AXIS2_PLACEMENT_3D ( 'NONE', #891, #1179, #514 ) ;
#2423 = CARTESIAN_POINT ( 'NONE',  ( 3.685000000000000053, -3.810000000000000053, -1.687500000000000000 ) ) ;
#2424 = CLOSED_SHELL ( 'NONE', ( #456, #1004, #2501, #3567, #3165, #3748, #2755, #2699, #842, #1353, #3872, #3450, #3713, #1960, #3488, #2837, #1316 ) ) ;
#2425 = VERTEX_POINT ( 'NONE', #2482 ) ;
#2426 = LINE ( 'NONE', #68, #1066 ) ;
#2427 = DIRECTION ( 'NONE',  ( 0.000000000000000000, 0.000000000000000000, -1.000000000000000000 ) ) ;
#2428 = EDGE_CURVE ( 'NONE', #2713, #2757, #2756, .T. ) ;
#2429 = DIRECTION ( 'NONE',  ( 0.000000000000000000, -1.000000000000000000, 0.000000000000000000 ) ) ;
#2430 = ORIENTED_EDGE ( 'NONE', *, *, #2974, .F. ) ;
#2431 = CARTESIAN_POINT ( 'NONE',  ( 3.935000000000000053, 1.373751714098847875E-15, -3.392500000000000071 ) ) ;
#2432 = VECTOR ( 'NONE', #2473, 999.9999999999998863 ) ;
#2433 =( LENGTH_UNIT ( ) NAMED_UNIT ( * ) SI_UNIT ( .MILLI., .METRE. ) );
#2434 = EDGE_CURVE ( 'NONE', #3956, #357, #2696, .T. ) ;
#2435 = CARTESIAN_POINT ( 'NONE',  ( -3.660000000000000142, 2.954999999999950333, 1.992499999999999938 ) ) ;
#2436 = ORIENTED_EDGE ( 'NONE', *, *, #2920, .F. ) ;
#2437 = CARTESIAN_POINT ( 'NONE',  ( 3.935000000000000053, -3.510000000000000231, -2.177500000000000213 ) ) ;
#2438 = EDGE_CURVE ( 'NONE', #1097, #78, #99, .T. ) ;
#2439 = VERTEX_POINT ( 'NONE', #2806 ) ;
#2440 = CARTESIAN_POINT ( 'NONE',  ( 3.935000000000000053, -0.7418666113899040626, -2.637500000000000178 ) ) ;
#2441 = DIRECTION ( 'NONE',  ( -3.450343825608533786E-16, -0.7660444431189817882, 0.6427876096865349220 ) ) ;
#2442 = ORIENTED_EDGE ( 'NONE', *, *, #2672, .T. ) ;
#2443 = LINE ( 'NONE', #2935, #2413 ) ;
#2444 = EDGE_CURVE ( 'NONE', #1375, #2425, #2675, .T. ) ;
#2445 = DIRECTION ( 'NONE',  ( 1.000000000000000000, 1.286886851614851933E-16, 0.000000000000000000 ) ) ;
#2446 = DIRECTION ( 'NONE',  ( 0.000000000000000000, 0.000000000000000000, -1.000000000000000000 ) ) ;
#2447 = ORIENTED_EDGE ( 'NONE', *, *, #2348, .T. ) ;
#2448 = DIRECTION ( 'NONE',  ( 1.286886851614851933E-16, 1.000000000000000000, 0.000000000000000000 ) ) ;
#2449 = ORIENTED_EDGE ( 'NONE', *, *, #3852, .T. ) ;
#2450 = CARTESIAN_POINT ( 'NONE',  ( -1.975000000000000089, 5.029999999999999361, -2.604999999999999982 ) ) ;
#2451 = MECHANICAL_DESIGN_GEOMETRIC_PRESENTATION_REPRESENTATION (  '', ( #2405 ), #3283 ) ;
#2452 = PLANE ( 'NONE',  #269 ) ;
#2453 = ORIENTED_EDGE ( 'NONE', *, *, #827, .T. ) ;
#2454 = CARTESIAN_POINT ( 'NONE',  ( 3.174999999999999822, 3.079999999999949889, 1.687500000000000000 ) ) ;
#2455 = AXIS2_PLACEMENT_3D ( 'NONE', #1297, #800, #2313 ) ;
#2456 = CARTESIAN_POINT ( 'NONE',  ( -3.660000000000000142, 2.954999999999950333, 0.8524999999999999245 ) ) ;
#2457 = ORIENTED_EDGE ( 'NONE', *, *, #3817, .F. ) ;
#2458 = DIRECTION ( 'NONE',  ( -4.504103980651980163E-16, -1.000000000000000000, 0.000000000000000000 ) ) ;
#2459 = DIRECTION ( 'NONE',  ( 0.000000000000000000, 0.000000000000000000, -1.000000000000000000 ) ) ;
#2460 = PLANE ( 'NONE',  #2158 ) ;
#2461 = VERTEX_POINT ( 'NONE', #3158 ) ;
#2462 = AXIS2_PLACEMENT_3D ( 'NONE', #3553, #3068, #215 ) ;
#2463 =( LENGTH_UNIT ( ) NAMED_UNIT ( * ) SI_UNIT ( .MILLI., .METRE. ) );
#2464 = ADVANCED_FACE ( 'NONE', ( #2735 ), #3756, .F. ) ;
#2465 = PLANE ( 'NONE',  #1406 ) ;
#2466 = DIRECTION ( 'NONE',  ( 1.000000000000000000, 0.000000000000000000, 0.000000000000000000 ) ) ;
#2467 = EDGE_LOOP ( 'NONE', ( #2687, #3223, #2701, #1441 ) ) ;
#2468 = EDGE_CURVE ( 'NONE', #3280, #1128, #2703, .T. ) ;
#2469 = ORIENTED_EDGE ( 'NONE', *, *, #3714, .T. ) ;
#2470 = DIRECTION ( 'NONE',  ( -4.504103980651980163E-16, -1.000000000000000000, 0.000000000000000000 ) ) ;
#2471 = CARTESIAN_POINT ( 'NONE',  ( 2.844827379861794903, 5.587910037324019363, 3.924827379861795418 ) ) ;
#2472 = ORIENTED_EDGE ( 'NONE', *, *, #1715, .T. ) ;
#2473 = DIRECTION ( 'NONE',  ( 0.1305261922200534608, -0.9914448613738102711, -2.598010084836510915E-16 ) ) ;
#2474 = ORIENTED_EDGE ( 'NONE', *, *, #2985, .T. ) ;
#2475 = EDGE_CURVE ( 'NONE', #3071, #2938, #1474, .T. ) ;
#2476 = EDGE_CURVE ( 'NONE', #121, #3048, #2747, .T. ) ;
#2477 = CARTESIAN_POINT ( 'NONE',  ( -3.660000000000000142, 2.929999999999949978, -1.687500000000000000 ) ) ;
#2478 = ORIENTED_EDGE ( 'NONE', *, *, #2342, .T. ) ;
#2479 = DIRECTION ( 'NONE',  ( -3.450343825608533786E-16, 0.7660444431189817882, -0.6427876096865349220 ) ) ;
#2480 = FACE_OUTER_BOUND ( 'NONE', #3793, .T. ) ;
#2481 = DIRECTION ( 'NONE',  ( 0.000000000000000000, 0.000000000000000000, -1.000000000000000000 ) ) ;
#2482 = CARTESIAN_POINT ( 'NONE',  ( 3.174999999999999822, 3.079999999999949889, 3.392500000000000071 ) ) ;
#2483 = CARTESIAN_POINT ( 'NONE',  ( 3.935000000000000053, 2.929999999999949978, 1.687500000000000000 ) ) ;
#2484 = VERTEX_POINT ( 'NONE', #2659 ) ;
#2485 = AXIS2_PLACEMENT_3D ( 'NONE', #3829, #1379, #1793 ) ;
#2486 = EDGE_LOOP ( 'NONE', ( #413, #1513, #3100, #411, #3070, #1773, #63, #463, #1728 ) ) ;
#2487 = FACE_OUTER_BOUND ( 'NONE', #149, .T. ) ;
#2488 = CARTESIAN_POINT ( 'NONE',  ( 3.660000000000000142, 2.929999999999949978, 1.687500000000000000 ) ) ;
#2489 = CARTESIAN_POINT ( 'NONE',  ( -3.685000000000000053, -3.810000000000000053, -0.1771019057874599900 ) ) ;
#2490 = VERTEX_POINT ( 'NONE', #1059 ) ;
#2491 = ORIENTED_EDGE ( 'NONE', *, *, #76, .T. ) ;
#2492 = AXIS2_PLACEMENT_3D ( 'NONE', #2548, #3188, #2852 ) ;
#2493 = DIRECTION ( 'NONE',  ( 0.000000000000000000, 0.000000000000000000, 1.000000000000000000 ) ) ;
#2494 = CARTESIAN_POINT ( 'NONE',  ( -3.935000000000000053, 2.842264008540690057, 1.350075533289035956 ) ) ;
#2495 = FACE_OUTER_BOUND ( 'NONE', #1429, .T. ) ;
#2496 = DIRECTION ( 'NONE',  ( -3.372194610909714747E-32, 0.000000000000000000, -1.000000000000000000 ) ) ;
#2497 = ADVANCED_FACE ( 'NONE', ( #1387 ), #589, .F. ) ;
#2498 = VERTEX_POINT ( 'NONE', #1512 ) ;
#2499 = CARTESIAN_POINT ( 'NONE',  ( 3.935000000000000053, 3.204999999999954774, -1.992499999999999938 ) ) ;
#2500 = ORIENTED_EDGE ( 'NONE', *, *, #1481, .T. ) ;
#2501 = ADVANCED_FACE ( 'NONE', ( #2720 ), #1300, .F. ) ;
#2502 = PLANE ( 'NONE',  #2366 ) ;
#2503 = VECTOR ( 'NONE', #3155, 1000.000000000000000 ) ;
#2504 = DIRECTION ( 'NONE',  ( 1.286886851614851933E-16, -1.000000000000000000, 0.000000000000000000 ) ) ;
#2505 = VERTEX_POINT ( 'NONE', #3452 ) ;
#2506 =( LENGTH_UNIT ( ) NAMED_UNIT ( * ) SI_UNIT ( .MILLI., .METRE. ) );
#2507 = ORIENTED_EDGE ( 'NONE', *, *, #1740, .F. ) ;
#2508 = EDGE_CURVE ( 'NONE', #3956, #824, #2691, .T. ) ;
#2509 = VECTOR ( 'NONE', #3728, 1000.000000000000000 ) ;
#2510 = CARTESIAN_POINT ( 'NONE',  ( 3.685000000000000053, 2.929999999999954863, -1.992499999999999938 ) ) ;
#2511 = CARTESIAN_POINT ( 'NONE',  ( 3.685000000000000053, -3.810000000000000053, -2.637500000000000178 ) ) ;
#2512 = CARTESIAN_POINT ( 'NONE',  ( -3.935000000000000053, 2.929999999999949978, -3.392500000000000071 ) ) ;
#2513 = ORIENTED_EDGE ( 'NONE', *, *, #2139, .F. ) ;
#2514 = VERTEX_POINT ( 'NONE', #2530 ) ;
#2515 = VECTOR ( 'NONE', #1170, 1000.000000000000000 ) ;
#2516 = EDGE_CURVE ( 'NONE', #2945, #1106, #60, .T. ) ;
#2517 = DIRECTION ( 'NONE',  ( 0.000000000000000000, 0.000000000000000000, 1.000000000000000000 ) ) ;
#2518 = CARTESIAN_POINT ( 'NONE',  ( -3.158543437801574871, 3.204999999999949889, 1.687500000000000000 ) ) ;
#2519 = CARTESIAN_POINT ( 'NONE',  ( 3.935000000000000053, 3.204999999999954774, 1.992499999999999938 ) ) ;
#2520 = ORIENTED_EDGE ( 'NONE', *, *, #1734, .T. ) ;
#2521 = EDGE_LOOP ( 'NONE', ( #847, #2125, #2577, #728 ) ) ;
#2522 = CARTESIAN_POINT ( 'NONE',  ( 3.935000000000000053, -3.810000000000000053, -1.687500000000000000 ) ) ;
#2523 = VECTOR ( 'NONE', #1978, 1000.000000000000000 ) ;
#2524 = DIRECTION ( 'NONE',  ( -1.000000000000000000, 0.000000000000000000, 0.000000000000000000 ) ) ;
#2525 = EDGE_CURVE ( 'NONE', #2951, #330, #2808, .T. ) ;
#2526 = ORIENTED_EDGE ( 'NONE', *, *, #1262, .F. ) ;
#2527 = CARTESIAN_POINT ( 'NONE',  ( 3.935000000000000053, 1.373751714098847875E-15, 1.687500000000000000 ) ) ;
#2528 = VERTEX_POINT ( 'NONE', #316 ) ;
#2529 = CARTESIAN_POINT ( 'NONE',  ( 3.685000000000000053, -3.510000000000000231, -2.637500000000000178 ) ) ;
#2530 = CARTESIAN_POINT ( 'NONE',  ( 3.685000000000000053, -3.810000000000000053, -0.1771019057874599900 ) ) ;
#2531 = VERTEX_POINT ( 'NONE', #2579 ) ;
#2532 = DIRECTION ( 'NONE',  ( 1.000000000000000000, 0.000000000000000000, 0.000000000000000000 ) ) ;
#2533 = ADVANCED_FACE ( 'NONE', ( #1483 ), #3525, .F. ) ;
#2534 = AXIS2_PLACEMENT_3D ( 'NONE', #872, #846, #2363 ) ;
#2535 = CARTESIAN_POINT ( 'NONE',  ( -3.935000000000000053, 2.929999999999949978, 0.8524999999999999245 ) ) ;
#2536 = AXIS2_PLACEMENT_3D ( 'NONE', #3691, #3770, #154 ) ;
#2537 = DIRECTION ( 'NONE',  ( -0.000000000000000000, 0.1305261922200484093, 0.9914448613738108262 ) ) ;
#2538 = EDGE_LOOP ( 'NONE', ( #115, #2758, #1430, #66 ) ) ;
#2539 = ORIENTED_EDGE ( 'NONE', *, *, #3375, .T. ) ;
#2540 = CARTESIAN_POINT ( 'NONE',  ( 3.660000000000000142, 2.954999999999950333, -0.8524999999999999245 ) ) ;
#2541 = VECTOR ( 'NONE', #733, 1000.000000000000000 ) ;
#2542 = CARTESIAN_POINT ( 'NONE',  ( -3.935000000000000053, 2.929999999999949978, -2.177500000000000213 ) ) ;
#2543 =( LENGTH_UNIT ( ) NAMED_UNIT ( * ) SI_UNIT ( .MILLI., .METRE. ) );
#2544 = ORIENTED_EDGE ( 'NONE', *, *, #2883, .F. ) ;
#2545 = DIRECTION ( 'NONE',  ( 1.000000000000000000, 0.000000000000000000, 0.000000000000000000 ) ) ;
#2546 = DIRECTION ( 'NONE',  ( 0.000000000000000000, 1.000000000000000000, 0.000000000000000000 ) ) ;
#2547 = LINE ( 'NONE', #2542, #2589 ) ;
#2548 = CARTESIAN_POINT ( 'NONE',  ( 3.660000000000000142, 2.929999999999949978, 0.8524999999999999245 ) ) ;
#2549 = CARTESIAN_POINT ( 'NONE',  ( 3.935000000000000053, 9.885896037421198999E-16, 0.8524999999999999245 ) ) ;
#2550 = ORIENTED_EDGE ( 'NONE', *, *, #2088, .T. ) ;
#2551 = ORIENTED_EDGE ( 'NONE', *, *, #2177, .F. ) ;
#2552 = AXIS2_PLACEMENT_3D ( 'NONE', #1703, #3417, #3721 ) ;
#2553 = CARTESIAN_POINT ( 'NONE',  ( 3.685000000000000053, -0.7418666113899029524, -0.2300000000000000100 ) ) ;
#2554 = ORIENTED_EDGE ( 'NONE', *, *, #644, .T. ) ;
#2555 = FACE_OUTER_BOUND ( 'NONE', #2563, .T. ) ;
#2556 = ORIENTED_EDGE ( 'NONE', *, *, #28, .T. ) ;
#2557 = DIRECTION ( 'NONE',  ( 0.000000000000000000, 0.000000000000000000, -1.000000000000000000 ) ) ;
#2558 = ORIENTED_EDGE ( 'NONE', *, *, #2254, .T. ) ;
#2559 = DIRECTION ( 'NONE',  ( 0.000000000000000000, 0.000000000000000000, 1.000000000000000000 ) ) ;
#2560 = EDGE_CURVE ( 'NONE', #757, #1547, #54, .T. ) ;
#2561 = DIRECTION ( 'NONE',  ( -2.234655566464512277E-17, 0.1736481776669295263, -0.9848077530122082424 ) ) ;
#2562 = FILL_AREA_STYLE ('',( #3512 ) ) ;
#2563 = EDGE_LOOP ( 'NONE', ( #396, #441, #3044, #1732 ) ) ;
#2564 = VERTEX_POINT ( 'NONE', #1443 ) ;
#2565 = ORIENTED_EDGE ( 'NONE', *, *, #914, .F. ) ;
#2566 = EDGE_CURVE ( 'NONE', #3089, #1116, #1417, .T. ) ;
#2567 = VECTOR ( 'NONE', #3079, 1000.000000000000000 ) ;
#2568 = EDGE_CURVE ( 'NONE', #3063, #2461, #111, .T. ) ;
#2569 = ORIENTED_EDGE ( 'NONE', *, *, #3412, .T. ) ;
#2570 = ORIENTED_EDGE ( 'NONE', *, *, #1230, .T. ) ;
#2571 = EDGE_CURVE ( 'NONE', #1142, #285, #2682, .T. ) ;
#2572 = CARTESIAN_POINT ( 'NONE',  ( 3.158543437801574871, 2.954999999999950333, 3.392500000000000071 ) ) ;
#2573 = DIRECTION ( 'NONE',  ( 1.000000000000000000, -4.504103980651980163E-16, 0.000000000000000000 ) ) ;
#2574 = LINE ( 'NONE', #1967, #1216 ) ;
#2575 = CARTESIAN_POINT ( 'NONE',  ( -2.973571678691285136, 1.550000000000000044, 4.053571678691284319 ) ) ;
#2576 = ORIENTED_EDGE ( 'NONE', *, *, #1588, .T. ) ;
#2577 = ORIENTED_EDGE ( 'NONE', *, *, #289, .F. ) ;
#2578 = AXIS2_PLACEMENT_3D ( 'NONE', #1217, #3679, #1031 ) ;
#2579 = CARTESIAN_POINT ( 'NONE',  ( 3.158543437801574871, 3.204999999999949889, -3.392500000000000071 ) ) ;
#2580 = ORIENTED_EDGE ( 'NONE', *, *, #3700, .F. ) ;
#2581 = DIRECTION ( 'NONE',  ( -1.267336148719775932E-16, 0.9848077530122082424, 0.1736481776669295263 ) ) ;
#2582 = VECTOR ( 'NONE', #877, 1000.000000000000227 ) ;
#2583 = ORIENTED_EDGE ( 'NONE', *, *, #251, .T. ) ;
#2584 = CARTESIAN_POINT ( 'NONE',  ( -3.685000000000000053, -2.652732109871374977, -3.439619200245035202 ) ) ;
#2585 = VERTEX_POINT ( 'NONE', #786 ) ;
#2586 = AXIS2_PLACEMENT_3D ( 'NONE', #907, #444, #419 ) ;
#2587 = ORIENTED_EDGE ( 'NONE', *, *, #2974, .T. ) ;
#2588 = AXIS2_PLACEMENT_3D ( 'NONE', #3370, #2496, #10 ) ;
#2589 = VECTOR ( 'NONE', #1017, 1000.000000000000000 ) ;
#2590 = CARTESIAN_POINT ( 'NONE',  ( -3.174999999999999822, 3.080000000000039595, 4.254999999999999893 ) ) ;
#2591 = ORIENTED_EDGE ( 'NONE', *, *, #1314, .F. ) ;
#2592 = ORIENTED_EDGE ( 'NONE', *, *, #918, .F. ) ;
#2593 = VERTEX_POINT ( 'NONE', #1662 ) ;
#2594 = AXIS2_PLACEMENT_3D ( 'NONE', #998, #1914, #2215 ) ;
#2595 = DIRECTION ( 'NONE',  ( -0.000000000000000000, 1.000000000000000000, 0.000000000000000000 ) ) ;
#2596 = ORIENTED_EDGE ( 'NONE', *, *, #2392, .F. ) ;
#2597 = CARTESIAN_POINT ( 'NONE',  ( -3.660000000000000142, 3.204999999999949889, 1.687500000000000000 ) ) ;
#2598 = EDGE_LOOP ( 'NONE', ( #1439, #1691, #3077, #2850 ) ) ;
#2599 = ORIENTED_EDGE ( 'NONE', *, *, #2920, .T. ) ;
#2600 = DIRECTION ( 'NONE',  ( 0.000000000000000000, 0.000000000000000000, 1.000000000000000000 ) ) ;
#2601 = AXIS2_PLACEMENT_3D ( 'NONE', #1025, #716, #3186 ) ;
#2602 = CARTESIAN_POINT ( 'NONE',  ( 3.935000000000000053, 9.400708451046461017E-16, -0.8524999999999999245 ) ) ;
#2603 = DIRECTION ( 'NONE',  ( 0.000000000000000000, 0.000000000000000000, -1.000000000000000000 ) ) ;
#2604 = ORIENTED_EDGE ( 'NONE', *, *, #1190, .F. ) ;
#2605 = ORIENTED_EDGE ( 'NONE', *, *, #1393, .T. ) ;
#2606 = ORIENTED_EDGE ( 'NONE', *, *, #152, .F. ) ;
#2607 = CARTESIAN_POINT ( 'NONE',  ( -3.935000000000000053, 2.087499999999970157, -2.530000000000000249 ) ) ;
#2608 = VECTOR ( 'NONE', #349, 1000.000000000000000 ) ;
#2609 = EDGE_CURVE ( 'NONE', #107, #2899, #1437, .T. ) ;
#2610 = VERTEX_POINT ( 'NONE', #2250 ) ;
#2611 = DIRECTION ( 'NONE',  ( -0.000000000000000000, 1.000000000000000000, 0.000000000000000000 ) ) ;
#2612 = ORIENTED_EDGE ( 'NONE', *, *, #20, .F. ) ;
#2613 = DIRECTION ( 'NONE',  ( 0.9914448613738102711, -0.1305261922200534608, 0.000000000000000000 ) ) ;
#2614 = VECTOR ( 'NONE', #2845, 1000.000000000000000 ) ;
#2615 = DIRECTION ( 'NONE',  ( -1.000000000000000000, 0.000000000000000000, 0.000000000000000000 ) ) ;
#2616 = ORIENTED_EDGE ( 'NONE', *, *, #81, .T. ) ;
#2617 = EDGE_CURVE ( 'NONE', #330, #390, #1425, .T. ) ;
#2618 = ORIENTED_EDGE ( 'NONE', *, *, #3116, .T. ) ;
#2619 = EDGE_CURVE ( 'NONE', #1547, #226, #1446, .T. ) ;
#2620 = CARTESIAN_POINT ( 'NONE',  ( 3.935000000000000053, -3.510000000000000231, 2.637500000000000178 ) ) ;
#2621 = CIRCLE ( 'NONE', #3480, 0.2750000000000000777 ) ;
#2622 = EDGE_LOOP ( 'NONE', ( #1545, #372, #1585, #2596 ) ) ;
#2623 = DIRECTION ( 'NONE',  ( 0.000000000000000000, 0.000000000000000000, -1.000000000000000000 ) ) ;
#2624 = ORIENTED_EDGE ( 'NONE', *, *, #1990, .F. ) ;
#2625 = CARTESIAN_POINT ( 'NONE',  ( -3.660000000000000142, 2.954999999999950333, 0.8524999999999999245 ) ) ;
#2626 = ORIENTED_EDGE ( 'NONE', *, *, #2087, .T. ) ;
#2627 = CARTESIAN_POINT ( 'NONE',  ( -3.935000000000000053, -3.810000000000000053, -0.1771019057874599900 ) ) ;
#2628 = COLOUR_RGB ( '',0.7921568627450980005, 0.8196078431372548767, 0.9333333333333333481 ) ;
#2629 = CARTESIAN_POINT ( 'NONE',  ( 3.174999999999999822, 3.079999999999949889, -3.392500000000000071 ) ) ;
#2630 = EDGE_CURVE ( 'NONE', #1737, #2498, #2764, .T. ) ;
#2631 = CARTESIAN_POINT ( 'NONE',  ( 3.935000000000000053, -0.7418666113899029524, -0.2300000000000000100 ) ) ;
#2632 = ADVANCED_FACE ( 'NONE', ( #125 ), #1360, .F. ) ;
#2633 = ORIENTED_EDGE ( 'NONE', *, *, #3542, .F. ) ;
#2634 = ORIENTED_EDGE ( 'NONE', *, *, #1269, .F. ) ;
#2635 = ORIENTED_EDGE ( 'NONE', *, *, #2302, .F. ) ;
#2636 = ADVANCED_FACE ( 'NONE', ( #2798 ), #3536, .T. ) ;
#2637 = DIRECTION ( 'NONE',  ( 0.1305261922200499358, 0.9914448613738106042, 0.000000000000000000 ) ) ;
#2638 = VERTEX_POINT ( 'NONE', #3444 ) ;
#2639 = DIRECTION ( 'NONE',  ( -4.504103980651980163E-16, -1.000000000000000000, 0.000000000000000000 ) ) ;
#2640 = ORIENTED_EDGE ( 'NONE', *, *, #76, .F. ) ;
#2641 = ORIENTED_EDGE ( 'NONE', *, *, #2336, .T. ) ;
#2642 = DIRECTION ( 'NONE',  ( 1.000000000000000000, 1.286886851614849961E-16, 0.000000000000000000 ) ) ;
#2643 = ORIENTED_EDGE ( 'NONE', *, *, #1791, .F. ) ;
#2644 = ORIENTED_EDGE ( 'NONE', *, *, #2146, .T. ) ;
#2645 =( GEOMETRIC_REPRESENTATION_CONTEXT ( 3 ) GLOBAL_UNCERTAINTY_ASSIGNED_CONTEXT ( ( #1363 ) ) GLOBAL_UNIT_ASSIGNED_CONTEXT ( ( #2543, #2874, #761 ) ) REPRESENTATION_CONTEXT ( 'NONE', 'WORKASPACE' ) );
#2646 = VECTOR ( 'NONE', #1932, 1000.000000000000000 ) ;
#2647 = EDGE_LOOP ( 'NONE', ( #3117, #1428, #2723, #1465 ) ) ;
#2648 = DIRECTION ( 'NONE',  ( 4.435676520519220815E-16, -0.9848077530122082424, -0.1736481776669295263 ) ) ;
#2649 = ORIENTED_EDGE ( 'NONE', *, *, #790, .F. ) ;
#2650 = CARTESIAN_POINT ( 'NONE',  ( 3.174999999999999822, 3.079999999999949889, -3.392500000000000071 ) ) ;
#2651 = AXIS2_PLACEMENT_3D ( 'NONE', #1469, #1432, #1503 ) ;
#2652 = VECTOR ( 'NONE', #3729, 1000.000000000000000 ) ;
#2653 = CARTESIAN_POINT ( 'NONE',  ( -3.685000000000000053, -0.7418666113899040626, 0.2300000000000000100 ) ) ;
#2654 = PLANE ( 'NONE',  #2188 ) ;
#2655 = ORIENTED_EDGE ( 'NONE', *, *, #2094, .F. ) ;
#2656 = ORIENTED_EDGE ( 'NONE', *, *, #914, .T. ) ;
#2657 = EDGE_CURVE ( 'NONE', #3496, #242, #2775, .T. ) ;
#2658 = DIRECTION ( 'NONE',  ( -4.504103980651980163E-16, -1.000000000000000000, 0.000000000000000000 ) ) ;
#2659 = CARTESIAN_POINT ( 'NONE',  ( -3.685000000000000053, -4.053693582587080015E-17, -0.8524999999999999245 ) ) ;
#2660 = LINE ( 'NONE', #2216, #3840 ) ;
#2661 = ADVANCED_FACE ( 'NONE', ( #1463 ), #1676, .F. ) ;
#2662 = VERTEX_POINT ( 'NONE', #1054 ) ;
#2663 = CARTESIAN_POINT ( 'NONE',  ( 3.660000000000000142, 2.954999999999950333, 3.392500000000000071 ) ) ;
#2664 = ORIENTED_EDGE ( 'NONE', *, *, #1923, .T. ) ;
#2665 = ADVANCED_FACE ( 'NONE', ( #2780 ), #1508, .F. ) ;
#2666 = EDGE_CURVE ( 'NONE', #12, #78, #43, .T. ) ;
#2667 = FACE_OUTER_BOUND ( 'NONE', #237, .T. ) ;
#2668 = PLANE ( 'NONE',  #2020 ) ;
#2669 = CARTESIAN_POINT ( 'NONE',  ( -3.935000000000000053, 2.929999999999949978, 0.8524999999999999245 ) ) ;
#2670 = ORIENTED_EDGE ( 'NONE', *, *, #399, .T. ) ;
#2671 = ORIENTED_EDGE ( 'NONE', *, *, #3203, .T. ) ;
#2672 = EDGE_CURVE ( 'NONE', #2084, #78, #175, .T. ) ;
#2673 = ORIENTED_EDGE ( 'NONE', *, *, #3706, .F. ) ;
#2674 = CARTESIAN_POINT ( 'NONE',  ( 3.935000000000000053, -0.7418666113899040626, 2.637500000000000178 ) ) ;
#2675 = LINE ( 'NONE', #670, #2742 ) ;
#2676 = ORIENTED_EDGE ( 'NONE', *, *, #1759, .F. ) ;
#2677 = ORIENTED_EDGE ( 'NONE', *, *, #206, .F. ) ;
#2678 = CARTESIAN_POINT ( 'NONE',  ( -3.935000000000000053, 2.040027580557220332, 0.3400697488929479984 ) ) ;
#2679 = VERTEX_POINT ( 'NONE', #2941 ) ;
#2680 = AXIS2_PLACEMENT_3D ( 'NONE', #1028, #354, #995 ) ;
#2681 = DIRECTION ( 'NONE',  ( 2.016153594338775066E-32, -1.566690647129389750E-16, -1.000000000000000000 ) ) ;
#2682 = LINE ( 'NONE', #1694, #77 ) ;
#2683 = DIRECTION ( 'NONE',  ( 0.000000000000000000, 0.000000000000000000, -1.000000000000000000 ) ) ;
#2684 = DIRECTION ( 'NONE',  ( -0.000000000000000000, 1.000000000000000000, 0.000000000000000000 ) ) ;
#2685 = ORIENTED_EDGE ( 'NONE', *, *, #2396, .F. ) ;
#2686 = VERTEX_POINT ( 'NONE', #3522 ) ;
#2687 = ORIENTED_EDGE ( 'NONE', *, *, #2818, .F. ) ;
#2688 =( GEOMETRIC_REPRESENTATION_CONTEXT ( 3 ) GLOBAL_UNCERTAINTY_ASSIGNED_CONTEXT ( ( #2351 ) ) GLOBAL_UNIT_ASSIGNED_CONTEXT ( ( #3335, #2741, #3611 ) ) REPRESENTATION_CONTEXT ( 'NONE', 'WORKASPACE' ) );
#2689 = CARTESIAN_POINT ( 'NONE',  ( 3.685000000000000053, -3.810000000000000053, -0.8524999999999999245 ) ) ;
#2690 = DIRECTION ( 'NONE',  ( 0.000000000000000000, 0.000000000000000000, 1.000000000000000000 ) ) ;
#2691 = LINE ( 'NONE', #724, #1499 ) ;
#2692 = EDGE_LOOP ( 'NONE', ( #658, #2644, #3854, #2166 ) ) ;
#2693 = EDGE_LOOP ( 'NONE', ( #1280, #3936, #1650, #2863 ) ) ;
#2694 = ORIENTED_EDGE ( 'NONE', *, *, #2444, .T. ) ;
#2695 = AXIS2_PLACEMENT_3D ( 'NONE', #2669, #942, #292 ) ;
#2696 = LINE ( 'NONE', #393, #19 ) ;
#2697 = CARTESIAN_POINT ( 'NONE',  ( 3.685000000000000053, -3.810000000000000053, 3.392500000000000071 ) ) ;
#2698 = DIRECTION ( 'NONE',  ( 0.000000000000000000, 0.000000000000000000, -1.000000000000000000 ) ) ;
#2699 = ADVANCED_FACE ( 'NONE', ( #213 ), #3724, .F. ) ;
#2700 = ORIENTED_EDGE ( 'NONE', *, *, #3577, .F. ) ;
#2701 = ORIENTED_EDGE ( 'NONE', *, *, #3402, .T. ) ;
#2702 = CARTESIAN_POINT ( 'NONE',  ( 3.935000000000000053, 1.550000000000000044, 1.992499999999999938 ) ) ;
#2703 = LINE ( 'NONE', #2283, #1412 ) ;
#2704 = EDGE_CURVE ( 'NONE', #1337, #1615, #2902, .T. ) ;
#2705 = EDGE_LOOP ( 'NONE', ( #2931, #2905, #3043, #468 ) ) ;
#2706 = ORIENTED_EDGE ( 'NONE', *, *, #28, .F. ) ;
#2707 = DIRECTION ( 'NONE',  ( 4.504103980651980163E-16, 1.000000000000000000, 1.566690647129389750E-16 ) ) ;
#2708 = VECTOR ( 'NONE', #2459, 1000.000000000000000 ) ;
#2709 = CARTESIAN_POINT ( 'NONE',  ( 3.935000000000000053, -0.7418666113899040626, 2.637500000000000178 ) ) ;
#2710 = SURFACE_SIDE_STYLE ('',( #785 ) ) ;
#2711 = VERTEX_POINT ( 'NONE', #2284 ) ;
#2712 = EDGE_CURVE ( 'NONE', #2810, #450, #2943, .T. ) ;
#2713 = VERTEX_POINT ( 'NONE', #62 ) ;
#2714 = DIRECTION ( 'NONE',  ( -9.179150617533549474E-17, 0.7132834255020230607, -0.7008757057453910422 ) ) ;
#2715 = VECTOR ( 'NONE', #1959, 1000.000000000000000 ) ;
#2716 = ORIENTED_EDGE ( 'NONE', *, *, #1138, .T. ) ;
#2717 = PLANE ( 'NONE',  #220 ) ;
#2718 = ORIENTED_EDGE ( 'NONE', *, *, #1734, .F. ) ;
#2719 = EDGE_CURVE ( 'NONE', #1964, #1345, #1528, .T. ) ;
#2720 = FACE_OUTER_BOUND ( 'NONE', #2389, .T. ) ;
#2721 =( NAMED_UNIT ( * ) SI_UNIT ( $, .STERADIAN. ) SOLID_ANGLE_UNIT ( ) );
#2722 = DIRECTION ( 'NONE',  ( 4.504103980651980163E-16, 1.000000000000000000, -2.620428211445405372E-16 ) ) ;
#2723 = ORIENTED_EDGE ( 'NONE', *, *, #2560, .F. ) ;
#2724 = ORIENTED_EDGE ( 'NONE', *, *, #1003, .F. ) ;
#2725 = DIRECTION ( 'NONE',  ( -8.271949232865407059E-17, 0.6427876096865348110, -0.7660444431189817882 ) ) ;
#2726 = VECTOR ( 'NONE', #2288, 999.9999999999998863 ) ;
#2727 = AXIS2_PLACEMENT_3D ( 'NONE', #3299, #2603, #2311 ) ;
#2728 = EDGE_LOOP ( 'NONE', ( #1223, #3861, #2618, #2605 ) ) ;
#2729 = ORIENTED_EDGE ( 'NONE', *, *, #1785, .F. ) ;
#2730 = AXIS2_PLACEMENT_3D ( 'NONE', #2949, #1411, #3251 ) ;
#2731 = DIRECTION ( 'NONE',  ( 4.504103980651980163E-16, -1.000000000000000000, -2.620428211445405372E-16 ) ) ;
#2732 = ORIENTED_EDGE ( 'NONE', *, *, #298, .F. ) ;
#2733 =( NAMED_UNIT ( * ) SI_UNIT ( $, .STERADIAN. ) SOLID_ANGLE_UNIT ( ) );
#2734 = VERTEX_POINT ( 'NONE', #482 ) ;
#2735 = FACE_OUTER_BOUND ( 'NONE', #426, .T. ) ;
#2736 = CARTESIAN_POINT ( 'NONE',  ( 3.158543437801574871, 2.954999999999950333, 0.8524999999999999245 ) ) ;
#2737 = VERTEX_POINT ( 'NONE', #821 ) ;
#2738 = ORIENTED_EDGE ( 'NONE', *, *, #542, .T. ) ;
#2739 = AXIS2_PLACEMENT_3D ( 'NONE', #2488, #2517, #56 ) ;
#2740 = DIRECTION ( 'NONE',  ( 0.000000000000000000, -1.000000000000000000, 0.000000000000000000 ) ) ;
#2741 =( NAMED_UNIT ( * ) PLANE_ANGLE_UNIT ( ) SI_UNIT ( $, .RADIAN. ) );
#2742 = VECTOR ( 'NONE', #956, 1000.000000000000000 ) ;
#2743 = ORIENTED_EDGE ( 'NONE', *, *, #2560, .T. ) ;
#2744 = DIRECTION ( 'NONE',  ( 0.000000000000000000, 0.000000000000000000, 1.000000000000000000 ) ) ;
#2745 = ORIENTED_EDGE ( 'NONE', *, *, #3844, .T. ) ;
#2746 = AXIS2_PLACEMENT_3D ( 'NONE', #2773, #24, #367 ) ;
#2747 = LINE ( 'NONE', #2880, #2726 ) ;
#2748 = CARTESIAN_POINT ( 'NONE',  ( 3.158543437801574871, 3.204999999999949889, 0.8524999999999999245 ) ) ;
#2749 = PLANE ( 'NONE',  #3434 ) ;
#2750 = CARTESIAN_POINT ( 'NONE',  ( -3.685000000000000053, -3.810000000000000053, -3.392500000000000071 ) ) ;
#2751 = ORIENTED_EDGE ( 'NONE', *, *, #3768, .F. ) ;
#2752 = VERTEX_POINT ( 'NONE', #740 ) ;
#2753 = ORIENTED_EDGE ( 'NONE', *, *, #1099, .T. ) ;
#2754 = EDGE_CURVE ( 'NONE', #3139, #155, #2911, .T. ) ;
#2755 = ADVANCED_FACE ( 'NONE', ( #322 ), #1027, .T. ) ;
#2756 = LINE ( 'NONE', #3740, #2708 ) ;
#2757 = VERTEX_POINT ( 'NONE', #2629 ) ;
#2758 = ORIENTED_EDGE ( 'NONE', *, *, #2099, .T. ) ;
#2759 = DIRECTION ( 'NONE',  ( 1.000000000000000000, 0.000000000000000000, 0.000000000000000000 ) ) ;
#2760 = ORIENTED_EDGE ( 'NONE', *, *, #526, .F. ) ;
#2761 = VERTEX_POINT ( 'NONE', #407 ) ;
#2762 = ORIENTED_EDGE ( 'NONE', *, *, #321, .T. ) ;
#2763 = EDGE_CURVE ( 'NONE', #1615, #2844, #2824, .T. ) ;
#2764 = LINE ( 'NONE', #2080, #143 ) ;
#2765 = DIRECTION ( 'NONE',  ( -1.000000000000000000, 0.000000000000000000, 3.372194610909714747E-32 ) ) ;
#2766 = PLANE ( 'NONE',  #1290 ) ;
#2767 = ORIENTED_EDGE ( 'NONE', *, *, #3314, .F. ) ;
#2768 = ORIENTED_EDGE ( 'NONE', *, *, #691, .T. ) ;
#2769 = EDGE_CURVE ( 'NONE', #3715, #1531, #2884, .T. ) ;
#2770 = ORIENTED_EDGE ( 'NONE', *, *, #2774, .T. ) ;
#2771 = ORIENTED_EDGE ( 'NONE', *, *, #2672, .F. ) ;
#2772 = DIRECTION ( 'NONE',  ( 0.000000000000000000, 0.000000000000000000, 1.000000000000000000 ) ) ;
#2773 = CARTESIAN_POINT ( 'NONE',  ( -3.660000000000000142, 2.929999999999949978, -0.8524999999999999245 ) ) ;
#2774 = EDGE_CURVE ( 'NONE', #509, #1533, #233, .T. ) ;
#2775 = LINE ( 'NONE', #796, #135 ) ;
#2776 = ORIENTED_EDGE ( 'NONE', *, *, #3146, .F. ) ;
#2777 = ORIENTED_EDGE ( 'NONE', *, *, #3032, .T. ) ;
#2778 = ORIENTED_EDGE ( 'NONE', *, *, #360, .T. ) ;
#2779 = ORIENTED_EDGE ( 'NONE', *, *, #2630, .T. ) ;
#2780 = FACE_OUTER_BOUND ( 'NONE', #1882, .T. ) ;
#2781 = SURFACE_STYLE_USAGE ( .BOTH. , #3669 ) ;
#2782 = DIRECTION ( 'NONE',  ( 3.372194610909714747E-32, -2.620428211445405372E-16, 1.000000000000000000 ) ) ;
#2783 = ORIENTED_EDGE ( 'NONE', *, *, #1145, .T. ) ;
#2784 = VERTEX_POINT ( 'NONE', #2060 ) ;
#2785 = VERTEX_POINT ( 'NONE', #1744 ) ;
#2786 = VERTEX_POINT ( 'NONE', #2333 ) ;
#2787 = DIRECTION ( 'NONE',  ( -0.1305261922200534608, -0.9914448613738102711, 0.000000000000000000 ) ) ;
#2788 = AXIS2_PLACEMENT_3D ( 'NONE', #1126, #1435, #3243 ) ;
#2789 = CARTESIAN_POINT ( 'NONE',  ( 3.685000000000000053, -2.652732109871374977, 3.439619200245035202 ) ) ;
#2790 = ORIENTED_EDGE ( 'NONE', *, *, #1666, .F. ) ;
#2791 = CARTESIAN_POINT ( 'NONE',  ( -3.174999999999999822, 3.080000000000039595, 4.254999999999999893 ) ) ;
#2792 = ORIENTED_EDGE ( 'NONE', *, *, #742, .F. ) ;
#2793 = VERTEX_POINT ( 'NONE', #2968 ) ;
#2794 = CARTESIAN_POINT ( 'NONE',  ( 3.935000000000000053, -3.510000000000000231, -0.2300000000000000100 ) ) ;
#2795 = ORIENTED_EDGE ( 'NONE', *, *, #3515, .F. ) ;
#2796 = ADVANCED_FACE ( 'NONE', ( #1597 ), #3778, .F. ) ;
#2797 =( GEOMETRIC_REPRESENTATION_CONTEXT ( 3 ) GLOBAL_UNCERTAINTY_ASSIGNED_CONTEXT ( ( #2090 ) ) GLOBAL_UNIT_ASSIGNED_CONTEXT ( ( #2433, #1789, #2733 ) ) REPRESENTATION_CONTEXT ( 'NONE', 'WORKASPACE' ) );
#2798 = FACE_OUTER_BOUND ( 'NONE', #2958, .T. ) ;
#2799 = DIRECTION ( 'NONE',  ( -3.156817056190080321E-16, -0.7008757057453910422, -0.7132834255020229497 ) ) ;
#2800 = PLANE ( 'NONE',  #2894 ) ;
#2801 = ORIENTED_EDGE ( 'NONE', *, *, #3762, .T. ) ;
#2802 = ADVANCED_FACE ( 'NONE', ( #1522 ), #223, .F. ) ;
#2803 = VERTEX_POINT ( 'NONE', #3877 ) ;
#2804 = VERTEX_POINT ( 'NONE', #2995 ) ;
#2805 = CARTESIAN_POINT ( 'NONE',  ( 3.935000000000000053, 1.245000000000000107, -1.687500000000000000 ) ) ;
#2806 = CARTESIAN_POINT ( 'NONE',  ( 3.174999999999999822, 3.079999999999949889, -0.8524999999999999245 ) ) ;
#2807 = CARTESIAN_POINT ( 'NONE',  ( -3.935000000000000053, -0.7418666113899040626, 0.2300000000000000100 ) ) ;
#2808 = LINE ( 'NONE', #1920, #1407 ) ;
#2809 = EDGE_CURVE ( 'NONE', #351, #3496, #229, .T. ) ;
#2810 = VERTEX_POINT ( 'NONE', #3298 ) ;
#2811 = ORIENTED_EDGE ( 'NONE', *, *, #3359, .T. ) ;
#2812 = ORIENTED_EDGE ( 'NONE', *, *, #3153, .T. ) ;
#2813 = VERTEX_POINT ( 'NONE', #1534 ) ;
#2814 = VECTOR ( 'NONE', #3159, 1000.000000000000227 ) ;
#2815 = DIRECTION ( 'NONE',  ( 0.000000000000000000, 0.000000000000000000, 1.000000000000000000 ) ) ;
#2816 = DIRECTION ( 'NONE',  ( 0.000000000000000000, -1.000000000000000000, -2.620428211445405372E-16 ) ) ;
#2817 = ORIENTED_EDGE ( 'NONE', *, *, #240, .F. ) ;
#2818 = EDGE_CURVE ( 'NONE', #1352, #2593, #299, .T. ) ;
#2819 = ORIENTED_EDGE ( 'NONE', *, *, #81, .F. ) ;
#2820 = ORIENTED_EDGE ( 'NONE', *, *, #454, .T. ) ;
#2821 = CARTESIAN_POINT ( 'NONE',  ( 3.935000000000000053, 1.373751714098847875E-15, -1.687500000000000000 ) ) ;
#2822 = CARTESIAN_POINT ( 'NONE',  ( 3.935000000000000053, 1.550000000000000044, -1.992499999999999938 ) ) ;
#2823 = DIRECTION ( 'NONE',  ( -1.764134395046425241E-32, 1.370854316238213966E-16, 1.000000000000000000 ) ) ;
#2824 = LINE ( 'NONE', #505, #260 ) ;
#2825 = ORIENTED_EDGE ( 'NONE', *, *, #3914, .T. ) ;
#2826 = ORIENTED_EDGE ( 'NONE', *, *, #506, .T. ) ;
#2827 = EDGE_CURVE ( 'NONE', #2417, #1444, #282, .T. ) ;
#2828 = ORIENTED_EDGE ( 'NONE', *, *, #1178, .F. ) ;
#2829 = CARTESIAN_POINT ( 'NONE',  ( 3.660000000000000142, 2.954999999999950333, -1.687500000000000000 ) ) ;
#2830 = DIRECTION ( 'NONE',  ( 3.184882467888318304E-16, -0.7071067811865435759, -0.7071067811865515695 ) ) ;
#2831 = EDGE_CURVE ( 'NONE', #1097, #1315, #266, .T. ) ;
#2832 = VECTOR ( 'NONE', #1005, 1000.000000000000000 ) ;
#2833 = EDGE_LOOP ( 'NONE', ( #1998, #3612, #631, #1355 ) ) ;
#2834 = EDGE_LOOP ( 'NONE', ( #3411, #2173, #1338, #3932 ) ) ;
#2835 = ORIENTED_EDGE ( 'NONE', *, *, #2246, .T. ) ;
#2836 = DIRECTION ( 'NONE',  ( -4.504103980651980163E-16, -1.000000000000000000, 1.566690647129389750E-16 ) ) ;
#2837 = ADVANCED_FACE ( 'NONE', ( #2897 ), #888, .F. ) ;
#2838 = VECTOR ( 'NONE', #2137, 1000.000000000000000 ) ;
#2839 = ORIENTED_EDGE ( 'NONE', *, *, #883, .T. ) ;
#2840 = EDGE_CURVE ( 'NONE', #2898, #294, #2867, .T. ) ;
#2841 = ADVANCED_FACE ( 'NONE', ( #1544 ), #1864, .F. ) ;
#2842 = ORIENTED_EDGE ( 'NONE', *, *, #1599, .T. ) ;
#2843 = DIRECTION ( 'NONE',  ( -1.286886851614851933E-16, 1.000000000000000000, -2.620428211445405372E-16 ) ) ;
#2844 = VERTEX_POINT ( 'NONE', #3636 ) ;
#2845 = DIRECTION ( 'NONE',  ( 3.133381294258775062E-16, -1.000000000000000000, -1.566690647129389750E-16 ) ) ;
#2846 = VECTOR ( 'NONE', #3045, 1000.000000000000000 ) ;
#2847 = DIRECTION ( 'NONE',  ( 0.000000000000000000, 0.000000000000000000, -1.000000000000000000 ) ) ;
#2848 = ORIENTED_EDGE ( 'NONE', *, *, #1550, .T. ) ;
#2849 = VERTEX_POINT ( 'NONE', #1150 ) ;
#2850 = ORIENTED_EDGE ( 'NONE', *, *, #2609, .F. ) ;
#2851 = CARTESIAN_POINT ( 'NONE',  ( -2.911695004825210376, 5.080000000000000071, 4.254999999999999893 ) ) ;
#2852 = DIRECTION ( 'NONE',  ( 0.000000000000000000, -1.000000000000000000, 0.000000000000000000 ) ) ;
#2853 = PLANE ( 'NONE',  #1068 ) ;
#2854 = VECTOR ( 'NONE', #3242, 1000.000000000000000 ) ;
#2855 = PLANE ( 'NONE',  #2578 ) ;
#2856 = VERTEX_POINT ( 'NONE', #3849 ) ;
#2857 = EDGE_LOOP ( 'NONE', ( #346, #1619, #1367, #3754 ) ) ;
#2858 = AXIS2_PLACEMENT_3D ( 'NONE', #1137, #2400, #1453 ) ;
#2859 = DIRECTION ( 'NONE',  ( 3.184882467888318304E-16, 0.7071067811865435759, 0.7071067811865515695 ) ) ;
#2860 = LINE ( 'NONE', #1984, #1637 ) ;
#2861 = DIRECTION ( 'NONE',  ( 1.000000000000000000, 0.000000000000000000, 0.000000000000000000 ) ) ;
#2862 = FILL_AREA_STYLE ('',( #1985 ) ) ;
#2863 = ORIENTED_EDGE ( 'NONE', *, *, #957, .T. ) ;
#2864 = ORIENTED_EDGE ( 'NONE', *, *, #3630, .T. ) ;
#2865 = EDGE_CURVE ( 'NONE', #1419, #1083, #1663, .T. ) ;
#2866 = CARTESIAN_POINT ( 'NONE',  ( 3.935000000000000053, 3.204999999999954774, 1.992499999999999938 ) ) ;
#2867 = LINE ( 'NONE', #2435, #1556 ) ;
#2868 = ORIENTED_EDGE ( 'NONE', *, *, #206, .T. ) ;
#2869 = EDGE_LOOP ( 'NONE', ( #2410, #2294, #3238, #2075 ) ) ;
#2870 = FILL_AREA_STYLE ('',( #475 ) ) ;
#2871 = EDGE_CURVE ( 'NONE', #3816, #2142, #200, .T. ) ;
#2872 = DIRECTION ( 'NONE',  ( 0.000000000000000000, 0.000000000000000000, 1.000000000000000000 ) ) ;
#2873 = VECTOR ( 'NONE', #1404, 1000.000000000000114 ) ;
#2874 =( NAMED_UNIT ( * ) PLANE_ANGLE_UNIT ( ) SI_UNIT ( $, .RADIAN. ) );
#2875 = ADVANCED_FACE ( 'NONE', ( #1516 ), #2361, .T. ) ;
#2876 = ORIENTED_EDGE ( 'NONE', *, *, #1186, .T. ) ;
#2877 = VERTEX_POINT ( 'NONE', #2653 ) ;
#2878 = CARTESIAN_POINT ( 'NONE',  ( -3.685000000000000053, -0.7418666113899040626, -0.2300000000000000100 ) ) ;
#2879 = CARTESIAN_POINT ( 'NONE',  ( -3.685000000000000053, -1.282499999999969997, 0.8400000000000000799 ) ) ;
#2880 = CARTESIAN_POINT ( 'NONE',  ( -3.158543437801574871, 2.954999999999950333, -3.392500000000000071 ) ) ;
#2881 = DIRECTION ( 'NONE',  ( -1.000000000000000000, 0.000000000000000000, -3.372194610909714747E-32 ) ) ;
#2882 = CARTESIAN_POINT ( 'NONE',  ( -1.975000000000000089, 5.029999999999999361, -2.604999999999999982 ) ) ;
#2883 = EDGE_CURVE ( 'NONE', #2784, #1315, #1569, .T. ) ;
#2884 = LINE ( 'NONE', #1640, #2873 ) ;
#2885 = DIRECTION ( 'NONE',  ( -1.000000000000000000, -1.286886851614851933E-16, 0.000000000000000000 ) ) ;
#2886 = EDGE_LOOP ( 'NONE', ( #769, #1973, #1510, #646 ) ) ;
#2887 = EDGE_CURVE ( 'NONE', #3808, #1337, #192, .T. ) ;
#2888 = ORIENTED_EDGE ( 'NONE', *, *, #1780, .T. ) ;
#2889 = CARTESIAN_POINT ( 'NONE',  ( -3.660000000000000142, 2.929999999999949978, 1.687500000000000000 ) ) ;
#2890 = FACE_OUTER_BOUND ( 'NONE', #331, .T. ) ;
#2891 = DIRECTION ( 'NONE',  ( 1.000000000000000000, 0.000000000000000000, 0.000000000000000000 ) ) ;
#2892 = VERTEX_POINT ( 'NONE', #277 ) ;
#2893 = ORIENTED_EDGE ( 'NONE', *, *, #249, .T. ) ;
#2894 = AXIS2_PLACEMENT_3D ( 'NONE', #640, #1561, #2458 ) ;
#2895 = CARTESIAN_POINT ( 'NONE',  ( -3.660000000000000142, 1.245000000000000107, -1.687500000000000000 ) ) ;
#2896 = PRESENTATION_LAYER_ASSIGNMENT (  '', '', ( #2003 ) ) ;
#2897 = FACE_OUTER_BOUND ( 'NONE', #1563, .T. ) ;
#2898 = VERTEX_POINT ( 'NONE', #1818 ) ;
#2899 = VERTEX_POINT ( 'NONE', #927 ) ;
#2900 = CARTESIAN_POINT ( 'NONE',  ( 3.660000000000000142, 2.929999999999949978, -3.392500000000000071 ) ) ;
#2901 = AXIS2_PLACEMENT_3D ( 'NONE', #3219, #894, #1181 ) ;
#2902 = LINE ( 'NONE', #2002, #207 ) ;
#2903 = FILL_AREA_STYLE ('',( #402 ) ) ;
#2904 = VERTEX_POINT ( 'NONE', #1125 ) ;
#2905 = ORIENTED_EDGE ( 'NONE', *, *, #675, .T. ) ;
#2906 = CARTESIAN_POINT ( 'NONE',  ( 3.158543437801574871, 3.204999999999949889, -0.8524999999999999245 ) ) ;
#2907 = CARTESIAN_POINT ( 'NONE',  ( -1.975000000000000089, 5.029999999999999361, -3.055000000000000160 ) ) ;
#2908 = DIRECTION ( 'NONE',  ( 0.000000000000000000, -1.000000000000000000, 0.000000000000000000 ) ) ;
#2909 = DIRECTION ( 'NONE',  ( -0.000000000000000000, 1.000000000000000000, 0.000000000000000000 ) ) ;
#2910 = ADVANCED_FACE ( 'NONE', ( #2890 ), #2183, .F. ) ;
#2911 = LINE ( 'NONE', #2602, #2854 ) ;
#2912 = AXIS2_PLACEMENT_3D ( 'NONE', #271, #575, #885 ) ;
#2913 = CARTESIAN_POINT ( 'NONE',  ( -3.685000000000000053, -3.810000000000000053, 0.8524999999999999245 ) ) ;
#2914 = ORIENTED_EDGE ( 'NONE', *, *, #1983, .F. ) ;
#2915 = EDGE_LOOP ( 'NONE', ( #170, #2817, #2685, #363, #3115, #301, #1765, #21, #1456, #3108, #3026, #3004 ) ) ;
#2916 = ORIENTED_EDGE ( 'NONE', *, *, #1039, .T. ) ;
#2917 = DIRECTION ( 'NONE',  ( -1.000000000000000000, -1.286886851614851933E-16, 0.000000000000000000 ) ) ;
#2918 = VECTOR ( 'NONE', #336, 1000.000000000000000 ) ;
#2919 = DIRECTION ( 'NONE',  ( 4.435676520519220815E-16, -0.9848077530122082424, 0.1736481776669295263 ) ) ;
#2920 = EDGE_CURVE ( 'NONE', #1419, #1147, #1576, .T. ) ;
#2921 = ORIENTED_EDGE ( 'NONE', *, *, #1326, .F. ) ;
#2922 = VERTEX_POINT ( 'NONE', #3763 ) ;
#2923 = ORIENTED_EDGE ( 'NONE', *, *, #2122, .F. ) ;
#2924 = PLANE ( 'NONE',  #812 ) ;
#2925 = SURFACE_STYLE_USAGE ( .BOTH. , #422 ) ;
#2926 = FACE_OUTER_BOUND ( 'NONE', #532, .T. ) ;
#2927 = DIRECTION ( 'NONE',  ( -1.000000000000000000, 0.000000000000000000, 0.000000000000000000 ) ) ;
#2928 = ORIENTED_EDGE ( 'NONE', *, *, #3460, .F. ) ;
#2929 = EDGE_CURVE ( 'NONE', #1875, #1266, #1608, .T. ) ;
#2930 = EDGE_LOOP ( 'NONE', ( #3902, #2624, #689, #762 ) ) ;
#2931 = ORIENTED_EDGE ( 'NONE', *, *, #1791, .T. ) ;
#2932 = PLANE ( 'NONE',  #3779 ) ;
#2933 = VECTOR ( 'NONE', #1299, 1000.000000000000000 ) ;
#2934 = DIRECTION ( 'NONE',  ( 0.000000000000000000, 0.000000000000000000, 1.000000000000000000 ) ) ;
#2935 = CARTESIAN_POINT ( 'NONE',  ( -3.660000000000000142, 3.204999999999949889, -1.687500000000000000 ) ) ;
#2936 = ORIENTED_EDGE ( 'NONE', *, *, #1045, .T. ) ;
#2937 = EDGE_LOOP ( 'NONE', ( #2015, #859, #1115, #3409 ) ) ;
#2938 = VERTEX_POINT ( 'NONE', #2218 ) ;
#2939 = EDGE_CURVE ( 'NONE', #2877, #1256, #244, .T. ) ;
#2940 = DIRECTION ( 'NONE',  ( -7.092426231869005687E-17, 0.5511305227005051099, -0.8344190475701451781 ) ) ;
#2941 = CARTESIAN_POINT ( 'NONE',  ( -3.685000000000000053, -0.7418666113899050618, -2.177500000000000213 ) ) ;
#2942 = CARTESIAN_POINT ( 'NONE',  ( -3.935000000000000053, 2.929999999999949978, -0.8524999999999999245 ) ) ;
#2943 = LINE ( 'NONE', #3216, #1616 ) ;
#2944 = VERTEX_POINT ( 'NONE', #1620 ) ;
#2945 = VERTEX_POINT ( 'NONE', #3170 ) ;
#2946 = ORIENTED_EDGE ( 'NONE', *, *, #585, .T. ) ;
#2947 = DIRECTION ( 'NONE',  ( -1.008076797169386028E-32, 7.833453235646948748E-17, -1.000000000000000000 ) ) ;
#2948 = FACE_OUTER_BOUND ( 'NONE', #2009, .T. ) ;
#2949 = CARTESIAN_POINT ( 'NONE',  ( 3.935000000000000053, -3.510000000000000231, 2.637500000000000178 ) ) ;
#2950 = ADVANCED_FACE ( 'NONE', ( #2926 ), #3426, .T. ) ;
#2951 = VERTEX_POINT ( 'NONE', #664 ) ;
#2952 = ORIENTED_EDGE ( 'NONE', *, *, #675, .F. ) ;
#2953 = ORIENTED_EDGE ( 'NONE', *, *, #3532, .F. ) ;
#2954 = CARTESIAN_POINT ( 'NONE',  ( -3.935000000000000053, -3.810000000000000053, 2.584601905787459852 ) ) ;
#2955 = VECTOR ( 'NONE', #94, 1000.000000000000227 ) ;
#2956 = ORIENTED_EDGE ( 'NONE', *, *, #3228, .F. ) ;
#2957 = EDGE_LOOP ( 'NONE', ( #186, #2604, #1253, #344, #1294, #1612, #3944, #3890, #2921 ) ) ;
#2958 = EDGE_LOOP ( 'NONE', ( #674, #3339, #2083, #116, #3723, #2520, #2412, #3362, #3800 ) ) ;
#2959 = AXIS2_PLACEMENT_3D ( 'NONE', #2124, #3671, #881 ) ;
#2960 = CARTESIAN_POINT ( 'NONE',  ( 3.935000000000000053, 2.929999999999949978, -1.687500000000000000 ) ) ;
#2961 = LINE ( 'NONE', #2293, #1655 ) ;
#2962 = CARTESIAN_POINT ( 'NONE',  ( -3.660000000000000142, 4.336808689942014778E-16, 0.8524999999999999245 ) ) ;
#2963 = DIRECTION ( 'NONE',  ( 1.000000000000000000, 0.000000000000000000, 0.000000000000000000 ) ) ;
#2964 = ORIENTED_EDGE ( 'NONE', *, *, #3502, .F. ) ;
#2965 = CLOSED_SHELL ( 'NONE', ( #3916, #1607, #2497, #151, #2065, #544, #747, #1281, #2229, #2950, #2533, #3811, #391, #3710, #2357, #2464, #873, #1802, #1602 ) ) ;
#2966 = VERTEX_POINT ( 'NONE', #2529 ) ;
#2967 = AXIS2_PLACEMENT_3D ( 'NONE', #495, #1757, #2642 ) ;
#2968 = CARTESIAN_POINT ( 'NONE',  ( 3.935000000000000053, -0.7418666113899040626, 2.177500000000000213 ) ) ;
#2969 = LINE ( 'NONE', #417, #328 ) ;
#2970 = ORIENTED_EDGE ( 'NONE', *, *, #1215, .F. ) ;
#2971 = VERTEX_POINT ( 'NONE', #105 ) ;
#2972 = ORIENTED_EDGE ( 'NONE', *, *, #875, .F. ) ;
#2973 = CARTESIAN_POINT ( 'NONE',  ( 3.685000000000000053, 2.929999999999949978, 0.8524999999999999245 ) ) ;
#2974 = EDGE_CURVE ( 'NONE', #1771, #1444, #290, .T. ) ;
#2975 = LINE ( 'NONE', #750, #307 ) ;
#2976 = DIRECTION ( 'NONE',  ( 1.000000000000000000, 0.000000000000000000, 0.000000000000000000 ) ) ;
#2977 = ORIENTED_EDGE ( 'NONE', *, *, #3217, .F. ) ;
#2978 = EDGE_LOOP ( 'NONE', ( #3910, #1263, #828, #2039 ) ) ;
#2979 = ORIENTED_EDGE ( 'NONE', *, *, #3220, .F. ) ;
#2980 =( NAMED_UNIT ( * ) PLANE_ANGLE_UNIT ( ) SI_UNIT ( $, .RADIAN. ) );
#2981 = EDGE_CURVE ( 'NONE', #1121, #114, #1536, .T. ) ;
#2982 = LINE ( 'NONE', #2584, #3041 ) ;
#2983 = ADVANCED_FACE ( 'NONE', ( #2948 ), #3704, .F. ) ;
#2984 = EDGE_LOOP ( 'NONE', ( #2279, #1287, #3483, #1191 ) ) ;
#2985 = EDGE_CURVE ( 'NONE', #3715, #3967, #2975, .T. ) ;
#2986 = CLOSED_SHELL ( 'NONE', ( #2875, #672, #1277, #512, #30, #1924, #103, #1076, #2180, #2232, #2036, #1688, #35 ) ) ;
#2987 = CARTESIAN_POINT ( 'NONE',  ( -3.935000000000000053, -3.810000000000000053, 1.687500000000000000 ) ) ;
#2988 = LINE ( 'NONE', #1779, #466 ) ;
#2989 = CARTESIAN_POINT ( 'NONE',  ( 3.935000000000000053, 2.929999999999949978, 1.992499999999999938 ) ) ;
#2990 = EDGE_CURVE ( 'NONE', #285, #257, #2860, .T. ) ;
#2991 = DIRECTION ( 'NONE',  ( 0.1305261922200499358, -0.9914448613738106042, 0.000000000000000000 ) ) ;
#2992 = ORIENTED_EDGE ( 'NONE', *, *, #152, .T. ) ;
#2993 = ORIENTED_EDGE ( 'NONE', *, *, #3146, .T. ) ;
#2994 = CARTESIAN_POINT ( 'NONE',  ( 3.660000000000000142, 2.929999999999949978, 1.687500000000000000 ) ) ;
#2995 = CARTESIAN_POINT ( 'NONE',  ( -3.685000000000000053, -3.510000000000000231, -2.177500000000000213 ) ) ;
#2996 = CARTESIAN_POINT ( 'NONE',  ( -3.158543437801574871, 3.204999999999949889, -1.992499999999999938 ) ) ;
#2997 = VECTOR ( 'NONE', #3002, 1000.000000000000000 ) ;
#2998 = ORIENTED_EDGE ( 'NONE', *, *, #1278, .T. ) ;
#2999 = VERTEX_POINT ( 'NONE', #1687 ) ;
#3000 = PLANE ( 'NONE',  #1356 ) ;
#3001 = LINE ( 'NONE', #2340, #3067 ) ;
#3002 = DIRECTION ( 'NONE',  ( 1.000000000000000000, 0.000000000000000000, 0.000000000000000000 ) ) ;
#3003 = VECTOR ( 'NONE', #406, 1000.000000000000227 ) ;
#3004 = ORIENTED_EDGE ( 'NONE', *, *, #3080, .F. ) ;
#3005 = DIRECTION ( 'NONE',  ( -1.000000000000000000, -1.286886851614851933E-16, 0.000000000000000000 ) ) ;
#3006 = PLANE ( 'NONE',  #1774 ) ;
#3007 = CARTESIAN_POINT ( 'NONE',  ( -3.935000000000000053, 0.5869256355308869466, 3.989816078149959644 ) ) ;
#3008 = VECTOR ( 'NONE', #2196, 1000.000000000000000 ) ;
#3009 = AXIS2_PLACEMENT_3D ( 'NONE', #2889, #3193, #2289 ) ;
#3010 = CARTESIAN_POINT ( 'NONE',  ( 0.000000000000000000, 1.550000000000000044, 0.000000000000000000 ) ) ;
#3011 = LINE ( 'NONE', #795, #369 ) ;
#3012 = ORIENTED_EDGE ( 'NONE', *, *, #1886, .T. ) ;
#3013 = DIRECTION ( 'NONE',  ( -2.016153594338775066E-32, 1.566690647129389750E-16, -1.000000000000000000 ) ) ;
#3014 = FACE_OUTER_BOUND ( 'NONE', #1601, .T. ) ;
#3015 = DIRECTION ( 'NONE',  ( -1.073802901055005970E-16, 0.8344190475701450671, -0.5511305227005049989 ) ) ;
#3016 = DIRECTION ( 'NONE',  ( 0.000000000000000000, 0.7660444431189817882, -0.6427876096865349220 ) ) ;
#3017 = EDGE_CURVE ( 'NONE', #433, #1174, #221, .T. ) ;
#3018 = ADVANCED_FACE ( 'NONE', ( #1551 ), #3735, .F. ) ;
#3019 = ORIENTED_EDGE ( 'NONE', *, *, #1832, .F. ) ;
#3020 = EDGE_LOOP ( 'NONE', ( #2612, #3885, #2762, #784 ) ) ;
#3021 = DIRECTION ( 'NONE',  ( 0.000000000000000000, -1.000000000000000000, 1.566690647129389750E-16 ) ) ;
#3022 = DIRECTION ( 'NONE',  ( -4.435676520519212926E-16, 0.9848077530122075762, -0.1736481776669324406 ) ) ;
#3023 = LINE ( 'NONE', #3544, #400 ) ;
#3024 = LINE ( 'NONE', #1348, #1788 ) ;
#3025 = EDGE_CURVE ( 'NONE', #3634, #184, #313, .T. ) ;
#3026 = ORIENTED_EDGE ( 'NONE', *, *, #1421, .F. ) ;
#3027 = DIRECTION ( 'NONE',  ( -4.435676520519214405E-16, 0.9848077530122079093, -0.1736481776669314692 ) ) ;
#3028 = FACE_OUTER_BOUND ( 'NONE', #17, .T. ) ;
#3029 = CARTESIAN_POINT ( 'NONE',  ( 3.174999999999999822, 3.079999999999949889, 0.8524999999999999245 ) ) ;
#3030 = LINE ( 'NONE', #3775, #3003 ) ;
#3031 = ORIENTED_EDGE ( 'NONE', *, *, #2179, .F. ) ;
#3032 = EDGE_CURVE ( 'NONE', #3246, #280, #2961, .T. ) ;
#3033 = CARTESIAN_POINT ( 'NONE',  ( -3.935000000000000053, 2.040027580557220332, -0.3400697488929479984 ) ) ;
#3034 = CARTESIAN_POINT ( 'NONE',  ( 3.935000000000000053, -0.7418666113899040626, -2.637500000000000178 ) ) ;
#3035 = EDGE_CURVE ( 'NONE', #1135, #2786, #2969, .T. ) ;
#3036 = DIRECTION ( 'NONE',  ( 0.000000000000000000, -1.000000000000000000, 0.000000000000000000 ) ) ;
#3037 = CARTESIAN_POINT ( 'NONE',  ( -3.660000000000000142, 3.204999999999949889, -1.992499999999999938 ) ) ;
#3038 = EDGE_LOOP ( 'NONE', ( #1783, #3917, #255, #2700 ) ) ;
#3039 = VERTEX_POINT ( 'NONE', #723 ) ;
#3040 = DIRECTION ( 'NONE',  ( -1.000000000000000000, -1.286886851614851933E-16, 0.000000000000000000 ) ) ;
#3041 = VECTOR ( 'NONE', #2012, 1000.000000000000227 ) ;
#3042 = PLANE ( 'NONE',  #3880 ) ;
#3043 = ORIENTED_EDGE ( 'NONE', *, *, #2434, .F. ) ;
#3044 = ORIENTED_EDGE ( 'NONE', *, *, #3762, .F. ) ;
#3045 = DIRECTION ( 'NONE',  ( -1.000000000000000000, -1.286886851614851933E-16, 0.000000000000000000 ) ) ;
#3046 =( LENGTH_UNIT ( ) NAMED_UNIT ( * ) SI_UNIT ( .MILLI., .METRE. ) );
#3047 = LINE ( 'NONE', #1242, #1786 ) ;
#3048 = VERTEX_POINT ( 'NONE', #3786 ) ;
#3049 = CARTESIAN_POINT ( 'NONE',  ( 3.032443144390850165, 1.997173177709629766, -4.112443144390849348 ) ) ;
#3050 = EDGE_LOOP ( 'NONE', ( #3656, #2635, #3315, #725, #3308, #2565, #1268, #3892, #816 ) ) ;
#3051 = AXIS2_PLACEMENT_3D ( 'NONE', #2236, #2908, #1941 ) ;
#3052 = CARTESIAN_POINT ( 'NONE',  ( -3.685000000000000053, -3.810000000000000053, -2.637500000000000178 ) ) ;
#3053 = DIRECTION ( 'NONE',  ( -1.000000000000000000, 0.000000000000000000, 0.000000000000000000 ) ) ;
#3054 = VECTOR ( 'NONE', #1800, 1000.000000000000000 ) ;
#3055 = CARTESIAN_POINT ( 'NONE',  ( 3.935000000000000053, 2.929999999999949978, -1.687500000000000000 ) ) ;
#3056 = ORIENTED_EDGE ( 'NONE', *, *, #3755, .T. ) ;
#3057 = ORIENTED_EDGE ( 'NONE', *, *, #3856, .F. ) ;
#3058 =( GEOMETRIC_REPRESENTATION_CONTEXT ( 3 ) GLOBAL_UNCERTAINTY_ASSIGNED_CONTEXT ( ( #1211 ) ) GLOBAL_UNIT_ASSIGNED_CONTEXT ( ( #1488, #2126, #2721 ) ) REPRESENTATION_CONTEXT ( 'NONE', 'WORKASPACE' ) );
#3059 = CARTESIAN_POINT ( 'NONE',  ( -3.685000000000000053, -3.810000000000000053, -2.230398094212539650 ) ) ;
#3060 = DIRECTION ( 'NONE',  ( -0.000000000000000000, 1.000000000000000000, 0.000000000000000000 ) ) ;
#3061 = LINE ( 'NONE', #204, #423 ) ;
#3062 = CARTESIAN_POINT ( 'NONE',  ( 3.935000000000000053, 1.550000000000000044, 1.992499999999999938 ) ) ;
#3063 = VERTEX_POINT ( 'NONE', #46 ) ;
#3064 = EDGE_LOOP ( 'NONE', ( #3821, #1325, #2507, #2606 ) ) ;
#3065 = DIRECTION ( 'NONE',  ( -0.1305261922200499358, -0.9914448613738106042, -2.598010084836514366E-16 ) ) ;
#3066 = EDGE_CURVE ( 'NONE', #553, #1480, #3047, .T. ) ;
#3067 = VECTOR ( 'NONE', #1753, 1000.000000000000000 ) ;
#3068 = DIRECTION ( 'NONE',  ( 0.000000000000000000, 0.000000000000000000, -1.000000000000000000 ) ) ;
#3069 = CARTESIAN_POINT ( 'NONE',  ( 3.685000000000000053, -3.810000000000000053, 2.177500000000000213 ) ) ;
#3070 = ORIENTED_EDGE ( 'NONE', *, *, #1230, .F. ) ;
#3071 = VERTEX_POINT ( 'NONE', #694 ) ;
#3072 = DIRECTION ( 'NONE',  ( -2.016153594338775066E-32, 1.566690647129389750E-16, 1.000000000000000000 ) ) ;
#3073 = DIRECTION ( 'NONE',  ( -1.000000000000000000, 0.000000000000000000, 0.000000000000000000 ) ) ;
#3074 = EDGE_CURVE ( 'NONE', #3711, #1754, #1743, .T. ) ;
#3075 = CIRCLE ( 'NONE', #1022, 0.4499999999999999001 ) ;
#3076 = ORIENTED_EDGE ( 'NONE', *, *, #2939, .F. ) ;
#3077 = ORIENTED_EDGE ( 'NONE', *, *, #3319, .T. ) ;
#3078 = DIRECTION ( 'NONE',  ( -1.000000000000000000, -1.286886851614851933E-16, 0.000000000000000000 ) ) ;
#3079 = DIRECTION ( 'NONE',  ( -4.504103980651980163E-16, 1.000000000000000000, 0.000000000000000000 ) ) ;
#3080 = EDGE_CURVE ( 'NONE', #1121, #1120, #379, .T. ) ;
#3081 = ORIENTED_EDGE ( 'NONE', *, *, #749, .T. ) ;
#3082 = ORIENTED_EDGE ( 'NONE', *, *, #2887, .F. ) ;
#3083 = EDGE_CURVE ( 'NONE', #2810, #2679, #2982, .T. ) ;
#3084 = CARTESIAN_POINT ( 'NONE',  ( 3.685000000000000053, -3.810000000000000053, 0.2300000000000000100 ) ) ;
#3085 = CARTESIAN_POINT ( 'NONE',  ( -3.660000000000000142, 2.954999999999950333, 1.687500000000000000 ) ) ;
#3086 = EDGE_CURVE ( 'NONE', #140, #236, #453, .T. ) ;
#3087 = DIRECTION ( 'NONE',  ( -4.504103980651980163E-16, 1.000000000000000000, 0.000000000000000000 ) ) ;
#3088 = LINE ( 'NONE', #851, #408 ) ;
#3089 = VERTEX_POINT ( 'NONE', #3096 ) ;
#3090 = ORIENTED_EDGE ( 'NONE', *, *, #1661, .T. ) ;
#3091 = DIRECTION ( 'NONE',  ( -0.1305261922200534608, -0.9914448613738102711, 0.000000000000000000 ) ) ;
#3092 = AXIS2_PLACEMENT_3D ( 'NONE', #3685, #949, #3196 ) ;
#3093 = VECTOR ( 'NONE', #2093, 1000.000000000000000 ) ;
#3094 = DIRECTION ( 'NONE',  ( 1.286886851614851933E-16, -1.000000000000000000, 1.566690647129389750E-16 ) ) ;
#3095 = ORIENTED_EDGE ( 'NONE', *, *, #3017, .T. ) ;
#3096 = CARTESIAN_POINT ( 'NONE',  ( -3.685000000000000053, 2.929999999999949978, -3.392500000000000071 ) ) ;
#3097 = CARTESIAN_POINT ( 'NONE',  ( 3.158543437801574871, 3.204999999999949889, -0.8524999999999999245 ) ) ;
#3098 = ORIENTED_EDGE ( 'NONE', *, *, #641, .F. ) ;
#3099 = LINE ( 'NONE', #493, #1776 ) ;
#3100 = ORIENTED_EDGE ( 'NONE', *, *, #3755, .F. ) ;
#3101 = CARTESIAN_POINT ( 'NONE',  ( 3.685000000000000053, -3.810000000000000053, 1.687500000000000000 ) ) ;
#3102 = PLANE ( 'NONE',  #1572 ) ;
#3103 = ADVANCED_FACE ( 'NONE', ( #1682 ), #1132, .F. ) ;
#3104 = VERTEX_POINT ( 'NONE', #1826 ) ;
#3105 = FACE_OUTER_BOUND ( 'NONE', #1305, .T. ) ;
#3106 = SURFACE_SIDE_STYLE ('',( #359 ) ) ;
#3107 = AXIS2_PLACEMENT_3D ( 'NONE', #2519, #680, #2816 ) ;
#3108 = ORIENTED_EDGE ( 'NONE', *, *, #1780, .F. ) ;
#3109 = LINE ( 'NONE', #2663, #394 ) ;
#3110 = DIRECTION ( 'NONE',  ( -4.504103980651980163E-16, -1.000000000000000000, 0.000000000000000000 ) ) ;
#3111 = LINE ( 'NONE', #127, #473 ) ;
#3112 = EDGE_CURVE ( 'NONE', #1591, #1539, #3001, .T. ) ;
#3113 = VECTOR ( 'NONE', #3320, 1000.000000000000227 ) ;
#3114 = LINE ( 'NONE', #2055, #486 ) ;
#3115 = ORIENTED_EDGE ( 'NONE', *, *, #2434, .T. ) ;
#3116 = EDGE_CURVE ( 'NONE', #1475, #302, #1781, .T. ) ;
#3117 = ORIENTED_EDGE ( 'NONE', *, *, #2037, .T. ) ;
#3118 = VECTOR ( 'NONE', #1720, 1000.000000000000114 ) ;
#3119 = EDGE_CURVE ( 'NONE', #1807, #203, #3099, .T. ) ;
#3120 = VECTOR ( 'NONE', #2199, 1000.000000000000114 ) ;
#3121 = DIRECTION ( 'NONE',  ( -3.133381294258779992E-16, 1.000000000000000000, 1.566690647129389750E-16 ) ) ;
#3122 = DIRECTION ( 'NONE',  ( 0.000000000000000000, 0.000000000000000000, 1.000000000000000000 ) ) ;
#3123 = ORIENTED_EDGE ( 'NONE', *, *, #3630, .F. ) ;
#3124 = EDGE_CURVE ( 'NONE', #2662, #3287, #461, .T. ) ;
#3125 = FACE_OUTER_BOUND ( 'NONE', #158, .T. ) ;
#3126 = DIRECTION ( 'NONE',  ( 0.000000000000000000, 0.000000000000000000, -1.000000000000000000 ) ) ;
#3127 = ADVANCED_FACE ( 'NONE', ( #3105 ), #3222, .F. ) ;
#3128 = CARTESIAN_POINT ( 'NONE',  ( 3.935000000000000053, 1.373751714098847875E-15, -1.687500000000000000 ) ) ;
#3129 = DIRECTION ( 'NONE',  ( -1.000000000000000000, -1.286886851614851933E-16, 0.000000000000000000 ) ) ;
#3130 = LINE ( 'NONE', #2702, #3154 ) ;
#3131 = CARTESIAN_POINT ( 'NONE',  ( -1.975000000000000089, 5.080000000000000071, -2.604999999999999982 ) ) ;
#3132 =( GEOMETRIC_REPRESENTATION_CONTEXT ( 3 ) GLOBAL_UNCERTAINTY_ASSIGNED_CONTEXT ( ( #3615 ) ) GLOBAL_UNIT_ASSIGNED_CONTEXT ( ( #3787, #3507, #3736 ) ) REPRESENTATION_CONTEXT ( 'NONE', 'WORKASPACE' ) );
#3133 = APPLICATION_CONTEXT ( 'automotive_design' ) ;
#3134 = CIRCLE ( 'NONE', #552, 0.2750000000000000777 ) ;
#3135 = DIRECTION ( 'NONE',  ( -0.1294283079955605986, 0.9831056027603609637, 0.1294283079955605986 ) ) ;
#3136 = CARTESIAN_POINT ( 'NONE',  ( 3.935000000000000053, 1.550000000000000044, -1.992499999999999938 ) ) ;
#3137 = DIRECTION ( 'NONE',  ( -4.504103980651980163E-16, -1.000000000000000000, 0.000000000000000000 ) ) ;
#3138 = LINE ( 'NONE', #3321, #502 ) ;
#3139 = VERTEX_POINT ( 'NONE', #534 ) ;
#3140 = AXIS2_PLACEMENT_3D ( 'NONE', #87, #1341, #2872 ) ;
#3141 = CARTESIAN_POINT ( 'NONE',  ( 3.935000000000000053, -3.510000000000000231, 0.2300000000000000100 ) ) ;
#3142 = CARTESIAN_POINT ( 'NONE',  ( 0.000000000000000000, 0.7418666113899050618, 0.000000000000000000 ) ) ;
#3143 = SURFACE_STYLE_FILL_AREA ( #1525 ) ;
#3144 = VECTOR ( 'NONE', #1100, 1000.000000000000000 ) ;
#3145 = CARTESIAN_POINT ( 'NONE',  ( 3.935000000000000053, -0.7418666113899040626, 2.637500000000000178 ) ) ;
#3146 = EDGE_CURVE ( 'NONE', #1135, #79, #3088, .T. ) ;
#3147 = LINE ( 'NONE', #300, #3240 ) ;
#3148 = CARTESIAN_POINT ( 'NONE',  ( -3.174999999999999822, 3.079999999999949889, 4.254999999999999893 ) ) ;
#3149 = VECTOR ( 'NONE', #3826, 1000.000000000000000 ) ;
#3150 = VERTEX_POINT ( 'NONE', #1733 ) ;
#3151 = DIRECTION ( 'NONE',  ( -2.234655566464510428E-17, 0.1736481776669295263, 0.9848077530122082424 ) ) ;
#3152 = ORIENTED_EDGE ( 'NONE', *, *, #2475, .T. ) ;
#3153 = EDGE_CURVE ( 'NONE', #799, #198, #1714, .T. ) ;
#3154 = VECTOR ( 'NONE', #3040, 1000.000000000000000 ) ;
#3155 = DIRECTION ( 'NONE',  ( 0.000000000000000000, 0.000000000000000000, -1.000000000000000000 ) ) ;
#3156 = PLANE ( 'NONE',  #438 ) ;
#3157 = LINE ( 'NONE', #2440, #3235 ) ;
#3158 = CARTESIAN_POINT ( 'NONE',  ( 3.685000000000000053, -0.7418666113899040626, -2.637500000000000178 ) ) ;
#3159 = DIRECTION ( 'NONE',  ( -4.435676520519212926E-16, -0.9848077530122075762, -0.1736481776669324406 ) ) ;
#3160 = DIRECTION ( 'NONE',  ( -8.271949232865410757E-17, 0.6427876096865348110, 0.7660444431189817882 ) ) ;
#3161 = ORIENTED_EDGE ( 'NONE', *, *, #2763, .T. ) ;
#3162 = ORIENTED_EDGE ( 'NONE', *, *, #1537, .F. ) ;
#3163 = VECTOR ( 'NONE', #884, 1000.000000000000227 ) ;
#3164 = CARTESIAN_POINT ( 'NONE',  ( -3.660000000000000142, 2.929999999999949978, -1.992499999999999938 ) ) ;
#3165 = ADVANCED_FACE ( 'NONE', ( #3028 ), #879, .F. ) ;
#3166 = EDGE_CURVE ( 'NONE', #1669, #3280, #472, .T. ) ;
#3167 = DIRECTION ( 'NONE',  ( 0.000000000000000000, 0.000000000000000000, -1.000000000000000000 ) ) ;
#3168 = FACE_OUTER_BOUND ( 'NONE', #1993, .T. ) ;
#3169 = EDGE_CURVE ( 'NONE', #433, #1086, #429, .T. ) ;
#3170 = CARTESIAN_POINT ( 'NONE',  ( 3.935000000000000053, 1.550000000000000044, -1.992499999999999938 ) ) ;
#3171 = SURFACE_SIDE_STYLE ('',( #2150 ) ) ;
#3172 = ORIENTED_EDGE ( 'NONE', *, *, #258, .T. ) ;
#3173 = FACE_OUTER_BOUND ( 'NONE', #2705, .T. ) ;
#3174 = FACE_OUTER_BOUND ( 'NONE', #1745, .T. ) ;
#3175 = PLANE ( 'NONE',  #3387 ) ;
#3176 = ORIENTED_EDGE ( 'NONE', *, *, #1141, .T. ) ;
#3177 = EDGE_CURVE ( 'NONE', #2922, #2945, #2988, .T. ) ;
#3178 = ORIENTED_EDGE ( 'NONE', *, *, #644, .F. ) ;
#3179 = LINE ( 'NONE', #622, #1803 ) ;
#3180 = FACE_OUTER_BOUND ( 'NONE', #2402, .T. ) ;
#3181 = CARTESIAN_POINT ( 'NONE',  ( 3.660000000000000142, 2.954999999999950333, -3.392500000000000071 ) ) ;
#3182 = LINE ( 'NONE', #276, #610 ) ;
#3183 = DIRECTION ( 'NONE',  ( -1.000000000000000000, -1.286886851614851933E-16, 0.000000000000000000 ) ) ;
#3184 = ORIENTED_EDGE ( 'NONE', *, *, #1056, .T. ) ;
#3185 = CARTESIAN_POINT ( 'NONE',  ( -3.935000000000000053, 2.929999999999949978, 1.687500000000000000 ) ) ;
#3186 = DIRECTION ( 'NONE',  ( 0.000000000000000000, 0.000000000000000000, 1.000000000000000000 ) ) ;
#3187 = VECTOR ( 'NONE', #160, 1000.000000000000000 ) ;
#3188 = DIRECTION ( 'NONE',  ( 0.000000000000000000, 0.000000000000000000, -1.000000000000000000 ) ) ;
#3189 = DIRECTION ( 'NONE',  ( -1.764134395046425241E-32, 1.370854316238213966E-16, 1.000000000000000000 ) ) ;
#3190 = ORIENTED_EDGE ( 'NONE', *, *, #2525, .T. ) ;
#3191 = PLANE ( 'NONE',  #3552 ) ;
#3192 = AXIS2_PLACEMENT_3D ( 'NONE', #123, #964, #1048 ) ;
#3193 = DIRECTION ( 'NONE',  ( 0.000000000000000000, 0.000000000000000000, 1.000000000000000000 ) ) ;
#3194 = FACE_OUTER_BOUND ( 'NONE', #216, .T. ) ;
#3195 = EDGE_LOOP ( 'NONE', ( #84, #2820, #1634, #2864, #2779, #287, #1413, #3176, #325 ) ) ;
#3196 = DIRECTION ( 'NONE',  ( 0.000000000000000000, 0.000000000000000000, -1.000000000000000000 ) ) ;
#3197 =( NAMED_UNIT ( * ) SI_UNIT ( $, .STERADIAN. ) SOLID_ANGLE_UNIT ( ) );
#3198 = VERTEX_POINT ( 'NONE', #3564 ) ;
#3199 = LINE ( 'NONE', #2102, #3163 ) ;
#3200 = ADVANCED_FACE ( 'NONE', ( #3014 ), #3337, .F. ) ;
#3201 = LINE ( 'NONE', #3893, #586 ) ;
#3202 = VECTOR ( 'NONE', #2222, 1000.000000000000000 ) ;
#3203 = EDGE_CURVE ( 'NONE', #556, #107, #1790, .T. ) ;
#3204 = DIRECTION ( 'NONE',  ( 1.000000000000000000, 1.286886851614851933E-16, 0.000000000000000000 ) ) ;
#3205 = ORIENTED_EDGE ( 'NONE', *, *, #2818, .T. ) ;
#3206 = ORIENTED_EDGE ( 'NONE', *, *, #1323, .T. ) ;
#3207 = CARTESIAN_POINT ( 'NONE',  ( -3.935000000000000053, 2.929999999999949978, -0.2300000000000000100 ) ) ;
#3208 = DIRECTION ( 'NONE',  ( -1.000000000000000000, -1.286886851614851933E-16, 0.000000000000000000 ) ) ;
#3209 = LINE ( 'NONE', #1896, #3120 ) ;
#3210 = EDGE_CURVE ( 'NONE', #2999, #163, #3109, .T. ) ;
#3211 = PLANE ( 'NONE',  #1032 ) ;
#3212 = ORIENTED_EDGE ( 'NONE', *, *, #1748, .T. ) ;
#3213 = CARTESIAN_POINT ( 'NONE',  ( -1.975000000000000089, 5.080000000000000071, -3.055000000000000160 ) ) ;
#3214 = DIRECTION ( 'NONE',  ( -0.000000000000000000, 0.1305261922200486036, 0.9914448613738108262 ) ) ;
#3215 = VECTOR ( 'NONE', #669, 1000.000000000000114 ) ;
#3216 = CARTESIAN_POINT ( 'NONE',  ( -3.660000000000000142, 4.336808689942014778E-16, -1.687500000000000000 ) ) ;
#3217 = EDGE_CURVE ( 'NONE', #3820, #2711, #353, .T. ) ;
#3218 = ORIENTED_EDGE ( 'NONE', *, *, #787, .F. ) ;
#3219 = CARTESIAN_POINT ( 'NONE',  ( 3.935000000000000053, 1.373751714098847875E-15, -1.687500000000000000 ) ) ;
#3220 = EDGE_CURVE ( 'NONE', #80, #311, #3023, .T. ) ;
#3221 = CIRCLE ( 'NONE', #1974, 0.4499999999999999001 ) ;
#3222 = PLANE ( 'NONE',  #3867 ) ;
#3223 = ORIENTED_EDGE ( 'NONE', *, *, #3582, .F. ) ;
#3224 = VERTEX_POINT ( 'NONE', #3920 ) ;
#3225 = VECTOR ( 'NONE', #3792, 1000.000000000000000 ) ;
#3226 = LINE ( 'NONE', #2057, #1854 ) ;
#3227 = CARTESIAN_POINT ( 'NONE',  ( -3.685000000000000053, -4.336808689942014778E-16, 0.8524999999999999245 ) ) ;
#3228 = EDGE_CURVE ( 'NONE', #3765, #2022, #3061, .T. ) ;
#3229 = ORIENTED_EDGE ( 'NONE', *, *, #3769, .F. ) ;
#3230 = ORIENTED_EDGE ( 'NONE', *, *, #2444, .F. ) ;
#3231 = LINE ( 'NONE', #1850, #500 ) ;
#3232 = ADVANCED_FACE ( 'NONE', ( #1695 ), #2066, .F. ) ;
#3233 = FACE_OUTER_BOUND ( 'NONE', #1752, .T. ) ;
#3234 = SURFACE_SIDE_STYLE ('',( #3143 ) ) ;
#3235 = VECTOR ( 'NONE', #980, 1000.000000000000000 ) ;
#3236 = AXIS2_PLACEMENT_3D ( 'NONE', #459, #2683, #3939 ) ;
#3237 = SURFACE_SIDE_STYLE ('',( #2210 ) ) ;
#3238 = ORIENTED_EDGE ( 'NONE', *, *, #635, .T. ) ;
#3239 = ORIENTED_EDGE ( 'NONE', *, *, #526, .T. ) ;
#3240 = VECTOR ( 'NONE', #813, 999.9999999999998863 ) ;
#3241 = DIRECTION ( 'NONE',  ( -1.000000000000000000, 0.000000000000000000, 8.499837404865548871E-17 ) ) ;
#3242 = DIRECTION ( 'NONE',  ( -1.000000000000000000, -1.286886851614851933E-16, 0.000000000000000000 ) ) ;
#3243 = DIRECTION ( 'NONE',  ( -1.000000000000000000, 0.000000000000000000, 2.269128730586719636E-17 ) ) ;
#3244 = AXIS2_PLACEMENT_3D ( 'NONE', #1945, #2240, #2740 ) ;
#3245 = CIRCLE ( 'NONE', #1962, 0.2750000000000000777 ) ;
#3246 = VERTEX_POINT ( 'NONE', #2418 ) ;
#3247 = CIRCLE ( 'NONE', #1897, 0.2750000000000000777 ) ;
#3248 = DIRECTION ( 'NONE',  ( -1.000000000000000000, 0.000000000000000000, 1.008076797169386028E-32 ) ) ;
#3249 = UNCERTAINTY_MEASURE_WITH_UNIT (LENGTH_MEASURE( 1.000000000000000082E-05 ), #470, 'distance_accuracy_value', 'NONE');
#3250 = VECTOR ( 'NONE', #245, 1000.000000000000000 ) ;
#3251 = DIRECTION ( 'NONE',  ( -1.000000000000000000, 0.000000000000000000, 2.269128730586719636E-17 ) ) ;
#3252 = ORIENTED_EDGE ( 'NONE', *, *, #2566, .T. ) ;
#3253 = ORIENTED_EDGE ( 'NONE', *, *, #3908, .T. ) ;
#3254 = AXIS2_PLACEMENT_3D ( 'NONE', #3822, #815, #2054 ) ;
#3255 = LINE ( 'NONE', #2437, #2136 ) ;
#3256 = LINE ( 'NONE', #3257, #1943 ) ;
#3257 = CARTESIAN_POINT ( 'NONE',  ( 3.935000000000000053, -0.7418666113899040626, -2.637500000000000178 ) ) ;
#3258 = VECTOR ( 'NONE', #3437, 1000.000000000000000 ) ;
#3259 = ORIENTED_EDGE ( 'NONE', *, *, #3769, .T. ) ;
#3260 = VECTOR ( 'NONE', #1884, 999.9999999999998863 ) ;
#3261 = EDGE_CURVE ( 'NONE', #163, #653, #341, .T. ) ;
#3262 = SURFACE_STYLE_USAGE ( .BOTH. , #3234 ) ;
#3263 = CYLINDRICAL_SURFACE ( 'NONE', #1308, 0.02499999999999984873 ) ;
#3264 = ADVANCED_FACE ( 'NONE', ( #1755 ), #2717, .T. ) ;
#3265 = FACE_OUTER_BOUND ( 'NONE', #2346, .T. ) ;
#3266 = ORIENTED_EDGE ( 'NONE', *, *, #3571, .F. ) ;
#3267 = LINE ( 'NONE', #329, #3260 ) ;
#3268 = ADVANCED_FACE ( 'NONE', ( #334 ), #1963, .F. ) ;
#3269 = EDGE_CURVE ( 'NONE', #280, #1494, #347, .T. ) ;
#3270 = CARTESIAN_POINT ( 'NONE',  ( -3.935000000000000053, -3.810000000000000053, -2.584601905787459852 ) ) ;
#3271 = VECTOR ( 'NONE', #3952, 1000.000000000000000 ) ;
#3272 = DIRECTION ( 'NONE',  ( -1.000000000000000000, -1.286886851614851933E-16, 0.000000000000000000 ) ) ;
#3273 = DIRECTION ( 'NONE',  ( 0.000000000000000000, 0.000000000000000000, 1.000000000000000000 ) ) ;
#3274 = VECTOR ( 'NONE', #2707, 1000.000000000000000 ) ;
#3275 = EDGE_CURVE ( 'NONE', #29, #1128, #3075, .T. ) ;
#3276 = ORIENTED_EDGE ( 'NONE', *, *, #1045, .F. ) ;
#3277 = FACE_OUTER_BOUND ( 'NONE', #101, .T. ) ;
#3278 = DIRECTION ( 'NONE',  ( -1.000000000000000000, 0.000000000000000000, 1.309668824627241829E-16 ) ) ;
#3279 = LINE ( 'NONE', #4, #3432 ) ;
#3280 = VERTEX_POINT ( 'NONE', #1696 ) ;
#3281 = EDGE_LOOP ( 'NONE', ( #1629, #1265, #1245, #1303 ) ) ;
#3282 = LINE ( 'NONE', #2789, #2041 ) ;
#3283 =( GEOMETRIC_REPRESENTATION_CONTEXT ( 3 ) GLOBAL_UNCERTAINTY_ASSIGNED_CONTEXT ( ( #804 ) ) GLOBAL_UNIT_ASSIGNED_CONTEXT ( ( #2506, #2267, #3197 ) ) REPRESENTATION_CONTEXT ( 'NONE', 'WORKASPACE' ) );
#3284 = MECHANICAL_DESIGN_GEOMETRIC_PRESENTATION_REPRESENTATION (  '', ( #924 ), #1678 ) ;
#3285 = LINE ( 'NONE', #806, #706 ) ;
#3286 =( NAMED_UNIT ( * ) SI_UNIT ( $, .STERADIAN. ) SOLID_ANGLE_UNIT ( ) );
#3287 = VERTEX_POINT ( 'NONE', #2540 ) ;
#3288 = ORIENTED_EDGE ( 'NONE', *, *, #2476, .T. ) ;
#3289 = VECTOR ( 'NONE', #3273, 1000.000000000000000 ) ;
#3290 = CARTESIAN_POINT ( 'NONE',  ( -3.660000000000000142, 4.336808689942014778E-16, 1.687500000000000000 ) ) ;
#3291 = CARTESIAN_POINT ( 'NONE',  ( 3.935000000000000053, 2.929999999999949978, 3.392500000000000071 ) ) ;
#3292 = DIRECTION ( 'NONE',  ( -1.000000000000000000, 0.000000000000000000, 0.000000000000000000 ) ) ;
#3293 = VERTEX_POINT ( 'NONE', #3181 ) ;
#3294 = ORIENTED_EDGE ( 'NONE', *, *, #3275, .T. ) ;
#3295 = FACE_OUTER_BOUND ( 'NONE', #2692, .T. ) ;
#3296 = VECTOR ( 'NONE', #1416, 1000.000000000000000 ) ;
#3297 = AXIS2_PLACEMENT_3D ( 'NONE', #3213, #794, #993 ) ;
#3298 = CARTESIAN_POINT ( 'NONE',  ( -3.685000000000000053, -4.336808689942014778E-16, -1.687500000000000000 ) ) ;
#3299 = CARTESIAN_POINT ( 'NONE',  ( 3.660000000000000142, 2.929999999999949978, -1.687500000000000000 ) ) ;
#3300 = VERTEX_POINT ( 'NONE', #1043 ) ;
#3301 = ORIENTED_EDGE ( 'NONE', *, *, #2769, .T. ) ;
#3302 = LINE ( 'NONE', #2172, #703 ) ;
#3303 = ADVANCED_FACE ( 'NONE', ( #436 ), #1991, .F. ) ;
#3304 = DIRECTION ( 'NONE',  ( 0.000000000000000000, 0.000000000000000000, 1.000000000000000000 ) ) ;
#3305 = LINE ( 'NONE', #917, #3271 ) ;
#3306 = EDGE_CURVE ( 'NONE', #2877, #1747, #1672, .T. ) ;
#3307 = EDGE_LOOP ( 'NONE', ( #2031, #3879, #2040, #1739 ) ) ;
#3308 = ORIENTED_EDGE ( 'NONE', *, *, #2146, .F. ) ;
#3309 = FACE_OUTER_BOUND ( 'NONE', #1113, .T. ) ;
#3310 = LINE ( 'NONE', #1209, #814 ) ;
#3311 = MANIFOLD_SOLID_BREP ( 'NONE', #2424 ) ;
#3312 = CARTESIAN_POINT ( 'NONE',  ( 3.935000000000000053, 3.204999999999954774, -1.992499999999999938 ) ) ;
#3313 = CARTESIAN_POINT ( 'NONE',  ( 3.685000000000000053, 2.929999999999949978, -1.687500000000000000 ) ) ;
#3314 = EDGE_CURVE ( 'NONE', #1747, #2737, #1917, .T. ) ;
#3315 = ORIENTED_EDGE ( 'NONE', *, *, #3908, .F. ) ;
#3316 = ORIENTED_EDGE ( 'NONE', *, *, #2827, .F. ) ;
#3317 = LINE ( 'NONE', #96, #2010 ) ;
#3318 = DIRECTION ( 'NONE',  ( -4.504103980651980163E-16, 1.000000000000000000, -1.370854316238213966E-16 ) ) ;
#3319 = EDGE_CURVE ( 'NONE', #1153, #2899, #1869, .T. ) ;
#3320 = DIRECTION ( 'NONE',  ( 0.000000000000000000, 0.9848077530122075762, 0.1736481776669324406 ) ) ;
#3321 = CARTESIAN_POINT ( 'NONE',  ( 3.660000000000000142, 3.204999999999949889, 0.8524999999999999245 ) ) ;
#3322 = EDGE_CURVE ( 'NONE', #1523, #1758, #476, .T. ) ;
#3323 = ORIENTED_EDGE ( 'NONE', *, *, #3577, .T. ) ;
#3324 = ORIENTED_EDGE ( 'NONE', *, *, #3330, .T. ) ;
#3325 = FILL_AREA_STYLE ('',( #3632 ) ) ;
#3326 = FACE_OUTER_BOUND ( 'NONE', #3064, .T. ) ;
#3327 = PLANE ( 'NONE',  #128 ) ;
#3328 = CIRCLE ( 'NONE', #2028, 0.2750000000000000777 ) ;
#3329 = DIRECTION ( 'NONE',  ( 1.000000000000000000, 0.000000000000000000, 0.000000000000000000 ) ) ;
#3330 = EDGE_CURVE ( 'NONE', #1643, #1771, #3179, .T. ) ;
#3331 = CARTESIAN_POINT ( 'NONE',  ( 3.935000000000000053, -0.7418666113899040626, 2.177500000000000213 ) ) ;
#3332 = ORIENTED_EDGE ( 'NONE', *, *, #957, .F. ) ;
#3333 = ORIENTED_EDGE ( 'NONE', *, *, #2666, .F. ) ;
#3334 = LINE ( 'NONE', #3559, #632 ) ;
#3335 =( LENGTH_UNIT ( ) NAMED_UNIT ( * ) SI_UNIT ( .MILLI., .METRE. ) );
#3336 = AXIS2_PLACEMENT_3D ( 'NONE', #1109, #2144, #286 ) ;
#3337 = PLANE ( 'NONE',  #1449 ) ;
#3338 = ORIENTED_EDGE ( 'NONE', *, *, #2257, .F. ) ;
#3339 = ORIENTED_EDGE ( 'NONE', *, *, #2134, .T. ) ;
#3340 = VECTOR ( 'NONE', #3581, 1000.000000000000000 ) ;
#3341 = ADVANCED_FACE ( 'NONE', ( #1845 ), #960, .F. ) ;
#3342 = LINE ( 'NONE', #2375, #699 ) ;
#3343 = PLANE ( 'NONE',  #1471 ) ;
#3344 = DIRECTION ( 'NONE',  ( -1.000000000000000000, -1.286886851614851933E-16, 0.000000000000000000 ) ) ;
#3345 = ORIENTED_EDGE ( 'NONE', *, *, #1928, .F. ) ;
#3346 = ORIENTED_EDGE ( 'NONE', *, *, #2438, .F. ) ;
#3347 = CIRCLE ( 'NONE', #368, 0.4499999999999999001 ) ;
#3348 = CARTESIAN_POINT ( 'NONE',  ( 3.158543437801574871, 2.954999999999950333, -1.992499999999999938 ) ) ;
#3349 = APPLICATION_PROTOCOL_DEFINITION ( 'draft international standard', 'automotive_design', 1998, #2151 ) ;
#3350 = ORIENTED_EDGE ( 'NONE', *, *, #3706, .T. ) ;
#3351 = ORIENTED_EDGE ( 'NONE', *, *, #1715, .F. ) ;
#3352 = CARTESIAN_POINT ( 'NONE',  ( -3.174999999999999822, 3.079999999999949889, -1.687500000000000000 ) ) ;
#3353 = FACE_OUTER_BOUND ( 'NONE', #1726, .T. ) ;
#3354 = VECTOR ( 'NONE', #145, 1000.000000000000000 ) ;
#3355 = DIRECTION ( 'NONE',  ( -0.000000000000000000, 1.000000000000000000, 0.000000000000000000 ) ) ;
#3356 = CARTESIAN_POINT ( 'NONE',  ( -3.685000000000000053, -4.336808689942014778E-16, 1.687500000000000000 ) ) ;
#3357 = EDGE_LOOP ( 'NONE', ( #3833, #1110, #1127, #2457, #3738, #3814, #2526, #3845, #3732, #702, #1333, #3790 ) ) ;
#3358 = FACE_OUTER_BOUND ( 'NONE', #1731, .T. ) ;
#3359 = EDGE_CURVE ( 'NONE', #1754, #779, #3231, .T. ) ;
#3360 = CARTESIAN_POINT ( 'NONE',  ( 3.685000000000000053, 1.550000000000000044, -1.992499999999999938 ) ) ;
#3361 = DIRECTION ( 'NONE',  ( 0.000000000000000000, 0.000000000000000000, -1.000000000000000000 ) ) ;
#3362 = ORIENTED_EDGE ( 'NONE', *, *, #3261, .T. ) ;
#3363 = LINE ( 'NONE', #3802, #667 ) ;
#3364 = EDGE_CURVE ( 'NONE', #376, #2877, #1909, .T. ) ;
#3365 = CARTESIAN_POINT ( 'NONE',  ( -3.935000000000000053, 8.673617379884030542E-16, -0.8524999999999999245 ) ) ;
#3366 = EDGE_CURVE ( 'NONE', #3039, #2593, #1822, .T. ) ;
#3367 = ORIENTED_EDGE ( 'NONE', *, *, #2292, .T. ) ;
#3368 = LINE ( 'NONE', #3395, #614 ) ;
#3369 = DIRECTION ( 'NONE',  ( 0.000000000000000000, -0.7071067811865435759, -0.7071067811865515695 ) ) ;
#3370 = CARTESIAN_POINT ( 'NONE',  ( 3.660000000000000142, 2.929999999999949978, 1.992499999999999938 ) ) ;
#3371 = DIRECTION ( 'NONE',  ( -1.000000000000000000, -1.286886851614851933E-16, 0.000000000000000000 ) ) ;
#3372 = VERTEX_POINT ( 'NONE', #854 ) ;
#3373 = CARTESIAN_POINT ( 'NONE',  ( 3.174999999999999822, 3.079999999999949889, 4.254999999999999893 ) ) ;
#3374 = VECTOR ( 'NONE', #2286, 1000.000000000000000 ) ;
#3375 = EDGE_CURVE ( 'NONE', #2564, #156, #528, .T. ) ;
#3376 = CARTESIAN_POINT ( 'NONE',  ( 3.935000000000000053, -3.810000000000000053, -2.230398094212539650 ) ) ;
#3377 = VERTEX_POINT ( 'NONE', #1811 ) ;
#3378 = ORIENTED_EDGE ( 'NONE', *, *, #3074, .T. ) ;
#3379 = VECTOR ( 'NONE', #929, 1000.000000000000114 ) ;
#3380 = CARTESIAN_POINT ( 'NONE',  ( 3.158543437801574871, 3.204999999999954774, -1.992499999999999938 ) ) ;
#3381 = AXIS2_PLACEMENT_3D ( 'NONE', #759, #936, #318 ) ;
#3382 = CARTESIAN_POINT ( 'NONE',  ( 0.000000000000000000, 1.550000000000000044, -4.053571678691284319 ) ) ;
#3383 = DIRECTION ( 'NONE',  ( 1.000000000000000000, 0.000000000000000000, 0.000000000000000000 ) ) ;
#3384 = ORIENTED_EDGE ( 'NONE', *, *, #918, .T. ) ;
#3385 = ORIENTED_EDGE ( 'NONE', *, *, #3210, .F. ) ;
#3386 = LINE ( 'NONE', #1103, #3289 ) ;
#3387 = AXIS2_PLACEMENT_3D ( 'NONE', #3459, #1627, #1307 ) ;
#3388 = CARTESIAN_POINT ( 'NONE',  ( -3.685000000000000053, -0.7418666113899050618, 2.637500000000000178 ) ) ;
#3389 = DIRECTION ( 'NONE',  ( 0.000000000000000000, 1.000000000000000000, 0.000000000000000000 ) ) ;
#3390 = CARTESIAN_POINT ( 'NONE',  ( -3.660000000000000142, 3.204999999999949889, 1.992499999999999938 ) ) ;
#3391 = ORIENTED_EDGE ( 'NONE', *, *, #3672, .F. ) ;
#3392 = EDGE_LOOP ( 'NONE', ( #2135, #1992, #3886, #1197 ) ) ;
#3393 = CYLINDRICAL_SURFACE ( 'NONE', #2727, 0.2750000000000000777 ) ;
#3394 = PLANE ( 'NONE',  #564 ) ;
#3395 = CARTESIAN_POINT ( 'NONE',  ( 3.935000000000000053, -3.510000000000000231, -2.177500000000000213 ) ) ;
#3396 = EDGE_CURVE ( 'NONE', #27, #1754, #548, .T. ) ;
#3397 = CARTESIAN_POINT ( 'NONE',  ( 3.935000000000000053, 2.929999999999949978, 0.8524999999999999245 ) ) ;
#3398 = ORIENTED_EDGE ( 'NONE', *, *, #1596, .T. ) ;
#3399 = VERTEX_POINT ( 'NONE', #2324 ) ;
#3400 = VECTOR ( 'NONE', #337, 1000.000000000000000 ) ;
#3401 = CARTESIAN_POINT ( 'NONE',  ( -3.158543437801574871, 3.204999999999949889, 1.992499999999999938 ) ) ;
#3402 = EDGE_CURVE ( 'NONE', #547, #1158, #484, .T. ) ;
#3403 = ORIENTED_EDGE ( 'NONE', *, *, #3571, .T. ) ;
#3404 = VECTOR ( 'NONE', #2295, 1000.000000000000000 ) ;
#3405 = ORIENTED_EDGE ( 'NONE', *, *, #86, .T. ) ;
#3406 = LINE ( 'NONE', #1232, #3420 ) ;
#3407 = CARTESIAN_POINT ( 'NONE',  ( 3.935000000000000053, -3.510000000000000231, 0.2300000000000000100 ) ) ;
#3408 = EDGE_CURVE ( 'NONE', #1092, #2142, #1796, .T. ) ;
#3409 = ORIENTED_EDGE ( 'NONE', *, *, #3228, .T. ) ;
#3410 = ORIENTED_EDGE ( 'NONE', *, *, #2129, .T. ) ;
#3411 = ORIENTED_EDGE ( 'NONE', *, *, #415, .T. ) ;
#3412 = EDGE_CURVE ( 'NONE', #2439, #2662, #3147, .T. ) ;
#3413 = DIRECTION ( 'NONE',  ( -1.073802901055005970E-16, 0.8344190475701450671, 0.5511305227005049989 ) ) ;
#3414 = PLANE ( 'NONE',  #335 ) ;
#3415 = VECTOR ( 'NONE', #1144, 1000.000000000000000 ) ;
#3416 = ORIENTED_EDGE ( 'NONE', *, *, #778, .T. ) ;
#3417 = DIRECTION ( 'NONE',  ( -2.234655566464512277E-17, 0.1736481776669295263, -0.9848077530122082424 ) ) ;
#3418 = PLANE ( 'NONE',  #370 ) ;
#3419 = ADVANCED_FACE ( 'NONE', ( #516 ), #571, .F. ) ;
#3420 = VECTOR ( 'NONE', #2722, 1000.000000000000000 ) ;
#3421 = AXIS2_PLACEMENT_3D ( 'NONE', #3819, #1193, #239 ) ;
#3422 = PLANE ( 'NONE',  #1729 ) ;
#3423 = ADVANCED_FACE ( 'NONE', ( #3173 ), #2379, .F. ) ;
#3424 = ORIENTED_EDGE ( 'NONE', *, *, #537, .F. ) ;
#3425 = FACE_OUTER_BOUND ( 'NONE', #1502, .T. ) ;
#3426 = PLANE ( 'NONE',  #2358 ) ;
#3427 = DIRECTION ( 'NONE',  ( 9.099664193966723036E-17, -0.7071067811865514585, -0.7071067811865435759 ) ) ;
#3428 = LINE ( 'NONE', #3766, #3354 ) ;
#3429 = AXIS2_PLACEMENT_3D ( 'NONE', #1320, #1080, #2310 ) ;
#3430 = ORIENTED_EDGE ( 'NONE', *, *, #1365, .F. ) ;
#3431 = CARTESIAN_POINT ( 'NONE',  ( -3.685000000000000053, -3.810000000000000053, -2.177500000000000213 ) ) ;
#3432 = VECTOR ( 'NONE', #1879, 1000.000000000000000 ) ;
#3433 = VERTEX_POINT ( 'NONE', #3291 ) ;
#3434 = AXIS2_PLACEMENT_3D ( 'NONE', #3696, #2782, #539 ) ;
#3435 = VECTOR ( 'NONE', #615, 1000.000000000000000 ) ;
#3436 = CARTESIAN_POINT ( 'NONE',  ( 3.935000000000000053, -3.510000000000000231, 2.637500000000000178 ) ) ;
#3437 = DIRECTION ( 'NONE',  ( -1.000000000000000000, -1.286886851614851933E-16, 0.000000000000000000 ) ) ;
#3438 = PRESENTATION_STYLE_ASSIGNMENT (( #2925 ) ) ;
#3439 = ORIENTED_EDGE ( 'NONE', *, *, #3805, .F. ) ;
#3440 = LINE ( 'NONE', #2184, #2159 ) ;
#3441 = DIRECTION ( 'NONE',  ( 1.286886851614851933E-16, -1.000000000000000000, 0.000000000000000000 ) ) ;
#3442 = CARTESIAN_POINT ( 'NONE',  ( -1.975000000000000089, 5.029999999999999361, -3.055000000000000160 ) ) ;
#3443 = AXIS2_PLACEMENT_3D ( 'NONE', #1724, #2940, #3241 ) ;
#3444 = CARTESIAN_POINT ( 'NONE',  ( 3.935000000000000053, 2.168404344971010051E-15, -1.687500000000000000 ) ) ;
#3445 = CIRCLE ( 'NONE', #1632, 0.02499999999999984873 ) ;
#3446 = DIRECTION ( 'NONE',  ( 0.9914448613738107152, 0.1305261922200500746, 0.000000000000000000 ) ) ;
#3447 = ORIENTED_EDGE ( 'NONE', *, *, #2198, .F. ) ;
#3448 = COLOUR_RGB ( '',0.7921568627450980005, 0.8196078431372548767, 0.9333333333333333481 ) ;
#3449 = EDGE_CURVE ( 'NONE', #2084, #211, #599, .T. ) ;
#3450 = ADVANCED_FACE ( 'NONE', ( #1809 ), #511, .F. ) ;
#3451 = CARTESIAN_POINT ( 'NONE',  ( -3.660000000000000142, 2.929999999999949978, 0.8524999999999999245 ) ) ;
#3452 = CARTESIAN_POINT ( 'NONE',  ( -2.911695004825210376, 5.080000000000000071, 3.991695004825209558 ) ) ;
#3453 =( NAMED_UNIT ( * ) PLANE_ANGLE_UNIT ( ) SI_UNIT ( $, .RADIAN. ) );
#3454 = VECTOR ( 'NONE', #3574, 1000.000000000000000 ) ;
#3455 = ADVANCED_FACE ( 'NONE', ( #1895 ), #2932, .F. ) ;
#3456 = ORIENTED_EDGE ( 'NONE', *, *, #2476, .F. ) ;
#3457 = CARTESIAN_POINT ( 'NONE',  ( 3.685000000000000053, -3.986072295692905332, -0.1460556095015214106 ) ) ;
#3458 = CARTESIAN_POINT ( 'NONE',  ( 3.935000000000000053, -0.7418666113899040626, 2.637500000000000178 ) ) ;
#3459 = CARTESIAN_POINT ( 'NONE',  ( 3.158543437801574871, 2.954999999999950333, 1.687500000000000000 ) ) ;
#3460 = EDGE_CURVE ( 'NONE', #2686, #1422, #3134, .T. ) ;
#3461 = LINE ( 'NONE', #2423, #3530 ) ;
#3462 = CARTESIAN_POINT ( 'NONE',  ( 3.685000000000000053, -2.723942692522719700, -0.6203348947371989386 ) ) ;
#3463 = CARTESIAN_POINT ( 'NONE',  ( 3.660000000000000142, 2.954999999999950333, -1.687500000000000000 ) ) ;
#3464 = ORIENTED_EDGE ( 'NONE', *, *, #3396, .F. ) ;
#3465 = LINE ( 'NONE', #584, #3497 ) ;
#3466 = EDGE_CURVE ( 'NONE', #3776, #3104, #1840, .T. ) ;
#3467 = DIRECTION ( 'NONE',  ( 0.000000000000000000, -1.000000000000000000, 1.566690647129389750E-16 ) ) ;
#3468 = LINE ( 'NONE', #1549, #2227 ) ;
#3469 = ORIENTED_EDGE ( 'NONE', *, *, #2263, .F. ) ;
#3470 = LINE ( 'NONE', #3097, #2154 ) ;
#3471 = CARTESIAN_POINT ( 'NONE',  ( 3.158543437801574871, 2.954999999999950333, 0.8524999999999999245 ) ) ;
#3472 = DIRECTION ( 'NONE',  ( -1.267336148719775439E-16, 0.9848077530122079093, 0.1736481776669314692 ) ) ;
#3473 = PRODUCT_DEFINITION ( 'UNKNOWN', '', #3518, #798 ) ;
#3474 = AXIS2_PLACEMENT_3D ( 'NONE', #896, #1183, #1515 ) ;
#3475 = DIRECTION ( 'NONE',  ( -0.1305261922200499358, 0.9914448613738106042, 2.598010084836514366E-16 ) ) ;
#3476 = FACE_OUTER_BOUND ( 'NONE', #3784, .T. ) ;
#3477 = DIRECTION ( 'NONE',  ( 0.000000000000000000, 0.000000000000000000, -1.000000000000000000 ) ) ;
#3478 = EDGE_LOOP ( 'NONE', ( #1476, #1311, #1206, #682 ) ) ;
#3479 = DIRECTION ( 'NONE',  ( 0.1305261922200499358, -0.9914448613738106042, 0.000000000000000000 ) ) ;
#3480 = AXIS2_PLACEMENT_3D ( 'NONE', #1130, #2690, #3053 ) ;
#3481 = CARTESIAN_POINT ( 'NONE',  ( -3.935000000000000053, 2.929999999999949978, 1.687500000000000000 ) ) ;
#3482 = PRODUCT_CONTEXT ( 'NONE', #1713, 'mechanical' ) ;
#3483 = ORIENTED_EDGE ( 'NONE', *, *, #1701, .F. ) ;
#3484 = SHAPE_DEFINITION_REPRESENTATION ( #1577, #974 ) ;
#3485 = DIRECTION ( 'NONE',  ( -1.000000000000000000, -1.286886851614851933E-16, 0.000000000000000000 ) ) ;
#3486 = AXIS2_PLACEMENT_3D ( 'NONE', #2378, #2170, #1140 ) ;
#3487 = LINE ( 'NONE', #3313, #935 ) ;
#3488 = ADVANCED_FACE ( 'NONE', ( #492 ), #520, .F. ) ;
#3489 = ORIENTED_EDGE ( 'NONE', *, *, #2990, .T. ) ;
#3490 = LINE ( 'NONE', #3637, #3435 ) ;
#3491 = DIRECTION ( 'NONE',  ( 4.504103980651980163E-16, -1.000000000000000000, -7.833453235646948748E-17 ) ) ;
#3492 = UNCERTAINTY_MEASURE_WITH_UNIT (LENGTH_MEASURE( 1.000000000000000082E-05 ), #754, 'distance_accuracy_value', 'NONE');
#3493 = CARTESIAN_POINT ( 'NONE',  ( 3.660000000000000142, 3.204999999999949889, -1.687500000000000000 ) ) ;
#3494 = VECTOR ( 'NONE', #2847, 1000.000000000000000 ) ;
#3495 = EDGE_CURVE ( 'NONE', #2638, #1559, #1828, .T. ) ;
#3496 = VERTEX_POINT ( 'NONE', #2350 ) ;
#3497 = VECTOR ( 'NONE', #308, 1000.000000000000000 ) ;
#3498 = CARTESIAN_POINT ( 'NONE',  ( -3.935000000000000053, 2.929999999999949978, -1.687500000000000000 ) ) ;
#3499 = DIRECTION ( 'NONE',  ( 0.000000000000000000, 1.000000000000000000, 0.000000000000000000 ) ) ;
#3500 = CARTESIAN_POINT ( 'NONE',  ( -1.975000000000000089, 5.080000000000000071, -3.055000000000000160 ) ) ;
#3501 = VECTOR ( 'NONE', #1074, 1000.000000000000000 ) ;
#3502 = EDGE_CURVE ( 'NONE', #3941, #1716, #3199, .T. ) ;
#3503 = VECTOR ( 'NONE', #2479, 1000.000000000000000 ) ;
#3504 = DIRECTION ( 'NONE',  ( 0.000000000000000000, 0.000000000000000000, 1.000000000000000000 ) ) ;
#3505 = EDGE_CURVE ( 'NONE', #1875, #2849, #1816, .T. ) ;
#3506 = DIRECTION ( 'NONE',  ( 1.267336148719775192E-16, -0.9848077530122075762, 0.1736481776669324406 ) ) ;
#3507 =( NAMED_UNIT ( * ) PLANE_ANGLE_UNIT ( ) SI_UNIT ( $, .RADIAN. ) );
#3508 = FACE_OUTER_BOUND ( 'NONE', #1451, .T. ) ;
#3509 = EDGE_CURVE ( 'NONE', #16, #1120, #3130, .T. ) ;
#3510 = DIRECTION ( 'NONE',  ( -3.156817056190080321E-16, 0.7008757057453910422, 0.7132834255020229497 ) ) ;
#3511 = MANIFOLD_SOLID_BREP ( 'NONE', #2986 ) ;
#3512 = FILL_AREA_STYLE_COLOUR ( '', #789 ) ;
#3513 = PRODUCT_DEFINITION_CONTEXT ( 'detailed design', #3133, 'design' ) ;
#3514 = CYLINDRICAL_SURFACE ( 'NONE', #1817, 0.2750000000000000777 ) ;
#3515 = EDGE_CURVE ( 'NONE', #1591, #1475, #1901, .T. ) ;
#3516 = CARTESIAN_POINT ( 'NONE',  ( 3.935000000000000053, -3.510000000000000231, -0.2300000000000000100 ) ) ;
#3517 = CARTESIAN_POINT ( 'NONE',  ( -3.158543437801574871, 2.954999999999950333, 1.687500000000000000 ) ) ;
#3518 = PRODUCT_DEFINITION_FORMATION_WITH_SPECIFIED_SOURCE ( 'ANY', '', #1681, .NOT_KNOWN. ) ;
#3519 = ADVANCED_FACE ( 'NONE', ( #1834 ), #3418, .F. ) ;
#3520 = PLANE ( 'NONE',  #1693 ) ;
#3521 = DIRECTION ( 'NONE',  ( 1.000000000000000000, 0.000000000000000000, 0.000000000000000000 ) ) ;
#3522 = CARTESIAN_POINT ( 'NONE',  ( 3.935000000000000053, 2.929999999999949978, 0.8524999999999999245 ) ) ;
#3523 = DIRECTION ( 'NONE',  ( -4.504103980651980163E-16, 1.000000000000000000, 0.000000000000000000 ) ) ;
#3524 = VECTOR ( 'NONE', #3795, 1000.000000000000000 ) ;
#3525 = PLANE ( 'NONE',  #2011 ) ;
#3526 = AXIS2_PLACEMENT_3D ( 'NONE', #551, #3960, #867 ) ;
#3527 = CARTESIAN_POINT ( 'NONE',  ( 3.935000000000000053, -3.810000000000000053, 0.1771019057874599900 ) ) ;
#3528 = CARTESIAN_POINT ( 'NONE',  ( 3.660000000000000142, 2.954999999999950333, -0.8524999999999999245 ) ) ;
#3529 = VECTOR ( 'NONE', #3183, 1000.000000000000000 ) ;
#3530 = VECTOR ( 'NONE', #2446, 1000.000000000000000 ) ;
#3531 = VECTOR ( 'NONE', #405, 1000.000000000000227 ) ;
#3532 = EDGE_CURVE ( 'NONE', #1477, #2922, #3247, .T. ) ;
#3533 = CARTESIAN_POINT ( 'NONE',  ( 3.158543437801574871, 3.204999999999949889, -3.392500000000000071 ) ) ;
#3534 = PRESENTATION_STYLE_ASSIGNMENT (( #1700 ) ) ;
#3535 = CARTESIAN_POINT ( 'NONE',  ( -3.935000000000000053, 3.609717618779594656E-16, 1.687500000000000000 ) ) ;
#3536 = PLANE ( 'NONE',  #3429 ) ;
#3537 = PLANE ( 'NONE',  #2485 ) ;
#3538 = ADVANCED_FACE ( 'NONE', ( #606 ), #2452, .F. ) ;
#3539 = EDGE_CURVE ( 'NONE', #2951, #231, #2059, .T. ) ;
#3540 = LINE ( 'NONE', #1723, #3524 ) ;
#3541 = ADVANCED_FACE ( 'NONE', ( #3326 ), #380, .F. ) ;
#3542 = EDGE_CURVE ( 'NONE', #2966, #3773, #2000, .T. ) ;
#3543 = LINE ( 'NONE', #3897, #986 ) ;
#3544 = CARTESIAN_POINT ( 'NONE',  ( -3.685000000000000053, 2.929999999999949978, 1.687500000000000000 ) ) ;
#3545 = FACE_OUTER_BOUND ( 'NONE', #1362, .T. ) ;
#3546 = LINE ( 'NONE', #715, #915 ) ;
#3547 = CARTESIAN_POINT ( 'NONE',  ( -3.174999999999999822, 3.079999999999949889, 0.8524999999999999245 ) ) ;
#3548 = EDGE_CURVE ( 'NONE', #1174, #1570, #1940, .T. ) ;
#3549 = LINE ( 'NONE', #187, #2195 ) ;
#3550 =( NAMED_UNIT ( * ) PLANE_ANGLE_UNIT ( ) SI_UNIT ( $, .RADIAN. ) );
#3551 = FACE_OUTER_BOUND ( 'NONE', #1594, .T. ) ;
#3552 = AXIS2_PLACEMENT_3D ( 'NONE', #382, #972, #2759 ) ;
#3553 = CARTESIAN_POINT ( 'NONE',  ( -3.660000000000000142, 2.929999999999949978, 1.687500000000000000 ) ) ;
#3554 = CYLINDRICAL_SURFACE ( 'NONE', #2858, 0.4499999999999999001 ) ;
#3555 = DIRECTION ( 'NONE',  ( 1.000000000000000000, 1.286886851614849961E-16, 0.000000000000000000 ) ) ;
#3556 = DIRECTION ( 'NONE',  ( -1.000000000000000000, 0.000000000000000000, 0.000000000000000000 ) ) ;
#3557 = VECTOR ( 'NONE', #1970, 1000.000000000000000 ) ;
#3558 = DIRECTION ( 'NONE',  ( -4.504103980651980163E-16, 1.000000000000000000, 1.566690647129389750E-16 ) ) ;
#3559 = CARTESIAN_POINT ( 'NONE',  ( -3.685000000000000053, -3.810000000000000053, 3.392500000000000071 ) ) ;
#3560 = AXIS2_PLACEMENT_3D ( 'NONE', #1401, #2081, #3555 ) ;
#3561 = LINE ( 'NONE', #59, #3529 ) ;
#3562 = CARTESIAN_POINT ( 'NONE',  ( 3.935000000000000053, -0.7418666113899040626, -2.637500000000000178 ) ) ;
#3563 = VECTOR ( 'NONE', #764, 1000.000000000000000 ) ;
#3564 = CARTESIAN_POINT ( 'NONE',  ( -3.935000000000000053, -2.419034847876785039E-17, 0.8524999999999999245 ) ) ;
#3565 = FACE_OUTER_BOUND ( 'NONE', #1354, .T. ) ;
#3566 = AXIS2_PLACEMENT_3D ( 'NONE', #1289, #2573, #92 ) ;
#3567 = ADVANCED_FACE ( 'NONE', ( #1948 ), #2853, .F. ) ;
#3568 = FACE_OUTER_BOUND ( 'NONE', #3050, .T. ) ;
#3569 = DIRECTION ( 'NONE',  ( 0.000000000000000000, 0.000000000000000000, -1.000000000000000000 ) ) ;
#3570 = LINE ( 'NONE', #523, #826 ) ;
#3571 = EDGE_CURVE ( 'NONE', #1375, #1680, #3302, .T. ) ;
#3572 = DIRECTION ( 'NONE',  ( 0.9914448613738107152, 0.1305261922200500746, 0.000000000000000000 ) ) ;
#3573 = FACE_OUTER_BOUND ( 'NONE', #312, .T. ) ;
#3574 = DIRECTION ( 'NONE',  ( -1.000000000000000000, -1.286886851614851933E-16, 0.000000000000000000 ) ) ;
#3575 = VECTOR ( 'NONE', #2917, 1000.000000000000000 ) ;
#3576 = CARTESIAN_POINT ( 'NONE',  ( 2.973571678691285136, 1.550000000000000044, 4.053571678691284319 ) ) ;
#3577 = EDGE_CURVE ( 'NONE', #3816, #803, #660, .T. ) ;
#3578 = CARTESIAN_POINT ( 'NONE',  ( 3.660000000000000142, 2.954999999999950333, 3.392500000000000071 ) ) ;
#3579 = LINE ( 'NONE', #2280, #2398 ) ;
#3580 = CARTESIAN_POINT ( 'NONE',  ( 3.935000000000000053, -0.7418666113899040626, 2.637500000000000178 ) ) ;
#3581 = DIRECTION ( 'NONE',  ( 0.000000000000000000, -0.7660444431189817882, -0.6427876096865349220 ) ) ;
#3582 = EDGE_CURVE ( 'NONE', #547, #1352, #3317, .T. ) ;
#3583 = VECTOR ( 'NONE', #3137, 1000.000000000000000 ) ;
#3584 = VECTOR ( 'NONE', #3709, 1000.000000000000114 ) ;
#3585 = DIRECTION ( 'NONE',  ( -1.000000000000000000, -1.286886851614851933E-16, 0.000000000000000000 ) ) ;
#3586 = CARTESIAN_POINT ( 'NONE',  ( 0.000000000000000000, 5.080000000000000071, -3.991695004825209558 ) ) ;
#3587 = PRESENTATION_STYLE_ASSIGNMENT (( #2110 ) ) ;
#3588 = CARTESIAN_POINT ( 'NONE',  ( -3.660000000000000142, 2.954999999999950333, 1.687500000000000000 ) ) ;
#3589 = LINE ( 'NONE', #3382, #982 ) ;
#3590 = AXIS2_PLACEMENT_3D ( 'NONE', #1117, #3572, #1093 ) ;
#3591 = VECTOR ( 'NONE', #2399, 1000.000000000000000 ) ;
#3592 = DIRECTION ( 'NONE',  ( 0.000000000000000000, -1.000000000000000000, 2.620428211445405372E-16 ) ) ;
#3593 = DIRECTION ( 'NONE',  ( 0.000000000000000000, 0.000000000000000000, -1.000000000000000000 ) ) ;
#3594 = VECTOR ( 'NONE', #3167, 1000.000000000000000 ) ;
#3595 = ADVANCED_FACE ( 'NONE', ( #3309 ), #741, .F. ) ;
#3596 = VECTOR ( 'NONE', #2658, 1000.000000000000000 ) ;
#3597 = AXIS2_PLACEMENT_3D ( 'NONE', #3141, #977, #1621 ) ;
#3598 = CARTESIAN_POINT ( 'NONE',  ( -2.862919201725234952, 5.450489006998090247, -3.942919201725235023 ) ) ;
#3599 = SURFACE_STYLE_FILL_AREA ( #3325 ) ;
#3600 = DIRECTION ( 'NONE',  ( 0.000000000000000000, 0.000000000000000000, 1.000000000000000000 ) ) ;
#3601 = FACE_OUTER_BOUND ( 'NONE', #15, .T. ) ;
#3602 = VECTOR ( 'NONE', #3122, 1000.000000000000000 ) ;
#3603 = DIRECTION ( 'NONE',  ( -4.504103980651980163E-16, 1.000000000000000000, 0.000000000000000000 ) ) ;
#3604 = AXIS2_PLACEMENT_3D ( 'NONE', #2454, #3446, #2176 ) ;
#3605 = VECTOR ( 'NONE', #3016, 1000.000000000000000 ) ;
#3606 = CARTESIAN_POINT ( 'NONE',  ( 3.935000000000000053, -3.510000000000000231, 2.177500000000000213 ) ) ;
#3607 = DIRECTION ( 'NONE',  ( -3.133381294258775062E-16, 1.000000000000000000, -1.370854316238213966E-16 ) ) ;
#3608 = VECTOR ( 'NONE', #3078, 1000.000000000000000 ) ;
#3609 = SURFACE_STYLE_FILL_AREA ( #3 ) ;
#3610 = CARTESIAN_POINT ( 'NONE',  ( 3.935000000000000053, 1.373751714098847875E-15, 3.392500000000000071 ) ) ;
#3611 =( NAMED_UNIT ( * ) SI_UNIT ( $, .STERADIAN. ) SOLID_ANGLE_UNIT ( ) );
#3612 = ORIENTED_EDGE ( 'NONE', *, *, #3080, .T. ) ;
#3613 = VECTOR ( 'NONE', #679, 1000.000000000000114 ) ;
#3614 = MECHANICAL_DESIGN_GEOMETRIC_PRESENTATION_REPRESENTATION (  '', ( #3654 ), #1825 ) ;
#3615 = UNCERTAINTY_MEASURE_WITH_UNIT (LENGTH_MEASURE( 1.000000000000000082E-05 ), #3787, 'distance_accuracy_value', 'NONE');
#3616 = DIRECTION ( 'NONE',  ( 0.1305261922200499358, -0.9914448613738106042, 0.000000000000000000 ) ) ;
#3617 = VECTOR ( 'NONE', #1001, 1000.000000000000000 ) ;
#3618 = VECTOR ( 'NONE', #3413, 1000.000000000000227 ) ;
#3619 = CARTESIAN_POINT ( 'NONE',  ( 3.174999999999999822, 3.079999999999949889, 1.992499999999999938 ) ) ;
#3620 = LINE ( 'NONE', #3348, #979 ) ;
#3621 = DIRECTION ( 'NONE',  ( 0.000000000000000000, 0.000000000000000000, -1.000000000000000000 ) ) ;
#3622 = EDGE_CURVE ( 'NONE', #2757, #1628, #753, .T. ) ;
#3623 = FACE_OUTER_BOUND ( 'NONE', #1784, .T. ) ;
#3624 = DIRECTION ( 'NONE',  ( 0.000000000000000000, 0.000000000000000000, -1.000000000000000000 ) ) ;
#3625 = LINE ( 'NONE', #1956, #2326 ) ;
#3626 = PRODUCT_CONTEXT ( 'NONE', #2151, 'mechanical' ) ;
#3627 = FILL_AREA_STYLE_COLOUR ( '', #496 ) ;
#3628 = LINE ( 'NONE', #3290, #954 ) ;
#3629 = PLANE ( 'NONE',  #3837 ) ;
#3630 = EDGE_CURVE ( 'NONE', #203, #1737, #3267, .T. ) ;
#3631 = VECTOR ( 'NONE', #848, 1000.000000000000000 ) ;
#3632 = FILL_AREA_STYLE_COLOUR ( '', #2249 ) ;
#3633 = FACE_OUTER_BOUND ( 'NONE', #2693, .T. ) ;
#3634 = VERTEX_POINT ( 'NONE', #687 ) ;
#3635 = LINE ( 'NONE', #265, #2318 ) ;
#3636 = CARTESIAN_POINT ( 'NONE',  ( -3.935000000000000053, -3.510000000000000231, 2.637500000000000178 ) ) ;
#3637 = CARTESIAN_POINT ( 'NONE',  ( 3.935000000000000053, -3.810000000000000053, 0.1771019057874599900 ) ) ;
#3638 = LINE ( 'NONE', #3883, #2368 ) ;
#3639 = CARTESIAN_POINT ( 'NONE',  ( 3.685000000000000053, -3.810000000000000053, 0.8524999999999999245 ) ) ;
#3640 = DIRECTION ( 'NONE',  ( 1.000000000000000000, 0.000000000000000000, 0.000000000000000000 ) ) ;
#3641 = CARTESIAN_POINT ( 'NONE',  ( -3.935000000000000053, 2.573350670850880206, 3.710158856381964743 ) ) ;
#3642 = FACE_OUTER_BOUND ( 'NONE', #2857, .T. ) ;
#3643 = CARTESIAN_POINT ( 'NONE',  ( 3.660000000000000142, 2.929999999999949978, 3.392500000000000071 ) ) ;
#3644 = CYLINDRICAL_SURFACE ( 'NONE', #3009, 0.2750000000000000777 ) ;
#3645 = CARTESIAN_POINT ( 'NONE',  ( -3.935000000000000053, 1.719394580282040064, 2.295243358162860403 ) ) ;
#3646 = VECTOR ( 'NONE', #2787, 999.9999999999998863 ) ;
#3647 = DIRECTION ( 'NONE',  ( 0.000000000000000000, 0.000000000000000000, -1.000000000000000000 ) ) ;
#3648 = VECTOR ( 'NONE', #2830, 1000.000000000000000 ) ;
#3649 = CARTESIAN_POINT ( 'NONE',  ( 3.158543437801574871, 3.204999999999954774, 1.992499999999999938 ) ) ;
#3650 = DIRECTION ( 'NONE',  ( -1.000000000000000000, 0.000000000000000000, 1.079826282556899960E-16 ) ) ;
#3651 = VECTOR ( 'NONE', #3441, 1000.000000000000000 ) ;
#3652 = CARTESIAN_POINT ( 'NONE',  ( -3.158543437801574871, 3.204999999999949889, 0.8524999999999999245 ) ) ;
#3653 = LINE ( 'NONE', #442, #988 ) ;
#3654 = STYLED_ITEM ( 'NONE', ( #3438 ), #489 ) ;
#3655 = LINE ( 'NONE', #1658, #3584 ) ;
#3656 = ORIENTED_EDGE ( 'NONE', *, *, #2342, .F. ) ;
#3657 = FACE_OUTER_BOUND ( 'NONE', #1396, .T. ) ;
#3658 = CARTESIAN_POINT ( 'NONE',  ( -1.975000000000000089, 5.029999999999999361, -3.055000000000000160 ) ) ;
#3659 = LINE ( 'NONE', #3533, #996 ) ;
#3660 = VECTOR ( 'NONE', #940, 1000.000000000000000 ) ;
#3661 = EDGE_CURVE ( 'NONE', #2784, #736, #683, .T. ) ;
#3662 = CARTESIAN_POINT ( 'NONE',  ( -3.685000000000000053, 3.931439331683309919E-16, -3.392500000000000071 ) ) ;
#3663 = CARTESIAN_POINT ( 'NONE',  ( -3.174999999999999822, 3.079999999999949889, 1.687500000000000000 ) ) ;
#3664 = VECTOR ( 'NONE', #2963, 1000.000000000000000 ) ;
#3665 = LINE ( 'NONE', #1575, #1034 ) ;
#3666 = CARTESIAN_POINT ( 'NONE',  ( -3.685000000000000053, -2.235799778455525022, -1.023558769488251974 ) ) ;
#3667 = LINE ( 'NONE', #1384, #2282 ) ;
#3668 = EDGE_CURVE ( 'NONE', #799, #1106, #676, .T. ) ;
#3669 = SURFACE_SIDE_STYLE ('',( #3609 ) ) ;
#3670 = LINE ( 'NONE', #2518, #2364 ) ;
#3671 = DIRECTION ( 'NONE',  ( 0.000000000000000000, 1.000000000000000000, 0.000000000000000000 ) ) ;
#3672 = EDGE_CURVE ( 'NONE', #1234, #2849, #3282, .T. ) ;
#3673 = VECTOR ( 'NONE', #2934, 1000.000000000000000 ) ;
#3674 = CARTESIAN_POINT ( 'NONE',  ( 3.935000000000000053, 1.373751714098847875E-15, 3.392500000000000071 ) ) ;
#3675 = CYLINDRICAL_SURFACE ( 'NONE', #517, 0.2750000000000000777 ) ;
#3676 = DIRECTION ( 'NONE',  ( -0.1294283079955605986, 0.9831056027603608527, -0.1294283079955610150 ) ) ;
#3677 = EDGE_CURVE ( 'NONE', #2786, #2944, #3368, .T. ) ;
#3678 = LINE ( 'NONE', #3891, #1044 ) ;
#3679 = DIRECTION ( 'NONE',  ( 1.000000000000000000, -4.504103980651980163E-16, 0.000000000000000000 ) ) ;
#3680 = LINE ( 'NONE', #1797, #3631 ) ;
#3681 = LINE ( 'NONE', #3033, #3618 ) ;
#3682 = ADVANCED_FACE ( 'NONE', ( #3358 ), #823, .F. ) ;
#3683 = LINE ( 'NONE', #1284, #3664 ) ;
#3684 = LINE ( 'NONE', #2821, #2407 ) ;
#3685 = CARTESIAN_POINT ( 'NONE',  ( 3.174999999999999822, 3.079999999999949889, -1.687500000000000000 ) ) ;
#3686 = FILL_AREA_STYLE_COLOUR ( '', #3448 ) ;
#3687 = VECTOR ( 'NONE', #395, 1000.000000000000000 ) ;
#3688 = AXIS2_PLACEMENT_3D ( 'NONE', #2987, #2595, #3864 ) ;
#3689 = CARTESIAN_POINT ( 'NONE',  ( 3.685000000000000053, -0.7418666113899040626, 2.177500000000000213 ) ) ;
#3690 = VECTOR ( 'NONE', #3510, 1000.000000000000114 ) ;
#3691 = CARTESIAN_POINT ( 'NONE',  ( 3.660000000000000142, 2.954999999999950333, 1.687500000000000000 ) ) ;
#3692 = LINE ( 'NONE', #2689, #3596 ) ;
#3693 = AXIS2_PLACEMENT_3D ( 'NONE', #2408, #305, #1464 ) ;
#3694 = CARTESIAN_POINT ( 'NONE',  ( 3.935000000000000053, -3.510000000000000231, -2.637500000000000178 ) ) ;
#3695 = LINE ( 'NONE', #3471, #2414 ) ;
#3696 = CARTESIAN_POINT ( 'NONE',  ( 3.935000000000000053, 3.204999999999954774, 1.992499999999999938 ) ) ;
#3697 = CARTESIAN_POINT ( 'NONE',  ( 3.685000000000000053, -2.652732109871374977, -3.439619200245035202 ) ) ;
#3698 = CARTESIAN_POINT ( 'NONE',  ( 3.685000000000000053, -3.963413461197579757, -2.557550973374454806 ) ) ;
#3699 = LINE ( 'NONE', #2522, #2503 ) ;
#3700 = EDGE_CURVE ( 'NONE', #779, #1591, #2017, .T. ) ;
#3701 = DIRECTION ( 'NONE',  ( -9.179150617533549474E-17, 0.7132834255020230607, 0.7008757057453910422 ) ) ;
#3702 = CIRCLE ( 'NONE', #3745, 0.2750000000000000777 ) ;
#3703 = LINE ( 'NONE', #661, #3824 ) ;
#3704 = PLANE ( 'NONE',  #1564 ) ;
#3705 = CARTESIAN_POINT ( 'NONE',  ( 3.935000000000000053, -0.7418666113899029524, -0.2300000000000000100 ) ) ;
#3706 = EDGE_CURVE ( 'NONE', #317, #2531, #1954, .T. ) ;
#3707 = FACE_OUTER_BOUND ( 'NONE', #460, .T. ) ;
#3708 = DIRECTION ( 'NONE',  ( 0.000000000000000000, 0.000000000000000000, -1.000000000000000000 ) ) ;
#3709 = DIRECTION ( 'NONE',  ( -0.1305261922200499358, 0.9914448613738106042, -2.598010084836514366E-16 ) ) ;
#3710 = ADVANCED_FACE ( 'NONE', ( #2072 ), #3537, .F. ) ;
#3711 = VERTEX_POINT ( 'NONE', #2335 ) ;
#3712 = LINE ( 'NONE', #549, #2515 ) ;
#3713 = ADVANCED_FACE ( 'NONE', ( #3277 ), #2086, .F. ) ;
#3714 = EDGE_CURVE ( 'NONE', #2528, #2892, #3363, .T. ) ;
#3715 = VERTEX_POINT ( 'NONE', #2996 ) ;
#3716 = EDGE_CURVE ( 'NONE', #803, #1737, #3386, .T. ) ;
#3717 = CARTESIAN_POINT ( 'NONE',  ( -3.660000000000000142, 3.204999999999949889, 0.8524999999999999245 ) ) ;
#3718 = CARTESIAN_POINT ( 'NONE',  ( 2.973571678691285136, 1.550000000000000044, 0.000000000000000000 ) ) ;
#3719 = VECTOR ( 'NONE', #3135, 1000.000000000000000 ) ;
#3720 = DIRECTION ( 'NONE',  ( 0.000000000000000000, 0.000000000000000000, -1.000000000000000000 ) ) ;
#3721 = DIRECTION ( 'NONE',  ( -1.000000000000000000, 0.000000000000000000, 2.269128730586679577E-17 ) ) ;
#3722 = CARTESIAN_POINT ( 'NONE',  ( -3.660000000000000142, 3.204999999999949889, 0.8524999999999999245 ) ) ;
#3723 = ORIENTED_EDGE ( 'NONE', *, *, #1928, .T. ) ;
#3724 = PLANE ( 'NONE',  #2492 ) ;
#3725 = CARTESIAN_POINT ( 'NONE',  ( 3.660000000000000142, 2.929999999999949978, -1.992499999999999938 ) ) ;
#3726 = FACE_OUTER_BOUND ( 'NONE', #3307, .T. ) ;
#3727 = EDGE_CURVE ( 'NONE', #553, #311, #3334, .T. ) ;
#3728 = DIRECTION ( 'NONE',  ( 0.000000000000000000, 0.000000000000000000, -1.000000000000000000 ) ) ;
#3729 = DIRECTION ( 'NONE',  ( 0.000000000000000000, 0.000000000000000000, -1.000000000000000000 ) ) ;
#3730 = CARTESIAN_POINT ( 'NONE',  ( 3.685000000000000053, -3.810000000000000053, 0.8524999999999999245 ) ) ;
#3731 = ADVANCED_BREP_SHAPE_REPRESENTATION ( '', ( #1369, #3311, #2247, #775, #3511, #489, #3911, #1606, #1801 ), #469 ) ;
#3732 = ORIENTED_EDGE ( 'NONE', *, *, #2213, .F. ) ;
#3733 = EDGE_LOOP ( 'NONE', ( #3056, #2671, #1709, #1767, #404, #1509, #3367, #3971, #3958, #2539 ) ) ;
#3734 = VECTOR ( 'NONE', #1837, 1000.000000000000114 ) ;
#3735 = PLANE ( 'NONE',  #3092 ) ;
#3736 =( NAMED_UNIT ( * ) SI_UNIT ( $, .STERADIAN. ) SOLID_ANGLE_UNIT ( ) );
#3737 = AXIS2_PLACEMENT_3D ( 'NONE', #3912, #2385, #870 ) ;
#3738 = ORIENTED_EDGE ( 'NONE', *, *, #310, .F. ) ;
#3739 = CARTESIAN_POINT ( 'NONE',  ( 2.911695004825210376, 5.080000000000000071, -3.991695004825209558 ) ) ;
#3740 = CARTESIAN_POINT ( 'NONE',  ( 3.174999999999999822, 3.079999999999949889, -1.687500000000000000 ) ) ;
#3741 = CARTESIAN_POINT ( 'NONE',  ( 3.935000000000000053, 1.245000000000000107, 1.687500000000000000 ) ) ;
#3742 = FACE_OUTER_BOUND ( 'NONE', #1496, .T. ) ;
#3743 = DIRECTION ( 'NONE',  ( -1.000000000000000000, -1.286886851614851933E-16, 0.000000000000000000 ) ) ;
#3744 = CARTESIAN_POINT ( 'NONE',  ( -3.935000000000000053, 2.929999999999949978, -1.992499999999999938 ) ) ;
#3745 = AXIS2_PLACEMENT_3D ( 'NONE', #1670, #987, #1096 ) ;
#3746 = EDGE_LOOP ( 'NONE', ( #2640, #2656, #665, #3288 ) ) ;
#3747 = PLANE ( 'NONE',  #760 ) ;
#3748 = ADVANCED_FACE ( 'NONE', ( #3353 ), #2654, .F. ) ;
#3749 = LINE ( 'NONE', #2307, #1078 ) ;
#3750 = PLANE ( 'NONE',  #3107 ) ;
#3751 = ADVANCED_FACE ( 'NONE', ( #712 ), #3393, .T. ) ;
#3752 = CARTESIAN_POINT ( 'NONE',  ( 3.685000000000000053, 4.336808689942014778E-16, 3.392500000000000071 ) ) ;
#3753 = PLANE ( 'NONE',  #3566 ) ;
#3754 = ORIENTED_EDGE ( 'NONE', *, *, #573, .F. ) ;
#3755 = EDGE_CURVE ( 'NONE', #156, #556, #2024, .T. ) ;
#3756 = PLANE ( 'NONE',  #2192 ) ;
#3757 = CARTESIAN_POINT ( 'NONE',  ( 3.935000000000000053, -3.510000000000000231, -2.637500000000000178 ) ) ;
#3758 = CARTESIAN_POINT ( 'NONE',  ( -3.174999999999999822, 3.079999999999949889, 1.992499999999999938 ) ) ;
#3759 = VERTEX_POINT ( 'NONE', #3850 ) ;
#3760 = DIRECTION ( 'NONE',  ( 0.1305261922200499358, 0.9914448613738106042, 0.000000000000000000 ) ) ;
#3761 = ORIENTED_EDGE ( 'NONE', *, *, #3086, .F. ) ;
#3762 = EDGE_CURVE ( 'NONE', #490, #2490, #656, .T. ) ;
#3763 = CARTESIAN_POINT ( 'NONE',  ( 3.935000000000000053, 2.929999999999949978, -1.992499999999999938 ) ) ;
#3764 = CARTESIAN_POINT ( 'NONE',  ( 0.000000000000000000, 0.000000000000000000, 0.000000000000000000 ) ) ;
#3765 = VERTEX_POINT ( 'NONE', #1081 ) ;
#3766 = CARTESIAN_POINT ( 'NONE',  ( 3.685000000000000053, 2.929999999999949978, 1.687500000000000000 ) ) ;
#3767 = ORIENTED_EDGE ( 'NONE', *, *, #1710, .F. ) ;
#3768 = EDGE_CURVE ( 'NONE', #2610, #3287, #639, .T. ) ;
#3769 = EDGE_CURVE ( 'NONE', #3293, #2803, #647, .T. ) ;
#3770 = DIRECTION ( 'NONE',  ( -0.000000000000000000, 1.000000000000000000, 0.000000000000000000 ) ) ;
#3771 = EDGE_CURVE ( 'NONE', #1523, #547, #1987, .T. ) ;
#3772 = VERTEX_POINT ( 'NONE', #1151 ) ;
#3773 = VERTEX_POINT ( 'NONE', #2004 ) ;
#3774 = CARTESIAN_POINT ( 'NONE',  ( -3.935000000000000053, 1.550000000000000044, -1.992499999999999938 ) ) ;
#3775 = CARTESIAN_POINT ( 'NONE',  ( -3.685000000000000053, -3.963413461197579757, 2.557550973374454806 ) ) ;
#3776 = VERTEX_POINT ( 'NONE', #1473 ) ;
#3777 = AXIS2_PLACEMENT_3D ( 'NONE', #2034, #2684, #361 ) ;
#3778 = PLANE ( 'NONE',  #3236 ) ;
#3779 = AXIS2_PLACEMENT_3D ( 'NONE', #2674, #3013, #1787 ) ;
#3780 = DIRECTION ( 'NONE',  ( 0.000000000000000000, 1.000000000000000000, 0.000000000000000000 ) ) ;
#3781 = EDGE_LOOP ( 'NONE', ( #673, #839, #767, #2130 ) ) ;
#3782 = CARTESIAN_POINT ( 'NONE',  ( -1.975000000000000089, 5.029999999999999361, -2.604999999999999982 ) ) ;
#3783 = ORIENTED_EDGE ( 'NONE', *, *, #1221, .T. ) ;
#3784 = EDGE_LOOP ( 'NONE', ( #1258, #2576, #320, #248, #1626, #214, #1383, #1645, #2550, #197 ) ) ;
#3785 = AXIS2_PLACEMENT_3D ( 'NONE', #3463, #365, #2200 ) ;
#3786 = CARTESIAN_POINT ( 'NONE',  ( -3.174999999999999822, 3.079999999999949889, -3.392500000000000071 ) ) ;
#3787 =( LENGTH_UNIT ( ) NAMED_UNIT ( * ) SI_UNIT ( .MILLI., .METRE. ) );
#3788 = ORIENTED_EDGE ( 'NONE', *, *, #3449, .T. ) ;
#3789 = DIRECTION ( 'NONE',  ( -1.000000000000000000, -1.286886851614851933E-16, 0.000000000000000000 ) ) ;
#3790 = ORIENTED_EDGE ( 'NONE', *, *, #1661, .F. ) ;
#3791 = AXIS2_PLACEMENT_3D ( 'NONE', #3034, #33, #3467 ) ;
#3792 = DIRECTION ( 'NONE',  ( 3.450343825608533786E-16, -0.7660444431189817882, -0.6427876096865349220 ) ) ;
#3793 = EDGE_LOOP ( 'NONE', ( #2729, #1212, #1930, #515 ) ) ;
#3794 = EDGE_LOOP ( 'NONE', ( #2738, #3385, #102, #53 ) ) ;
#3795 = DIRECTION ( 'NONE',  ( -1.000000000000000000, 0.000000000000000000, 3.372194610909714747E-32 ) ) ;
#3796 = EDGE_CURVE ( 'NONE', #3071, #2813, #697, .T. ) ;
#3797 = LINE ( 'NONE', #3652, #2403 ) ;
#3798 = CARTESIAN_POINT ( 'NONE',  ( -1.975000000000000089, 5.080000000000000071, -3.504999999999999893 ) ) ;
#3799 = CARTESIAN_POINT ( 'NONE',  ( -3.935000000000000053, -0.7418666113899040626, -0.2300000000000000100 ) ) ;
#3800 = ORIENTED_EDGE ( 'NONE', *, *, #1372, .T. ) ;
#3801 = DIRECTION ( 'NONE',  ( -1.000000000000000000, -1.286886851614849961E-16, 0.000000000000000000 ) ) ;
#3802 = CARTESIAN_POINT ( 'NONE',  ( -3.935000000000000053, 0.5869256355308869466, -3.989816078149959644 ) ) ;
#3803 = VERTEX_POINT ( 'NONE', #2575 ) ;
#3804 = LINE ( 'NONE', #690, #2432 ) ;
#3805 = EDGE_CURVE ( 'NONE', #2813, #1874, #3347, .T. ) ;
#3806 = PLANE ( 'NONE',  #117 ) ;
#3807 = ORIENTED_EDGE ( 'NONE', *, *, #2139, .T. ) ;
#3808 = VERTEX_POINT ( 'NONE', #462 ) ;
#3809 = CARTESIAN_POINT ( 'NONE',  ( 2.911695004825210376, 5.080000000000000071, -4.254999999999999893 ) ) ;
#3810 = VECTOR ( 'NONE', #1391, 1000.000000000000000 ) ;
#3811 = ADVANCED_FACE ( 'NONE', ( #3295 ), #1727, .F. ) ;
#3812 = EDGE_CURVE ( 'NONE', #2181, #57, #2048, .T. ) ;
#3813 = CARTESIAN_POINT ( 'NONE',  ( 3.935000000000000053, -3.510000000000000231, -2.177500000000000213 ) ) ;
#3814 = ORIENTED_EDGE ( 'NONE', *, *, #3449, .F. ) ;
#3815 = CARTESIAN_POINT ( 'NONE',  ( -3.158543437801574871, 2.954999999999950333, -1.687500000000000000 ) ) ;
#3816 = VERTEX_POINT ( 'NONE', #3401 ) ;
#3817 = EDGE_CURVE ( 'NONE', #2417, #1643, #2053, .T. ) ;
#3818 = LINE ( 'NONE', #2343, #1182 ) ;
#3819 = CARTESIAN_POINT ( 'NONE',  ( 3.660000000000000142, 2.929999999999949978, 0.8524999999999999245 ) ) ;
#3820 = VERTEX_POINT ( 'NONE', #1535 ) ;
#3821 = ORIENTED_EDGE ( 'NONE', *, *, #2929, .F. ) ;
#3822 = CARTESIAN_POINT ( 'NONE',  ( 3.935000000000000053, 1.373751714098847875E-15, -3.392500000000000071 ) ) ;
#3823 = DIRECTION ( 'NONE',  ( -1.286886851614851933E-16, 1.000000000000000000, 2.620428211445405372E-16 ) ) ;
#3824 = VECTOR ( 'NONE', #3094, 1000.000000000000000 ) ;
#3825 = AXIS2_PLACEMENT_3D ( 'NONE', #507, #2909, #3878 ) ;
#3826 = DIRECTION ( 'NONE',  ( 1.000000000000000000, 0.000000000000000000, 0.000000000000000000 ) ) ;
#3827 = ORIENTED_EDGE ( 'NONE', *, *, #2348, .F. ) ;
#3828 = DIRECTION ( 'NONE',  ( -1.000000000000000000, -1.286886851614851933E-16, 0.000000000000000000 ) ) ;
#3829 = CARTESIAN_POINT ( 'NONE',  ( -3.685000000000000053, -3.810000000000000053, -1.687500000000000000 ) ) ;
#3830 = EDGE_LOOP ( 'NONE', ( #3439, #3469 ) ) ;
#3831 = LINE ( 'NONE', #2131, #3734 ) ;
#3832 = ORIENTED_EDGE ( 'NONE', *, *, #732, .F. ) ;
#3833 = ORIENTED_EDGE ( 'NONE', *, *, #2254, .F. ) ;
#3834 = DIRECTION ( 'NONE',  ( 0.000000000000000000, 0.000000000000000000, 1.000000000000000000 ) ) ;
#3835 = LINE ( 'NONE', #112, #3690 ) ;
#3836 = ORIENTED_EDGE ( 'NONE', *, *, #1748, .F. ) ;
#3837 = AXIS2_PLACEMENT_3D ( 'NONE', #3933, #3868, #3204 ) ;
#3838 = DIRECTION ( 'NONE',  ( -0.9914448613738107152, 0.1305261922200500746, 0.000000000000000000 ) ) ;
#3839 = ADVANCED_FACE ( 'NONE', ( #745 ), #2766, .F. ) ;
#3840 = VECTOR ( 'NONE', #1296, 1000.000000000000000 ) ;
#3841 = ADVANCED_FACE ( 'NONE', ( #2077 ), #2161, .F. ) ;
#3842 =( NAMED_UNIT ( * ) SI_UNIT ( $, .STERADIAN. ) SOLID_ANGLE_UNIT ( ) );
#3843 = VERTEX_POINT ( 'NONE', #3940 ) ;
#3844 = EDGE_CURVE ( 'NONE', #2786, #2856, #3255, .T. ) ;
#3845 = ORIENTED_EDGE ( 'NONE', *, *, #3661, .F. ) ;
#3846 = DIRECTION ( 'NONE',  ( 0.1305261922200534608, 0.9914448613738102711, 2.598010084836510915E-16 ) ) ;
#3847 = VECTOR ( 'NONE', #692, 1000.000000000000000 ) ;
#3848 = ORIENTED_EDGE ( 'NONE', *, *, #1221, .F. ) ;
#3849 = CARTESIAN_POINT ( 'NONE',  ( 3.935000000000000053, -3.810000000000000053, -2.230398094212539650 ) ) ;
#3850 = CARTESIAN_POINT ( 'NONE',  ( -3.935000000000000053, -0.7418666113899050618, -2.177500000000000213 ) ) ;
#3851 = VECTOR ( 'NONE', #3961, 1000.000000000000000 ) ;
#3852 = EDGE_CURVE ( 'NONE', #1147, #124, #829, .T. ) ;
#3853 = PLANE ( 'NONE',  #1255 ) ;
#3854 = ORIENTED_EDGE ( 'NONE', *, *, #2257, .T. ) ;
#3855 = DIRECTION ( 'NONE',  ( -4.504103980651980163E-16, 1.000000000000000000, 0.000000000000000000 ) ) ;
#3856 = EDGE_CURVE ( 'NONE', #1716, #3765, #3440, .T. ) ;
#3857 = VECTOR ( 'NONE', #440, 1000.000000000000000 ) ;
#3858 = ORIENTED_EDGE ( 'NONE', *, *, #3408, .T. ) ;
#3859 = CARTESIAN_POINT ( 'NONE',  ( -3.935000000000000053, 3.609717618779594656E-16, -1.687500000000000000 ) ) ;
#3860 = EDGE_CURVE ( 'NONE', #57, #1964, #2143, .T. ) ;
#3861 = ORIENTED_EDGE ( 'NONE', *, *, #693, .T. ) ;
#3862 = LINE ( 'NONE', #2228, #2614 ) ;
#3863 = ORIENTED_EDGE ( 'NONE', *, *, #3124, .T. ) ;
#3864 = DIRECTION ( 'NONE',  ( 1.000000000000000000, 0.000000000000000000, 0.000000000000000000 ) ) ;
#3865 = ORIENTED_EDGE ( 'NONE', *, *, #704, .F. ) ;
#3866 = ORIENTED_EDGE ( 'NONE', *, *, #1931, .T. ) ;
#3867 = AXIS2_PLACEMENT_3D ( 'NONE', #802, #1085, #3855 ) ;
#3868 = DIRECTION ( 'NONE',  ( -8.271949232865410757E-17, 0.6427876096865348110, 0.7660444431189817882 ) ) ;
#3869 = CARTESIAN_POINT ( 'NONE',  ( 3.935000000000000053, -3.810000000000000053, -0.1771019057874599900 ) ) ;
#3870 = CARTESIAN_POINT ( 'NONE',  ( -3.660000000000000142, 2.929999999999949978, 0.8524999999999999245 ) ) ;
#3871 = DIRECTION ( 'NONE',  ( 1.000000000000000000, 1.286886851614851933E-16, 0.000000000000000000 ) ) ;
#3872 = ADVANCED_FACE ( 'NONE', ( #3425 ), #2800, .F. ) ;
#3873 = CLOSED_SHELL ( 'NONE', ( #807, #1389, #109, #3841, #1719, #1957, #2841, #148, #3264, #1042, #3341, #1566, #1918, #2632, #2391, #2067, #3018, #1644, #3751 ) ) ;
#3874 = DIRECTION ( 'NONE',  ( 0.000000000000000000, -1.000000000000000000, 2.620428211445405372E-16 ) ) ;
#3875 = DIRECTION ( 'NONE',  ( 0.000000000000000000, 0.000000000000000000, 1.000000000000000000 ) ) ;
#3876 = ORIENTED_EDGE ( 'NONE', *, *, #3112, .F. ) ;
#3877 = CARTESIAN_POINT ( 'NONE',  ( 3.685000000000000053, 2.929999999999949978, -3.392500000000000071 ) ) ;
#3878 = DIRECTION ( 'NONE',  ( 1.000000000000000000, 0.000000000000000000, 0.000000000000000000 ) ) ;
#3879 = ORIENTED_EDGE ( 'NONE', *, *, #1336, .F. ) ;
#3880 = AXIS2_PLACEMENT_3D ( 'NONE', #3352, #903, #1529 ) ;
#3881 = LINE ( 'NONE', #746, #2652 ) ;
#3882 = ORIENTED_EDGE ( 'NONE', *, *, #2719, .F. ) ;
#3883 = CARTESIAN_POINT ( 'NONE',  ( 3.685000000000000053, -3.075348387898430236, 1.728023698027185029 ) ) ;
#3884 = FILL_AREA_STYLE_COLOUR ( '', #2628 ) ;
#3885 = ORIENTED_EDGE ( 'NONE', *, *, #1436, .F. ) ;
#3886 = ORIENTED_EDGE ( 'NONE', *, *, #1710, .T. ) ;
#3887 = CARTESIAN_POINT ( 'NONE',  ( 3.685000000000000053, -3.810000000000000053, -1.687500000000000000 ) ) ;
#3888 = AXIS2_PLACEMENT_3D ( 'NONE', #364, #3708, #50 ) ;
#3889 = VECTOR ( 'NONE', #3126, 1000.000000000000000 ) ;
#3890 = ORIENTED_EDGE ( 'NONE', *, *, #2237, .F. ) ;
#3891 = CARTESIAN_POINT ( 'NONE',  ( -3.685000000000000053, -3.694500123507769906, 0.1974676502815350121 ) ) ;
#3892 = ORIENTED_EDGE ( 'NONE', *, *, #1988, .T. ) ;
#3893 = CARTESIAN_POINT ( 'NONE',  ( -3.174999999999999822, 5.080000000000000071, -3.991695004825209558 ) ) ;
#3894 = CARTESIAN_POINT ( 'NONE',  ( 3.685000000000000053, -3.810000000000000053, -2.177500000000000213 ) ) ;
#3895 = VERTEX_POINT ( 'NONE', #2736 ) ;
#3896 = LINE ( 'NONE', #3744, #1252 ) ;
#3897 = CARTESIAN_POINT ( 'NONE',  ( 3.174999999999999822, 3.079999999999949889, 0.8524999999999999245 ) ) ;
#3898 = EDGE_CURVE ( 'NONE', #3399, #1844, #3470, .T. ) ;
#3899 = EDGE_LOOP ( 'NONE', ( #171, #2076 ) ) ;
#3900 = DIRECTION ( 'NONE',  ( 1.286886851614851933E-16, 1.000000000000000000, 0.000000000000000000 ) ) ;
#3901 = ORIENTED_EDGE ( 'NONE', *, *, #2169, .F. ) ;
#3902 = ORIENTED_EDGE ( 'NONE', *, *, #1913, .T. ) ;
#3903 = DIRECTION ( 'NONE',  ( 1.286886851614851933E-16, 1.000000000000000000, 0.000000000000000000 ) ) ;
#3904 = CARTESIAN_POINT ( 'NONE',  ( -3.158543437801574871, 3.204999999999949889, -3.392500000000000071 ) ) ;
#3905 = DIRECTION ( 'NONE',  ( -2.234655566464538777E-17, 0.1736481776669314692, 0.9848077530122079093 ) ) ;
#3906 = LINE ( 'NONE', #3148, #70 ) ;
#3907 = ORIENTED_EDGE ( 'NONE', *, *, #399, .F. ) ;
#3908 = EDGE_CURVE ( 'NONE', #1598, #3937, #3465, .T. ) ;
#3909 = DIRECTION ( 'NONE',  ( -4.504103980651980163E-16, -1.000000000000000000, -1.566690647129389750E-16 ) ) ;
#3910 = ORIENTED_EDGE ( 'NONE', *, *, #3954, .F. ) ;
#3911 = MANIFOLD_SOLID_BREP ( 'NONE', #1309 ) ;
#3912 = CARTESIAN_POINT ( 'NONE',  ( 3.158543437801574871, 3.204999999999949889, 0.8524999999999999245 ) ) ;
#3913 = CARTESIAN_POINT ( 'NONE',  ( 3.935000000000000053, 1.373751714098847875E-15, 3.392500000000000071 ) ) ;
#3914 = EDGE_CURVE ( 'NONE', #1736, #2484, #758, .T. ) ;
#3915 = FACE_OUTER_BOUND ( 'NONE', #2521, .T. ) ;
#3916 = ADVANCED_FACE ( 'NONE', ( #2174 ), #1622, .F. ) ;
#3917 = ORIENTED_EDGE ( 'NONE', *, *, #2630, .F. ) ;
#3918 = CARTESIAN_POINT ( 'NONE',  ( -1.975000000000000089, 5.080000000000000071, -3.504999999999999893 ) ) ;
#3919 = ORIENTED_EDGE ( 'NONE', *, *, #212, .F. ) ;
#3920 = CARTESIAN_POINT ( 'NONE',  ( 3.685000000000000053, -3.810000000000000053, -2.230398094212539650 ) ) ;
#3921 = FACE_OUTER_BOUND ( 'NONE', #2046, .T. ) ;
#3922 = EDGE_CURVE ( 'NONE', #2484, #556, #763, .T. ) ;
#3923 = ORIENTED_EDGE ( 'NONE', *, *, #1506, .T. ) ;
#3924 = ORIENTED_EDGE ( 'NONE', *, *, #3495, .F. ) ;
#3925 = DIRECTION ( 'NONE',  ( 0.000000000000000000, 0.7008757057453910422, -0.7132834255020229497 ) ) ;
#3926 = PLANE ( 'NONE',  #2695 ) ;
#3927 = LINE ( 'NONE', #5, #2608 ) ;
#3928 = DIRECTION ( 'NONE',  ( 0.000000000000000000, 0.000000000000000000, 1.000000000000000000 ) ) ;
#3929 = CLOSED_SHELL ( 'NONE', ( #1385, #781, #1420, #2983, #1467, #811, #2802, #3682, #2636, #3541, #1241, #969, #65, #191, #3303, #1246, #1885, #3419, #2203 ) ) ;
#3930 = AXIS2_PLACEMENT_3D ( 'NONE', #3580, #611, #2409 ) ;
#3931 = DIRECTION ( 'NONE',  ( 0.000000000000000000, 0.000000000000000000, -1.000000000000000000 ) ) ;
#3932 = ORIENTED_EDGE ( 'NONE', *, *, #2198, .T. ) ;
#3933 = CARTESIAN_POINT ( 'NONE',  ( 3.935000000000000053, 9.400708451046461017E-16, -0.8524999999999999245 ) ) ;
#3934 = CARTESIAN_POINT ( 'NONE',  ( 3.935000000000000053, 9.400708451046461017E-16, -0.8524999999999999245 ) ) ;
#3935 = VECTOR ( 'NONE', #1698, 1000.000000000000000 ) ;
#3936 = ORIENTED_EDGE ( 'NONE', *, *, #67, .F. ) ;
#3937 = VERTEX_POINT ( 'NONE', #2138 ) ;
#3938 = MECHANICAL_DESIGN_GEOMETRIC_PRESENTATION_REPRESENTATION (  '', ( #937 ), #3058 ) ;
#3939 = DIRECTION ( 'NONE',  ( 0.000000000000000000, -1.000000000000000000, 0.000000000000000000 ) ) ;
#3940 = CARTESIAN_POINT ( 'NONE',  ( 3.660000000000000142, 2.954999999999950333, 1.992499999999999938 ) ) ;
#3941 = VERTEX_POINT ( 'NONE', #3356 ) ;
#3942 = VECTOR ( 'NONE', #3087, 1000.000000000000000 ) ;
#3943 = CARTESIAN_POINT ( 'NONE',  ( -3.685000000000000053, 2.929999999999949978, 3.392500000000000071 ) ) ;
#3944 = ORIENTED_EDGE ( 'NONE', *, *, #3898, .F. ) ;
#3945 = ORIENTED_EDGE ( 'NONE', *, *, #2571, .T. ) ;
#3946 = EDGE_CURVE ( 'NONE', #757, #1317, #3490, .T. ) ;
#3947 = DIRECTION ( 'NONE',  ( 0.000000000000000000, -1.000000000000000000, 0.000000000000000000 ) ) ;
#3948 = LINE ( 'NONE', #3641, #2582 ) ;
#3949 = ORIENTED_EDGE ( 'NONE', *, *, #350, .T. ) ;
#3950 = ORIENTED_EDGE ( 'NONE', *, *, #2712, .F. ) ;
#3951 = DIRECTION ( 'NONE',  ( 1.000000000000000000, 0.000000000000000000, 0.000000000000000000 ) ) ;
#3952 = DIRECTION ( 'NONE',  ( 0.000000000000000000, 0.000000000000000000, 1.000000000000000000 ) ) ;
#3953 = ORIENTED_EDGE ( 'NONE', *, *, #2831, .F. ) ;
#3954 = EDGE_CURVE ( 'NONE', #2938, #3071, #853, .T. ) ;
#3955 = SURFACE_STYLE_FILL_AREA ( #254 ) ;
#3956 = VERTEX_POINT ( 'NONE', #727 ) ;
#3957 = DIRECTION ( 'NONE',  ( -4.435676520519212926E-16, -0.9848077530122075762, 0.1736481776669324406 ) ) ;
#3958 = ORIENTED_EDGE ( 'NONE', *, *, #491, .F. ) ;
#3959 = EDGE_CURVE ( 'NONE', #2022, #3956, #2182, .T. ) ;
#3960 = DIRECTION ( 'NONE',  ( -0.000000000000000000, 1.000000000000000000, 0.000000000000000000 ) ) ;
#3961 = DIRECTION ( 'NONE',  ( -1.000000000000000000, -1.286886851614851933E-16, 0.000000000000000000 ) ) ;
#3962 = VECTOR ( 'NONE', #2448, 1000.000000000000000 ) ;
#3963 = ORIENTED_EDGE ( 'NONE', *, *, #3314, .T. ) ;
#3964 = EDGE_LOOP ( 'NONE', ( #1952, #688, #3350, #1916 ) ) ;
#3965 = EDGE_CURVE ( 'NONE', #2181, #1345, #861, .T. ) ;
#3966 = CARTESIAN_POINT ( 'NONE',  ( -3.685000000000000053, -3.963413461197579757, -2.557550973374454806 ) ) ;
#3967 = VERTEX_POINT ( 'NONE', #1922 ) ;
#3968 = LINE ( 'NONE', #1257, #2541 ) ;
#3969 = ORIENTED_EDGE ( 'NONE', *, *, #3460, .T. ) ;
#3970 = DIRECTION ( 'NONE',  ( 1.286886851614851933E-16, -1.000000000000000000, 0.000000000000000000 ) ) ;
#3971 = ORIENTED_EDGE ( 'NONE', *, *, #1314, .T. ) ;
#3972 = AXIS2_PLACEMENT_3D ( 'NONE', #1762, #2074, #2051 ) ;
#3973 = LINE ( 'NONE', #284, #2567 ) ;
#3974 = NEXT_ASSEMBLY_USAGE_OCCURRENCE ( 'NAUO1', ' ', ' ', #3473, #2001, $ ) ;
ENDSEC;
END-ISO-10303-21;
