ISO-10303-21;
HEADER;
/* Generated by software containing ST-Developer
 * from STEP Tools, Inc. (www.steptools.com) 
 */
/* OPTION: using custom renumber hook */

FILE_DESCRIPTION(
/* description */ ('STEP AP214'),
/* implementation_level */ '2;1');

FILE_NAME(
/* name */ 'psolqas_21780_63',
/* time_stamp */ '2025-10-07T10:58:47+02:00',
/* author */ ('License CC BY-ND 4.0'),
/* organization */ ('CADENAS'),
/* preprocessor_version */ 'ST-DEVELOPER v19.3',
/* originating_system */ 'PARTsolutions',
/* authorisation */ '  ');

FILE_SCHEMA (('AUTOMOTIVE_DESIGN {1 0 10303 214 3 1 1}'));
ENDSEC;

DATA;
#10=PROPERTY_DEFINITION_REPRESENTATION(#14,#12);
#11=PROPERTY_DEFINITION_REPRESENTATION(#15,#13);
#12=REPRESENTATION('',(#16),#7223);
#13=REPRESENTATION('',(#17),#7223);
#14=PROPERTY_DEFINITION('pmi validation property','',#7228);
#15=PROPERTY_DEFINITION('pmi validation property','',#7228);
#16=VALUE_REPRESENTATION_ITEM('number of annotations',COUNT_MEASURE(0.));
#17=VALUE_REPRESENTATION_ITEM('number of views',COUNT_MEASURE(0.));
#18=SHAPE_REPRESENTATION_RELATIONSHIP('','',#4971,#19);
#19=ADVANCED_BREP_SHAPE_REPRESENTATION('',(#4969),#7223);
#20=DRAUGHTING_PRE_DEFINED_COLOUR('green');
#21=LINE('',#6202,#475);
#22=LINE('',#6205,#476);
#23=LINE('',#6207,#477);
#24=LINE('',#6209,#478);
#25=LINE('',#6211,#479);
#26=LINE('',#6213,#480);
#27=LINE('',#6215,#481);
#28=LINE('',#6217,#482);
#29=LINE('',#6219,#483);
#30=LINE('',#6222,#484);
#31=LINE('',#6224,#485);
#32=LINE('',#6226,#486);
#33=LINE('',#6228,#487);
#34=LINE('',#6230,#488);
#35=LINE('',#6232,#489);
#36=LINE('',#6234,#490);
#37=LINE('',#6236,#491);
#38=LINE('',#6239,#492);
#39=LINE('',#6241,#493);
#40=LINE('',#6243,#494);
#41=LINE('',#6245,#495);
#42=LINE('',#6248,#496);
#43=LINE('',#6250,#497);
#44=LINE('',#6252,#498);
#45=LINE('',#6254,#499);
#46=LINE('',#6257,#500);
#47=LINE('',#6259,#501);
#48=LINE('',#6261,#502);
#49=LINE('',#6263,#503);
#50=LINE('',#6266,#504);
#51=LINE('',#6268,#505);
#52=LINE('',#6270,#506);
#53=LINE('',#6272,#507);
#54=LINE('',#6274,#508);
#55=LINE('',#6276,#509);
#56=LINE('',#6278,#510);
#57=LINE('',#6280,#511);
#58=LINE('',#6282,#512);
#59=LINE('',#6284,#513);
#60=LINE('',#6286,#514);
#61=LINE('',#6288,#515);
#62=LINE('',#6290,#516);
#63=LINE('',#6292,#517);
#64=LINE('',#6295,#518);
#65=LINE('',#6297,#519);
#66=LINE('',#6299,#520);
#67=LINE('',#6301,#521);
#68=LINE('',#6303,#522);
#69=LINE('',#6305,#523);
#70=LINE('',#6307,#524);
#71=LINE('',#6309,#525);
#72=LINE('',#6311,#526);
#73=LINE('',#6313,#527);
#74=LINE('',#6315,#528);
#75=LINE('',#6316,#529);
#76=LINE('',#6318,#530);
#77=LINE('',#6320,#531);
#78=LINE('',#6322,#532);
#79=LINE('',#6324,#533);
#80=LINE('',#6326,#534);
#81=LINE('',#6329,#535);
#82=LINE('',#6331,#536);
#83=LINE('',#6333,#537);
#84=LINE('',#6335,#538);
#85=LINE('',#6337,#539);
#86=LINE('',#6339,#540);
#87=LINE('',#6341,#541);
#88=LINE('',#6343,#542);
#89=LINE('',#6345,#543);
#90=LINE('',#6348,#544);
#91=LINE('',#6350,#545);
#92=LINE('',#6352,#546);
#93=LINE('',#6353,#547);
#94=LINE('',#6354,#548);
#95=LINE('',#6357,#549);
#96=LINE('',#6359,#550);
#97=LINE('',#6361,#551);
#98=LINE('',#6362,#552);
#99=LINE('',#6365,#553);
#100=LINE('',#6367,#554);
#101=LINE('',#6369,#555);
#102=LINE('',#6370,#556);
#103=LINE('',#6373,#557);
#104=LINE('',#6375,#558);
#105=LINE('',#6377,#559);
#106=LINE('',#6378,#560);
#107=LINE('',#6380,#561);
#108=LINE('',#6382,#562);
#109=LINE('',#6384,#563);
#110=LINE('',#6387,#564);
#111=LINE('',#6388,#565);
#112=LINE('',#6390,#566);
#113=LINE('',#6392,#567);
#114=LINE('',#6394,#568);
#115=LINE('',#6396,#569);
#116=LINE('',#6398,#570);
#117=LINE('',#6400,#571);
#118=LINE('',#6402,#572);
#119=LINE('',#6404,#573);
#120=LINE('',#6406,#574);
#121=LINE('',#6408,#575);
#122=LINE('',#6410,#576);
#123=LINE('',#6412,#577);
#124=LINE('',#6414,#578);
#125=LINE('',#6416,#579);
#126=LINE('',#6418,#580);
#127=LINE('',#6421,#581);
#128=LINE('',#6422,#582);
#129=LINE('',#6423,#583);
#130=LINE('',#6424,#584);
#131=LINE('',#6425,#585);
#132=LINE('',#6428,#586);
#133=LINE('',#6430,#587);
#134=LINE('',#6432,#588);
#135=LINE('',#6433,#589);
#136=LINE('',#6436,#590);
#137=LINE('',#6438,#591);
#138=LINE('',#6440,#592);
#139=LINE('',#6441,#593);
#140=LINE('',#6444,#594);
#141=LINE('',#6446,#595);
#142=LINE('',#6448,#596);
#143=LINE('',#6449,#597);
#144=LINE('',#6451,#598);
#145=LINE('',#6453,#599);
#146=LINE('',#6455,#600);
#147=LINE('',#6457,#601);
#148=LINE('',#6459,#602);
#149=LINE('',#6461,#603);
#150=LINE('',#6463,#604);
#151=LINE('',#6464,#605);
#152=LINE('',#6466,#606);
#153=LINE('',#6468,#607);
#154=LINE('',#6470,#608);
#155=LINE('',#6472,#609);
#156=LINE('',#6474,#610);
#157=LINE('',#6476,#611);
#158=LINE('',#6478,#612);
#159=LINE('',#6482,#613);
#160=LINE('',#6486,#614);
#161=LINE('',#6488,#615);
#162=LINE('',#6490,#616);
#163=LINE('',#6492,#617);
#164=LINE('',#6494,#618);
#165=LINE('',#6500,#619);
#166=LINE('',#6503,#620);
#167=LINE('',#6505,#621);
#168=LINE('',#6507,#622);
#169=LINE('',#6509,#623);
#170=LINE('',#6512,#624);
#171=LINE('',#6514,#625);
#172=LINE('',#6516,#626);
#173=LINE('',#6518,#627);
#174=LINE('',#6521,#628);
#175=LINE('',#6523,#629);
#176=LINE('',#6525,#630);
#177=LINE('',#6527,#631);
#178=LINE('',#6530,#632);
#179=LINE('',#6532,#633);
#180=LINE('',#6534,#634);
#181=LINE('',#6536,#635);
#182=LINE('',#6539,#636);
#183=LINE('',#6541,#637);
#184=LINE('',#6543,#638);
#185=LINE('',#6545,#639);
#186=LINE('',#6548,#640);
#187=LINE('',#6550,#641);
#188=LINE('',#6552,#642);
#189=LINE('',#6554,#643);
#190=LINE('',#6557,#644);
#191=LINE('',#6559,#645);
#192=LINE('',#6561,#646);
#193=LINE('',#6563,#647);
#194=LINE('',#6565,#648);
#195=LINE('',#6567,#649);
#196=LINE('',#6571,#650);
#197=LINE('',#6575,#651);
#198=LINE('',#6577,#652);
#199=LINE('',#6579,#653);
#200=LINE('',#6583,#654);
#201=LINE('',#6587,#655);
#202=LINE('',#6589,#656);
#203=LINE('',#6591,#657);
#204=LINE('',#6595,#658);
#205=LINE('',#6599,#659);
#206=LINE('',#6601,#660);
#207=LINE('',#6603,#661);
#208=LINE('',#6608,#662);
#209=LINE('',#6611,#663);
#210=LINE('',#6612,#664);
#211=LINE('',#6614,#665);
#212=LINE('',#6617,#666);
#213=LINE('',#6618,#667);
#214=LINE('',#6620,#668);
#215=LINE('',#6621,#669);
#216=LINE('',#6623,#670);
#217=LINE('',#6625,#671);
#218=LINE('',#6627,#672);
#219=LINE('',#6629,#673);
#220=LINE('',#6631,#674);
#221=LINE('',#6633,#675);
#222=LINE('',#6635,#676);
#223=LINE('',#6637,#677);
#224=LINE('',#6639,#678);
#225=LINE('',#6641,#679);
#226=LINE('',#6643,#680);
#227=LINE('',#6644,#681);
#228=LINE('',#6647,#682);
#229=LINE('',#6650,#683);
#230=LINE('',#6652,#684);
#231=LINE('',#6654,#685);
#232=LINE('',#6656,#686);
#233=LINE('',#6658,#687);
#234=LINE('',#6660,#688);
#235=LINE('',#6662,#689);
#236=LINE('',#6664,#690);
#237=LINE('',#6666,#691);
#238=LINE('',#6668,#692);
#239=LINE('',#6670,#693);
#240=LINE('',#6674,#694);
#241=LINE('',#6678,#695);
#242=LINE('',#6680,#696);
#243=LINE('',#6682,#697);
#244=LINE('',#6686,#698);
#245=LINE('',#6690,#699);
#246=LINE('',#6692,#700);
#247=LINE('',#6694,#701);
#248=LINE('',#6698,#702);
#249=LINE('',#6702,#703);
#250=LINE('',#6704,#704);
#251=LINE('',#6706,#705);
#252=LINE('',#6713,#706);
#253=LINE('',#6717,#707);
#254=LINE('',#6719,#708);
#255=LINE('',#6721,#709);
#256=LINE('',#6723,#710);
#257=LINE('',#6729,#711);
#258=LINE('',#6731,#712);
#259=LINE('',#6733,#713);
#260=LINE('',#6735,#714);
#261=LINE('',#6741,#715);
#262=LINE('',#6743,#716);
#263=LINE('',#6745,#717);
#264=LINE('',#6752,#718);
#265=LINE('',#6756,#719);
#266=LINE('',#6758,#720);
#267=LINE('',#6760,#721);
#268=LINE('',#6764,#722);
#269=LINE('',#6768,#723);
#270=LINE('',#6770,#724);
#271=LINE('',#6772,#725);
#272=LINE('',#6776,#726);
#273=LINE('',#6780,#727);
#274=LINE('',#6782,#728);
#275=LINE('',#6784,#729);
#276=LINE('',#6791,#730);
#277=LINE('',#6795,#731);
#278=LINE('',#6797,#732);
#279=LINE('',#6799,#733);
#280=LINE('',#6803,#734);
#281=LINE('',#6807,#735);
#282=LINE('',#6809,#736);
#283=LINE('',#6811,#737);
#284=LINE('',#6815,#738);
#285=LINE('',#6819,#739);
#286=LINE('',#6821,#740);
#287=LINE('',#6823,#741);
#288=LINE('',#6830,#742);
#289=LINE('',#6834,#743);
#290=LINE('',#6836,#744);
#291=LINE('',#6838,#745);
#292=LINE('',#6842,#746);
#293=LINE('',#6846,#747);
#294=LINE('',#6848,#748);
#295=LINE('',#6850,#749);
#296=LINE('',#6854,#750);
#297=LINE('',#6858,#751);
#298=LINE('',#6860,#752);
#299=LINE('',#6862,#753);
#300=LINE('',#6869,#754);
#301=LINE('',#6873,#755);
#302=LINE('',#6874,#756);
#303=LINE('',#6876,#757);
#304=LINE('',#6879,#758);
#305=LINE('',#6880,#759);
#306=LINE('',#6882,#760);
#307=LINE('',#6884,#761);
#308=LINE('',#6886,#762);
#309=LINE('',#6888,#763);
#310=LINE('',#6890,#764);
#311=LINE('',#6892,#765);
#312=LINE('',#6893,#766);
#313=LINE('',#6896,#767);
#314=LINE('',#6898,#768);
#315=LINE('',#6900,#769);
#316=LINE('',#6903,#770);
#317=LINE('',#6905,#771);
#318=LINE('',#6907,#772);
#319=LINE('',#6909,#773);
#320=LINE('',#6911,#774);
#321=LINE('',#6913,#775);
#322=LINE('',#6915,#776);
#323=LINE('',#6917,#777);
#324=LINE('',#6920,#778);
#325=LINE('',#6922,#779);
#326=LINE('',#6924,#780);
#327=LINE('',#6927,#781);
#328=LINE('',#6929,#782);
#329=LINE('',#6931,#783);
#330=LINE('',#6933,#784);
#331=LINE('',#6936,#785);
#332=LINE('',#6938,#786);
#333=LINE('',#6940,#787);
#334=LINE('',#6942,#788);
#335=LINE('',#6945,#789);
#336=LINE('',#6947,#790);
#337=LINE('',#6949,#791);
#338=LINE('',#6951,#792);
#339=LINE('',#6953,#793);
#340=LINE('',#6955,#794);
#341=LINE('',#6957,#795);
#342=LINE('',#6958,#796);
#343=LINE('',#6960,#797);
#344=LINE('',#6962,#798);
#345=LINE('',#6964,#799);
#346=LINE('',#6966,#800);
#347=LINE('',#6968,#801);
#348=LINE('',#6970,#802);
#349=LINE('',#6972,#803);
#350=LINE('',#6974,#804);
#351=LINE('',#6976,#805);
#352=LINE('',#6977,#806);
#353=LINE('',#6979,#807);
#354=LINE('',#6981,#808);
#355=LINE('',#6983,#809);
#356=LINE('',#6985,#810);
#357=LINE('',#6986,#811);
#358=LINE('',#6988,#812);
#359=LINE('',#6990,#813);
#360=LINE('',#6991,#814);
#361=LINE('',#6993,#815);
#362=LINE('',#6994,#816);
#363=LINE('',#6996,#817);
#364=LINE('',#6998,#818);
#365=LINE('',#7000,#819);
#366=LINE('',#7002,#820);
#367=LINE('',#7005,#821);
#368=LINE('',#7007,#822);
#369=LINE('',#7010,#823);
#370=LINE('',#7011,#824);
#371=LINE('',#7013,#825);
#372=LINE('',#7015,#826);
#373=LINE('',#7019,#827);
#374=LINE('',#7020,#828);
#375=LINE('',#7022,#829);
#376=LINE('',#7024,#830);
#377=LINE('',#7026,#831);
#378=LINE('',#7028,#832);
#379=LINE('',#7030,#833);
#380=LINE('',#7032,#834);
#381=LINE('',#7034,#835);
#382=LINE('',#7036,#836);
#383=LINE('',#7038,#837);
#384=LINE('',#7039,#838);
#385=LINE('',#7041,#839);
#386=LINE('',#7043,#840);
#387=LINE('',#7045,#841);
#388=LINE('',#7047,#842);
#389=LINE('',#7048,#843);
#390=LINE('',#7050,#844);
#391=LINE('',#7052,#845);
#392=LINE('',#7053,#846);
#393=LINE('',#7055,#847);
#394=LINE('',#7056,#848);
#395=LINE('',#7058,#849);
#396=LINE('',#7060,#850);
#397=LINE('',#7062,#851);
#398=LINE('',#7064,#852);
#399=LINE('',#7067,#853);
#400=LINE('',#7069,#854);
#401=LINE('',#7072,#855);
#402=LINE('',#7073,#856);
#403=LINE('',#7075,#857);
#404=LINE('',#7077,#858);
#405=LINE('',#7081,#859);
#406=LINE('',#7082,#860);
#407=LINE('',#7084,#861);
#408=LINE('',#7086,#862);
#409=LINE('',#7088,#863);
#410=LINE('',#7090,#864);
#411=LINE('',#7092,#865);
#412=LINE('',#7094,#866);
#413=LINE('',#7096,#867);
#414=LINE('',#7098,#868);
#415=LINE('',#7100,#869);
#416=LINE('',#7101,#870);
#417=LINE('',#7103,#871);
#418=LINE('',#7105,#872);
#419=LINE('',#7107,#873);
#420=LINE('',#7109,#874);
#421=LINE('',#7110,#875);
#422=LINE('',#7112,#876);
#423=LINE('',#7114,#877);
#424=LINE('',#7115,#878);
#425=LINE('',#7117,#879);
#426=LINE('',#7118,#880);
#427=LINE('',#7120,#881);
#428=LINE('',#7122,#882);
#429=LINE('',#7124,#883);
#430=LINE('',#7126,#884);
#431=LINE('',#7129,#885);
#432=LINE('',#7131,#886);
#433=LINE('',#7134,#887);
#434=LINE('',#7135,#888);
#435=LINE('',#7137,#889);
#436=LINE('',#7139,#890);
#437=LINE('',#7143,#891);
#438=LINE('',#7145,#892);
#439=LINE('',#7147,#893);
#440=LINE('',#7149,#894);
#441=LINE('',#7151,#895);
#442=LINE('',#7152,#896);
#443=LINE('',#7154,#897);
#444=LINE('',#7155,#898);
#445=LINE('',#7157,#899);
#446=LINE('',#7159,#900);
#447=LINE('',#7161,#901);
#448=LINE('',#7163,#902);
#449=LINE('',#7166,#903);
#450=LINE('',#7168,#904);
#451=LINE('',#7170,#905);
#452=LINE('',#7172,#906);
#453=LINE('',#7174,#907);
#454=LINE('',#7175,#908);
#455=LINE('',#7177,#909);
#456=LINE('',#7179,#910);
#457=LINE('',#7183,#911);
#458=LINE('',#7185,#912);
#459=LINE('',#7187,#913);
#460=LINE('',#7189,#914);
#461=LINE('',#7191,#915);
#462=LINE('',#7193,#916);
#463=LINE('',#7196,#917);
#464=LINE('',#7199,#918);
#465=LINE('',#7201,#919);
#466=LINE('',#7203,#920);
#467=LINE('',#7205,#921);
#468=LINE('',#7207,#922);
#469=LINE('',#7209,#923);
#470=LINE('',#7211,#924);
#471=LINE('',#7213,#925);
#472=LINE('',#7215,#926);
#473=LINE('',#7217,#927);
#474=LINE('',#7218,#928);
#475=VECTOR('',#5260,1.);
#476=VECTOR('',#5261,1.);
#477=VECTOR('',#5262,1.);
#478=VECTOR('',#5263,1.);
#479=VECTOR('',#5264,1.);
#480=VECTOR('',#5265,1.);
#481=VECTOR('',#5266,1.);
#482=VECTOR('',#5267,1.);
#483=VECTOR('',#5270,1.);
#484=VECTOR('',#5271,1.);
#485=VECTOR('',#5272,1.);
#486=VECTOR('',#5273,1.);
#487=VECTOR('',#5274,1.);
#488=VECTOR('',#5275,1.);
#489=VECTOR('',#5276,1.);
#490=VECTOR('',#5277,1.);
#491=VECTOR('',#5280,1.);
#492=VECTOR('',#5281,1.);
#493=VECTOR('',#5282,1.);
#494=VECTOR('',#5283,1.);
#495=VECTOR('',#5286,1.);
#496=VECTOR('',#5287,1.);
#497=VECTOR('',#5288,1.);
#498=VECTOR('',#5289,1.);
#499=VECTOR('',#5292,1.);
#500=VECTOR('',#5293,1.);
#501=VECTOR('',#5294,1.);
#502=VECTOR('',#5295,1.);
#503=VECTOR('',#5298,1.);
#504=VECTOR('',#5299,1.);
#505=VECTOR('',#5300,1.);
#506=VECTOR('',#5301,1.);
#507=VECTOR('',#5304,1.);
#508=VECTOR('',#5305,1.);
#509=VECTOR('',#5306,1.);
#510=VECTOR('',#5309,1.);
#511=VECTOR('',#5310,1.);
#512=VECTOR('',#5311,1.);
#513=VECTOR('',#5312,1.);
#514=VECTOR('',#5313,1.);
#515=VECTOR('',#5314,1.);
#516=VECTOR('',#5315,1.);
#517=VECTOR('',#5318,1.);
#518=VECTOR('',#5319,1.);
#519=VECTOR('',#5320,1.);
#520=VECTOR('',#5321,1.);
#521=VECTOR('',#5322,1.);
#522=VECTOR('',#5323,1.);
#523=VECTOR('',#5324,1.);
#524=VECTOR('',#5325,1.);
#525=VECTOR('',#5328,1.);
#526=VECTOR('',#5329,1.);
#527=VECTOR('',#5330,1.);
#528=VECTOR('',#5333,1.);
#529=VECTOR('',#5334,1.);
#530=VECTOR('',#5335,1.);
#531=VECTOR('',#5336,1.);
#532=VECTOR('',#5337,1.);
#533=VECTOR('',#5338,1.);
#534=VECTOR('',#5341,1.);
#535=VECTOR('',#5342,1.);
#536=VECTOR('',#5343,1.);
#537=VECTOR('',#5344,1.);
#538=VECTOR('',#5345,1.);
#539=VECTOR('',#5346,1.);
#540=VECTOR('',#5347,1.);
#541=VECTOR('',#5348,1.);
#542=VECTOR('',#5351,1.);
#543=VECTOR('',#5354,1.);
#544=VECTOR('',#5355,1.);
#545=VECTOR('',#5356,1.);
#546=VECTOR('',#5357,1.);
#547=VECTOR('',#5358,1.);
#548=VECTOR('',#5359,1.);
#549=VECTOR('',#5360,1.);
#550=VECTOR('',#5361,1.);
#551=VECTOR('',#5362,1.);
#552=VECTOR('',#5363,1.);
#553=VECTOR('',#5364,1.);
#554=VECTOR('',#5365,1.);
#555=VECTOR('',#5366,1.);
#556=VECTOR('',#5367,1.);
#557=VECTOR('',#5368,1.);
#558=VECTOR('',#5369,1.);
#559=VECTOR('',#5370,1.);
#560=VECTOR('',#5371,1.);
#561=VECTOR('',#5372,1.);
#562=VECTOR('',#5373,1.);
#563=VECTOR('',#5376,1.);
#564=VECTOR('',#5377,1.);
#565=VECTOR('',#5378,1.);
#566=VECTOR('',#5379,1.);
#567=VECTOR('',#5380,1.);
#568=VECTOR('',#5381,1.);
#569=VECTOR('',#5382,1.);
#570=VECTOR('',#5383,1.);
#571=VECTOR('',#5384,1.);
#572=VECTOR('',#5387,1.);
#573=VECTOR('',#5388,1.);
#574=VECTOR('',#5389,1.);
#575=VECTOR('',#5392,1.);
#576=VECTOR('',#5393,1.);
#577=VECTOR('',#5396,1.);
#578=VECTOR('',#5397,1.);
#579=VECTOR('',#5400,1.);
#580=VECTOR('',#5403,1.);
#581=VECTOR('',#5404,1.);
#582=VECTOR('',#5405,1.);
#583=VECTOR('',#5406,1.);
#584=VECTOR('',#5407,1.);
#585=VECTOR('',#5408,1.);
#586=VECTOR('',#5409,1.);
#587=VECTOR('',#5410,1.);
#588=VECTOR('',#5411,1.);
#589=VECTOR('',#5412,1.);
#590=VECTOR('',#5413,1.);
#591=VECTOR('',#5414,1.);
#592=VECTOR('',#5415,1.);
#593=VECTOR('',#5416,1.);
#594=VECTOR('',#5417,1.);
#595=VECTOR('',#5418,1.);
#596=VECTOR('',#5419,1.);
#597=VECTOR('',#5420,1.);
#598=VECTOR('',#5421,1.);
#599=VECTOR('',#5422,1.);
#600=VECTOR('',#5425,1.);
#601=VECTOR('',#5426,1.);
#602=VECTOR('',#5429,1.);
#603=VECTOR('',#5430,1.);
#604=VECTOR('',#5431,1.);
#605=VECTOR('',#5432,1.);
#606=VECTOR('',#5433,1.);
#607=VECTOR('',#5434,1.);
#608=VECTOR('',#5435,1.);
#609=VECTOR('',#5436,1.);
#610=VECTOR('',#5437,1.);
#611=VECTOR('',#5440,1.);
#612=VECTOR('',#5441,1.);
#613=VECTOR('',#5446,1.);
#614=VECTOR('',#5449,1.);
#615=VECTOR('',#5452,1.);
#616=VECTOR('',#5453,1.);
#617=VECTOR('',#5454,1.);
#618=VECTOR('',#5457,1.);
#619=VECTOR('',#5464,1.);
#620=VECTOR('',#5465,1.);
#621=VECTOR('',#5466,1.);
#622=VECTOR('',#5467,1.);
#623=VECTOR('',#5470,1.);
#624=VECTOR('',#5471,1.);
#625=VECTOR('',#5472,1.);
#626=VECTOR('',#5473,1.);
#627=VECTOR('',#5476,1.);
#628=VECTOR('',#5477,1.);
#629=VECTOR('',#5478,1.);
#630=VECTOR('',#5479,1.);
#631=VECTOR('',#5482,1.);
#632=VECTOR('',#5483,1.);
#633=VECTOR('',#5484,1.);
#634=VECTOR('',#5485,1.);
#635=VECTOR('',#5488,1.);
#636=VECTOR('',#5489,1.);
#637=VECTOR('',#5490,1.);
#638=VECTOR('',#5491,1.);
#639=VECTOR('',#5494,1.);
#640=VECTOR('',#5495,1.);
#641=VECTOR('',#5496,1.);
#642=VECTOR('',#5497,1.);
#643=VECTOR('',#5500,1.);
#644=VECTOR('',#5501,1.);
#645=VECTOR('',#5502,1.);
#646=VECTOR('',#5503,1.);
#647=VECTOR('',#5506,1.);
#648=VECTOR('',#5507,1.);
#649=VECTOR('',#5508,1.);
#650=VECTOR('',#5513,1.);
#651=VECTOR('',#5518,1.);
#652=VECTOR('',#5519,1.);
#653=VECTOR('',#5520,1.);
#654=VECTOR('',#5525,1.);
#655=VECTOR('',#5530,1.);
#656=VECTOR('',#5531,1.);
#657=VECTOR('',#5532,1.);
#658=VECTOR('',#5537,1.);
#659=VECTOR('',#5542,1.);
#660=VECTOR('',#5543,1.);
#661=VECTOR('',#5544,1.);
#662=VECTOR('',#5553,1.);
#663=VECTOR('',#5554,1.);
#664=VECTOR('',#5555,1.);
#665=VECTOR('',#5558,1.);
#666=VECTOR('',#5559,1.);
#667=VECTOR('',#5560,1.);
#668=VECTOR('',#5563,1.);
#669=VECTOR('',#5564,1.);
#670=VECTOR('',#5565,1.);
#671=VECTOR('',#5566,1.);
#672=VECTOR('',#5567,1.);
#673=VECTOR('',#5568,1.);
#674=VECTOR('',#5571,1.);
#675=VECTOR('',#5572,1.);
#676=VECTOR('',#5573,1.);
#677=VECTOR('',#5576,1.);
#678=VECTOR('',#5577,1.);
#679=VECTOR('',#5578,1.);
#680=VECTOR('',#5581,1.);
#681=VECTOR('',#5582,1.);
#682=VECTOR('',#5587,1.);
#683=VECTOR('',#5588,1.);
#684=VECTOR('',#5589,1.);
#685=VECTOR('',#5590,1.);
#686=VECTOR('',#5593,1.);
#687=VECTOR('',#5594,1.);
#688=VECTOR('',#5595,1.);
#689=VECTOR('',#5598,1.);
#690=VECTOR('',#5599,1.);
#691=VECTOR('',#5602,1.);
#692=VECTOR('',#5603,1.);
#693=VECTOR('',#5606,1.);
#694=VECTOR('',#5611,1.);
#695=VECTOR('',#5616,1.);
#696=VECTOR('',#5617,1.);
#697=VECTOR('',#5618,1.);
#698=VECTOR('',#5623,1.);
#699=VECTOR('',#5628,1.);
#700=VECTOR('',#5629,1.);
#701=VECTOR('',#5630,1.);
#702=VECTOR('',#5635,1.);
#703=VECTOR('',#5640,1.);
#704=VECTOR('',#5641,1.);
#705=VECTOR('',#5642,1.);
#706=VECTOR('',#5653,1.);
#707=VECTOR('',#5658,1.);
#708=VECTOR('',#5659,1.);
#709=VECTOR('',#5660,1.);
#710=VECTOR('',#5663,1.);
#711=VECTOR('',#5670,1.);
#712=VECTOR('',#5671,1.);
#713=VECTOR('',#5672,1.);
#714=VECTOR('',#5675,1.);
#715=VECTOR('',#5682,1.);
#716=VECTOR('',#5683,1.);
#717=VECTOR('',#5684,1.);
#718=VECTOR('',#5695,1.);
#719=VECTOR('',#5700,1.);
#720=VECTOR('',#5701,1.);
#721=VECTOR('',#5702,1.);
#722=VECTOR('',#5707,1.);
#723=VECTOR('',#5712,1.);
#724=VECTOR('',#5713,1.);
#725=VECTOR('',#5714,1.);
#726=VECTOR('',#5719,1.);
#727=VECTOR('',#5724,1.);
#728=VECTOR('',#5725,1.);
#729=VECTOR('',#5726,1.);
#730=VECTOR('',#5737,1.);
#731=VECTOR('',#5742,1.);
#732=VECTOR('',#5743,1.);
#733=VECTOR('',#5744,1.);
#734=VECTOR('',#5749,1.);
#735=VECTOR('',#5754,1.);
#736=VECTOR('',#5755,1.);
#737=VECTOR('',#5756,1.);
#738=VECTOR('',#5761,1.);
#739=VECTOR('',#5766,1.);
#740=VECTOR('',#5767,1.);
#741=VECTOR('',#5768,1.);
#742=VECTOR('',#5779,1.);
#743=VECTOR('',#5784,1.);
#744=VECTOR('',#5785,1.);
#745=VECTOR('',#5786,1.);
#746=VECTOR('',#5791,1.);
#747=VECTOR('',#5796,1.);
#748=VECTOR('',#5797,1.);
#749=VECTOR('',#5798,1.);
#750=VECTOR('',#5803,1.);
#751=VECTOR('',#5808,1.);
#752=VECTOR('',#5809,1.);
#753=VECTOR('',#5810,1.);
#754=VECTOR('',#5821,1.);
#755=VECTOR('',#5826,1.);
#756=VECTOR('',#5827,1.);
#757=VECTOR('',#5830,1.);
#758=VECTOR('',#5831,1.);
#759=VECTOR('',#5832,1.);
#760=VECTOR('',#5835,1.);
#761=VECTOR('',#5836,1.);
#762=VECTOR('',#5839,1.);
#763=VECTOR('',#5840,1.);
#764=VECTOR('',#5843,1.);
#765=VECTOR('',#5846,1.);
#766=VECTOR('',#5847,1.);
#767=VECTOR('',#5848,1.);
#768=VECTOR('',#5849,1.);
#769=VECTOR('',#5850,1.);
#770=VECTOR('',#5855,1.);
#771=VECTOR('',#5856,1.);
#772=VECTOR('',#5857,1.);
#773=VECTOR('',#5860,1.);
#774=VECTOR('',#5861,1.);
#775=VECTOR('',#5864,1.);
#776=VECTOR('',#5865,1.);
#777=VECTOR('',#5868,1.);
#778=VECTOR('',#5873,1.);
#779=VECTOR('',#5876,1.);
#780=VECTOR('',#5879,1.);
#781=VECTOR('',#5880,1.);
#782=VECTOR('',#5881,1.);
#783=VECTOR('',#5882,1.);
#784=VECTOR('',#5885,1.);
#785=VECTOR('',#5886,1.);
#786=VECTOR('',#5887,1.);
#787=VECTOR('',#5888,1.);
#788=VECTOR('',#5891,1.);
#789=VECTOR('',#5892,1.);
#790=VECTOR('',#5893,1.);
#791=VECTOR('',#5894,1.);
#792=VECTOR('',#5897,1.);
#793=VECTOR('',#5898,1.);
#794=VECTOR('',#5899,1.);
#795=VECTOR('',#5902,1.);
#796=VECTOR('',#5903,1.);
#797=VECTOR('',#5904,1.);
#798=VECTOR('',#5905,1.);
#799=VECTOR('',#5906,1.);
#800=VECTOR('',#5907,1.);
#801=VECTOR('',#5910,1.);
#802=VECTOR('',#5911,1.);
#803=VECTOR('',#5912,1.);
#804=VECTOR('',#5913,1.);
#805=VECTOR('',#5914,1.);
#806=VECTOR('',#5915,1.);
#807=VECTOR('',#5918,1.);
#808=VECTOR('',#5919,1.);
#809=VECTOR('',#5920,1.);
#810=VECTOR('',#5923,1.);
#811=VECTOR('',#5924,1.);
#812=VECTOR('',#5925,1.);
#813=VECTOR('',#5926,1.);
#814=VECTOR('',#5927,1.);
#815=VECTOR('',#5930,1.);
#816=VECTOR('',#5931,1.);
#817=VECTOR('',#5932,1.);
#818=VECTOR('',#5933,1.);
#819=VECTOR('',#5934,1.);
#820=VECTOR('',#5935,1.);
#821=VECTOR('',#5940,1.);
#822=VECTOR('',#5943,1.);
#823=VECTOR('',#5948,1.);
#824=VECTOR('',#5949,1.);
#825=VECTOR('',#5952,1.);
#826=VECTOR('',#5955,1.);
#827=VECTOR('',#5962,1.);
#828=VECTOR('',#5963,1.);
#829=VECTOR('',#5964,1.);
#830=VECTOR('',#5965,1.);
#831=VECTOR('',#5966,1.);
#832=VECTOR('',#5967,1.);
#833=VECTOR('',#5970,1.);
#834=VECTOR('',#5971,1.);
#835=VECTOR('',#5972,1.);
#836=VECTOR('',#5973,1.);
#837=VECTOR('',#5974,1.);
#838=VECTOR('',#5975,1.);
#839=VECTOR('',#5978,1.);
#840=VECTOR('',#5979,1.);
#841=VECTOR('',#5980,1.);
#842=VECTOR('',#5983,1.);
#843=VECTOR('',#5984,1.);
#844=VECTOR('',#5985,1.);
#845=VECTOR('',#5986,1.);
#846=VECTOR('',#5987,1.);
#847=VECTOR('',#5990,1.);
#848=VECTOR('',#5991,1.);
#849=VECTOR('',#5992,1.);
#850=VECTOR('',#5993,1.);
#851=VECTOR('',#5994,1.);
#852=VECTOR('',#5995,1.);
#853=VECTOR('',#6000,1.);
#854=VECTOR('',#6003,1.);
#855=VECTOR('',#6008,1.);
#856=VECTOR('',#6009,1.);
#857=VECTOR('',#6012,1.);
#858=VECTOR('',#6015,1.);
#859=VECTOR('',#6022,1.);
#860=VECTOR('',#6023,1.);
#861=VECTOR('',#6024,1.);
#862=VECTOR('',#6025,1.);
#863=VECTOR('',#6026,1.);
#864=VECTOR('',#6027,1.);
#865=VECTOR('',#6030,1.);
#866=VECTOR('',#6031,1.);
#867=VECTOR('',#6032,1.);
#868=VECTOR('',#6033,1.);
#869=VECTOR('',#6034,1.);
#870=VECTOR('',#6035,1.);
#871=VECTOR('',#6038,1.);
#872=VECTOR('',#6039,1.);
#873=VECTOR('',#6040,1.);
#874=VECTOR('',#6043,1.);
#875=VECTOR('',#6044,1.);
#876=VECTOR('',#6045,1.);
#877=VECTOR('',#6046,1.);
#878=VECTOR('',#6047,1.);
#879=VECTOR('',#6050,1.);
#880=VECTOR('',#6051,1.);
#881=VECTOR('',#6052,1.);
#882=VECTOR('',#6053,1.);
#883=VECTOR('',#6054,1.);
#884=VECTOR('',#6055,1.);
#885=VECTOR('',#6060,1.);
#886=VECTOR('',#6063,1.);
#887=VECTOR('',#6068,1.);
#888=VECTOR('',#6069,1.);
#889=VECTOR('',#6072,1.);
#890=VECTOR('',#6075,1.);
#891=VECTOR('',#6082,1.);
#892=VECTOR('',#6083,1.);
#893=VECTOR('',#6084,1.);
#894=VECTOR('',#6085,1.);
#895=VECTOR('',#6086,1.);
#896=VECTOR('',#6087,1.);
#897=VECTOR('',#6090,1.);
#898=VECTOR('',#6091,1.);
#899=VECTOR('',#6092,1.);
#900=VECTOR('',#6093,1.);
#901=VECTOR('',#6094,1.);
#902=VECTOR('',#6095,1.);
#903=VECTOR('',#6100,1.);
#904=VECTOR('',#6103,1.);
#905=VECTOR('',#6106,1.);
#906=VECTOR('',#6109,1.);
#907=VECTOR('',#6112,1.);
#908=VECTOR('',#6113,1.);
#909=VECTOR('',#6116,1.);
#910=VECTOR('',#6119,1.);
#911=VECTOR('',#6126,1.);
#912=VECTOR('',#6129,1.);
#913=VECTOR('',#6132,1.);
#914=VECTOR('',#6135,1.);
#915=VECTOR('',#6138,1.);
#916=VECTOR('',#6141,1.);
#917=VECTOR('',#6146,1.);
#918=VECTOR('',#6147,1.);
#919=VECTOR('',#6148,1.);
#920=VECTOR('',#6149,1.);
#921=VECTOR('',#6152,1.);
#922=VECTOR('',#6153,1.);
#923=VECTOR('',#6154,1.);
#924=VECTOR('',#6157,1.);
#925=VECTOR('',#6158,1.);
#926=VECTOR('',#6159,1.);
#927=VECTOR('',#6162,1.);
#928=VECTOR('',#6163,1.);
#929=PLANE('',#4991);
#930=PLANE('',#4992);
#931=PLANE('',#4993);
#932=PLANE('',#4994);
#933=PLANE('',#4995);
#934=PLANE('',#4996);
#935=PLANE('',#4997);
#936=PLANE('',#4998);
#937=PLANE('',#4999);
#938=PLANE('',#5000);
#939=PLANE('',#5001);
#940=PLANE('',#5002);
#941=PLANE('',#5003);
#942=PLANE('',#5004);
#943=PLANE('',#5005);
#944=PLANE('',#5006);
#945=PLANE('',#5007);
#946=PLANE('',#5008);
#947=PLANE('',#5009);
#948=PLANE('',#5010);
#949=PLANE('',#5011);
#950=PLANE('',#5012);
#951=PLANE('',#5013);
#952=PLANE('',#5017);
#953=PLANE('',#5021);
#954=PLANE('',#5022);
#955=PLANE('',#5023);
#956=PLANE('',#5024);
#957=PLANE('',#5025);
#958=PLANE('',#5026);
#959=PLANE('',#5027);
#960=PLANE('',#5028);
#961=PLANE('',#5032);
#962=PLANE('',#5036);
#963=PLANE('',#5040);
#964=PLANE('',#5044);
#965=PLANE('',#5045);
#966=PLANE('',#5046);
#967=PLANE('',#5047);
#968=PLANE('',#5048);
#969=PLANE('',#5049);
#970=PLANE('',#5050);
#971=PLANE('',#5051);
#972=PLANE('',#5052);
#973=PLANE('',#5053);
#974=PLANE('',#5054);
#975=PLANE('',#5055);
#976=PLANE('',#5059);
#977=PLANE('',#5063);
#978=PLANE('',#5067);
#979=PLANE('',#5074);
#980=PLANE('',#5078);
#981=PLANE('',#5082);
#982=PLANE('',#5089);
#983=PLANE('',#5093);
#984=PLANE('',#5097);
#985=PLANE('',#5104);
#986=PLANE('',#5108);
#987=PLANE('',#5112);
#988=PLANE('',#5119);
#989=PLANE('',#5123);
#990=PLANE('',#5127);
#991=PLANE('',#5134);
#992=PLANE('',#5135);
#993=PLANE('',#5136);
#994=PLANE('',#5137);
#995=PLANE('',#5138);
#996=PLANE('',#5139);
#997=PLANE('',#5140);
#998=PLANE('',#5141);
#999=PLANE('',#5142);
#1000=PLANE('',#5143);
#1001=PLANE('',#5144);
#1002=PLANE('',#5145);
#1003=PLANE('',#5146);
#1004=PLANE('',#5147);
#1005=PLANE('',#5148);
#1006=PLANE('',#5149);
#1007=PLANE('',#5150);
#1008=PLANE('',#5151);
#1009=PLANE('',#5152);
#1010=PLANE('',#5153);
#1011=PLANE('',#5154);
#1012=PLANE('',#5155);
#1013=PLANE('',#5156);
#1014=PLANE('',#5157);
#1015=PLANE('',#5158);
#1016=PLANE('',#5159);
#1017=PLANE('',#5160);
#1018=PLANE('',#5161);
#1019=PLANE('',#5162);
#1020=PLANE('',#5163);
#1021=PLANE('',#5164);
#1022=PLANE('',#5165);
#1023=PLANE('',#5166);
#1024=PLANE('',#5167);
#1025=PLANE('',#5168);
#1026=PLANE('',#5169);
#1027=PLANE('',#5170);
#1028=PLANE('',#5171);
#1029=PLANE('',#5172);
#1030=PLANE('',#5173);
#1031=PLANE('',#5174);
#1032=PLANE('',#5175);
#1033=PLANE('',#5176);
#1034=PLANE('',#5177);
#1035=PLANE('',#5178);
#1036=PLANE('',#5179);
#1037=PLANE('',#5180);
#1038=PLANE('',#5181);
#1039=PLANE('',#5182);
#1040=PLANE('',#5183);
#1041=PLANE('',#5184);
#1042=PLANE('',#5185);
#1043=PLANE('',#5186);
#1044=PLANE('',#5187);
#1045=PLANE('',#5188);
#1046=PLANE('',#5189);
#1047=PLANE('',#5190);
#1048=PLANE('',#5191);
#1049=PLANE('',#5192);
#1050=PLANE('',#5193);
#1051=PLANE('',#5194);
#1052=PLANE('',#5195);
#1053=PLANE('',#5196);
#1054=PLANE('',#5197);
#1055=PLANE('',#5198);
#1056=PLANE('',#5199);
#1057=PLANE('',#5200);
#1058=PLANE('',#5201);
#1059=PLANE('',#5202);
#1060=PLANE('',#5203);
#1061=PLANE('',#5204);
#1062=PLANE('',#5205);
#1063=PLANE('',#5206);
#1064=PLANE('',#5207);
#1065=PLANE('',#5208);
#1066=PLANE('',#5209);
#1067=PLANE('',#5210);
#1068=PLANE('',#5211);
#1069=PLANE('',#5212);
#1070=PLANE('',#5213);
#1071=PLANE('',#5214);
#1072=PLANE('',#5215);
#1073=PLANE('',#5216);
#1074=PLANE('',#5217);
#1075=PLANE('',#5218);
#1076=PLANE('',#5219);
#1077=ORIENTED_EDGE('',*,*,#2117,.T.);
#1078=ORIENTED_EDGE('',*,*,#2118,.F.);
#1079=ORIENTED_EDGE('',*,*,#2119,.T.);
#1080=ORIENTED_EDGE('',*,*,#2120,.F.);
#1081=ORIENTED_EDGE('',*,*,#2121,.T.);
#1082=ORIENTED_EDGE('',*,*,#2122,.F.);
#1083=ORIENTED_EDGE('',*,*,#2123,.T.);
#1084=ORIENTED_EDGE('',*,*,#2124,.F.);
#1085=ORIENTED_EDGE('',*,*,#2125,.T.);
#1086=ORIENTED_EDGE('',*,*,#2126,.F.);
#1087=ORIENTED_EDGE('',*,*,#2127,.T.);
#1088=ORIENTED_EDGE('',*,*,#2128,.F.);
#1089=ORIENTED_EDGE('',*,*,#2129,.F.);
#1090=ORIENTED_EDGE('',*,*,#2130,.T.);
#1091=ORIENTED_EDGE('',*,*,#2131,.F.);
#1092=ORIENTED_EDGE('',*,*,#2132,.T.);
#1093=ORIENTED_EDGE('',*,*,#2133,.F.);
#1094=ORIENTED_EDGE('',*,*,#2134,.F.);
#1095=ORIENTED_EDGE('',*,*,#2135,.F.);
#1096=ORIENTED_EDGE('',*,*,#2136,.T.);
#1097=ORIENTED_EDGE('',*,*,#2137,.F.);
#1098=ORIENTED_EDGE('',*,*,#2138,.F.);
#1099=ORIENTED_EDGE('',*,*,#2139,.F.);
#1100=ORIENTED_EDGE('',*,*,#2140,.T.);
#1101=ORIENTED_EDGE('',*,*,#2141,.F.);
#1102=ORIENTED_EDGE('',*,*,#2142,.F.);
#1103=ORIENTED_EDGE('',*,*,#2143,.F.);
#1104=ORIENTED_EDGE('',*,*,#2144,.T.);
#1105=ORIENTED_EDGE('',*,*,#2145,.F.);
#1106=ORIENTED_EDGE('',*,*,#2146,.T.);
#1107=ORIENTED_EDGE('',*,*,#2147,.F.);
#1108=ORIENTED_EDGE('',*,*,#2148,.F.);
#1109=ORIENTED_EDGE('',*,*,#2149,.F.);
#1110=ORIENTED_EDGE('',*,*,#2150,.T.);
#1111=ORIENTED_EDGE('',*,*,#2151,.F.);
#1112=ORIENTED_EDGE('',*,*,#2152,.F.);
#1113=ORIENTED_EDGE('',*,*,#2153,.F.);
#1114=ORIENTED_EDGE('',*,*,#2154,.T.);
#1115=ORIENTED_EDGE('',*,*,#2155,.F.);
#1116=ORIENTED_EDGE('',*,*,#2156,.F.);
#1117=ORIENTED_EDGE('',*,*,#2157,.F.);
#1118=ORIENTED_EDGE('',*,*,#2158,.T.);
#1119=ORIENTED_EDGE('',*,*,#2159,.F.);
#1120=ORIENTED_EDGE('',*,*,#2160,.F.);
#1121=ORIENTED_EDGE('',*,*,#2161,.F.);
#1122=ORIENTED_EDGE('',*,*,#2162,.T.);
#1123=ORIENTED_EDGE('',*,*,#2163,.F.);
#1124=ORIENTED_EDGE('',*,*,#2136,.F.);
#1125=ORIENTED_EDGE('',*,*,#2164,.F.);
#1126=ORIENTED_EDGE('',*,*,#2165,.T.);
#1127=ORIENTED_EDGE('',*,*,#2166,.F.);
#1128=ORIENTED_EDGE('',*,*,#2167,.T.);
#1129=ORIENTED_EDGE('',*,*,#2168,.F.);
#1130=ORIENTED_EDGE('',*,*,#2169,.F.);
#1131=ORIENTED_EDGE('',*,*,#2170,.F.);
#1132=ORIENTED_EDGE('',*,*,#2148,.T.);
#1133=ORIENTED_EDGE('',*,*,#2171,.F.);
#1134=ORIENTED_EDGE('',*,*,#2172,.F.);
#1135=ORIENTED_EDGE('',*,*,#2173,.F.);
#1136=ORIENTED_EDGE('',*,*,#2174,.T.);
#1137=ORIENTED_EDGE('',*,*,#2175,.F.);
#1138=ORIENTED_EDGE('',*,*,#2176,.F.);
#1139=ORIENTED_EDGE('',*,*,#2177,.F.);
#1140=ORIENTED_EDGE('',*,*,#2178,.T.);
#1141=ORIENTED_EDGE('',*,*,#2169,.T.);
#1142=ORIENTED_EDGE('',*,*,#2179,.T.);
#1143=ORIENTED_EDGE('',*,*,#2180,.F.);
#1144=ORIENTED_EDGE('',*,*,#2181,.F.);
#1145=ORIENTED_EDGE('',*,*,#2182,.T.);
#1146=ORIENTED_EDGE('',*,*,#2180,.T.);
#1147=ORIENTED_EDGE('',*,*,#2183,.T.);
#1148=ORIENTED_EDGE('',*,*,#2184,.T.);
#1149=ORIENTED_EDGE('',*,*,#2185,.T.);
#1150=ORIENTED_EDGE('',*,*,#2186,.F.);
#1151=ORIENTED_EDGE('',*,*,#2187,.T.);
#1152=ORIENTED_EDGE('',*,*,#2146,.F.);
#1153=ORIENTED_EDGE('',*,*,#2188,.T.);
#1154=ORIENTED_EDGE('',*,*,#2189,.T.);
#1155=ORIENTED_EDGE('',*,*,#2190,.T.);
#1156=ORIENTED_EDGE('',*,*,#2191,.T.);
#1157=ORIENTED_EDGE('',*,*,#2192,.T.);
#1158=ORIENTED_EDGE('',*,*,#2193,.T.);
#1159=ORIENTED_EDGE('',*,*,#2194,.T.);
#1160=ORIENTED_EDGE('',*,*,#2195,.F.);
#1161=ORIENTED_EDGE('',*,*,#2187,.F.);
#1162=ORIENTED_EDGE('',*,*,#2196,.F.);
#1163=ORIENTED_EDGE('',*,*,#2164,.T.);
#1164=ORIENTED_EDGE('',*,*,#2147,.T.);
#1165=ORIENTED_EDGE('',*,*,#2197,.T.);
#1166=ORIENTED_EDGE('',*,*,#2198,.F.);
#1167=ORIENTED_EDGE('',*,*,#2199,.F.);
#1168=ORIENTED_EDGE('',*,*,#2200,.T.);
#1169=ORIENTED_EDGE('',*,*,#2196,.T.);
#1170=ORIENTED_EDGE('',*,*,#2186,.T.);
#1171=ORIENTED_EDGE('',*,*,#2201,.F.);
#1172=ORIENTED_EDGE('',*,*,#2165,.F.);
#1173=ORIENTED_EDGE('',*,*,#2202,.T.);
#1174=ORIENTED_EDGE('',*,*,#2203,.T.);
#1175=ORIENTED_EDGE('',*,*,#2204,.F.);
#1176=ORIENTED_EDGE('',*,*,#2205,.F.);
#1177=ORIENTED_EDGE('',*,*,#2206,.T.);
#1178=ORIENTED_EDGE('',*,*,#2207,.T.);
#1179=ORIENTED_EDGE('',*,*,#2208,.F.);
#1180=ORIENTED_EDGE('',*,*,#2209,.F.);
#1181=ORIENTED_EDGE('',*,*,#2210,.T.);
#1182=ORIENTED_EDGE('',*,*,#2211,.T.);
#1183=ORIENTED_EDGE('',*,*,#2212,.F.);
#1184=ORIENTED_EDGE('',*,*,#2213,.F.);
#1185=ORIENTED_EDGE('',*,*,#2214,.T.);
#1186=ORIENTED_EDGE('',*,*,#2215,.T.);
#1187=ORIENTED_EDGE('',*,*,#2216,.F.);
#1188=ORIENTED_EDGE('',*,*,#2130,.F.);
#1189=ORIENTED_EDGE('',*,*,#2217,.F.);
#1190=ORIENTED_EDGE('',*,*,#2218,.T.);
#1191=ORIENTED_EDGE('',*,*,#2199,.T.);
#1192=ORIENTED_EDGE('',*,*,#2219,.F.);
#1193=ORIENTED_EDGE('',*,*,#2220,.T.);
#1194=ORIENTED_EDGE('',*,*,#2221,.F.);
#1195=ORIENTED_EDGE('',*,*,#2222,.F.);
#1196=ORIENTED_EDGE('',*,*,#2223,.T.);
#1197=ORIENTED_EDGE('',*,*,#2224,.T.);
#1198=ORIENTED_EDGE('',*,*,#2225,.F.);
#1199=ORIENTED_EDGE('',*,*,#2226,.T.);
#1200=ORIENTED_EDGE('',*,*,#2227,.F.);
#1201=ORIENTED_EDGE('',*,*,#2228,.F.);
#1202=ORIENTED_EDGE('',*,*,#2225,.T.);
#1203=ORIENTED_EDGE('',*,*,#2228,.T.);
#1204=ORIENTED_EDGE('',*,*,#2229,.F.);
#1205=ORIENTED_EDGE('',*,*,#2230,.F.);
#1206=ORIENTED_EDGE('',*,*,#2217,.T.);
#1207=ORIENTED_EDGE('',*,*,#2231,.T.);
#1208=ORIENTED_EDGE('',*,*,#2232,.T.);
#1209=ORIENTED_EDGE('',*,*,#2229,.T.);
#1210=ORIENTED_EDGE('',*,*,#2227,.T.);
#1211=ORIENTED_EDGE('',*,*,#2233,.T.);
#1212=ORIENTED_EDGE('',*,*,#2231,.F.);
#1213=ORIENTED_EDGE('',*,*,#2226,.F.);
#1214=ORIENTED_EDGE('',*,*,#2224,.F.);
#1215=ORIENTED_EDGE('',*,*,#2234,.F.);
#1216=ORIENTED_EDGE('',*,*,#2235,.T.);
#1217=ORIENTED_EDGE('',*,*,#2222,.T.);
#1218=ORIENTED_EDGE('',*,*,#2236,.F.);
#1219=ORIENTED_EDGE('',*,*,#2237,.T.);
#1220=ORIENTED_EDGE('',*,*,#2189,.F.);
#1221=ORIENTED_EDGE('',*,*,#2238,.F.);
#1222=ORIENTED_EDGE('',*,*,#2176,.T.);
#1223=ORIENTED_EDGE('',*,*,#2239,.T.);
#1224=ORIENTED_EDGE('',*,*,#2240,.F.);
#1225=ORIENTED_EDGE('',*,*,#2241,.F.);
#1226=ORIENTED_EDGE('',*,*,#2242,.T.);
#1227=ORIENTED_EDGE('',*,*,#2243,.T.);
#1228=ORIENTED_EDGE('',*,*,#2244,.F.);
#1229=ORIENTED_EDGE('',*,*,#2245,.F.);
#1230=ORIENTED_EDGE('',*,*,#2246,.T.);
#1231=ORIENTED_EDGE('',*,*,#2247,.T.);
#1232=ORIENTED_EDGE('',*,*,#2248,.F.);
#1233=ORIENTED_EDGE('',*,*,#2249,.F.);
#1234=ORIENTED_EDGE('',*,*,#2250,.T.);
#1235=ORIENTED_EDGE('',*,*,#2251,.T.);
#1236=ORIENTED_EDGE('',*,*,#2252,.F.);
#1237=ORIENTED_EDGE('',*,*,#2253,.F.);
#1238=ORIENTED_EDGE('',*,*,#2142,.T.);
#1239=ORIENTED_EDGE('',*,*,#2221,.T.);
#1240=ORIENTED_EDGE('',*,*,#2254,.T.);
#1241=ORIENTED_EDGE('',*,*,#2255,.F.);
#1242=ORIENTED_EDGE('',*,*,#2236,.T.);
#1243=ORIENTED_EDGE('',*,*,#2256,.T.);
#1244=ORIENTED_EDGE('',*,*,#2234,.T.);
#1245=ORIENTED_EDGE('',*,*,#2255,.T.);
#1246=ORIENTED_EDGE('',*,*,#2257,.F.);
#1247=ORIENTED_EDGE('',*,*,#2258,.F.);
#1248=ORIENTED_EDGE('',*,*,#2197,.F.);
#1249=ORIENTED_EDGE('',*,*,#2259,.T.);
#1250=ORIENTED_EDGE('',*,*,#2260,.T.);
#1251=ORIENTED_EDGE('',*,*,#2261,.T.);
#1252=ORIENTED_EDGE('',*,*,#2262,.F.);
#1253=ORIENTED_EDGE('',*,*,#2263,.T.);
#1254=ORIENTED_EDGE('',*,*,#2264,.T.);
#1255=ORIENTED_EDGE('',*,*,#2265,.T.);
#1256=ORIENTED_EDGE('',*,*,#2264,.F.);
#1257=ORIENTED_EDGE('',*,*,#2266,.T.);
#1258=ORIENTED_EDGE('',*,*,#2267,.F.);
#1259=ORIENTED_EDGE('',*,*,#2268,.F.);
#1260=ORIENTED_EDGE('',*,*,#2269,.T.);
#1261=ORIENTED_EDGE('',*,*,#2270,.T.);
#1262=ORIENTED_EDGE('',*,*,#2267,.T.);
#1263=ORIENTED_EDGE('',*,*,#2271,.F.);
#1264=ORIENTED_EDGE('',*,*,#2265,.F.);
#1265=ORIENTED_EDGE('',*,*,#2270,.F.);
#1266=ORIENTED_EDGE('',*,*,#2272,.T.);
#1267=ORIENTED_EDGE('',*,*,#2273,.F.);
#1268=ORIENTED_EDGE('',*,*,#2274,.F.);
#1269=ORIENTED_EDGE('',*,*,#2275,.F.);
#1270=ORIENTED_EDGE('',*,*,#2273,.T.);
#1271=ORIENTED_EDGE('',*,*,#2276,.F.);
#1272=ORIENTED_EDGE('',*,*,#2277,.T.);
#1273=ORIENTED_EDGE('',*,*,#2278,.T.);
#1274=ORIENTED_EDGE('',*,*,#2279,.F.);
#1275=ORIENTED_EDGE('',*,*,#2280,.F.);
#1276=ORIENTED_EDGE('',*,*,#2281,.F.);
#1277=ORIENTED_EDGE('',*,*,#2282,.F.);
#1278=ORIENTED_EDGE('',*,*,#2283,.T.);
#1279=ORIENTED_EDGE('',*,*,#2284,.F.);
#1280=ORIENTED_EDGE('',*,*,#2285,.F.);
#1281=ORIENTED_EDGE('',*,*,#2286,.F.);
#1282=ORIENTED_EDGE('',*,*,#2287,.T.);
#1283=ORIENTED_EDGE('',*,*,#2288,.F.);
#1284=ORIENTED_EDGE('',*,*,#2289,.F.);
#1285=ORIENTED_EDGE('',*,*,#2290,.F.);
#1286=ORIENTED_EDGE('',*,*,#2291,.T.);
#1287=ORIENTED_EDGE('',*,*,#2292,.F.);
#1288=ORIENTED_EDGE('',*,*,#2293,.F.);
#1289=ORIENTED_EDGE('',*,*,#2294,.F.);
#1290=ORIENTED_EDGE('',*,*,#2295,.T.);
#1291=ORIENTED_EDGE('',*,*,#2296,.F.);
#1292=ORIENTED_EDGE('',*,*,#2297,.F.);
#1293=ORIENTED_EDGE('',*,*,#2298,.F.);
#1294=ORIENTED_EDGE('',*,*,#2299,.T.);
#1295=ORIENTED_EDGE('',*,*,#2300,.F.);
#1296=ORIENTED_EDGE('',*,*,#2301,.F.);
#1297=ORIENTED_EDGE('',*,*,#2302,.F.);
#1298=ORIENTED_EDGE('',*,*,#2303,.T.);
#1299=ORIENTED_EDGE('',*,*,#2304,.T.);
#1300=ORIENTED_EDGE('',*,*,#2305,.T.);
#1301=ORIENTED_EDGE('',*,*,#2306,.F.);
#1302=ORIENTED_EDGE('',*,*,#2307,.F.);
#1303=ORIENTED_EDGE('',*,*,#2274,.T.);
#1304=ORIENTED_EDGE('',*,*,#2308,.F.);
#1305=ORIENTED_EDGE('',*,*,#2309,.F.);
#1306=ORIENTED_EDGE('',*,*,#2310,.F.);
#1307=ORIENTED_EDGE('',*,*,#2280,.T.);
#1308=ORIENTED_EDGE('',*,*,#2311,.F.);
#1309=ORIENTED_EDGE('',*,*,#2312,.T.);
#1310=ORIENTED_EDGE('',*,*,#2313,.T.);
#1311=ORIENTED_EDGE('',*,*,#2309,.T.);
#1312=ORIENTED_EDGE('',*,*,#2312,.F.);
#1313=ORIENTED_EDGE('',*,*,#2314,.F.);
#1314=ORIENTED_EDGE('',*,*,#2315,.T.);
#1315=ORIENTED_EDGE('',*,*,#2316,.F.);
#1316=ORIENTED_EDGE('',*,*,#2317,.F.);
#1317=ORIENTED_EDGE('',*,*,#2318,.T.);
#1318=ORIENTED_EDGE('',*,*,#2319,.T.);
#1319=ORIENTED_EDGE('',*,*,#2315,.F.);
#1320=ORIENTED_EDGE('',*,*,#2318,.F.);
#1321=ORIENTED_EDGE('',*,*,#2320,.F.);
#1322=ORIENTED_EDGE('',*,*,#2321,.T.);
#1323=ORIENTED_EDGE('',*,*,#2322,.F.);
#1324=ORIENTED_EDGE('',*,*,#2323,.T.);
#1325=ORIENTED_EDGE('',*,*,#2321,.F.);
#1326=ORIENTED_EDGE('',*,*,#2324,.F.);
#1327=ORIENTED_EDGE('',*,*,#2325,.T.);
#1328=ORIENTED_EDGE('',*,*,#2326,.F.);
#1329=ORIENTED_EDGE('',*,*,#2325,.F.);
#1330=ORIENTED_EDGE('',*,*,#2327,.F.);
#1331=ORIENTED_EDGE('',*,*,#2284,.T.);
#1332=ORIENTED_EDGE('',*,*,#2328,.T.);
#1333=ORIENTED_EDGE('',*,*,#2329,.F.);
#1334=ORIENTED_EDGE('',*,*,#2278,.F.);
#1335=ORIENTED_EDGE('',*,*,#2330,.T.);
#1336=ORIENTED_EDGE('',*,*,#2331,.T.);
#1337=ORIENTED_EDGE('',*,*,#2332,.F.);
#1338=ORIENTED_EDGE('',*,*,#2328,.F.);
#1339=ORIENTED_EDGE('',*,*,#2333,.T.);
#1340=ORIENTED_EDGE('',*,*,#2298,.T.);
#1341=ORIENTED_EDGE('',*,*,#2334,.F.);
#1342=ORIENTED_EDGE('',*,*,#2331,.F.);
#1343=ORIENTED_EDGE('',*,*,#2335,.T.);
#1344=ORIENTED_EDGE('',*,*,#2336,.T.);
#1345=ORIENTED_EDGE('',*,*,#2337,.F.);
#1346=ORIENTED_EDGE('',*,*,#2338,.F.);
#1347=ORIENTED_EDGE('',*,*,#2339,.T.);
#1348=ORIENTED_EDGE('',*,*,#2338,.T.);
#1349=ORIENTED_EDGE('',*,*,#2340,.F.);
#1350=ORIENTED_EDGE('',*,*,#2341,.F.);
#1351=ORIENTED_EDGE('',*,*,#2342,.T.);
#1352=ORIENTED_EDGE('',*,*,#2341,.T.);
#1353=ORIENTED_EDGE('',*,*,#2343,.F.);
#1354=ORIENTED_EDGE('',*,*,#2344,.F.);
#1355=ORIENTED_EDGE('',*,*,#2345,.T.);
#1356=ORIENTED_EDGE('',*,*,#2344,.T.);
#1357=ORIENTED_EDGE('',*,*,#2346,.F.);
#1358=ORIENTED_EDGE('',*,*,#2336,.F.);
#1359=ORIENTED_EDGE('',*,*,#2347,.T.);
#1360=ORIENTED_EDGE('',*,*,#2346,.T.);
#1361=ORIENTED_EDGE('',*,*,#2343,.T.);
#1362=ORIENTED_EDGE('',*,*,#2340,.T.);
#1363=ORIENTED_EDGE('',*,*,#2337,.T.);
#1364=ORIENTED_EDGE('',*,*,#2348,.T.);
#1365=ORIENTED_EDGE('',*,*,#2349,.T.);
#1366=ORIENTED_EDGE('',*,*,#2350,.T.);
#1367=ORIENTED_EDGE('',*,*,#2351,.T.);
#1368=ORIENTED_EDGE('',*,*,#2352,.T.);
#1369=ORIENTED_EDGE('',*,*,#2351,.F.);
#1370=ORIENTED_EDGE('',*,*,#2353,.F.);
#1371=ORIENTED_EDGE('',*,*,#2354,.T.);
#1372=ORIENTED_EDGE('',*,*,#2353,.T.);
#1373=ORIENTED_EDGE('',*,*,#2350,.F.);
#1374=ORIENTED_EDGE('',*,*,#2355,.F.);
#1375=ORIENTED_EDGE('',*,*,#2356,.T.);
#1376=ORIENTED_EDGE('',*,*,#2355,.T.);
#1377=ORIENTED_EDGE('',*,*,#2349,.F.);
#1378=ORIENTED_EDGE('',*,*,#2357,.F.);
#1379=ORIENTED_EDGE('',*,*,#2358,.T.);
#1380=ORIENTED_EDGE('',*,*,#2357,.T.);
#1381=ORIENTED_EDGE('',*,*,#2348,.F.);
#1382=ORIENTED_EDGE('',*,*,#2352,.F.);
#1383=ORIENTED_EDGE('',*,*,#2359,.T.);
#1384=ORIENTED_EDGE('',*,*,#2360,.F.);
#1385=ORIENTED_EDGE('',*,*,#2361,.F.);
#1386=ORIENTED_EDGE('',*,*,#2362,.F.);
#1387=ORIENTED_EDGE('',*,*,#2282,.T.);
#1388=ORIENTED_EDGE('',*,*,#2363,.F.);
#1389=ORIENTED_EDGE('',*,*,#2364,.T.);
#1390=ORIENTED_EDGE('',*,*,#2365,.T.);
#1391=ORIENTED_EDGE('',*,*,#2361,.T.);
#1392=ORIENTED_EDGE('',*,*,#2364,.F.);
#1393=ORIENTED_EDGE('',*,*,#2366,.F.);
#1394=ORIENTED_EDGE('',*,*,#2367,.T.);
#1395=ORIENTED_EDGE('',*,*,#2368,.F.);
#1396=ORIENTED_EDGE('',*,*,#2369,.F.);
#1397=ORIENTED_EDGE('',*,*,#2370,.T.);
#1398=ORIENTED_EDGE('',*,*,#2371,.T.);
#1399=ORIENTED_EDGE('',*,*,#2367,.F.);
#1400=ORIENTED_EDGE('',*,*,#2370,.F.);
#1401=ORIENTED_EDGE('',*,*,#2372,.F.);
#1402=ORIENTED_EDGE('',*,*,#2373,.T.);
#1403=ORIENTED_EDGE('',*,*,#2374,.F.);
#1404=ORIENTED_EDGE('',*,*,#2375,.T.);
#1405=ORIENTED_EDGE('',*,*,#2373,.F.);
#1406=ORIENTED_EDGE('',*,*,#2376,.F.);
#1407=ORIENTED_EDGE('',*,*,#2377,.T.);
#1408=ORIENTED_EDGE('',*,*,#2378,.F.);
#1409=ORIENTED_EDGE('',*,*,#2377,.F.);
#1410=ORIENTED_EDGE('',*,*,#2379,.F.);
#1411=ORIENTED_EDGE('',*,*,#2306,.T.);
#1412=ORIENTED_EDGE('',*,*,#2380,.F.);
#1413=ORIENTED_EDGE('',*,*,#2381,.F.);
#1414=ORIENTED_EDGE('',*,*,#2382,.F.);
#1415=ORIENTED_EDGE('',*,*,#2288,.T.);
#1416=ORIENTED_EDGE('',*,*,#2383,.T.);
#1417=ORIENTED_EDGE('',*,*,#2384,.F.);
#1418=ORIENTED_EDGE('',*,*,#2385,.F.);
#1419=ORIENTED_EDGE('',*,*,#2381,.T.);
#1420=ORIENTED_EDGE('',*,*,#2386,.F.);
#1421=ORIENTED_EDGE('',*,*,#2387,.F.);
#1422=ORIENTED_EDGE('',*,*,#2384,.T.);
#1423=ORIENTED_EDGE('',*,*,#2388,.F.);
#1424=ORIENTED_EDGE('',*,*,#2389,.F.);
#1425=ORIENTED_EDGE('',*,*,#2386,.T.);
#1426=ORIENTED_EDGE('',*,*,#2390,.T.);
#1427=ORIENTED_EDGE('',*,*,#2391,.F.);
#1428=ORIENTED_EDGE('',*,*,#2392,.F.);
#1429=ORIENTED_EDGE('',*,*,#2393,.F.);
#1430=ORIENTED_EDGE('',*,*,#2391,.T.);
#1431=ORIENTED_EDGE('',*,*,#2394,.F.);
#1432=ORIENTED_EDGE('',*,*,#2395,.F.);
#1433=ORIENTED_EDGE('',*,*,#2392,.T.);
#1434=ORIENTED_EDGE('',*,*,#2396,.T.);
#1435=ORIENTED_EDGE('',*,*,#2397,.T.);
#1436=ORIENTED_EDGE('',*,*,#2398,.F.);
#1437=ORIENTED_EDGE('',*,*,#2397,.F.);
#1438=ORIENTED_EDGE('',*,*,#2399,.F.);
#1439=ORIENTED_EDGE('',*,*,#2302,.T.);
#1440=ORIENTED_EDGE('',*,*,#2400,.F.);
#1441=ORIENTED_EDGE('',*,*,#2401,.F.);
#1442=ORIENTED_EDGE('',*,*,#2402,.F.);
#1443=ORIENTED_EDGE('',*,*,#2286,.T.);
#1444=ORIENTED_EDGE('',*,*,#2403,.F.);
#1445=ORIENTED_EDGE('',*,*,#2404,.T.);
#1446=ORIENTED_EDGE('',*,*,#2405,.T.);
#1447=ORIENTED_EDGE('',*,*,#2401,.T.);
#1448=ORIENTED_EDGE('',*,*,#2404,.F.);
#1449=ORIENTED_EDGE('',*,*,#2406,.F.);
#1450=ORIENTED_EDGE('',*,*,#2407,.T.);
#1451=ORIENTED_EDGE('',*,*,#2408,.F.);
#1452=ORIENTED_EDGE('',*,*,#2409,.F.);
#1453=ORIENTED_EDGE('',*,*,#2410,.T.);
#1454=ORIENTED_EDGE('',*,*,#2411,.T.);
#1455=ORIENTED_EDGE('',*,*,#2407,.F.);
#1456=ORIENTED_EDGE('',*,*,#2410,.F.);
#1457=ORIENTED_EDGE('',*,*,#2412,.F.);
#1458=ORIENTED_EDGE('',*,*,#2413,.T.);
#1459=ORIENTED_EDGE('',*,*,#2414,.F.);
#1460=ORIENTED_EDGE('',*,*,#2415,.T.);
#1461=ORIENTED_EDGE('',*,*,#2413,.F.);
#1462=ORIENTED_EDGE('',*,*,#2416,.F.);
#1463=ORIENTED_EDGE('',*,*,#2417,.T.);
#1464=ORIENTED_EDGE('',*,*,#2418,.F.);
#1465=ORIENTED_EDGE('',*,*,#2417,.F.);
#1466=ORIENTED_EDGE('',*,*,#2419,.F.);
#1467=ORIENTED_EDGE('',*,*,#2292,.T.);
#1468=ORIENTED_EDGE('',*,*,#2420,.F.);
#1469=ORIENTED_EDGE('',*,*,#2421,.F.);
#1470=ORIENTED_EDGE('',*,*,#2422,.F.);
#1471=ORIENTED_EDGE('',*,*,#2290,.T.);
#1472=ORIENTED_EDGE('',*,*,#2423,.F.);
#1473=ORIENTED_EDGE('',*,*,#2424,.T.);
#1474=ORIENTED_EDGE('',*,*,#2425,.T.);
#1475=ORIENTED_EDGE('',*,*,#2421,.T.);
#1476=ORIENTED_EDGE('',*,*,#2424,.F.);
#1477=ORIENTED_EDGE('',*,*,#2426,.F.);
#1478=ORIENTED_EDGE('',*,*,#2427,.T.);
#1479=ORIENTED_EDGE('',*,*,#2428,.F.);
#1480=ORIENTED_EDGE('',*,*,#2429,.F.);
#1481=ORIENTED_EDGE('',*,*,#2430,.T.);
#1482=ORIENTED_EDGE('',*,*,#2431,.T.);
#1483=ORIENTED_EDGE('',*,*,#2427,.F.);
#1484=ORIENTED_EDGE('',*,*,#2430,.F.);
#1485=ORIENTED_EDGE('',*,*,#2432,.F.);
#1486=ORIENTED_EDGE('',*,*,#2433,.T.);
#1487=ORIENTED_EDGE('',*,*,#2434,.F.);
#1488=ORIENTED_EDGE('',*,*,#2435,.T.);
#1489=ORIENTED_EDGE('',*,*,#2433,.F.);
#1490=ORIENTED_EDGE('',*,*,#2436,.F.);
#1491=ORIENTED_EDGE('',*,*,#2437,.T.);
#1492=ORIENTED_EDGE('',*,*,#2438,.F.);
#1493=ORIENTED_EDGE('',*,*,#2437,.F.);
#1494=ORIENTED_EDGE('',*,*,#2439,.F.);
#1495=ORIENTED_EDGE('',*,*,#2296,.T.);
#1496=ORIENTED_EDGE('',*,*,#2440,.F.);
#1497=ORIENTED_EDGE('',*,*,#2441,.F.);
#1498=ORIENTED_EDGE('',*,*,#2442,.F.);
#1499=ORIENTED_EDGE('',*,*,#2294,.T.);
#1500=ORIENTED_EDGE('',*,*,#2443,.F.);
#1501=ORIENTED_EDGE('',*,*,#2444,.T.);
#1502=ORIENTED_EDGE('',*,*,#2445,.T.);
#1503=ORIENTED_EDGE('',*,*,#2441,.T.);
#1504=ORIENTED_EDGE('',*,*,#2444,.F.);
#1505=ORIENTED_EDGE('',*,*,#2446,.F.);
#1506=ORIENTED_EDGE('',*,*,#2447,.T.);
#1507=ORIENTED_EDGE('',*,*,#2448,.F.);
#1508=ORIENTED_EDGE('',*,*,#2449,.F.);
#1509=ORIENTED_EDGE('',*,*,#2450,.T.);
#1510=ORIENTED_EDGE('',*,*,#2451,.T.);
#1511=ORIENTED_EDGE('',*,*,#2447,.F.);
#1512=ORIENTED_EDGE('',*,*,#2450,.F.);
#1513=ORIENTED_EDGE('',*,*,#2452,.F.);
#1514=ORIENTED_EDGE('',*,*,#2453,.T.);
#1515=ORIENTED_EDGE('',*,*,#2454,.F.);
#1516=ORIENTED_EDGE('',*,*,#2455,.T.);
#1517=ORIENTED_EDGE('',*,*,#2453,.F.);
#1518=ORIENTED_EDGE('',*,*,#2456,.F.);
#1519=ORIENTED_EDGE('',*,*,#2457,.T.);
#1520=ORIENTED_EDGE('',*,*,#2458,.F.);
#1521=ORIENTED_EDGE('',*,*,#2457,.F.);
#1522=ORIENTED_EDGE('',*,*,#2459,.F.);
#1523=ORIENTED_EDGE('',*,*,#2300,.T.);
#1524=ORIENTED_EDGE('',*,*,#2304,.F.);
#1525=ORIENTED_EDGE('',*,*,#2460,.F.);
#1526=ORIENTED_EDGE('',*,*,#2461,.T.);
#1527=ORIENTED_EDGE('',*,*,#2462,.F.);
#1528=ORIENTED_EDGE('',*,*,#2463,.T.);
#1529=ORIENTED_EDGE('',*,*,#2268,.T.);
#1530=ORIENTED_EDGE('',*,*,#2266,.F.);
#1531=ORIENTED_EDGE('',*,*,#2464,.F.);
#1532=ORIENTED_EDGE('',*,*,#2461,.F.);
#1533=ORIENTED_EDGE('',*,*,#2465,.T.);
#1534=ORIENTED_EDGE('',*,*,#2466,.F.);
#1535=ORIENTED_EDGE('',*,*,#2262,.T.);
#1536=ORIENTED_EDGE('',*,*,#2467,.T.);
#1537=ORIENTED_EDGE('',*,*,#2468,.T.);
#1538=ORIENTED_EDGE('',*,*,#2467,.F.);
#1539=ORIENTED_EDGE('',*,*,#2261,.F.);
#1540=ORIENTED_EDGE('',*,*,#2469,.T.);
#1541=ORIENTED_EDGE('',*,*,#2260,.F.);
#1542=ORIENTED_EDGE('',*,*,#2470,.T.);
#1543=ORIENTED_EDGE('',*,*,#2471,.T.);
#1544=ORIENTED_EDGE('',*,*,#2469,.F.);
#1545=ORIENTED_EDGE('',*,*,#2471,.F.);
#1546=ORIENTED_EDGE('',*,*,#2472,.F.);
#1547=ORIENTED_EDGE('',*,*,#2465,.F.);
#1548=ORIENTED_EDGE('',*,*,#2468,.F.);
#1549=ORIENTED_EDGE('',*,*,#2219,.T.);
#1550=ORIENTED_EDGE('',*,*,#2198,.T.);
#1551=ORIENTED_EDGE('',*,*,#2258,.T.);
#1552=ORIENTED_EDGE('',*,*,#2473,.F.);
#1553=ORIENTED_EDGE('',*,*,#2474,.F.);
#1554=ORIENTED_EDGE('',*,*,#2475,.F.);
#1555=ORIENTED_EDGE('',*,*,#2476,.F.);
#1556=ORIENTED_EDGE('',*,*,#2477,.F.);
#1557=ORIENTED_EDGE('',*,*,#2257,.T.);
#1558=ORIENTED_EDGE('',*,*,#2254,.F.);
#1559=ORIENTED_EDGE('',*,*,#2220,.F.);
#1560=ORIENTED_EDGE('',*,*,#2473,.T.);
#1561=ORIENTED_EDGE('',*,*,#2478,.T.);
#1562=ORIENTED_EDGE('',*,*,#2479,.F.);
#1563=ORIENTED_EDGE('',*,*,#2480,.F.);
#1564=ORIENTED_EDGE('',*,*,#2477,.T.);
#1565=ORIENTED_EDGE('',*,*,#2480,.T.);
#1566=ORIENTED_EDGE('',*,*,#2481,.F.);
#1567=ORIENTED_EDGE('',*,*,#2482,.F.);
#1568=ORIENTED_EDGE('',*,*,#2474,.T.);
#1569=ORIENTED_EDGE('',*,*,#2482,.T.);
#1570=ORIENTED_EDGE('',*,*,#2483,.F.);
#1571=ORIENTED_EDGE('',*,*,#2484,.F.);
#1572=ORIENTED_EDGE('',*,*,#2475,.T.);
#1573=ORIENTED_EDGE('',*,*,#2484,.T.);
#1574=ORIENTED_EDGE('',*,*,#2485,.F.);
#1575=ORIENTED_EDGE('',*,*,#2478,.F.);
#1576=ORIENTED_EDGE('',*,*,#2476,.T.);
#1577=ORIENTED_EDGE('',*,*,#2485,.T.);
#1578=ORIENTED_EDGE('',*,*,#2483,.T.);
#1579=ORIENTED_EDGE('',*,*,#2481,.T.);
#1580=ORIENTED_EDGE('',*,*,#2479,.T.);
#1581=ORIENTED_EDGE('',*,*,#2177,.T.);
#1582=ORIENTED_EDGE('',*,*,#2238,.T.);
#1583=ORIENTED_EDGE('',*,*,#2188,.F.);
#1584=ORIENTED_EDGE('',*,*,#2486,.F.);
#1585=ORIENTED_EDGE('',*,*,#2486,.T.);
#1586=ORIENTED_EDGE('',*,*,#2195,.T.);
#1587=ORIENTED_EDGE('',*,*,#2487,.T.);
#1588=ORIENTED_EDGE('',*,*,#2178,.F.);
#1589=ORIENTED_EDGE('',*,*,#2488,.T.);
#1590=ORIENTED_EDGE('',*,*,#2489,.T.);
#1591=ORIENTED_EDGE('',*,*,#2490,.T.);
#1592=ORIENTED_EDGE('',*,*,#2491,.F.);
#1593=ORIENTED_EDGE('',*,*,#2492,.T.);
#1594=ORIENTED_EDGE('',*,*,#2493,.T.);
#1595=ORIENTED_EDGE('',*,*,#2494,.T.);
#1596=ORIENTED_EDGE('',*,*,#2495,.F.);
#1597=ORIENTED_EDGE('',*,*,#2496,.T.);
#1598=ORIENTED_EDGE('',*,*,#2497,.T.);
#1599=ORIENTED_EDGE('',*,*,#2498,.T.);
#1600=ORIENTED_EDGE('',*,*,#2499,.F.);
#1601=ORIENTED_EDGE('',*,*,#2500,.T.);
#1602=ORIENTED_EDGE('',*,*,#2501,.T.);
#1603=ORIENTED_EDGE('',*,*,#2502,.T.);
#1604=ORIENTED_EDGE('',*,*,#2144,.F.);
#1605=ORIENTED_EDGE('',*,*,#2503,.F.);
#1606=ORIENTED_EDGE('',*,*,#2205,.T.);
#1607=ORIENTED_EDGE('',*,*,#2504,.F.);
#1608=ORIENTED_EDGE('',*,*,#2505,.T.);
#1609=ORIENTED_EDGE('',*,*,#2506,.F.);
#1610=ORIENTED_EDGE('',*,*,#2507,.F.);
#1611=ORIENTED_EDGE('',*,*,#2508,.F.);
#1612=ORIENTED_EDGE('',*,*,#2152,.T.);
#1613=ORIENTED_EDGE('',*,*,#2509,.F.);
#1614=ORIENTED_EDGE('',*,*,#2510,.F.);
#1615=ORIENTED_EDGE('',*,*,#2511,.F.);
#1616=ORIENTED_EDGE('',*,*,#2512,.T.);
#1617=ORIENTED_EDGE('',*,*,#2513,.F.);
#1618=ORIENTED_EDGE('',*,*,#2242,.F.);
#1619=ORIENTED_EDGE('',*,*,#2514,.F.);
#1620=ORIENTED_EDGE('',*,*,#2491,.T.);
#1621=ORIENTED_EDGE('',*,*,#2507,.T.);
#1622=ORIENTED_EDGE('',*,*,#2515,.T.);
#1623=ORIENTED_EDGE('',*,*,#2516,.F.);
#1624=ORIENTED_EDGE('',*,*,#2517,.F.);
#1625=ORIENTED_EDGE('',*,*,#2518,.T.);
#1626=ORIENTED_EDGE('',*,*,#2516,.T.);
#1627=ORIENTED_EDGE('',*,*,#2519,.T.);
#1628=ORIENTED_EDGE('',*,*,#2520,.T.);
#1629=ORIENTED_EDGE('',*,*,#2521,.T.);
#1630=ORIENTED_EDGE('',*,*,#2203,.F.);
#1631=ORIENTED_EDGE('',*,*,#2522,.T.);
#1632=ORIENTED_EDGE('',*,*,#2150,.F.);
#1633=ORIENTED_EDGE('',*,*,#2523,.T.);
#1634=ORIENTED_EDGE('',*,*,#2240,.T.);
#1635=ORIENTED_EDGE('',*,*,#2524,.T.);
#1636=ORIENTED_EDGE('',*,*,#2525,.T.);
#1637=ORIENTED_EDGE('',*,*,#2526,.T.);
#1638=ORIENTED_EDGE('',*,*,#2527,.T.);
#1639=ORIENTED_EDGE('',*,*,#2528,.T.);
#1640=ORIENTED_EDGE('',*,*,#2489,.F.);
#1641=ORIENTED_EDGE('',*,*,#2522,.F.);
#1642=ORIENTED_EDGE('',*,*,#2202,.F.);
#1643=ORIENTED_EDGE('',*,*,#2503,.T.);
#1644=ORIENTED_EDGE('',*,*,#2151,.T.);
#1645=ORIENTED_EDGE('',*,*,#2504,.T.);
#1646=ORIENTED_EDGE('',*,*,#2204,.T.);
#1647=ORIENTED_EDGE('',*,*,#2521,.F.);
#1648=ORIENTED_EDGE('',*,*,#2529,.F.);
#1649=ORIENTED_EDGE('',*,*,#2520,.F.);
#1650=ORIENTED_EDGE('',*,*,#2530,.F.);
#1651=ORIENTED_EDGE('',*,*,#2505,.F.);
#1652=ORIENTED_EDGE('',*,*,#2529,.T.);
#1653=ORIENTED_EDGE('',*,*,#2519,.F.);
#1654=ORIENTED_EDGE('',*,*,#2515,.F.);
#1655=ORIENTED_EDGE('',*,*,#2506,.T.);
#1656=ORIENTED_EDGE('',*,*,#2530,.T.);
#1657=ORIENTED_EDGE('',*,*,#2527,.F.);
#1658=ORIENTED_EDGE('',*,*,#2531,.F.);
#1659=ORIENTED_EDGE('',*,*,#2510,.T.);
#1660=ORIENTED_EDGE('',*,*,#2532,.T.);
#1661=ORIENTED_EDGE('',*,*,#2511,.T.);
#1662=ORIENTED_EDGE('',*,*,#2531,.T.);
#1663=ORIENTED_EDGE('',*,*,#2526,.F.);
#1664=ORIENTED_EDGE('',*,*,#2533,.F.);
#1665=ORIENTED_EDGE('',*,*,#2525,.F.);
#1666=ORIENTED_EDGE('',*,*,#2534,.F.);
#1667=ORIENTED_EDGE('',*,*,#2512,.F.);
#1668=ORIENTED_EDGE('',*,*,#2533,.T.);
#1669=ORIENTED_EDGE('',*,*,#2524,.F.);
#1670=ORIENTED_EDGE('',*,*,#2239,.F.);
#1671=ORIENTED_EDGE('',*,*,#2513,.T.);
#1672=ORIENTED_EDGE('',*,*,#2534,.T.);
#1673=ORIENTED_EDGE('',*,*,#2514,.T.);
#1674=ORIENTED_EDGE('',*,*,#2241,.T.);
#1675=ORIENTED_EDGE('',*,*,#2523,.F.);
#1676=ORIENTED_EDGE('',*,*,#2488,.F.);
#1677=ORIENTED_EDGE('',*,*,#2535,.F.);
#1678=ORIENTED_EDGE('',*,*,#2209,.T.);
#1679=ORIENTED_EDGE('',*,*,#2536,.F.);
#1680=ORIENTED_EDGE('',*,*,#2537,.T.);
#1681=ORIENTED_EDGE('',*,*,#2538,.F.);
#1682=ORIENTED_EDGE('',*,*,#2539,.F.);
#1683=ORIENTED_EDGE('',*,*,#2540,.F.);
#1684=ORIENTED_EDGE('',*,*,#2156,.T.);
#1685=ORIENTED_EDGE('',*,*,#2541,.F.);
#1686=ORIENTED_EDGE('',*,*,#2542,.F.);
#1687=ORIENTED_EDGE('',*,*,#2543,.F.);
#1688=ORIENTED_EDGE('',*,*,#2544,.T.);
#1689=ORIENTED_EDGE('',*,*,#2545,.F.);
#1690=ORIENTED_EDGE('',*,*,#2246,.F.);
#1691=ORIENTED_EDGE('',*,*,#2546,.F.);
#1692=ORIENTED_EDGE('',*,*,#2495,.T.);
#1693=ORIENTED_EDGE('',*,*,#2539,.T.);
#1694=ORIENTED_EDGE('',*,*,#2547,.T.);
#1695=ORIENTED_EDGE('',*,*,#2548,.F.);
#1696=ORIENTED_EDGE('',*,*,#2549,.F.);
#1697=ORIENTED_EDGE('',*,*,#2550,.T.);
#1698=ORIENTED_EDGE('',*,*,#2548,.T.);
#1699=ORIENTED_EDGE('',*,*,#2551,.T.);
#1700=ORIENTED_EDGE('',*,*,#2552,.T.);
#1701=ORIENTED_EDGE('',*,*,#2553,.T.);
#1702=ORIENTED_EDGE('',*,*,#2207,.F.);
#1703=ORIENTED_EDGE('',*,*,#2554,.T.);
#1704=ORIENTED_EDGE('',*,*,#2154,.F.);
#1705=ORIENTED_EDGE('',*,*,#2555,.T.);
#1706=ORIENTED_EDGE('',*,*,#2244,.T.);
#1707=ORIENTED_EDGE('',*,*,#2556,.T.);
#1708=ORIENTED_EDGE('',*,*,#2557,.T.);
#1709=ORIENTED_EDGE('',*,*,#2558,.T.);
#1710=ORIENTED_EDGE('',*,*,#2559,.T.);
#1711=ORIENTED_EDGE('',*,*,#2560,.T.);
#1712=ORIENTED_EDGE('',*,*,#2493,.F.);
#1713=ORIENTED_EDGE('',*,*,#2554,.F.);
#1714=ORIENTED_EDGE('',*,*,#2206,.F.);
#1715=ORIENTED_EDGE('',*,*,#2535,.T.);
#1716=ORIENTED_EDGE('',*,*,#2155,.T.);
#1717=ORIENTED_EDGE('',*,*,#2536,.T.);
#1718=ORIENTED_EDGE('',*,*,#2208,.T.);
#1719=ORIENTED_EDGE('',*,*,#2553,.F.);
#1720=ORIENTED_EDGE('',*,*,#2561,.F.);
#1721=ORIENTED_EDGE('',*,*,#2552,.F.);
#1722=ORIENTED_EDGE('',*,*,#2562,.F.);
#1723=ORIENTED_EDGE('',*,*,#2537,.F.);
#1724=ORIENTED_EDGE('',*,*,#2561,.T.);
#1725=ORIENTED_EDGE('',*,*,#2551,.F.);
#1726=ORIENTED_EDGE('',*,*,#2547,.F.);
#1727=ORIENTED_EDGE('',*,*,#2538,.T.);
#1728=ORIENTED_EDGE('',*,*,#2562,.T.);
#1729=ORIENTED_EDGE('',*,*,#2559,.F.);
#1730=ORIENTED_EDGE('',*,*,#2563,.F.);
#1731=ORIENTED_EDGE('',*,*,#2542,.T.);
#1732=ORIENTED_EDGE('',*,*,#2564,.T.);
#1733=ORIENTED_EDGE('',*,*,#2543,.T.);
#1734=ORIENTED_EDGE('',*,*,#2563,.T.);
#1735=ORIENTED_EDGE('',*,*,#2558,.F.);
#1736=ORIENTED_EDGE('',*,*,#2565,.F.);
#1737=ORIENTED_EDGE('',*,*,#2557,.F.);
#1738=ORIENTED_EDGE('',*,*,#2566,.F.);
#1739=ORIENTED_EDGE('',*,*,#2544,.F.);
#1740=ORIENTED_EDGE('',*,*,#2565,.T.);
#1741=ORIENTED_EDGE('',*,*,#2556,.F.);
#1742=ORIENTED_EDGE('',*,*,#2243,.F.);
#1743=ORIENTED_EDGE('',*,*,#2545,.T.);
#1744=ORIENTED_EDGE('',*,*,#2566,.T.);
#1745=ORIENTED_EDGE('',*,*,#2546,.T.);
#1746=ORIENTED_EDGE('',*,*,#2245,.T.);
#1747=ORIENTED_EDGE('',*,*,#2555,.F.);
#1748=ORIENTED_EDGE('',*,*,#2492,.F.);
#1749=ORIENTED_EDGE('',*,*,#2567,.F.);
#1750=ORIENTED_EDGE('',*,*,#2213,.T.);
#1751=ORIENTED_EDGE('',*,*,#2568,.F.);
#1752=ORIENTED_EDGE('',*,*,#2569,.T.);
#1753=ORIENTED_EDGE('',*,*,#2570,.F.);
#1754=ORIENTED_EDGE('',*,*,#2571,.F.);
#1755=ORIENTED_EDGE('',*,*,#2572,.F.);
#1756=ORIENTED_EDGE('',*,*,#2160,.T.);
#1757=ORIENTED_EDGE('',*,*,#2573,.F.);
#1758=ORIENTED_EDGE('',*,*,#2574,.F.);
#1759=ORIENTED_EDGE('',*,*,#2575,.F.);
#1760=ORIENTED_EDGE('',*,*,#2576,.T.);
#1761=ORIENTED_EDGE('',*,*,#2577,.F.);
#1762=ORIENTED_EDGE('',*,*,#2250,.F.);
#1763=ORIENTED_EDGE('',*,*,#2578,.F.);
#1764=ORIENTED_EDGE('',*,*,#2499,.T.);
#1765=ORIENTED_EDGE('',*,*,#2571,.T.);
#1766=ORIENTED_EDGE('',*,*,#2579,.T.);
#1767=ORIENTED_EDGE('',*,*,#2580,.F.);
#1768=ORIENTED_EDGE('',*,*,#2581,.F.);
#1769=ORIENTED_EDGE('',*,*,#2582,.T.);
#1770=ORIENTED_EDGE('',*,*,#2580,.T.);
#1771=ORIENTED_EDGE('',*,*,#2583,.T.);
#1772=ORIENTED_EDGE('',*,*,#2584,.T.);
#1773=ORIENTED_EDGE('',*,*,#2585,.T.);
#1774=ORIENTED_EDGE('',*,*,#2211,.F.);
#1775=ORIENTED_EDGE('',*,*,#2586,.T.);
#1776=ORIENTED_EDGE('',*,*,#2158,.F.);
#1777=ORIENTED_EDGE('',*,*,#2587,.T.);
#1778=ORIENTED_EDGE('',*,*,#2248,.T.);
#1779=ORIENTED_EDGE('',*,*,#2588,.T.);
#1780=ORIENTED_EDGE('',*,*,#2589,.T.);
#1781=ORIENTED_EDGE('',*,*,#2590,.T.);
#1782=ORIENTED_EDGE('',*,*,#2591,.T.);
#1783=ORIENTED_EDGE('',*,*,#2592,.T.);
#1784=ORIENTED_EDGE('',*,*,#2497,.F.);
#1785=ORIENTED_EDGE('',*,*,#2586,.F.);
#1786=ORIENTED_EDGE('',*,*,#2210,.F.);
#1787=ORIENTED_EDGE('',*,*,#2567,.T.);
#1788=ORIENTED_EDGE('',*,*,#2159,.T.);
#1789=ORIENTED_EDGE('',*,*,#2568,.T.);
#1790=ORIENTED_EDGE('',*,*,#2212,.T.);
#1791=ORIENTED_EDGE('',*,*,#2585,.F.);
#1792=ORIENTED_EDGE('',*,*,#2593,.F.);
#1793=ORIENTED_EDGE('',*,*,#2584,.F.);
#1794=ORIENTED_EDGE('',*,*,#2594,.F.);
#1795=ORIENTED_EDGE('',*,*,#2569,.F.);
#1796=ORIENTED_EDGE('',*,*,#2593,.T.);
#1797=ORIENTED_EDGE('',*,*,#2583,.F.);
#1798=ORIENTED_EDGE('',*,*,#2579,.F.);
#1799=ORIENTED_EDGE('',*,*,#2570,.T.);
#1800=ORIENTED_EDGE('',*,*,#2594,.T.);
#1801=ORIENTED_EDGE('',*,*,#2591,.F.);
#1802=ORIENTED_EDGE('',*,*,#2595,.F.);
#1803=ORIENTED_EDGE('',*,*,#2574,.T.);
#1804=ORIENTED_EDGE('',*,*,#2596,.T.);
#1805=ORIENTED_EDGE('',*,*,#2575,.T.);
#1806=ORIENTED_EDGE('',*,*,#2595,.T.);
#1807=ORIENTED_EDGE('',*,*,#2590,.F.);
#1808=ORIENTED_EDGE('',*,*,#2597,.F.);
#1809=ORIENTED_EDGE('',*,*,#2589,.F.);
#1810=ORIENTED_EDGE('',*,*,#2598,.F.);
#1811=ORIENTED_EDGE('',*,*,#2576,.F.);
#1812=ORIENTED_EDGE('',*,*,#2597,.T.);
#1813=ORIENTED_EDGE('',*,*,#2588,.F.);
#1814=ORIENTED_EDGE('',*,*,#2247,.F.);
#1815=ORIENTED_EDGE('',*,*,#2577,.T.);
#1816=ORIENTED_EDGE('',*,*,#2598,.T.);
#1817=ORIENTED_EDGE('',*,*,#2578,.T.);
#1818=ORIENTED_EDGE('',*,*,#2249,.T.);
#1819=ORIENTED_EDGE('',*,*,#2587,.F.);
#1820=ORIENTED_EDGE('',*,*,#2496,.F.);
#1821=ORIENTED_EDGE('',*,*,#2599,.T.);
#1822=ORIENTED_EDGE('',*,*,#2600,.T.);
#1823=ORIENTED_EDGE('',*,*,#2601,.T.);
#1824=ORIENTED_EDGE('',*,*,#2602,.T.);
#1825=ORIENTED_EDGE('',*,*,#2603,.T.);
#1826=ORIENTED_EDGE('',*,*,#2215,.F.);
#1827=ORIENTED_EDGE('',*,*,#2604,.T.);
#1828=ORIENTED_EDGE('',*,*,#2162,.F.);
#1829=ORIENTED_EDGE('',*,*,#2605,.T.);
#1830=ORIENTED_EDGE('',*,*,#2252,.T.);
#1831=ORIENTED_EDGE('',*,*,#2606,.T.);
#1832=ORIENTED_EDGE('',*,*,#2607,.T.);
#1833=ORIENTED_EDGE('',*,*,#2608,.T.);
#1834=ORIENTED_EDGE('',*,*,#2609,.T.);
#1835=ORIENTED_EDGE('',*,*,#2610,.T.);
#1836=ORIENTED_EDGE('',*,*,#2501,.F.);
#1837=ORIENTED_EDGE('',*,*,#2604,.F.);
#1838=ORIENTED_EDGE('',*,*,#2214,.F.);
#1839=ORIENTED_EDGE('',*,*,#2129,.T.);
#1840=ORIENTED_EDGE('',*,*,#2163,.T.);
#1841=ORIENTED_EDGE('',*,*,#2131,.T.);
#1842=ORIENTED_EDGE('',*,*,#2216,.T.);
#1843=ORIENTED_EDGE('',*,*,#2603,.F.);
#1844=ORIENTED_EDGE('',*,*,#2611,.F.);
#1845=ORIENTED_EDGE('',*,*,#2602,.F.);
#1846=ORIENTED_EDGE('',*,*,#2612,.F.);
#1847=ORIENTED_EDGE('',*,*,#2132,.F.);
#1848=ORIENTED_EDGE('',*,*,#2611,.T.);
#1849=ORIENTED_EDGE('',*,*,#2601,.F.);
#1850=ORIENTED_EDGE('',*,*,#2613,.F.);
#1851=ORIENTED_EDGE('',*,*,#2133,.T.);
#1852=ORIENTED_EDGE('',*,*,#2612,.T.);
#1853=ORIENTED_EDGE('',*,*,#2134,.T.);
#1854=ORIENTED_EDGE('',*,*,#2613,.T.);
#1855=ORIENTED_EDGE('',*,*,#2600,.F.);
#1856=ORIENTED_EDGE('',*,*,#2614,.F.);
#1857=ORIENTED_EDGE('',*,*,#2609,.F.);
#1858=ORIENTED_EDGE('',*,*,#2615,.F.);
#1859=ORIENTED_EDGE('',*,*,#2138,.T.);
#1860=ORIENTED_EDGE('',*,*,#2616,.T.);
#1861=ORIENTED_EDGE('',*,*,#2139,.T.);
#1862=ORIENTED_EDGE('',*,*,#2615,.T.);
#1863=ORIENTED_EDGE('',*,*,#2608,.F.);
#1864=ORIENTED_EDGE('',*,*,#2617,.F.);
#1865=ORIENTED_EDGE('',*,*,#2607,.F.);
#1866=ORIENTED_EDGE('',*,*,#2618,.F.);
#1867=ORIENTED_EDGE('',*,*,#2140,.F.);
#1868=ORIENTED_EDGE('',*,*,#2617,.T.);
#1869=ORIENTED_EDGE('',*,*,#2606,.F.);
#1870=ORIENTED_EDGE('',*,*,#2251,.F.);
#1871=ORIENTED_EDGE('',*,*,#2141,.T.);
#1872=ORIENTED_EDGE('',*,*,#2618,.T.);
#1873=ORIENTED_EDGE('',*,*,#2143,.T.);
#1874=ORIENTED_EDGE('',*,*,#2253,.T.);
#1875=ORIENTED_EDGE('',*,*,#2605,.F.);
#1876=ORIENTED_EDGE('',*,*,#2500,.F.);
#1877=ORIENTED_EDGE('',*,*,#2190,.F.);
#1878=ORIENTED_EDGE('',*,*,#2237,.F.);
#1879=ORIENTED_EDGE('',*,*,#2175,.T.);
#1880=ORIENTED_EDGE('',*,*,#2619,.T.);
#1881=ORIENTED_EDGE('',*,*,#2191,.F.);
#1882=ORIENTED_EDGE('',*,*,#2619,.F.);
#1883=ORIENTED_EDGE('',*,*,#2174,.F.);
#1884=ORIENTED_EDGE('',*,*,#2620,.T.);
#1885=ORIENTED_EDGE('',*,*,#2173,.T.);
#1886=ORIENTED_EDGE('',*,*,#2621,.T.);
#1887=ORIENTED_EDGE('',*,*,#2192,.F.);
#1888=ORIENTED_EDGE('',*,*,#2620,.F.);
#1889=ORIENTED_EDGE('',*,*,#2193,.F.);
#1890=ORIENTED_EDGE('',*,*,#2621,.F.);
#1891=ORIENTED_EDGE('',*,*,#2172,.T.);
#1892=ORIENTED_EDGE('',*,*,#2622,.T.);
#1893=ORIENTED_EDGE('',*,*,#2166,.T.);
#1894=ORIENTED_EDGE('',*,*,#2201,.T.);
#1895=ORIENTED_EDGE('',*,*,#2185,.F.);
#1896=ORIENTED_EDGE('',*,*,#2623,.F.);
#1897=ORIENTED_EDGE('',*,*,#2184,.F.);
#1898=ORIENTED_EDGE('',*,*,#2624,.F.);
#1899=ORIENTED_EDGE('',*,*,#2167,.F.);
#1900=ORIENTED_EDGE('',*,*,#2623,.T.);
#1901=ORIENTED_EDGE('',*,*,#2183,.F.);
#1902=ORIENTED_EDGE('',*,*,#2179,.F.);
#1903=ORIENTED_EDGE('',*,*,#2168,.T.);
#1904=ORIENTED_EDGE('',*,*,#2624,.T.);
#1905=ORIENTED_EDGE('',*,*,#2625,.T.);
#1906=ORIENTED_EDGE('',*,*,#2626,.F.);
#1907=ORIENTED_EDGE('',*,*,#2627,.F.);
#1908=ORIENTED_EDGE('',*,*,#2628,.T.);
#1909=ORIENTED_EDGE('',*,*,#2627,.T.);
#1910=ORIENTED_EDGE('',*,*,#2629,.F.);
#1911=ORIENTED_EDGE('',*,*,#2630,.F.);
#1912=ORIENTED_EDGE('',*,*,#2631,.T.);
#1913=ORIENTED_EDGE('',*,*,#2630,.T.);
#1914=ORIENTED_EDGE('',*,*,#2632,.F.);
#1915=ORIENTED_EDGE('',*,*,#2633,.F.);
#1916=ORIENTED_EDGE('',*,*,#2634,.T.);
#1917=ORIENTED_EDGE('',*,*,#2633,.T.);
#1918=ORIENTED_EDGE('',*,*,#2635,.F.);
#1919=ORIENTED_EDGE('',*,*,#2625,.F.);
#1920=ORIENTED_EDGE('',*,*,#2636,.T.);
#1921=ORIENTED_EDGE('',*,*,#2635,.T.);
#1922=ORIENTED_EDGE('',*,*,#2632,.T.);
#1923=ORIENTED_EDGE('',*,*,#2629,.T.);
#1924=ORIENTED_EDGE('',*,*,#2626,.T.);
#1925=ORIENTED_EDGE('',*,*,#2311,.T.);
#1926=ORIENTED_EDGE('',*,*,#2308,.T.);
#1927=ORIENTED_EDGE('',*,*,#2279,.T.);
#1928=ORIENTED_EDGE('',*,*,#2329,.T.);
#1929=ORIENTED_EDGE('',*,*,#2332,.T.);
#1930=ORIENTED_EDGE('',*,*,#2334,.T.);
#1931=ORIENTED_EDGE('',*,*,#2297,.T.);
#1932=ORIENTED_EDGE('',*,*,#2459,.T.);
#1933=ORIENTED_EDGE('',*,*,#2456,.T.);
#1934=ORIENTED_EDGE('',*,*,#2452,.T.);
#1935=ORIENTED_EDGE('',*,*,#2449,.T.);
#1936=ORIENTED_EDGE('',*,*,#2446,.T.);
#1937=ORIENTED_EDGE('',*,*,#2443,.T.);
#1938=ORIENTED_EDGE('',*,*,#2440,.T.);
#1939=ORIENTED_EDGE('',*,*,#2293,.T.);
#1940=ORIENTED_EDGE('',*,*,#2439,.T.);
#1941=ORIENTED_EDGE('',*,*,#2436,.T.);
#1942=ORIENTED_EDGE('',*,*,#2432,.T.);
#1943=ORIENTED_EDGE('',*,*,#2429,.T.);
#1944=ORIENTED_EDGE('',*,*,#2426,.T.);
#1945=ORIENTED_EDGE('',*,*,#2423,.T.);
#1946=ORIENTED_EDGE('',*,*,#2420,.T.);
#1947=ORIENTED_EDGE('',*,*,#2289,.T.);
#1948=ORIENTED_EDGE('',*,*,#2419,.T.);
#1949=ORIENTED_EDGE('',*,*,#2416,.T.);
#1950=ORIENTED_EDGE('',*,*,#2412,.T.);
#1951=ORIENTED_EDGE('',*,*,#2409,.T.);
#1952=ORIENTED_EDGE('',*,*,#2406,.T.);
#1953=ORIENTED_EDGE('',*,*,#2403,.T.);
#1954=ORIENTED_EDGE('',*,*,#2400,.T.);
#1955=ORIENTED_EDGE('',*,*,#2285,.T.);
#1956=ORIENTED_EDGE('',*,*,#2382,.T.);
#1957=ORIENTED_EDGE('',*,*,#2385,.T.);
#1958=ORIENTED_EDGE('',*,*,#2387,.T.);
#1959=ORIENTED_EDGE('',*,*,#2389,.T.);
#1960=ORIENTED_EDGE('',*,*,#2393,.T.);
#1961=ORIENTED_EDGE('',*,*,#2395,.T.);
#1962=ORIENTED_EDGE('',*,*,#2398,.T.);
#1963=ORIENTED_EDGE('',*,*,#2301,.T.);
#1964=ORIENTED_EDGE('',*,*,#2462,.T.);
#1965=ORIENTED_EDGE('',*,*,#2464,.T.);
#1966=ORIENTED_EDGE('',*,*,#2263,.F.);
#1967=ORIENTED_EDGE('',*,*,#2466,.T.);
#1968=ORIENTED_EDGE('',*,*,#2472,.T.);
#1969=ORIENTED_EDGE('',*,*,#2470,.F.);
#1970=ORIENTED_EDGE('',*,*,#2259,.F.);
#1971=ORIENTED_EDGE('',*,*,#2200,.F.);
#1972=ORIENTED_EDGE('',*,*,#2218,.F.);
#1973=ORIENTED_EDGE('',*,*,#2230,.T.);
#1974=ORIENTED_EDGE('',*,*,#2232,.F.);
#1975=ORIENTED_EDGE('',*,*,#2233,.F.);
#1976=ORIENTED_EDGE('',*,*,#2223,.F.);
#1977=ORIENTED_EDGE('',*,*,#2235,.F.);
#1978=ORIENTED_EDGE('',*,*,#2256,.F.);
#1979=ORIENTED_EDGE('',*,*,#2271,.T.);
#1980=ORIENTED_EDGE('',*,*,#2275,.T.);
#1981=ORIENTED_EDGE('',*,*,#2307,.T.);
#1982=ORIENTED_EDGE('',*,*,#2379,.T.);
#1983=ORIENTED_EDGE('',*,*,#2376,.T.);
#1984=ORIENTED_EDGE('',*,*,#2372,.T.);
#1985=ORIENTED_EDGE('',*,*,#2369,.T.);
#1986=ORIENTED_EDGE('',*,*,#2366,.T.);
#1987=ORIENTED_EDGE('',*,*,#2363,.T.);
#1988=ORIENTED_EDGE('',*,*,#2360,.T.);
#1989=ORIENTED_EDGE('',*,*,#2281,.T.);
#1990=ORIENTED_EDGE('',*,*,#2327,.T.);
#1991=ORIENTED_EDGE('',*,*,#2324,.T.);
#1992=ORIENTED_EDGE('',*,*,#2320,.T.);
#1993=ORIENTED_EDGE('',*,*,#2317,.T.);
#1994=ORIENTED_EDGE('',*,*,#2314,.T.);
#1995=ORIENTED_EDGE('',*,*,#2118,.T.);
#1996=ORIENTED_EDGE('',*,*,#2614,.T.);
#1997=ORIENTED_EDGE('',*,*,#2599,.F.);
#1998=ORIENTED_EDGE('',*,*,#2161,.T.);
#1999=ORIENTED_EDGE('',*,*,#2135,.T.);
#2000=ORIENTED_EDGE('',*,*,#2581,.T.);
#2001=ORIENTED_EDGE('',*,*,#2582,.F.);
#2002=ORIENTED_EDGE('',*,*,#2157,.T.);
#2003=ORIENTED_EDGE('',*,*,#2572,.T.);
#2004=ORIENTED_EDGE('',*,*,#2549,.T.);
#2005=ORIENTED_EDGE('',*,*,#2550,.F.);
#2006=ORIENTED_EDGE('',*,*,#2153,.T.);
#2007=ORIENTED_EDGE('',*,*,#2540,.T.);
#2008=ORIENTED_EDGE('',*,*,#2517,.T.);
#2009=ORIENTED_EDGE('',*,*,#2518,.F.);
#2010=ORIENTED_EDGE('',*,*,#2149,.T.);
#2011=ORIENTED_EDGE('',*,*,#2508,.T.);
#2012=ORIENTED_EDGE('',*,*,#2181,.T.);
#2013=ORIENTED_EDGE('',*,*,#2182,.F.);
#2014=ORIENTED_EDGE('',*,*,#2145,.T.);
#2015=ORIENTED_EDGE('',*,*,#2170,.T.);
#2016=ORIENTED_EDGE('',*,*,#2616,.F.);
#2017=ORIENTED_EDGE('',*,*,#2137,.T.);
#2018=ORIENTED_EDGE('',*,*,#2502,.F.);
#2019=ORIENTED_EDGE('',*,*,#2610,.F.);
#2020=ORIENTED_EDGE('',*,*,#2596,.F.);
#2021=ORIENTED_EDGE('',*,*,#2573,.T.);
#2022=ORIENTED_EDGE('',*,*,#2498,.F.);
#2023=ORIENTED_EDGE('',*,*,#2592,.F.);
#2024=ORIENTED_EDGE('',*,*,#2564,.F.);
#2025=ORIENTED_EDGE('',*,*,#2541,.T.);
#2026=ORIENTED_EDGE('',*,*,#2494,.F.);
#2027=ORIENTED_EDGE('',*,*,#2560,.F.);
#2028=ORIENTED_EDGE('',*,*,#2532,.F.);
#2029=ORIENTED_EDGE('',*,*,#2509,.T.);
#2030=ORIENTED_EDGE('',*,*,#2490,.F.);
#2031=ORIENTED_EDGE('',*,*,#2528,.F.);
#2032=ORIENTED_EDGE('',*,*,#2622,.F.);
#2033=ORIENTED_EDGE('',*,*,#2171,.T.);
#2034=ORIENTED_EDGE('',*,*,#2487,.F.);
#2035=ORIENTED_EDGE('',*,*,#2194,.F.);
#2036=ORIENTED_EDGE('',*,*,#2122,.T.);
#2037=ORIENTED_EDGE('',*,*,#2120,.T.);
#2038=ORIENTED_EDGE('',*,*,#2128,.T.);
#2039=ORIENTED_EDGE('',*,*,#2126,.T.);
#2040=ORIENTED_EDGE('',*,*,#2124,.T.);
#2041=ORIENTED_EDGE('',*,*,#2323,.F.);
#2042=ORIENTED_EDGE('',*,*,#2326,.T.);
#2043=ORIENTED_EDGE('',*,*,#2283,.F.);
#2044=ORIENTED_EDGE('',*,*,#2362,.T.);
#2045=ORIENTED_EDGE('',*,*,#2365,.F.);
#2046=ORIENTED_EDGE('',*,*,#2368,.T.);
#2047=ORIENTED_EDGE('',*,*,#2371,.F.);
#2048=ORIENTED_EDGE('',*,*,#2374,.T.);
#2049=ORIENTED_EDGE('',*,*,#2375,.F.);
#2050=ORIENTED_EDGE('',*,*,#2378,.T.);
#2051=ORIENTED_EDGE('',*,*,#2305,.F.);
#2052=ORIENTED_EDGE('',*,*,#2276,.T.);
#2053=ORIENTED_EDGE('',*,*,#2272,.F.);
#2054=ORIENTED_EDGE('',*,*,#2269,.F.);
#2055=ORIENTED_EDGE('',*,*,#2463,.F.);
#2056=ORIENTED_EDGE('',*,*,#2460,.T.);
#2057=ORIENTED_EDGE('',*,*,#2303,.F.);
#2058=ORIENTED_EDGE('',*,*,#2399,.T.);
#2059=ORIENTED_EDGE('',*,*,#2396,.F.);
#2060=ORIENTED_EDGE('',*,*,#2394,.T.);
#2061=ORIENTED_EDGE('',*,*,#2390,.F.);
#2062=ORIENTED_EDGE('',*,*,#2388,.T.);
#2063=ORIENTED_EDGE('',*,*,#2383,.F.);
#2064=ORIENTED_EDGE('',*,*,#2380,.T.);
#2065=ORIENTED_EDGE('',*,*,#2287,.F.);
#2066=ORIENTED_EDGE('',*,*,#2402,.T.);
#2067=ORIENTED_EDGE('',*,*,#2405,.F.);
#2068=ORIENTED_EDGE('',*,*,#2408,.T.);
#2069=ORIENTED_EDGE('',*,*,#2411,.F.);
#2070=ORIENTED_EDGE('',*,*,#2414,.T.);
#2071=ORIENTED_EDGE('',*,*,#2415,.F.);
#2072=ORIENTED_EDGE('',*,*,#2418,.T.);
#2073=ORIENTED_EDGE('',*,*,#2291,.F.);
#2074=ORIENTED_EDGE('',*,*,#2422,.T.);
#2075=ORIENTED_EDGE('',*,*,#2425,.F.);
#2076=ORIENTED_EDGE('',*,*,#2428,.T.);
#2077=ORIENTED_EDGE('',*,*,#2431,.F.);
#2078=ORIENTED_EDGE('',*,*,#2434,.T.);
#2079=ORIENTED_EDGE('',*,*,#2435,.F.);
#2080=ORIENTED_EDGE('',*,*,#2438,.T.);
#2081=ORIENTED_EDGE('',*,*,#2295,.F.);
#2082=ORIENTED_EDGE('',*,*,#2442,.T.);
#2083=ORIENTED_EDGE('',*,*,#2445,.F.);
#2084=ORIENTED_EDGE('',*,*,#2448,.T.);
#2085=ORIENTED_EDGE('',*,*,#2451,.F.);
#2086=ORIENTED_EDGE('',*,*,#2454,.T.);
#2087=ORIENTED_EDGE('',*,*,#2455,.F.);
#2088=ORIENTED_EDGE('',*,*,#2458,.T.);
#2089=ORIENTED_EDGE('',*,*,#2299,.F.);
#2090=ORIENTED_EDGE('',*,*,#2339,.F.);
#2091=ORIENTED_EDGE('',*,*,#2342,.F.);
#2092=ORIENTED_EDGE('',*,*,#2345,.F.);
#2093=ORIENTED_EDGE('',*,*,#2347,.F.);
#2094=ORIENTED_EDGE('',*,*,#2335,.F.);
#2095=ORIENTED_EDGE('',*,*,#2333,.F.);
#2096=ORIENTED_EDGE('',*,*,#2330,.F.);
#2097=ORIENTED_EDGE('',*,*,#2277,.F.);
#2098=ORIENTED_EDGE('',*,*,#2310,.T.);
#2099=ORIENTED_EDGE('',*,*,#2313,.F.);
#2100=ORIENTED_EDGE('',*,*,#2316,.T.);
#2101=ORIENTED_EDGE('',*,*,#2319,.F.);
#2102=ORIENTED_EDGE('',*,*,#2322,.T.);
#2103=ORIENTED_EDGE('',*,*,#2117,.F.);
#2104=ORIENTED_EDGE('',*,*,#2631,.F.);
#2105=ORIENTED_EDGE('',*,*,#2634,.F.);
#2106=ORIENTED_EDGE('',*,*,#2636,.F.);
#2107=ORIENTED_EDGE('',*,*,#2628,.F.);
#2108=ORIENTED_EDGE('',*,*,#2356,.F.);
#2109=ORIENTED_EDGE('',*,*,#2358,.F.);
#2110=ORIENTED_EDGE('',*,*,#2359,.F.);
#2111=ORIENTED_EDGE('',*,*,#2354,.F.);
#2112=ORIENTED_EDGE('',*,*,#2123,.F.);
#2113=ORIENTED_EDGE('',*,*,#2121,.F.);
#2114=ORIENTED_EDGE('',*,*,#2119,.F.);
#2115=ORIENTED_EDGE('',*,*,#2127,.F.);
#2116=ORIENTED_EDGE('',*,*,#2125,.F.);
#2117=EDGE_CURVE('',#2637,#2637,#2987,.T.);
#2118=EDGE_CURVE('',#2638,#2638,#2988,.T.);
#2119=EDGE_CURVE('',#2639,#2639,#2989,.T.);
#2120=EDGE_CURVE('',#2640,#2640,#2990,.T.);
#2121=EDGE_CURVE('',#2641,#2641,#2991,.T.);
#2122=EDGE_CURVE('',#2642,#2642,#2992,.T.);
#2123=EDGE_CURVE('',#2643,#2643,#2993,.T.);
#2124=EDGE_CURVE('',#2644,#2644,#2994,.T.);
#2125=EDGE_CURVE('',#2645,#2645,#2995,.T.);
#2126=EDGE_CURVE('',#2646,#2646,#2996,.T.);
#2127=EDGE_CURVE('',#2647,#2647,#2997,.T.);
#2128=EDGE_CURVE('',#2648,#2648,#2998,.T.);
#2129=EDGE_CURVE('',#2649,#2650,#21,.T.);
#2130=EDGE_CURVE('',#2649,#2651,#22,.T.);
#2131=EDGE_CURVE('',#2652,#2651,#23,.T.);
#2132=EDGE_CURVE('',#2652,#2653,#24,.T.);
#2133=EDGE_CURVE('',#2654,#2653,#25,.T.);
#2134=EDGE_CURVE('',#2655,#2654,#26,.T.);
#2135=EDGE_CURVE('',#2656,#2655,#27,.T.);
#2136=EDGE_CURVE('',#2656,#2650,#28,.T.);
#2137=EDGE_CURVE('',#2657,#2658,#29,.T.);
#2138=EDGE_CURVE('',#2659,#2657,#30,.T.);
#2139=EDGE_CURVE('',#2660,#2659,#31,.T.);
#2140=EDGE_CURVE('',#2660,#2661,#32,.T.);
#2141=EDGE_CURVE('',#2662,#2661,#33,.T.);
#2142=EDGE_CURVE('',#2663,#2662,#34,.T.);
#2143=EDGE_CURVE('',#2664,#2663,#35,.T.);
#2144=EDGE_CURVE('',#2664,#2658,#36,.T.);
#2145=EDGE_CURVE('',#2665,#2666,#37,.T.);
#2146=EDGE_CURVE('',#2665,#2667,#38,.T.);
#2147=EDGE_CURVE('',#2668,#2667,#39,.T.);
#2148=EDGE_CURVE('',#2666,#2668,#40,.T.);
#2149=EDGE_CURVE('',#2669,#2670,#41,.T.);
#2150=EDGE_CURVE('',#2669,#2671,#42,.T.);
#2151=EDGE_CURVE('',#2672,#2671,#43,.T.);
#2152=EDGE_CURVE('',#2670,#2672,#44,.T.);
#2153=EDGE_CURVE('',#2673,#2674,#45,.T.);
#2154=EDGE_CURVE('',#2673,#2675,#46,.T.);
#2155=EDGE_CURVE('',#2676,#2675,#47,.T.);
#2156=EDGE_CURVE('',#2674,#2676,#48,.T.);
#2157=EDGE_CURVE('',#2677,#2678,#49,.T.);
#2158=EDGE_CURVE('',#2677,#2679,#50,.T.);
#2159=EDGE_CURVE('',#2680,#2679,#51,.T.);
#2160=EDGE_CURVE('',#2678,#2680,#52,.T.);
#2161=EDGE_CURVE('',#2681,#2656,#53,.T.);
#2162=EDGE_CURVE('',#2681,#2682,#54,.T.);
#2163=EDGE_CURVE('',#2650,#2682,#55,.T.);
#2164=EDGE_CURVE('',#2683,#2668,#56,.T.);
#2165=EDGE_CURVE('',#2683,#2684,#57,.T.);
#2166=EDGE_CURVE('',#2685,#2684,#58,.T.);
#2167=EDGE_CURVE('',#2685,#2686,#59,.T.);
#2168=EDGE_CURVE('',#2687,#2686,#60,.T.);
#2169=EDGE_CURVE('',#2688,#2687,#61,.T.);
#2170=EDGE_CURVE('',#2666,#2688,#62,.T.);
#2171=EDGE_CURVE('',#2689,#2690,#63,.T.);
#2172=EDGE_CURVE('',#2691,#2689,#64,.T.);
#2173=EDGE_CURVE('',#2692,#2691,#65,.T.);
#2174=EDGE_CURVE('',#2692,#2693,#66,.T.);
#2175=EDGE_CURVE('',#2694,#2693,#67,.T.);
#2176=EDGE_CURVE('',#2695,#2694,#68,.T.);
#2177=EDGE_CURVE('',#2696,#2695,#69,.T.);
#2178=EDGE_CURVE('',#2696,#2690,#70,.T.);
#2179=EDGE_CURVE('',#2687,#2697,#71,.T.);
#2180=EDGE_CURVE('',#2698,#2697,#72,.T.);
#2181=EDGE_CURVE('',#2688,#2698,#73,.T.);
#2182=EDGE_CURVE('',#2665,#2698,#74,.T.);
#2183=EDGE_CURVE('',#2697,#2699,#75,.T.);
#2184=EDGE_CURVE('',#2699,#2700,#76,.T.);
#2185=EDGE_CURVE('',#2700,#2701,#77,.T.);
#2186=EDGE_CURVE('',#2702,#2701,#78,.T.);
#2187=EDGE_CURVE('',#2702,#2667,#79,.T.);
#2188=EDGE_CURVE('',#2703,#2704,#80,.T.);
#2189=EDGE_CURVE('',#2704,#2705,#81,.T.);
#2190=EDGE_CURVE('',#2705,#2706,#82,.T.);
#2191=EDGE_CURVE('',#2706,#2707,#83,.T.);
#2192=EDGE_CURVE('',#2707,#2708,#84,.T.);
#2193=EDGE_CURVE('',#2708,#2709,#85,.T.);
#2194=EDGE_CURVE('',#2709,#2710,#86,.T.);
#2195=EDGE_CURVE('',#2703,#2710,#87,.T.);
#2196=EDGE_CURVE('',#2683,#2702,#88,.T.);
#2197=EDGE_CURVE('',#2711,#2712,#89,.T.);
#2198=EDGE_CURVE('',#2713,#2712,#90,.T.);
#2199=EDGE_CURVE('',#2714,#2713,#91,.T.);
#2200=EDGE_CURVE('',#2714,#2711,#92,.T.);
#2201=EDGE_CURVE('',#2684,#2701,#93,.T.);
#2202=EDGE_CURVE('',#2715,#2716,#94,.T.);
#2203=EDGE_CURVE('',#2716,#2717,#95,.T.);
#2204=EDGE_CURVE('',#2718,#2717,#96,.T.);
#2205=EDGE_CURVE('',#2715,#2718,#97,.T.);
#2206=EDGE_CURVE('',#2719,#2720,#98,.T.);
#2207=EDGE_CURVE('',#2720,#2721,#99,.T.);
#2208=EDGE_CURVE('',#2722,#2721,#100,.T.);
#2209=EDGE_CURVE('',#2719,#2722,#101,.T.);
#2210=EDGE_CURVE('',#2723,#2724,#102,.T.);
#2211=EDGE_CURVE('',#2724,#2725,#103,.T.);
#2212=EDGE_CURVE('',#2726,#2725,#104,.T.);
#2213=EDGE_CURVE('',#2723,#2726,#105,.T.);
#2214=EDGE_CURVE('',#2649,#2727,#106,.T.);
#2215=EDGE_CURVE('',#2727,#2728,#107,.T.);
#2216=EDGE_CURVE('',#2651,#2728,#108,.T.);
#2217=EDGE_CURVE('',#2729,#2730,#109,.T.);
#2218=EDGE_CURVE('',#2729,#2714,#110,.T.);
#2219=EDGE_CURVE('',#2731,#2713,#111,.T.);
#2220=EDGE_CURVE('',#2731,#2732,#112,.T.);
#2221=EDGE_CURVE('',#2733,#2732,#113,.T.);
#2222=EDGE_CURVE('',#2734,#2733,#114,.T.);
#2223=EDGE_CURVE('',#2734,#2735,#115,.T.);
#2224=EDGE_CURVE('',#2735,#2736,#116,.T.);
#2225=EDGE_CURVE('',#2730,#2736,#117,.T.);
#2226=EDGE_CURVE('',#2736,#2737,#118,.T.);
#2227=EDGE_CURVE('',#2738,#2737,#119,.T.);
#2228=EDGE_CURVE('',#2730,#2738,#120,.T.);
#2229=EDGE_CURVE('',#2739,#2738,#121,.T.);
#2230=EDGE_CURVE('',#2729,#2739,#122,.T.);
#2231=EDGE_CURVE('',#2737,#2740,#123,.T.);
#2232=EDGE_CURVE('',#2740,#2739,#124,.T.);
#2233=EDGE_CURVE('',#2735,#2740,#125,.T.);
#2234=EDGE_CURVE('',#2741,#2742,#126,.T.);
#2235=EDGE_CURVE('',#2741,#2734,#127,.T.);
#2236=EDGE_CURVE('',#2742,#2733,#128,.T.);
#2237=EDGE_CURVE('',#2694,#2705,#129,.T.);
#2238=EDGE_CURVE('',#2695,#2704,#130,.T.);
#2239=EDGE_CURVE('',#2743,#2744,#131,.T.);
#2240=EDGE_CURVE('',#2745,#2744,#132,.T.);
#2241=EDGE_CURVE('',#2746,#2745,#133,.T.);
#2242=EDGE_CURVE('',#2746,#2743,#134,.T.);
#2243=EDGE_CURVE('',#2747,#2748,#135,.T.);
#2244=EDGE_CURVE('',#2749,#2748,#136,.T.);
#2245=EDGE_CURVE('',#2750,#2749,#137,.T.);
#2246=EDGE_CURVE('',#2750,#2747,#138,.T.);
#2247=EDGE_CURVE('',#2751,#2752,#139,.T.);
#2248=EDGE_CURVE('',#2753,#2752,#140,.T.);
#2249=EDGE_CURVE('',#2754,#2753,#141,.T.);
#2250=EDGE_CURVE('',#2754,#2751,#142,.T.);
#2251=EDGE_CURVE('',#2662,#2755,#143,.T.);
#2252=EDGE_CURVE('',#2756,#2755,#144,.T.);
#2253=EDGE_CURVE('',#2663,#2756,#145,.T.);
#2254=EDGE_CURVE('',#2732,#2757,#146,.T.);
#2255=EDGE_CURVE('',#2742,#2757,#147,.T.);
#2256=EDGE_CURVE('',#2758,#2741,#148,.T.);
#2257=EDGE_CURVE('',#2759,#2757,#149,.T.);
#2258=EDGE_CURVE('',#2712,#2759,#150,.T.);
#2259=EDGE_CURVE('',#2711,#2760,#151,.T.);
#2260=EDGE_CURVE('',#2760,#2761,#152,.T.);
#2261=EDGE_CURVE('',#2761,#2762,#153,.T.);
#2262=EDGE_CURVE('',#2763,#2762,#154,.T.);
#2263=EDGE_CURVE('',#2763,#2764,#155,.T.);
#2264=EDGE_CURVE('',#2764,#2758,#156,.T.);
#2265=EDGE_CURVE('',#2765,#2758,#157,.T.);
#2266=EDGE_CURVE('',#2764,#2766,#158,.T.);
#2267=EDGE_CURVE('',#2765,#2766,#2999,.T.);
#2268=EDGE_CURVE('',#2767,#2766,#159,.T.);
#2269=EDGE_CURVE('',#2767,#2768,#3000,.T.);
#2270=EDGE_CURVE('',#2768,#2765,#160,.T.);
#2271=EDGE_CURVE('',#2758,#2769,#161,.T.);
#2272=EDGE_CURVE('',#2768,#2770,#162,.T.);
#2273=EDGE_CURVE('',#2769,#2770,#163,.T.);
#2274=EDGE_CURVE('',#2771,#2772,#164,.T.);
#2275=EDGE_CURVE('',#2769,#2771,#3001,.T.);
#2276=EDGE_CURVE('',#2772,#2770,#3002,.T.);
#2277=EDGE_CURVE('',#2773,#2774,#165,.T.);
#2278=EDGE_CURVE('',#2774,#2775,#166,.T.);
#2279=EDGE_CURVE('',#2776,#2775,#167,.T.);
#2280=EDGE_CURVE('',#2773,#2776,#168,.T.);
#2281=EDGE_CURVE('',#2777,#2778,#169,.T.);
#2282=EDGE_CURVE('',#2779,#2777,#170,.T.);
#2283=EDGE_CURVE('',#2779,#2780,#171,.T.);
#2284=EDGE_CURVE('',#2778,#2780,#172,.T.);
#2285=EDGE_CURVE('',#2781,#2782,#173,.T.);
#2286=EDGE_CURVE('',#2783,#2781,#174,.T.);
#2287=EDGE_CURVE('',#2783,#2784,#175,.T.);
#2288=EDGE_CURVE('',#2782,#2784,#176,.T.);
#2289=EDGE_CURVE('',#2785,#2786,#177,.T.);
#2290=EDGE_CURVE('',#2787,#2785,#178,.T.);
#2291=EDGE_CURVE('',#2787,#2788,#179,.T.);
#2292=EDGE_CURVE('',#2786,#2788,#180,.T.);
#2293=EDGE_CURVE('',#2789,#2790,#181,.T.);
#2294=EDGE_CURVE('',#2791,#2789,#182,.T.);
#2295=EDGE_CURVE('',#2791,#2792,#183,.T.);
#2296=EDGE_CURVE('',#2790,#2792,#184,.T.);
#2297=EDGE_CURVE('',#2793,#2794,#185,.T.);
#2298=EDGE_CURVE('',#2795,#2793,#186,.T.);
#2299=EDGE_CURVE('',#2795,#2796,#187,.T.);
#2300=EDGE_CURVE('',#2794,#2796,#188,.T.);
#2301=EDGE_CURVE('',#2797,#2798,#189,.T.);
#2302=EDGE_CURVE('',#2799,#2797,#190,.T.);
#2303=EDGE_CURVE('',#2799,#2800,#191,.T.);
#2304=EDGE_CURVE('',#2800,#2798,#192,.T.);
#2305=EDGE_CURVE('',#2772,#2801,#193,.T.);
#2306=EDGE_CURVE('',#2802,#2801,#194,.T.);
#2307=EDGE_CURVE('',#2771,#2802,#195,.T.);
#2308=EDGE_CURVE('',#2803,#2776,#3003,.T.);
#2309=EDGE_CURVE('',#2804,#2803,#196,.T.);
#2310=EDGE_CURVE('',#2773,#2804,#3004,.T.);
#2311=EDGE_CURVE('',#2805,#2803,#197,.T.);
#2312=EDGE_CURVE('',#2805,#2806,#198,.T.);
#2313=EDGE_CURVE('',#2806,#2804,#199,.T.);
#2314=EDGE_CURVE('',#2807,#2805,#3005,.T.);
#2315=EDGE_CURVE('',#2807,#2808,#200,.T.);
#2316=EDGE_CURVE('',#2806,#2808,#3006,.T.);
#2317=EDGE_CURVE('',#2809,#2807,#201,.T.);
#2318=EDGE_CURVE('',#2809,#2810,#202,.T.);
#2319=EDGE_CURVE('',#2810,#2808,#203,.T.);
#2320=EDGE_CURVE('',#2811,#2809,#3007,.T.);
#2321=EDGE_CURVE('',#2811,#2812,#204,.T.);
#2322=EDGE_CURVE('',#2810,#2812,#3008,.T.);
#2323=EDGE_CURVE('',#2813,#2812,#205,.T.);
#2324=EDGE_CURVE('',#2814,#2811,#206,.T.);
#2325=EDGE_CURVE('',#2814,#2813,#207,.T.);
#2326=EDGE_CURVE('',#2813,#2780,#3009,.T.);
#2327=EDGE_CURVE('',#2778,#2814,#3010,.T.);
#2328=EDGE_CURVE('',#2815,#2816,#208,.T.);
#2329=EDGE_CURVE('',#2775,#2816,#209,.T.);
#2330=EDGE_CURVE('',#2774,#2815,#210,.T.);
#2331=EDGE_CURVE('',#2817,#2818,#211,.T.);
#2332=EDGE_CURVE('',#2816,#2818,#212,.T.);
#2333=EDGE_CURVE('',#2815,#2817,#213,.T.);
#2334=EDGE_CURVE('',#2818,#2793,#214,.T.);
#2335=EDGE_CURVE('',#2817,#2819,#215,.T.);
#2336=EDGE_CURVE('',#2819,#2820,#216,.T.);
#2337=EDGE_CURVE('',#2821,#2820,#217,.T.);
#2338=EDGE_CURVE('',#2822,#2821,#218,.T.);
#2339=EDGE_CURVE('',#2822,#2795,#219,.T.);
#2340=EDGE_CURVE('',#2823,#2821,#220,.T.);
#2341=EDGE_CURVE('',#2824,#2823,#221,.T.);
#2342=EDGE_CURVE('',#2824,#2822,#222,.T.);
#2343=EDGE_CURVE('',#2825,#2823,#223,.T.);
#2344=EDGE_CURVE('',#2826,#2825,#224,.T.);
#2345=EDGE_CURVE('',#2826,#2824,#225,.T.);
#2346=EDGE_CURVE('',#2820,#2825,#226,.T.);
#2347=EDGE_CURVE('',#2819,#2826,#227,.T.);
#2348=EDGE_CURVE('',#2827,#2828,#228,.T.);
#2349=EDGE_CURVE('',#2828,#2829,#229,.T.);
#2350=EDGE_CURVE('',#2829,#2830,#230,.T.);
#2351=EDGE_CURVE('',#2830,#2827,#231,.T.);
#2352=EDGE_CURVE('',#2831,#2827,#232,.T.);
#2353=EDGE_CURVE('',#2832,#2830,#233,.T.);
#2354=EDGE_CURVE('',#2832,#2831,#234,.T.);
#2355=EDGE_CURVE('',#2833,#2829,#235,.T.);
#2356=EDGE_CURVE('',#2833,#2832,#236,.T.);
#2357=EDGE_CURVE('',#2834,#2828,#237,.T.);
#2358=EDGE_CURVE('',#2834,#2833,#238,.T.);
#2359=EDGE_CURVE('',#2831,#2834,#239,.T.);
#2360=EDGE_CURVE('',#2835,#2777,#3011,.T.);
#2361=EDGE_CURVE('',#2836,#2835,#240,.T.);
#2362=EDGE_CURVE('',#2779,#2836,#3012,.T.);
#2363=EDGE_CURVE('',#2837,#2835,#241,.T.);
#2364=EDGE_CURVE('',#2837,#2838,#242,.T.);
#2365=EDGE_CURVE('',#2838,#2836,#243,.T.);
#2366=EDGE_CURVE('',#2839,#2837,#3013,.T.);
#2367=EDGE_CURVE('',#2839,#2840,#244,.T.);
#2368=EDGE_CURVE('',#2838,#2840,#3014,.T.);
#2369=EDGE_CURVE('',#2841,#2839,#245,.T.);
#2370=EDGE_CURVE('',#2841,#2842,#246,.T.);
#2371=EDGE_CURVE('',#2842,#2840,#247,.T.);
#2372=EDGE_CURVE('',#2843,#2841,#3015,.T.);
#2373=EDGE_CURVE('',#2843,#2844,#248,.T.);
#2374=EDGE_CURVE('',#2842,#2844,#3016,.T.);
#2375=EDGE_CURVE('',#2845,#2844,#249,.T.);
#2376=EDGE_CURVE('',#2846,#2843,#250,.T.);
#2377=EDGE_CURVE('',#2846,#2845,#251,.T.);
#2378=EDGE_CURVE('',#2845,#2801,#3017,.T.);
#2379=EDGE_CURVE('',#2802,#2846,#3018,.T.);
#2380=EDGE_CURVE('',#2847,#2784,#3019,.T.);
#2381=EDGE_CURVE('',#2848,#2847,#252,.T.);
#2382=EDGE_CURVE('',#2782,#2848,#3020,.T.);
#2383=EDGE_CURVE('',#2847,#2849,#253,.T.);
#2384=EDGE_CURVE('',#2850,#2849,#254,.T.);
#2385=EDGE_CURVE('',#2848,#2850,#255,.T.);
#2386=EDGE_CURVE('',#2851,#2852,#256,.T.);
#2387=EDGE_CURVE('',#2850,#2851,#3021,.T.);
#2388=EDGE_CURVE('',#2852,#2849,#3022,.T.);
#2389=EDGE_CURVE('',#2851,#2853,#257,.T.);
#2390=EDGE_CURVE('',#2852,#2854,#258,.T.);
#2391=EDGE_CURVE('',#2853,#2854,#259,.T.);
#2392=EDGE_CURVE('',#2855,#2856,#260,.T.);
#2393=EDGE_CURVE('',#2853,#2855,#3023,.T.);
#2394=EDGE_CURVE('',#2856,#2854,#3024,.T.);
#2395=EDGE_CURVE('',#2855,#2857,#261,.T.);
#2396=EDGE_CURVE('',#2856,#2858,#262,.T.);
#2397=EDGE_CURVE('',#2858,#2857,#263,.T.);
#2398=EDGE_CURVE('',#2857,#2797,#3025,.T.);
#2399=EDGE_CURVE('',#2799,#2858,#3026,.T.);
#2400=EDGE_CURVE('',#2859,#2781,#3027,.T.);
#2401=EDGE_CURVE('',#2860,#2859,#264,.T.);
#2402=EDGE_CURVE('',#2783,#2860,#3028,.T.);
#2403=EDGE_CURVE('',#2861,#2859,#265,.T.);
#2404=EDGE_CURVE('',#2861,#2862,#266,.T.);
#2405=EDGE_CURVE('',#2862,#2860,#267,.T.);
#2406=EDGE_CURVE('',#2863,#2861,#3029,.T.);
#2407=EDGE_CURVE('',#2863,#2864,#268,.T.);
#2408=EDGE_CURVE('',#2862,#2864,#3030,.T.);
#2409=EDGE_CURVE('',#2865,#2863,#269,.T.);
#2410=EDGE_CURVE('',#2865,#2866,#270,.T.);
#2411=EDGE_CURVE('',#2866,#2864,#271,.T.);
#2412=EDGE_CURVE('',#2867,#2865,#3031,.T.);
#2413=EDGE_CURVE('',#2867,#2868,#272,.T.);
#2414=EDGE_CURVE('',#2866,#2868,#3032,.T.);
#2415=EDGE_CURVE('',#2869,#2868,#273,.T.);
#2416=EDGE_CURVE('',#2870,#2867,#274,.T.);
#2417=EDGE_CURVE('',#2870,#2869,#275,.T.);
#2418=EDGE_CURVE('',#2869,#2788,#3033,.T.);
#2419=EDGE_CURVE('',#2786,#2870,#3034,.T.);
#2420=EDGE_CURVE('',#2871,#2785,#3035,.T.);
#2421=EDGE_CURVE('',#2872,#2871,#276,.T.);
#2422=EDGE_CURVE('',#2787,#2872,#3036,.T.);
#2423=EDGE_CURVE('',#2873,#2871,#277,.T.);
#2424=EDGE_CURVE('',#2873,#2874,#278,.T.);
#2425=EDGE_CURVE('',#2874,#2872,#279,.T.);
#2426=EDGE_CURVE('',#2875,#2873,#3037,.T.);
#2427=EDGE_CURVE('',#2875,#2876,#280,.T.);
#2428=EDGE_CURVE('',#2874,#2876,#3038,.T.);
#2429=EDGE_CURVE('',#2877,#2875,#281,.T.);
#2430=EDGE_CURVE('',#2877,#2878,#282,.T.);
#2431=EDGE_CURVE('',#2878,#2876,#283,.T.);
#2432=EDGE_CURVE('',#2879,#2877,#3039,.T.);
#2433=EDGE_CURVE('',#2879,#2880,#284,.T.);
#2434=EDGE_CURVE('',#2878,#2880,#3040,.T.);
#2435=EDGE_CURVE('',#2881,#2880,#285,.T.);
#2436=EDGE_CURVE('',#2882,#2879,#286,.T.);
#2437=EDGE_CURVE('',#2882,#2881,#287,.T.);
#2438=EDGE_CURVE('',#2881,#2792,#3041,.T.);
#2439=EDGE_CURVE('',#2790,#2882,#3042,.T.);
#2440=EDGE_CURVE('',#2883,#2789,#3043,.T.);
#2441=EDGE_CURVE('',#2884,#2883,#288,.T.);
#2442=EDGE_CURVE('',#2791,#2884,#3044,.T.);
#2443=EDGE_CURVE('',#2885,#2883,#289,.T.);
#2444=EDGE_CURVE('',#2885,#2886,#290,.T.);
#2445=EDGE_CURVE('',#2886,#2884,#291,.T.);
#2446=EDGE_CURVE('',#2887,#2885,#3045,.T.);
#2447=EDGE_CURVE('',#2887,#2888,#292,.T.);
#2448=EDGE_CURVE('',#2886,#2888,#3046,.T.);
#2449=EDGE_CURVE('',#2889,#2887,#293,.T.);
#2450=EDGE_CURVE('',#2889,#2890,#294,.T.);
#2451=EDGE_CURVE('',#2890,#2888,#295,.T.);
#2452=EDGE_CURVE('',#2891,#2889,#3047,.T.);
#2453=EDGE_CURVE('',#2891,#2892,#296,.T.);
#2454=EDGE_CURVE('',#2890,#2892,#3048,.T.);
#2455=EDGE_CURVE('',#2893,#2892,#297,.T.);
#2456=EDGE_CURVE('',#2894,#2891,#298,.T.);
#2457=EDGE_CURVE('',#2894,#2893,#299,.T.);
#2458=EDGE_CURVE('',#2893,#2796,#3049,.T.);
#2459=EDGE_CURVE('',#2794,#2894,#3050,.T.);
#2460=EDGE_CURVE('',#2895,#2800,#3051,.T.);
#2461=EDGE_CURVE('',#2895,#2896,#300,.T.);
#2462=EDGE_CURVE('',#2798,#2896,#3052,.T.);
#2463=EDGE_CURVE('',#2895,#2767,#301,.T.);
#2464=EDGE_CURVE('',#2896,#2764,#302,.T.);
#2465=EDGE_CURVE('',#2897,#2898,#303,.T.);
#2466=EDGE_CURVE('',#2763,#2898,#304,.T.);
#2467=EDGE_CURVE('',#2762,#2897,#305,.T.);
#2468=EDGE_CURVE('',#2899,#2897,#306,.T.);
#2469=EDGE_CURVE('',#2761,#2899,#307,.T.);
#2470=EDGE_CURVE('',#2760,#2900,#308,.T.);
#2471=EDGE_CURVE('',#2900,#2899,#309,.T.);
#2472=EDGE_CURVE('',#2898,#2900,#310,.T.);
#2473=EDGE_CURVE('',#2731,#2759,#311,.T.);
#2474=EDGE_CURVE('',#2901,#2902,#312,.T.);
#2475=EDGE_CURVE('',#2903,#2901,#313,.T.);
#2476=EDGE_CURVE('',#2904,#2903,#314,.T.);
#2477=EDGE_CURVE('',#2902,#2904,#315,.T.);
#2478=EDGE_CURVE('',#2904,#2905,#316,.T.);
#2479=EDGE_CURVE('',#2906,#2905,#317,.T.);
#2480=EDGE_CURVE('',#2902,#2906,#318,.T.);
#2481=EDGE_CURVE('',#2907,#2906,#319,.T.);
#2482=EDGE_CURVE('',#2901,#2907,#320,.T.);
#2483=EDGE_CURVE('',#2908,#2907,#321,.T.);
#2484=EDGE_CURVE('',#2903,#2908,#322,.T.);
#2485=EDGE_CURVE('',#2905,#2908,#323,.T.);
#2486=EDGE_CURVE('',#2696,#2703,#324,.T.);
#2487=EDGE_CURVE('',#2710,#2690,#325,.T.);
#2488=EDGE_CURVE('',#2909,#2910,#326,.T.);
#2489=EDGE_CURVE('',#2910,#2911,#327,.T.);
#2490=EDGE_CURVE('',#2911,#2912,#328,.T.);
#2491=EDGE_CURVE('',#2909,#2912,#329,.T.);
#2492=EDGE_CURVE('',#2913,#2914,#330,.T.);
#2493=EDGE_CURVE('',#2914,#2915,#331,.T.);
#2494=EDGE_CURVE('',#2915,#2916,#332,.T.);
#2495=EDGE_CURVE('',#2913,#2916,#333,.T.);
#2496=EDGE_CURVE('',#2917,#2918,#334,.T.);
#2497=EDGE_CURVE('',#2918,#2919,#335,.T.);
#2498=EDGE_CURVE('',#2919,#2920,#336,.T.);
#2499=EDGE_CURVE('',#2917,#2920,#337,.T.);
#2500=EDGE_CURVE('',#2664,#2921,#338,.T.);
#2501=EDGE_CURVE('',#2921,#2922,#339,.T.);
#2502=EDGE_CURVE('',#2922,#2658,#340,.T.);
#2503=EDGE_CURVE('',#2715,#2672,#341,.T.);
#2504=EDGE_CURVE('',#2923,#2718,#342,.T.);
#2505=EDGE_CURVE('',#2923,#2924,#343,.T.);
#2506=EDGE_CURVE('',#2925,#2924,#344,.T.);
#2507=EDGE_CURVE('',#2926,#2925,#345,.T.);
#2508=EDGE_CURVE('',#2670,#2926,#346,.T.);
#2509=EDGE_CURVE('',#2927,#2912,#347,.T.);
#2510=EDGE_CURVE('',#2928,#2927,#348,.T.);
#2511=EDGE_CURVE('',#2929,#2928,#349,.T.);
#2512=EDGE_CURVE('',#2929,#2930,#350,.T.);
#2513=EDGE_CURVE('',#2743,#2930,#351,.T.);
#2514=EDGE_CURVE('',#2909,#2746,#352,.T.);
#2515=EDGE_CURVE('',#2925,#2931,#353,.T.);
#2516=EDGE_CURVE('',#2932,#2931,#354,.T.);
#2517=EDGE_CURVE('',#2926,#2932,#355,.T.);
#2518=EDGE_CURVE('',#2669,#2932,#356,.T.);
#2519=EDGE_CURVE('',#2931,#2933,#357,.T.);
#2520=EDGE_CURVE('',#2933,#2934,#358,.T.);
#2521=EDGE_CURVE('',#2934,#2717,#359,.T.);
#2522=EDGE_CURVE('',#2716,#2671,#360,.T.);
#2523=EDGE_CURVE('',#2910,#2745,#361,.T.);
#2524=EDGE_CURVE('',#2744,#2935,#362,.T.);
#2525=EDGE_CURVE('',#2935,#2936,#363,.T.);
#2526=EDGE_CURVE('',#2936,#2937,#364,.T.);
#2527=EDGE_CURVE('',#2937,#2938,#365,.T.);
#2528=EDGE_CURVE('',#2938,#2911,#366,.T.);
#2529=EDGE_CURVE('',#2923,#2934,#367,.T.);
#2530=EDGE_CURVE('',#2924,#2933,#368,.T.);
#2531=EDGE_CURVE('',#2928,#2937,#369,.T.);
#2532=EDGE_CURVE('',#2927,#2938,#370,.T.);
#2533=EDGE_CURVE('',#2929,#2936,#371,.T.);
#2534=EDGE_CURVE('',#2930,#2935,#372,.T.);
#2535=EDGE_CURVE('',#2719,#2676,#373,.T.);
#2536=EDGE_CURVE('',#2939,#2722,#374,.T.);
#2537=EDGE_CURVE('',#2939,#2940,#375,.T.);
#2538=EDGE_CURVE('',#2941,#2940,#376,.T.);
#2539=EDGE_CURVE('',#2942,#2941,#377,.T.);
#2540=EDGE_CURVE('',#2674,#2942,#378,.T.);
#2541=EDGE_CURVE('',#2943,#2916,#379,.T.);
#2542=EDGE_CURVE('',#2944,#2943,#380,.T.);
#2543=EDGE_CURVE('',#2945,#2944,#381,.T.);
#2544=EDGE_CURVE('',#2945,#2946,#382,.T.);
#2545=EDGE_CURVE('',#2747,#2946,#383,.T.);
#2546=EDGE_CURVE('',#2913,#2750,#384,.T.);
#2547=EDGE_CURVE('',#2941,#2947,#385,.T.);
#2548=EDGE_CURVE('',#2948,#2947,#386,.T.);
#2549=EDGE_CURVE('',#2942,#2948,#387,.T.);
#2550=EDGE_CURVE('',#2673,#2948,#388,.T.);
#2551=EDGE_CURVE('',#2947,#2949,#389,.T.);
#2552=EDGE_CURVE('',#2949,#2950,#390,.T.);
#2553=EDGE_CURVE('',#2950,#2721,#391,.T.);
#2554=EDGE_CURVE('',#2720,#2675,#392,.T.);
#2555=EDGE_CURVE('',#2914,#2749,#393,.T.);
#2556=EDGE_CURVE('',#2748,#2951,#394,.T.);
#2557=EDGE_CURVE('',#2951,#2952,#395,.T.);
#2558=EDGE_CURVE('',#2952,#2953,#396,.T.);
#2559=EDGE_CURVE('',#2953,#2954,#397,.T.);
#2560=EDGE_CURVE('',#2954,#2915,#398,.T.);
#2561=EDGE_CURVE('',#2939,#2950,#399,.T.);
#2562=EDGE_CURVE('',#2940,#2949,#400,.T.);
#2563=EDGE_CURVE('',#2944,#2953,#401,.T.);
#2564=EDGE_CURVE('',#2943,#2954,#402,.T.);
#2565=EDGE_CURVE('',#2945,#2952,#403,.T.);
#2566=EDGE_CURVE('',#2946,#2951,#404,.T.);
#2567=EDGE_CURVE('',#2723,#2680,#405,.T.);
#2568=EDGE_CURVE('',#2955,#2726,#406,.T.);
#2569=EDGE_CURVE('',#2955,#2956,#407,.T.);
#2570=EDGE_CURVE('',#2957,#2956,#408,.T.);
#2571=EDGE_CURVE('',#2958,#2957,#409,.T.);
#2572=EDGE_CURVE('',#2678,#2958,#410,.T.);
#2573=EDGE_CURVE('',#2959,#2920,#411,.T.);
#2574=EDGE_CURVE('',#2960,#2959,#412,.T.);
#2575=EDGE_CURVE('',#2961,#2960,#413,.T.);
#2576=EDGE_CURVE('',#2961,#2962,#414,.T.);
#2577=EDGE_CURVE('',#2751,#2962,#415,.T.);
#2578=EDGE_CURVE('',#2917,#2754,#416,.T.);
#2579=EDGE_CURVE('',#2957,#2963,#417,.T.);
#2580=EDGE_CURVE('',#2964,#2963,#418,.T.);
#2581=EDGE_CURVE('',#2958,#2964,#419,.T.);
#2582=EDGE_CURVE('',#2677,#2964,#420,.T.);
#2583=EDGE_CURVE('',#2963,#2965,#421,.T.);
#2584=EDGE_CURVE('',#2965,#2966,#422,.T.);
#2585=EDGE_CURVE('',#2966,#2725,#423,.T.);
#2586=EDGE_CURVE('',#2724,#2679,#424,.T.);
#2587=EDGE_CURVE('',#2918,#2753,#425,.T.);
#2588=EDGE_CURVE('',#2752,#2967,#426,.T.);
#2589=EDGE_CURVE('',#2967,#2968,#427,.T.);
#2590=EDGE_CURVE('',#2968,#2969,#428,.T.);
#2591=EDGE_CURVE('',#2969,#2970,#429,.T.);
#2592=EDGE_CURVE('',#2970,#2919,#430,.T.);
#2593=EDGE_CURVE('',#2955,#2966,#431,.T.);
#2594=EDGE_CURVE('',#2956,#2965,#432,.T.);
#2595=EDGE_CURVE('',#2960,#2969,#433,.T.);
#2596=EDGE_CURVE('',#2959,#2970,#434,.T.);
#2597=EDGE_CURVE('',#2961,#2968,#435,.T.);
#2598=EDGE_CURVE('',#2962,#2967,#436,.T.);
#2599=EDGE_CURVE('',#2681,#2971,#437,.T.);
#2600=EDGE_CURVE('',#2971,#2972,#438,.T.);
#2601=EDGE_CURVE('',#2972,#2973,#439,.T.);
#2602=EDGE_CURVE('',#2973,#2974,#440,.T.);
#2603=EDGE_CURVE('',#2974,#2728,#441,.T.);
#2604=EDGE_CURVE('',#2727,#2682,#442,.T.);
#2605=EDGE_CURVE('',#2921,#2756,#443,.T.);
#2606=EDGE_CURVE('',#2755,#2975,#444,.T.);
#2607=EDGE_CURVE('',#2975,#2976,#445,.T.);
#2608=EDGE_CURVE('',#2976,#2977,#446,.T.);
#2609=EDGE_CURVE('',#2977,#2978,#447,.T.);
#2610=EDGE_CURVE('',#2978,#2922,#448,.T.);
#2611=EDGE_CURVE('',#2652,#2974,#449,.T.);
#2612=EDGE_CURVE('',#2653,#2973,#450,.T.);
#2613=EDGE_CURVE('',#2654,#2972,#451,.T.);
#2614=EDGE_CURVE('',#2655,#2971,#452,.T.);
#2615=EDGE_CURVE('',#2659,#2977,#453,.T.);
#2616=EDGE_CURVE('',#2657,#2978,#454,.T.);
#2617=EDGE_CURVE('',#2660,#2976,#455,.T.);
#2618=EDGE_CURVE('',#2661,#2975,#456,.T.);
#2619=EDGE_CURVE('',#2693,#2706,#457,.T.);
#2620=EDGE_CURVE('',#2692,#2707,#458,.T.);
#2621=EDGE_CURVE('',#2691,#2708,#459,.T.);
#2622=EDGE_CURVE('',#2689,#2709,#460,.T.);
#2623=EDGE_CURVE('',#2685,#2700,#461,.T.);
#2624=EDGE_CURVE('',#2686,#2699,#462,.T.);
#2625=EDGE_CURVE('',#2979,#2980,#463,.T.);
#2626=EDGE_CURVE('',#2981,#2980,#464,.T.);
#2627=EDGE_CURVE('',#2982,#2981,#465,.T.);
#2628=EDGE_CURVE('',#2982,#2979,#466,.T.);
#2629=EDGE_CURVE('',#2983,#2981,#467,.T.);
#2630=EDGE_CURVE('',#2984,#2983,#468,.T.);
#2631=EDGE_CURVE('',#2984,#2982,#469,.T.);
#2632=EDGE_CURVE('',#2985,#2983,#470,.T.);
#2633=EDGE_CURVE('',#2986,#2985,#471,.T.);
#2634=EDGE_CURVE('',#2986,#2984,#472,.T.);
#2635=EDGE_CURVE('',#2980,#2985,#473,.T.);
#2636=EDGE_CURVE('',#2979,#2986,#474,.T.);
#2637=VERTEX_POINT('',#6173);
#2638=VERTEX_POINT('',#6175);
#2639=VERTEX_POINT('',#6178);
#2640=VERTEX_POINT('',#6180);
#2641=VERTEX_POINT('',#6183);
#2642=VERTEX_POINT('',#6185);
#2643=VERTEX_POINT('',#6188);
#2644=VERTEX_POINT('',#6190);
#2645=VERTEX_POINT('',#6193);
#2646=VERTEX_POINT('',#6195);
#2647=VERTEX_POINT('',#6198);
#2648=VERTEX_POINT('',#6200);
#2649=VERTEX_POINT('',#6203);
#2650=VERTEX_POINT('',#6204);
#2651=VERTEX_POINT('',#6206);
#2652=VERTEX_POINT('',#6208);
#2653=VERTEX_POINT('',#6210);
#2654=VERTEX_POINT('',#6212);
#2655=VERTEX_POINT('',#6214);
#2656=VERTEX_POINT('',#6216);
#2657=VERTEX_POINT('',#6220);
#2658=VERTEX_POINT('',#6221);
#2659=VERTEX_POINT('',#6223);
#2660=VERTEX_POINT('',#6225);
#2661=VERTEX_POINT('',#6227);
#2662=VERTEX_POINT('',#6229);
#2663=VERTEX_POINT('',#6231);
#2664=VERTEX_POINT('',#6233);
#2665=VERTEX_POINT('',#6237);
#2666=VERTEX_POINT('',#6238);
#2667=VERTEX_POINT('',#6240);
#2668=VERTEX_POINT('',#6242);
#2669=VERTEX_POINT('',#6246);
#2670=VERTEX_POINT('',#6247);
#2671=VERTEX_POINT('',#6249);
#2672=VERTEX_POINT('',#6251);
#2673=VERTEX_POINT('',#6255);
#2674=VERTEX_POINT('',#6256);
#2675=VERTEX_POINT('',#6258);
#2676=VERTEX_POINT('',#6260);
#2677=VERTEX_POINT('',#6264);
#2678=VERTEX_POINT('',#6265);
#2679=VERTEX_POINT('',#6267);
#2680=VERTEX_POINT('',#6269);
#2681=VERTEX_POINT('',#6273);
#2682=VERTEX_POINT('',#6275);
#2683=VERTEX_POINT('',#6279);
#2684=VERTEX_POINT('',#6281);
#2685=VERTEX_POINT('',#6283);
#2686=VERTEX_POINT('',#6285);
#2687=VERTEX_POINT('',#6287);
#2688=VERTEX_POINT('',#6289);
#2689=VERTEX_POINT('',#6293);
#2690=VERTEX_POINT('',#6294);
#2691=VERTEX_POINT('',#6296);
#2692=VERTEX_POINT('',#6298);
#2693=VERTEX_POINT('',#6300);
#2694=VERTEX_POINT('',#6302);
#2695=VERTEX_POINT('',#6304);
#2696=VERTEX_POINT('',#6306);
#2697=VERTEX_POINT('',#6310);
#2698=VERTEX_POINT('',#6312);
#2699=VERTEX_POINT('',#6317);
#2700=VERTEX_POINT('',#6319);
#2701=VERTEX_POINT('',#6321);
#2702=VERTEX_POINT('',#6323);
#2703=VERTEX_POINT('',#6327);
#2704=VERTEX_POINT('',#6328);
#2705=VERTEX_POINT('',#6330);
#2706=VERTEX_POINT('',#6332);
#2707=VERTEX_POINT('',#6334);
#2708=VERTEX_POINT('',#6336);
#2709=VERTEX_POINT('',#6338);
#2710=VERTEX_POINT('',#6340);
#2711=VERTEX_POINT('',#6346);
#2712=VERTEX_POINT('',#6347);
#2713=VERTEX_POINT('',#6349);
#2714=VERTEX_POINT('',#6351);
#2715=VERTEX_POINT('',#6355);
#2716=VERTEX_POINT('',#6356);
#2717=VERTEX_POINT('',#6358);
#2718=VERTEX_POINT('',#6360);
#2719=VERTEX_POINT('',#6363);
#2720=VERTEX_POINT('',#6364);
#2721=VERTEX_POINT('',#6366);
#2722=VERTEX_POINT('',#6368);
#2723=VERTEX_POINT('',#6371);
#2724=VERTEX_POINT('',#6372);
#2725=VERTEX_POINT('',#6374);
#2726=VERTEX_POINT('',#6376);
#2727=VERTEX_POINT('',#6379);
#2728=VERTEX_POINT('',#6381);
#2729=VERTEX_POINT('',#6385);
#2730=VERTEX_POINT('',#6386);
#2731=VERTEX_POINT('',#6389);
#2732=VERTEX_POINT('',#6391);
#2733=VERTEX_POINT('',#6393);
#2734=VERTEX_POINT('',#6395);
#2735=VERTEX_POINT('',#6397);
#2736=VERTEX_POINT('',#6399);
#2737=VERTEX_POINT('',#6403);
#2738=VERTEX_POINT('',#6405);
#2739=VERTEX_POINT('',#6409);
#2740=VERTEX_POINT('',#6413);
#2741=VERTEX_POINT('',#6419);
#2742=VERTEX_POINT('',#6420);
#2743=VERTEX_POINT('',#6426);
#2744=VERTEX_POINT('',#6427);
#2745=VERTEX_POINT('',#6429);
#2746=VERTEX_POINT('',#6431);
#2747=VERTEX_POINT('',#6434);
#2748=VERTEX_POINT('',#6435);
#2749=VERTEX_POINT('',#6437);
#2750=VERTEX_POINT('',#6439);
#2751=VERTEX_POINT('',#6442);
#2752=VERTEX_POINT('',#6443);
#2753=VERTEX_POINT('',#6445);
#2754=VERTEX_POINT('',#6447);
#2755=VERTEX_POINT('',#6450);
#2756=VERTEX_POINT('',#6452);
#2757=VERTEX_POINT('',#6456);
#2758=VERTEX_POINT('',#6460);
#2759=VERTEX_POINT('',#6462);
#2760=VERTEX_POINT('',#6465);
#2761=VERTEX_POINT('',#6467);
#2762=VERTEX_POINT('',#6469);
#2763=VERTEX_POINT('',#6471);
#2764=VERTEX_POINT('',#6473);
#2765=VERTEX_POINT('',#6477);
#2766=VERTEX_POINT('',#6479);
#2767=VERTEX_POINT('',#6483);
#2768=VERTEX_POINT('',#6485);
#2769=VERTEX_POINT('',#6489);
#2770=VERTEX_POINT('',#6491);
#2771=VERTEX_POINT('',#6495);
#2772=VERTEX_POINT('',#6496);
#2773=VERTEX_POINT('',#6501);
#2774=VERTEX_POINT('',#6502);
#2775=VERTEX_POINT('',#6504);
#2776=VERTEX_POINT('',#6506);
#2777=VERTEX_POINT('',#6510);
#2778=VERTEX_POINT('',#6511);
#2779=VERTEX_POINT('',#6513);
#2780=VERTEX_POINT('',#6515);
#2781=VERTEX_POINT('',#6519);
#2782=VERTEX_POINT('',#6520);
#2783=VERTEX_POINT('',#6522);
#2784=VERTEX_POINT('',#6524);
#2785=VERTEX_POINT('',#6528);
#2786=VERTEX_POINT('',#6529);
#2787=VERTEX_POINT('',#6531);
#2788=VERTEX_POINT('',#6533);
#2789=VERTEX_POINT('',#6537);
#2790=VERTEX_POINT('',#6538);
#2791=VERTEX_POINT('',#6540);
#2792=VERTEX_POINT('',#6542);
#2793=VERTEX_POINT('',#6546);
#2794=VERTEX_POINT('',#6547);
#2795=VERTEX_POINT('',#6549);
#2796=VERTEX_POINT('',#6551);
#2797=VERTEX_POINT('',#6555);
#2798=VERTEX_POINT('',#6556);
#2799=VERTEX_POINT('',#6558);
#2800=VERTEX_POINT('',#6560);
#2801=VERTEX_POINT('',#6564);
#2802=VERTEX_POINT('',#6566);
#2803=VERTEX_POINT('',#6570);
#2804=VERTEX_POINT('',#6572);
#2805=VERTEX_POINT('',#6576);
#2806=VERTEX_POINT('',#6578);
#2807=VERTEX_POINT('',#6582);
#2808=VERTEX_POINT('',#6584);
#2809=VERTEX_POINT('',#6588);
#2810=VERTEX_POINT('',#6590);
#2811=VERTEX_POINT('',#6594);
#2812=VERTEX_POINT('',#6596);
#2813=VERTEX_POINT('',#6600);
#2814=VERTEX_POINT('',#6602);
#2815=VERTEX_POINT('',#6609);
#2816=VERTEX_POINT('',#6610);
#2817=VERTEX_POINT('',#6615);
#2818=VERTEX_POINT('',#6616);
#2819=VERTEX_POINT('',#6622);
#2820=VERTEX_POINT('',#6624);
#2821=VERTEX_POINT('',#6626);
#2822=VERTEX_POINT('',#6628);
#2823=VERTEX_POINT('',#6632);
#2824=VERTEX_POINT('',#6634);
#2825=VERTEX_POINT('',#6638);
#2826=VERTEX_POINT('',#6640);
#2827=VERTEX_POINT('',#6648);
#2828=VERTEX_POINT('',#6649);
#2829=VERTEX_POINT('',#6651);
#2830=VERTEX_POINT('',#6653);
#2831=VERTEX_POINT('',#6657);
#2832=VERTEX_POINT('',#6659);
#2833=VERTEX_POINT('',#6663);
#2834=VERTEX_POINT('',#6667);
#2835=VERTEX_POINT('',#6673);
#2836=VERTEX_POINT('',#6675);
#2837=VERTEX_POINT('',#6679);
#2838=VERTEX_POINT('',#6681);
#2839=VERTEX_POINT('',#6685);
#2840=VERTEX_POINT('',#6687);
#2841=VERTEX_POINT('',#6691);
#2842=VERTEX_POINT('',#6693);
#2843=VERTEX_POINT('',#6697);
#2844=VERTEX_POINT('',#6699);
#2845=VERTEX_POINT('',#6703);
#2846=VERTEX_POINT('',#6705);
#2847=VERTEX_POINT('',#6712);
#2848=VERTEX_POINT('',#6714);
#2849=VERTEX_POINT('',#6718);
#2850=VERTEX_POINT('',#6720);
#2851=VERTEX_POINT('',#6724);
#2852=VERTEX_POINT('',#6725);
#2853=VERTEX_POINT('',#6730);
#2854=VERTEX_POINT('',#6732);
#2855=VERTEX_POINT('',#6736);
#2856=VERTEX_POINT('',#6737);
#2857=VERTEX_POINT('',#6742);
#2858=VERTEX_POINT('',#6744);
#2859=VERTEX_POINT('',#6751);
#2860=VERTEX_POINT('',#6753);
#2861=VERTEX_POINT('',#6757);
#2862=VERTEX_POINT('',#6759);
#2863=VERTEX_POINT('',#6763);
#2864=VERTEX_POINT('',#6765);
#2865=VERTEX_POINT('',#6769);
#2866=VERTEX_POINT('',#6771);
#2867=VERTEX_POINT('',#6775);
#2868=VERTEX_POINT('',#6777);
#2869=VERTEX_POINT('',#6781);
#2870=VERTEX_POINT('',#6783);
#2871=VERTEX_POINT('',#6790);
#2872=VERTEX_POINT('',#6792);
#2873=VERTEX_POINT('',#6796);
#2874=VERTEX_POINT('',#6798);
#2875=VERTEX_POINT('',#6802);
#2876=VERTEX_POINT('',#6804);
#2877=VERTEX_POINT('',#6808);
#2878=VERTEX_POINT('',#6810);
#2879=VERTEX_POINT('',#6814);
#2880=VERTEX_POINT('',#6816);
#2881=VERTEX_POINT('',#6820);
#2882=VERTEX_POINT('',#6822);
#2883=VERTEX_POINT('',#6829);
#2884=VERTEX_POINT('',#6831);
#2885=VERTEX_POINT('',#6835);
#2886=VERTEX_POINT('',#6837);
#2887=VERTEX_POINT('',#6841);
#2888=VERTEX_POINT('',#6843);
#2889=VERTEX_POINT('',#6847);
#2890=VERTEX_POINT('',#6849);
#2891=VERTEX_POINT('',#6853);
#2892=VERTEX_POINT('',#6855);
#2893=VERTEX_POINT('',#6859);
#2894=VERTEX_POINT('',#6861);
#2895=VERTEX_POINT('',#6868);
#2896=VERTEX_POINT('',#6870);
#2897=VERTEX_POINT('',#6877);
#2898=VERTEX_POINT('',#6878);
#2899=VERTEX_POINT('',#6883);
#2900=VERTEX_POINT('',#6887);
#2901=VERTEX_POINT('',#6894);
#2902=VERTEX_POINT('',#6895);
#2903=VERTEX_POINT('',#6897);
#2904=VERTEX_POINT('',#6899);
#2905=VERTEX_POINT('',#6904);
#2906=VERTEX_POINT('',#6906);
#2907=VERTEX_POINT('',#6910);
#2908=VERTEX_POINT('',#6914);
#2909=VERTEX_POINT('',#6925);
#2910=VERTEX_POINT('',#6926);
#2911=VERTEX_POINT('',#6928);
#2912=VERTEX_POINT('',#6930);
#2913=VERTEX_POINT('',#6934);
#2914=VERTEX_POINT('',#6935);
#2915=VERTEX_POINT('',#6937);
#2916=VERTEX_POINT('',#6939);
#2917=VERTEX_POINT('',#6943);
#2918=VERTEX_POINT('',#6944);
#2919=VERTEX_POINT('',#6946);
#2920=VERTEX_POINT('',#6948);
#2921=VERTEX_POINT('',#6952);
#2922=VERTEX_POINT('',#6954);
#2923=VERTEX_POINT('',#6959);
#2924=VERTEX_POINT('',#6961);
#2925=VERTEX_POINT('',#6963);
#2926=VERTEX_POINT('',#6965);
#2927=VERTEX_POINT('',#6969);
#2928=VERTEX_POINT('',#6971);
#2929=VERTEX_POINT('',#6973);
#2930=VERTEX_POINT('',#6975);
#2931=VERTEX_POINT('',#6980);
#2932=VERTEX_POINT('',#6982);
#2933=VERTEX_POINT('',#6987);
#2934=VERTEX_POINT('',#6989);
#2935=VERTEX_POINT('',#6995);
#2936=VERTEX_POINT('',#6997);
#2937=VERTEX_POINT('',#6999);
#2938=VERTEX_POINT('',#7001);
#2939=VERTEX_POINT('',#7021);
#2940=VERTEX_POINT('',#7023);
#2941=VERTEX_POINT('',#7025);
#2942=VERTEX_POINT('',#7027);
#2943=VERTEX_POINT('',#7031);
#2944=VERTEX_POINT('',#7033);
#2945=VERTEX_POINT('',#7035);
#2946=VERTEX_POINT('',#7037);
#2947=VERTEX_POINT('',#7042);
#2948=VERTEX_POINT('',#7044);
#2949=VERTEX_POINT('',#7049);
#2950=VERTEX_POINT('',#7051);
#2951=VERTEX_POINT('',#7057);
#2952=VERTEX_POINT('',#7059);
#2953=VERTEX_POINT('',#7061);
#2954=VERTEX_POINT('',#7063);
#2955=VERTEX_POINT('',#7083);
#2956=VERTEX_POINT('',#7085);
#2957=VERTEX_POINT('',#7087);
#2958=VERTEX_POINT('',#7089);
#2959=VERTEX_POINT('',#7093);
#2960=VERTEX_POINT('',#7095);
#2961=VERTEX_POINT('',#7097);
#2962=VERTEX_POINT('',#7099);
#2963=VERTEX_POINT('',#7104);
#2964=VERTEX_POINT('',#7106);
#2965=VERTEX_POINT('',#7111);
#2966=VERTEX_POINT('',#7113);
#2967=VERTEX_POINT('',#7119);
#2968=VERTEX_POINT('',#7121);
#2969=VERTEX_POINT('',#7123);
#2970=VERTEX_POINT('',#7125);
#2971=VERTEX_POINT('',#7144);
#2972=VERTEX_POINT('',#7146);
#2973=VERTEX_POINT('',#7148);
#2974=VERTEX_POINT('',#7150);
#2975=VERTEX_POINT('',#7156);
#2976=VERTEX_POINT('',#7158);
#2977=VERTEX_POINT('',#7160);
#2978=VERTEX_POINT('',#7162);
#2979=VERTEX_POINT('',#7197);
#2980=VERTEX_POINT('',#7198);
#2981=VERTEX_POINT('',#7200);
#2982=VERTEX_POINT('',#7202);
#2983=VERTEX_POINT('',#7206);
#2984=VERTEX_POINT('',#7208);
#2985=VERTEX_POINT('',#7212);
#2986=VERTEX_POINT('',#7214);
#2987=CIRCLE('',#4974,0.0002);
#2988=CIRCLE('',#4975,0.0002);
#2989=CIRCLE('',#4977,0.0002);
#2990=CIRCLE('',#4978,0.0002);
#2991=CIRCLE('',#4980,0.0002);
#2992=CIRCLE('',#4981,0.0002);
#2993=CIRCLE('',#4983,0.0002);
#2994=CIRCLE('',#4984,0.0002);
#2995=CIRCLE('',#4986,0.0002);
#2996=CIRCLE('',#4987,0.0002);
#2997=CIRCLE('',#4989,0.0002);
#2998=CIRCLE('',#4990,0.0002);
#2999=CIRCLE('',#5014,0.0006);
#3000=CIRCLE('',#5016,0.0006);
#3001=CIRCLE('',#5019,0.0003);
#3002=CIRCLE('',#5020,0.0003);
#3003=CIRCLE('',#5030,0.0003);
#3004=CIRCLE('',#5031,0.0003);
#3005=CIRCLE('',#5034,0.0003);
#3006=CIRCLE('',#5035,0.0003);
#3007=CIRCLE('',#5038,0.0003);
#3008=CIRCLE('',#5039,0.0003);
#3009=CIRCLE('',#5042,0.0003);
#3010=CIRCLE('',#5043,0.0003);
#3011=CIRCLE('',#5057,0.0003);
#3012=CIRCLE('',#5058,0.0003);
#3013=CIRCLE('',#5061,0.0003);
#3014=CIRCLE('',#5062,0.0003);
#3015=CIRCLE('',#5065,0.0003);
#3016=CIRCLE('',#5066,0.0003);
#3017=CIRCLE('',#5069,0.0003);
#3018=CIRCLE('',#5070,0.0003);
#3019=CIRCLE('',#5072,0.0003);
#3020=CIRCLE('',#5073,0.0003);
#3021=CIRCLE('',#5076,0.0003);
#3022=CIRCLE('',#5077,0.0003);
#3023=CIRCLE('',#5080,0.0003);
#3024=CIRCLE('',#5081,0.0003);
#3025=CIRCLE('',#5084,0.0003);
#3026=CIRCLE('',#5085,0.0003);
#3027=CIRCLE('',#5087,0.0003);
#3028=CIRCLE('',#5088,0.0003);
#3029=CIRCLE('',#5091,0.0003);
#3030=CIRCLE('',#5092,0.0003);
#3031=CIRCLE('',#5095,0.0003);
#3032=CIRCLE('',#5096,0.0003);
#3033=CIRCLE('',#5099,0.0003);
#3034=CIRCLE('',#5100,0.0003);
#3035=CIRCLE('',#5102,0.0003);
#3036=CIRCLE('',#5103,0.0003);
#3037=CIRCLE('',#5106,0.0003);
#3038=CIRCLE('',#5107,0.0003);
#3039=CIRCLE('',#5110,0.0003);
#3040=CIRCLE('',#5111,0.0003);
#3041=CIRCLE('',#5114,0.0003);
#3042=CIRCLE('',#5115,0.0003);
#3043=CIRCLE('',#5117,0.0003);
#3044=CIRCLE('',#5118,0.0003);
#3045=CIRCLE('',#5121,0.0003);
#3046=CIRCLE('',#5122,0.0003);
#3047=CIRCLE('',#5125,0.0003);
#3048=CIRCLE('',#5126,0.0003);
#3049=CIRCLE('',#5129,0.0003);
#3050=CIRCLE('',#5130,0.0003);
#3051=CIRCLE('',#5132,0.0003);
#3052=CIRCLE('',#5133,0.0003);
#3053=EDGE_LOOP('',(#1077));
#3054=EDGE_LOOP('',(#1078));
#3055=EDGE_LOOP('',(#1079));
#3056=EDGE_LOOP('',(#1080));
#3057=EDGE_LOOP('',(#1081));
#3058=EDGE_LOOP('',(#1082));
#3059=EDGE_LOOP('',(#1083));
#3060=EDGE_LOOP('',(#1084));
#3061=EDGE_LOOP('',(#1085));
#3062=EDGE_LOOP('',(#1086));
#3063=EDGE_LOOP('',(#1087));
#3064=EDGE_LOOP('',(#1088));
#3065=EDGE_LOOP('',(#1089,#1090,#1091,#1092,#1093,#1094,#1095,#1096));
#3066=EDGE_LOOP('',(#1097,#1098,#1099,#1100,#1101,#1102,#1103,#1104));
#3067=EDGE_LOOP('',(#1105,#1106,#1107,#1108));
#3068=EDGE_LOOP('',(#1109,#1110,#1111,#1112));
#3069=EDGE_LOOP('',(#1113,#1114,#1115,#1116));
#3070=EDGE_LOOP('',(#1117,#1118,#1119,#1120));
#3071=EDGE_LOOP('',(#1121,#1122,#1123,#1124));
#3072=EDGE_LOOP('',(#1125,#1126,#1127,#1128,#1129,#1130,#1131,#1132));
#3073=EDGE_LOOP('',(#1133,#1134,#1135,#1136,#1137,#1138,#1139,#1140));
#3074=EDGE_LOOP('',(#1141,#1142,#1143,#1144));
#3075=EDGE_LOOP('',(#1145,#1146,#1147,#1148,#1149,#1150,#1151,#1152));
#3076=EDGE_LOOP('',(#1153,#1154,#1155,#1156,#1157,#1158,#1159,#1160));
#3077=EDGE_LOOP('',(#1161,#1162,#1163,#1164));
#3078=EDGE_LOOP('',(#1165,#1166,#1167,#1168));
#3079=EDGE_LOOP('',(#1169,#1170,#1171,#1172));
#3080=EDGE_LOOP('',(#1173,#1174,#1175,#1176));
#3081=EDGE_LOOP('',(#1177,#1178,#1179,#1180));
#3082=EDGE_LOOP('',(#1181,#1182,#1183,#1184));
#3083=EDGE_LOOP('',(#1185,#1186,#1187,#1188));
#3084=EDGE_LOOP('',(#1189,#1190,#1191,#1192,#1193,#1194,#1195,#1196,#1197,
#1198));
#3085=EDGE_LOOP('',(#1199,#1200,#1201,#1202));
#3086=EDGE_LOOP('',(#1203,#1204,#1205,#1206));
#3087=EDGE_LOOP('',(#1207,#1208,#1209,#1210));
#3088=EDGE_LOOP('',(#1211,#1212,#1213,#1214));
#3089=EDGE_LOOP('',(#1215,#1216,#1217,#1218));
#3090=EDGE_LOOP('',(#1219,#1220,#1221,#1222));
#3091=EDGE_LOOP('',(#1223,#1224,#1225,#1226));
#3092=EDGE_LOOP('',(#1227,#1228,#1229,#1230));
#3093=EDGE_LOOP('',(#1231,#1232,#1233,#1234));
#3094=EDGE_LOOP('',(#1235,#1236,#1237,#1238));
#3095=EDGE_LOOP('',(#1239,#1240,#1241,#1242));
#3096=EDGE_LOOP('',(#1243,#1244,#1245,#1246,#1247,#1248,#1249,#1250,#1251,
#1252,#1253,#1254));
#3097=EDGE_LOOP('',(#1255,#1256,#1257,#1258));
#3098=EDGE_LOOP('',(#1259,#1260,#1261,#1262));
#3099=EDGE_LOOP('',(#1263,#1264,#1265,#1266,#1267));
#3100=EDGE_LOOP('',(#1268,#1269,#1270,#1271));
#3101=EDGE_LOOP('',(#1272,#1273,#1274,#1275));
#3102=EDGE_LOOP('',(#1276,#1277,#1278,#1279));
#3103=EDGE_LOOP('',(#1280,#1281,#1282,#1283));
#3104=EDGE_LOOP('',(#1284,#1285,#1286,#1287));
#3105=EDGE_LOOP('',(#1288,#1289,#1290,#1291));
#3106=EDGE_LOOP('',(#1292,#1293,#1294,#1295));
#3107=EDGE_LOOP('',(#1296,#1297,#1298,#1299));
#3108=EDGE_LOOP('',(#1300,#1301,#1302,#1303));
#3109=EDGE_LOOP('',(#1304,#1305,#1306,#1307));
#3110=EDGE_LOOP('',(#1308,#1309,#1310,#1311));
#3111=EDGE_LOOP('',(#1312,#1313,#1314,#1315));
#3112=EDGE_LOOP('',(#1316,#1317,#1318,#1319));
#3113=EDGE_LOOP('',(#1320,#1321,#1322,#1323));
#3114=EDGE_LOOP('',(#1324,#1325,#1326,#1327));
#3115=EDGE_LOOP('',(#1328,#1329,#1330,#1331));
#3116=EDGE_LOOP('',(#1332,#1333,#1334,#1335));
#3117=EDGE_LOOP('',(#1336,#1337,#1338,#1339));
#3118=EDGE_LOOP('',(#1340,#1341,#1342,#1343,#1344,#1345,#1346,#1347));
#3119=EDGE_LOOP('',(#1348,#1349,#1350,#1351));
#3120=EDGE_LOOP('',(#1352,#1353,#1354,#1355));
#3121=EDGE_LOOP('',(#1356,#1357,#1358,#1359));
#3122=EDGE_LOOP('',(#1360,#1361,#1362,#1363));
#3123=EDGE_LOOP('',(#1364,#1365,#1366,#1367));
#3124=EDGE_LOOP('',(#1368,#1369,#1370,#1371));
#3125=EDGE_LOOP('',(#1372,#1373,#1374,#1375));
#3126=EDGE_LOOP('',(#1376,#1377,#1378,#1379));
#3127=EDGE_LOOP('',(#1380,#1381,#1382,#1383));
#3128=EDGE_LOOP('',(#1384,#1385,#1386,#1387));
#3129=EDGE_LOOP('',(#1388,#1389,#1390,#1391));
#3130=EDGE_LOOP('',(#1392,#1393,#1394,#1395));
#3131=EDGE_LOOP('',(#1396,#1397,#1398,#1399));
#3132=EDGE_LOOP('',(#1400,#1401,#1402,#1403));
#3133=EDGE_LOOP('',(#1404,#1405,#1406,#1407));
#3134=EDGE_LOOP('',(#1408,#1409,#1410,#1411));
#3135=EDGE_LOOP('',(#1412,#1413,#1414,#1415));
#3136=EDGE_LOOP('',(#1416,#1417,#1418,#1419));
#3137=EDGE_LOOP('',(#1420,#1421,#1422,#1423));
#3138=EDGE_LOOP('',(#1424,#1425,#1426,#1427));
#3139=EDGE_LOOP('',(#1428,#1429,#1430,#1431));
#3140=EDGE_LOOP('',(#1432,#1433,#1434,#1435));
#3141=EDGE_LOOP('',(#1436,#1437,#1438,#1439));
#3142=EDGE_LOOP('',(#1440,#1441,#1442,#1443));
#3143=EDGE_LOOP('',(#1444,#1445,#1446,#1447));
#3144=EDGE_LOOP('',(#1448,#1449,#1450,#1451));
#3145=EDGE_LOOP('',(#1452,#1453,#1454,#1455));
#3146=EDGE_LOOP('',(#1456,#1457,#1458,#1459));
#3147=EDGE_LOOP('',(#1460,#1461,#1462,#1463));
#3148=EDGE_LOOP('',(#1464,#1465,#1466,#1467));
#3149=EDGE_LOOP('',(#1468,#1469,#1470,#1471));
#3150=EDGE_LOOP('',(#1472,#1473,#1474,#1475));
#3151=EDGE_LOOP('',(#1476,#1477,#1478,#1479));
#3152=EDGE_LOOP('',(#1480,#1481,#1482,#1483));
#3153=EDGE_LOOP('',(#1484,#1485,#1486,#1487));
#3154=EDGE_LOOP('',(#1488,#1489,#1490,#1491));
#3155=EDGE_LOOP('',(#1492,#1493,#1494,#1495));
#3156=EDGE_LOOP('',(#1496,#1497,#1498,#1499));
#3157=EDGE_LOOP('',(#1500,#1501,#1502,#1503));
#3158=EDGE_LOOP('',(#1504,#1505,#1506,#1507));
#3159=EDGE_LOOP('',(#1508,#1509,#1510,#1511));
#3160=EDGE_LOOP('',(#1512,#1513,#1514,#1515));
#3161=EDGE_LOOP('',(#1516,#1517,#1518,#1519));
#3162=EDGE_LOOP('',(#1520,#1521,#1522,#1523));
#3163=EDGE_LOOP('',(#1524,#1525,#1526,#1527));
#3164=EDGE_LOOP('',(#1528,#1529,#1530,#1531,#1532));
#3165=EDGE_LOOP('',(#1533,#1534,#1535,#1536));
#3166=EDGE_LOOP('',(#1537,#1538,#1539,#1540));
#3167=EDGE_LOOP('',(#1541,#1542,#1543,#1544));
#3168=EDGE_LOOP('',(#1545,#1546,#1547,#1548));
#3169=EDGE_LOOP('',(#1549,#1550,#1551,#1552));
#3170=EDGE_LOOP('',(#1553,#1554,#1555,#1556));
#3171=EDGE_LOOP('',(#1557,#1558,#1559,#1560));
#3172=EDGE_LOOP('',(#1561,#1562,#1563,#1564));
#3173=EDGE_LOOP('',(#1565,#1566,#1567,#1568));
#3174=EDGE_LOOP('',(#1569,#1570,#1571,#1572));
#3175=EDGE_LOOP('',(#1573,#1574,#1575,#1576));
#3176=EDGE_LOOP('',(#1577,#1578,#1579,#1580));
#3177=EDGE_LOOP('',(#1581,#1582,#1583,#1584));
#3178=EDGE_LOOP('',(#1585,#1586,#1587,#1588));
#3179=EDGE_LOOP('',(#1589,#1590,#1591,#1592));
#3180=EDGE_LOOP('',(#1593,#1594,#1595,#1596));
#3181=EDGE_LOOP('',(#1597,#1598,#1599,#1600));
#3182=EDGE_LOOP('',(#1601,#1602,#1603,#1604));
#3183=EDGE_LOOP('',(#1605,#1606,#1607,#1608,#1609,#1610,#1611,#1612));
#3184=EDGE_LOOP('',(#1613,#1614,#1615,#1616,#1617,#1618,#1619,#1620));
#3185=EDGE_LOOP('',(#1621,#1622,#1623,#1624));
#3186=EDGE_LOOP('',(#1625,#1626,#1627,#1628,#1629,#1630,#1631,#1632));
#3187=EDGE_LOOP('',(#1633,#1634,#1635,#1636,#1637,#1638,#1639,#1640));
#3188=EDGE_LOOP('',(#1641,#1642,#1643,#1644));
#3189=EDGE_LOOP('',(#1645,#1646,#1647,#1648));
#3190=EDGE_LOOP('',(#1649,#1650,#1651,#1652));
#3191=EDGE_LOOP('',(#1653,#1654,#1655,#1656));
#3192=EDGE_LOOP('',(#1657,#1658,#1659,#1660));
#3193=EDGE_LOOP('',(#1661,#1662,#1663,#1664));
#3194=EDGE_LOOP('',(#1665,#1666,#1667,#1668));
#3195=EDGE_LOOP('',(#1669,#1670,#1671,#1672));
#3196=EDGE_LOOP('',(#1673,#1674,#1675,#1676));
#3197=EDGE_LOOP('',(#1677,#1678,#1679,#1680,#1681,#1682,#1683,#1684));
#3198=EDGE_LOOP('',(#1685,#1686,#1687,#1688,#1689,#1690,#1691,#1692));
#3199=EDGE_LOOP('',(#1693,#1694,#1695,#1696));
#3200=EDGE_LOOP('',(#1697,#1698,#1699,#1700,#1701,#1702,#1703,#1704));
#3201=EDGE_LOOP('',(#1705,#1706,#1707,#1708,#1709,#1710,#1711,#1712));
#3202=EDGE_LOOP('',(#1713,#1714,#1715,#1716));
#3203=EDGE_LOOP('',(#1717,#1718,#1719,#1720));
#3204=EDGE_LOOP('',(#1721,#1722,#1723,#1724));
#3205=EDGE_LOOP('',(#1725,#1726,#1727,#1728));
#3206=EDGE_LOOP('',(#1729,#1730,#1731,#1732));
#3207=EDGE_LOOP('',(#1733,#1734,#1735,#1736));
#3208=EDGE_LOOP('',(#1737,#1738,#1739,#1740));
#3209=EDGE_LOOP('',(#1741,#1742,#1743,#1744));
#3210=EDGE_LOOP('',(#1745,#1746,#1747,#1748));
#3211=EDGE_LOOP('',(#1749,#1750,#1751,#1752,#1753,#1754,#1755,#1756));
#3212=EDGE_LOOP('',(#1757,#1758,#1759,#1760,#1761,#1762,#1763,#1764));
#3213=EDGE_LOOP('',(#1765,#1766,#1767,#1768));
#3214=EDGE_LOOP('',(#1769,#1770,#1771,#1772,#1773,#1774,#1775,#1776));
#3215=EDGE_LOOP('',(#1777,#1778,#1779,#1780,#1781,#1782,#1783,#1784));
#3216=EDGE_LOOP('',(#1785,#1786,#1787,#1788));
#3217=EDGE_LOOP('',(#1789,#1790,#1791,#1792));
#3218=EDGE_LOOP('',(#1793,#1794,#1795,#1796));
#3219=EDGE_LOOP('',(#1797,#1798,#1799,#1800));
#3220=EDGE_LOOP('',(#1801,#1802,#1803,#1804));
#3221=EDGE_LOOP('',(#1805,#1806,#1807,#1808));
#3222=EDGE_LOOP('',(#1809,#1810,#1811,#1812));
#3223=EDGE_LOOP('',(#1813,#1814,#1815,#1816));
#3224=EDGE_LOOP('',(#1817,#1818,#1819,#1820));
#3225=EDGE_LOOP('',(#1821,#1822,#1823,#1824,#1825,#1826,#1827,#1828));
#3226=EDGE_LOOP('',(#1829,#1830,#1831,#1832,#1833,#1834,#1835,#1836));
#3227=EDGE_LOOP('',(#1837,#1838,#1839,#1840));
#3228=EDGE_LOOP('',(#1841,#1842,#1843,#1844));
#3229=EDGE_LOOP('',(#1845,#1846,#1847,#1848));
#3230=EDGE_LOOP('',(#1849,#1850,#1851,#1852));
#3231=EDGE_LOOP('',(#1853,#1854,#1855,#1856));
#3232=EDGE_LOOP('',(#1857,#1858,#1859,#1860));
#3233=EDGE_LOOP('',(#1861,#1862,#1863,#1864));
#3234=EDGE_LOOP('',(#1865,#1866,#1867,#1868));
#3235=EDGE_LOOP('',(#1869,#1870,#1871,#1872));
#3236=EDGE_LOOP('',(#1873,#1874,#1875,#1876));
#3237=EDGE_LOOP('',(#1877,#1878,#1879,#1880));
#3238=EDGE_LOOP('',(#1881,#1882,#1883,#1884));
#3239=EDGE_LOOP('',(#1885,#1886,#1887,#1888));
#3240=EDGE_LOOP('',(#1889,#1890,#1891,#1892));
#3241=EDGE_LOOP('',(#1893,#1894,#1895,#1896));
#3242=EDGE_LOOP('',(#1897,#1898,#1899,#1900));
#3243=EDGE_LOOP('',(#1901,#1902,#1903,#1904));
#3244=EDGE_LOOP('',(#1905,#1906,#1907,#1908));
#3245=EDGE_LOOP('',(#1909,#1910,#1911,#1912));
#3246=EDGE_LOOP('',(#1913,#1914,#1915,#1916));
#3247=EDGE_LOOP('',(#1917,#1918,#1919,#1920));
#3248=EDGE_LOOP('',(#1921,#1922,#1923,#1924));
#3249=EDGE_LOOP('',(#1925,#1926,#1927,#1928,#1929,#1930,#1931,#1932,#1933,
#1934,#1935,#1936,#1937,#1938,#1939,#1940,#1941,#1942,#1943,#1944,#1945,
#1946,#1947,#1948,#1949,#1950,#1951,#1952,#1953,#1954,#1955,#1956,#1957,
#1958,#1959,#1960,#1961,#1962,#1963,#1964,#1965,#1966,#1967,#1968,#1969,
#1970,#1971,#1972,#1973,#1974,#1975,#1976,#1977,#1978,#1979,#1980,#1981,
#1982,#1983,#1984,#1985,#1986,#1987,#1988,#1989,#1990,#1991,#1992,#1993,
#1994));
#3250=EDGE_LOOP('',(#1995));
#3251=EDGE_LOOP('',(#1996,#1997,#1998,#1999));
#3252=EDGE_LOOP('',(#2000,#2001,#2002,#2003));
#3253=EDGE_LOOP('',(#2004,#2005,#2006,#2007));
#3254=EDGE_LOOP('',(#2008,#2009,#2010,#2011));
#3255=EDGE_LOOP('',(#2012,#2013,#2014,#2015));
#3256=EDGE_LOOP('',(#2016,#2017,#2018,#2019));
#3257=EDGE_LOOP('',(#2020,#2021,#2022,#2023));
#3258=EDGE_LOOP('',(#2024,#2025,#2026,#2027));
#3259=EDGE_LOOP('',(#2028,#2029,#2030,#2031));
#3260=EDGE_LOOP('',(#2032,#2033,#2034,#2035));
#3261=EDGE_LOOP('',(#2036));
#3262=EDGE_LOOP('',(#2037));
#3263=EDGE_LOOP('',(#2038));
#3264=EDGE_LOOP('',(#2039));
#3265=EDGE_LOOP('',(#2040));
#3266=EDGE_LOOP('',(#2041,#2042,#2043,#2044,#2045,#2046,#2047,#2048,#2049,
#2050,#2051,#2052,#2053,#2054,#2055,#2056,#2057,#2058,#2059,#2060,#2061,
#2062,#2063,#2064,#2065,#2066,#2067,#2068,#2069,#2070,#2071,#2072,#2073,
#2074,#2075,#2076,#2077,#2078,#2079,#2080,#2081,#2082,#2083,#2084,#2085,
#2086,#2087,#2088,#2089,#2090,#2091,#2092,#2093,#2094,#2095,#2096,#2097,
#2098,#2099,#2100,#2101,#2102));
#3267=EDGE_LOOP('',(#2103));
#3268=EDGE_LOOP('',(#2104,#2105,#2106,#2107));
#3269=EDGE_LOOP('',(#2108,#2109,#2110,#2111));
#3270=EDGE_LOOP('',(#2112));
#3271=EDGE_LOOP('',(#2113));
#3272=EDGE_LOOP('',(#2114));
#3273=EDGE_LOOP('',(#2115));
#3274=EDGE_LOOP('',(#2116));
#3275=FACE_BOUND('',#3053,.T.);
#3276=FACE_BOUND('',#3054,.T.);
#3277=FACE_BOUND('',#3055,.T.);
#3278=FACE_BOUND('',#3056,.T.);
#3279=FACE_BOUND('',#3057,.T.);
#3280=FACE_BOUND('',#3058,.T.);
#3281=FACE_BOUND('',#3059,.T.);
#3282=FACE_BOUND('',#3060,.T.);
#3283=FACE_BOUND('',#3061,.T.);
#3284=FACE_BOUND('',#3062,.T.);
#3285=FACE_BOUND('',#3063,.T.);
#3286=FACE_BOUND('',#3064,.T.);
#3287=FACE_BOUND('',#3065,.T.);
#3288=FACE_BOUND('',#3066,.T.);
#3289=FACE_BOUND('',#3067,.T.);
#3290=FACE_BOUND('',#3068,.T.);
#3291=FACE_BOUND('',#3069,.T.);
#3292=FACE_BOUND('',#3070,.T.);
#3293=FACE_BOUND('',#3071,.T.);
#3294=FACE_BOUND('',#3072,.T.);
#3295=FACE_BOUND('',#3073,.T.);
#3296=FACE_BOUND('',#3074,.T.);
#3297=FACE_BOUND('',#3075,.T.);
#3298=FACE_BOUND('',#3076,.T.);
#3299=FACE_BOUND('',#3077,.T.);
#3300=FACE_BOUND('',#3078,.T.);
#3301=FACE_BOUND('',#3079,.T.);
#3302=FACE_BOUND('',#3080,.T.);
#3303=FACE_BOUND('',#3081,.T.);
#3304=FACE_BOUND('',#3082,.T.);
#3305=FACE_BOUND('',#3083,.T.);
#3306=FACE_BOUND('',#3084,.T.);
#3307=FACE_BOUND('',#3085,.T.);
#3308=FACE_BOUND('',#3086,.T.);
#3309=FACE_BOUND('',#3087,.T.);
#3310=FACE_BOUND('',#3088,.T.);
#3311=FACE_BOUND('',#3089,.T.);
#3312=FACE_BOUND('',#3090,.T.);
#3313=FACE_BOUND('',#3091,.T.);
#3314=FACE_BOUND('',#3092,.T.);
#3315=FACE_BOUND('',#3093,.T.);
#3316=FACE_BOUND('',#3094,.T.);
#3317=FACE_BOUND('',#3095,.T.);
#3318=FACE_BOUND('',#3096,.T.);
#3319=FACE_BOUND('',#3097,.T.);
#3320=FACE_BOUND('',#3098,.T.);
#3321=FACE_BOUND('',#3099,.T.);
#3322=FACE_BOUND('',#3100,.T.);
#3323=FACE_BOUND('',#3101,.T.);
#3324=FACE_BOUND('',#3102,.T.);
#3325=FACE_BOUND('',#3103,.T.);
#3326=FACE_BOUND('',#3104,.T.);
#3327=FACE_BOUND('',#3105,.T.);
#3328=FACE_BOUND('',#3106,.T.);
#3329=FACE_BOUND('',#3107,.T.);
#3330=FACE_BOUND('',#3108,.T.);
#3331=FACE_BOUND('',#3109,.T.);
#3332=FACE_BOUND('',#3110,.T.);
#3333=FACE_BOUND('',#3111,.T.);
#3334=FACE_BOUND('',#3112,.T.);
#3335=FACE_BOUND('',#3113,.T.);
#3336=FACE_BOUND('',#3114,.T.);
#3337=FACE_BOUND('',#3115,.T.);
#3338=FACE_BOUND('',#3116,.T.);
#3339=FACE_BOUND('',#3117,.T.);
#3340=FACE_BOUND('',#3118,.T.);
#3341=FACE_BOUND('',#3119,.T.);
#3342=FACE_BOUND('',#3120,.T.);
#3343=FACE_BOUND('',#3121,.T.);
#3344=FACE_BOUND('',#3122,.T.);
#3345=FACE_BOUND('',#3123,.T.);
#3346=FACE_BOUND('',#3124,.T.);
#3347=FACE_BOUND('',#3125,.T.);
#3348=FACE_BOUND('',#3126,.T.);
#3349=FACE_BOUND('',#3127,.T.);
#3350=FACE_BOUND('',#3128,.T.);
#3351=FACE_BOUND('',#3129,.T.);
#3352=FACE_BOUND('',#3130,.T.);
#3353=FACE_BOUND('',#3131,.T.);
#3354=FACE_BOUND('',#3132,.T.);
#3355=FACE_BOUND('',#3133,.T.);
#3356=FACE_BOUND('',#3134,.T.);
#3357=FACE_BOUND('',#3135,.T.);
#3358=FACE_BOUND('',#3136,.T.);
#3359=FACE_BOUND('',#3137,.T.);
#3360=FACE_BOUND('',#3138,.T.);
#3361=FACE_BOUND('',#3139,.T.);
#3362=FACE_BOUND('',#3140,.T.);
#3363=FACE_BOUND('',#3141,.T.);
#3364=FACE_BOUND('',#3142,.T.);
#3365=FACE_BOUND('',#3143,.T.);
#3366=FACE_BOUND('',#3144,.T.);
#3367=FACE_BOUND('',#3145,.T.);
#3368=FACE_BOUND('',#3146,.T.);
#3369=FACE_BOUND('',#3147,.T.);
#3370=FACE_BOUND('',#3148,.T.);
#3371=FACE_BOUND('',#3149,.T.);
#3372=FACE_BOUND('',#3150,.T.);
#3373=FACE_BOUND('',#3151,.T.);
#3374=FACE_BOUND('',#3152,.T.);
#3375=FACE_BOUND('',#3153,.T.);
#3376=FACE_BOUND('',#3154,.T.);
#3377=FACE_BOUND('',#3155,.T.);
#3378=FACE_BOUND('',#3156,.T.);
#3379=FACE_BOUND('',#3157,.T.);
#3380=FACE_BOUND('',#3158,.T.);
#3381=FACE_BOUND('',#3159,.T.);
#3382=FACE_BOUND('',#3160,.T.);
#3383=FACE_BOUND('',#3161,.T.);
#3384=FACE_BOUND('',#3162,.T.);
#3385=FACE_BOUND('',#3163,.T.);
#3386=FACE_BOUND('',#3164,.T.);
#3387=FACE_BOUND('',#3165,.T.);
#3388=FACE_BOUND('',#3166,.T.);
#3389=FACE_BOUND('',#3167,.T.);
#3390=FACE_BOUND('',#3168,.T.);
#3391=FACE_BOUND('',#3169,.T.);
#3392=FACE_BOUND('',#3170,.T.);
#3393=FACE_BOUND('',#3171,.T.);
#3394=FACE_BOUND('',#3172,.T.);
#3395=FACE_BOUND('',#3173,.T.);
#3396=FACE_BOUND('',#3174,.T.);
#3397=FACE_BOUND('',#3175,.T.);
#3398=FACE_BOUND('',#3176,.T.);
#3399=FACE_BOUND('',#3177,.T.);
#3400=FACE_BOUND('',#3178,.T.);
#3401=FACE_BOUND('',#3179,.T.);
#3402=FACE_BOUND('',#3180,.T.);
#3403=FACE_BOUND('',#3181,.T.);
#3404=FACE_BOUND('',#3182,.T.);
#3405=FACE_BOUND('',#3183,.T.);
#3406=FACE_BOUND('',#3184,.T.);
#3407=FACE_BOUND('',#3185,.T.);
#3408=FACE_BOUND('',#3186,.T.);
#3409=FACE_BOUND('',#3187,.T.);
#3410=FACE_BOUND('',#3188,.T.);
#3411=FACE_BOUND('',#3189,.T.);
#3412=FACE_BOUND('',#3190,.T.);
#3413=FACE_BOUND('',#3191,.T.);
#3414=FACE_BOUND('',#3192,.T.);
#3415=FACE_BOUND('',#3193,.T.);
#3416=FACE_BOUND('',#3194,.T.);
#3417=FACE_BOUND('',#3195,.T.);
#3418=FACE_BOUND('',#3196,.T.);
#3419=FACE_BOUND('',#3197,.T.);
#3420=FACE_BOUND('',#3198,.T.);
#3421=FACE_BOUND('',#3199,.T.);
#3422=FACE_BOUND('',#3200,.T.);
#3423=FACE_BOUND('',#3201,.T.);
#3424=FACE_BOUND('',#3202,.T.);
#3425=FACE_BOUND('',#3203,.T.);
#3426=FACE_BOUND('',#3204,.T.);
#3427=FACE_BOUND('',#3205,.T.);
#3428=FACE_BOUND('',#3206,.T.);
#3429=FACE_BOUND('',#3207,.T.);
#3430=FACE_BOUND('',#3208,.T.);
#3431=FACE_BOUND('',#3209,.T.);
#3432=FACE_BOUND('',#3210,.T.);
#3433=FACE_BOUND('',#3211,.T.);
#3434=FACE_BOUND('',#3212,.T.);
#3435=FACE_BOUND('',#3213,.T.);
#3436=FACE_BOUND('',#3214,.T.);
#3437=FACE_BOUND('',#3215,.T.);
#3438=FACE_BOUND('',#3216,.T.);
#3439=FACE_BOUND('',#3217,.T.);
#3440=FACE_BOUND('',#3218,.T.);
#3441=FACE_BOUND('',#3219,.T.);
#3442=FACE_BOUND('',#3220,.T.);
#3443=FACE_BOUND('',#3221,.T.);
#3444=FACE_BOUND('',#3222,.T.);
#3445=FACE_BOUND('',#3223,.T.);
#3446=FACE_BOUND('',#3224,.T.);
#3447=FACE_BOUND('',#3225,.T.);
#3448=FACE_BOUND('',#3226,.T.);
#3449=FACE_BOUND('',#3227,.T.);
#3450=FACE_BOUND('',#3228,.T.);
#3451=FACE_BOUND('',#3229,.T.);
#3452=FACE_BOUND('',#3230,.T.);
#3453=FACE_BOUND('',#3231,.T.);
#3454=FACE_BOUND('',#3232,.T.);
#3455=FACE_BOUND('',#3233,.T.);
#3456=FACE_BOUND('',#3234,.T.);
#3457=FACE_BOUND('',#3235,.T.);
#3458=FACE_BOUND('',#3236,.T.);
#3459=FACE_BOUND('',#3237,.T.);
#3460=FACE_BOUND('',#3238,.T.);
#3461=FACE_BOUND('',#3239,.T.);
#3462=FACE_BOUND('',#3240,.T.);
#3463=FACE_BOUND('',#3241,.T.);
#3464=FACE_BOUND('',#3242,.T.);
#3465=FACE_BOUND('',#3243,.T.);
#3466=FACE_BOUND('',#3244,.T.);
#3467=FACE_BOUND('',#3245,.T.);
#3468=FACE_BOUND('',#3246,.T.);
#3469=FACE_BOUND('',#3247,.T.);
#3470=FACE_BOUND('',#3248,.T.);
#3471=FACE_BOUND('',#3249,.T.);
#3472=FACE_BOUND('',#3250,.T.);
#3473=FACE_BOUND('',#3251,.T.);
#3474=FACE_BOUND('',#3252,.T.);
#3475=FACE_BOUND('',#3253,.T.);
#3476=FACE_BOUND('',#3254,.T.);
#3477=FACE_BOUND('',#3255,.T.);
#3478=FACE_BOUND('',#3256,.T.);
#3479=FACE_BOUND('',#3257,.T.);
#3480=FACE_BOUND('',#3258,.T.);
#3481=FACE_BOUND('',#3259,.T.);
#3482=FACE_BOUND('',#3260,.T.);
#3483=FACE_BOUND('',#3261,.T.);
#3484=FACE_BOUND('',#3262,.T.);
#3485=FACE_BOUND('',#3263,.T.);
#3486=FACE_BOUND('',#3264,.T.);
#3487=FACE_BOUND('',#3265,.T.);
#3488=FACE_BOUND('',#3266,.T.);
#3489=FACE_BOUND('',#3267,.T.);
#3490=FACE_BOUND('',#3268,.T.);
#3491=FACE_BOUND('',#3269,.T.);
#3492=FACE_BOUND('',#3270,.T.);
#3493=FACE_BOUND('',#3271,.T.);
#3494=FACE_BOUND('',#3272,.T.);
#3495=FACE_BOUND('',#3273,.T.);
#3496=FACE_BOUND('',#3274,.T.);
#3497=CYLINDRICAL_SURFACE('',#4973,0.0002);
#3498=CYLINDRICAL_SURFACE('',#4976,0.0002);
#3499=CYLINDRICAL_SURFACE('',#4979,0.0002);
#3500=CYLINDRICAL_SURFACE('',#4982,0.0002);
#3501=CYLINDRICAL_SURFACE('',#4985,0.0002);
#3502=CYLINDRICAL_SURFACE('',#4988,0.0002);
#3503=CYLINDRICAL_SURFACE('',#5015,0.0006);
#3504=CYLINDRICAL_SURFACE('',#5018,0.0003);
#3505=CYLINDRICAL_SURFACE('',#5029,0.0003);
#3506=CYLINDRICAL_SURFACE('',#5033,0.0003);
#3507=CYLINDRICAL_SURFACE('',#5037,0.0003);
#3508=CYLINDRICAL_SURFACE('',#5041,0.0003);
#3509=CYLINDRICAL_SURFACE('',#5056,0.0003);
#3510=CYLINDRICAL_SURFACE('',#5060,0.0003);
#3511=CYLINDRICAL_SURFACE('',#5064,0.0003);
#3512=CYLINDRICAL_SURFACE('',#5068,0.0003);
#3513=CYLINDRICAL_SURFACE('',#5071,0.0003);
#3514=CYLINDRICAL_SURFACE('',#5075,0.0003);
#3515=CYLINDRICAL_SURFACE('',#5079,0.0003);
#3516=CYLINDRICAL_SURFACE('',#5083,0.0003);
#3517=CYLINDRICAL_SURFACE('',#5086,0.0003);
#3518=CYLINDRICAL_SURFACE('',#5090,0.0003);
#3519=CYLINDRICAL_SURFACE('',#5094,0.0003);
#3520=CYLINDRICAL_SURFACE('',#5098,0.0003);
#3521=CYLINDRICAL_SURFACE('',#5101,0.0003);
#3522=CYLINDRICAL_SURFACE('',#5105,0.0003);
#3523=CYLINDRICAL_SURFACE('',#5109,0.0003);
#3524=CYLINDRICAL_SURFACE('',#5113,0.0003);
#3525=CYLINDRICAL_SURFACE('',#5116,0.0003);
#3526=CYLINDRICAL_SURFACE('',#5120,0.0003);
#3527=CYLINDRICAL_SURFACE('',#5124,0.0003);
#3528=CYLINDRICAL_SURFACE('',#5128,0.0003);
#3529=CYLINDRICAL_SURFACE('',#5131,0.0003);
#3530=STYLED_ITEM('',(#3709),#4787);
#3531=STYLED_ITEM('',(#3710),#4788);
#3532=STYLED_ITEM('',(#3711),#4789);
#3533=STYLED_ITEM('',(#3712),#4790);
#3534=STYLED_ITEM('',(#3713),#4791);
#3535=STYLED_ITEM('',(#3714),#4792);
#3536=STYLED_ITEM('',(#3715),#4793);
#3537=STYLED_ITEM('',(#3716),#4794);
#3538=STYLED_ITEM('',(#3717),#4795);
#3539=STYLED_ITEM('',(#3718),#4796);
#3540=STYLED_ITEM('',(#3719),#4797);
#3541=STYLED_ITEM('',(#3720),#4798);
#3542=STYLED_ITEM('',(#3721),#4799);
#3543=STYLED_ITEM('',(#3722),#4800);
#3544=STYLED_ITEM('',(#3723),#4801);
#3545=STYLED_ITEM('',(#3724),#4802);
#3546=STYLED_ITEM('',(#3725),#4803);
#3547=STYLED_ITEM('',(#3726),#4804);
#3548=STYLED_ITEM('',(#3727),#4805);
#3549=STYLED_ITEM('',(#3728),#4806);
#3550=STYLED_ITEM('',(#3729),#4807);
#3551=STYLED_ITEM('',(#3730),#4808);
#3552=STYLED_ITEM('',(#3731),#4809);
#3553=STYLED_ITEM('',(#3732),#4810);
#3554=STYLED_ITEM('',(#3733),#4811);
#3555=STYLED_ITEM('',(#3734),#4812);
#3556=STYLED_ITEM('',(#3735),#4813);
#3557=STYLED_ITEM('',(#3736),#4814);
#3558=STYLED_ITEM('',(#3737),#4815);
#3559=STYLED_ITEM('',(#3738),#4816);
#3560=STYLED_ITEM('',(#3739),#4817);
#3561=STYLED_ITEM('',(#3740),#4818);
#3562=STYLED_ITEM('',(#3741),#4819);
#3563=STYLED_ITEM('',(#3742),#4820);
#3564=STYLED_ITEM('',(#3743),#4821);
#3565=STYLED_ITEM('',(#3744),#4822);
#3566=STYLED_ITEM('',(#3745),#4823);
#3567=STYLED_ITEM('',(#3746),#4824);
#3568=STYLED_ITEM('',(#3747),#4825);
#3569=STYLED_ITEM('',(#3748),#4826);
#3570=STYLED_ITEM('',(#3749),#4827);
#3571=STYLED_ITEM('',(#3750),#4828);
#3572=STYLED_ITEM('',(#3751),#4829);
#3573=STYLED_ITEM('',(#3752),#4830);
#3574=STYLED_ITEM('',(#3753),#4831);
#3575=STYLED_ITEM('',(#3754),#4832);
#3576=STYLED_ITEM('',(#3755),#4833);
#3577=STYLED_ITEM('',(#3756),#4834);
#3578=STYLED_ITEM('',(#3757),#4835);
#3579=STYLED_ITEM('',(#3758),#4836);
#3580=STYLED_ITEM('',(#3759),#4837);
#3581=STYLED_ITEM('',(#3760),#4838);
#3582=STYLED_ITEM('',(#3761),#4839);
#3583=STYLED_ITEM('',(#3762),#4840);
#3584=STYLED_ITEM('',(#3763),#4841);
#3585=STYLED_ITEM('',(#3764),#4842);
#3586=STYLED_ITEM('',(#3765),#4843);
#3587=STYLED_ITEM('',(#3766),#4844);
#3588=STYLED_ITEM('',(#3767),#4845);
#3589=STYLED_ITEM('',(#3768),#4846);
#3590=STYLED_ITEM('',(#3769),#4847);
#3591=STYLED_ITEM('',(#3770),#4848);
#3592=STYLED_ITEM('',(#3771),#4849);
#3593=STYLED_ITEM('',(#3772),#4850);
#3594=STYLED_ITEM('',(#3773),#4851);
#3595=STYLED_ITEM('',(#3774),#4852);
#3596=STYLED_ITEM('',(#3775),#4853);
#3597=STYLED_ITEM('',(#3776),#4854);
#3598=STYLED_ITEM('',(#3777),#4855);
#3599=STYLED_ITEM('',(#3778),#4856);
#3600=STYLED_ITEM('',(#3779),#4857);
#3601=STYLED_ITEM('',(#3780),#4858);
#3602=STYLED_ITEM('',(#3781),#4859);
#3603=STYLED_ITEM('',(#3782),#4860);
#3604=STYLED_ITEM('',(#3783),#4861);
#3605=STYLED_ITEM('',(#3784),#4862);
#3606=STYLED_ITEM('',(#3785),#4863);
#3607=STYLED_ITEM('',(#3786),#4864);
#3608=STYLED_ITEM('',(#3787),#4865);
#3609=STYLED_ITEM('',(#3788),#4866);
#3610=STYLED_ITEM('',(#3789),#4867);
#3611=STYLED_ITEM('',(#3790),#4868);
#3612=STYLED_ITEM('',(#3791),#4869);
#3613=STYLED_ITEM('',(#3792),#4870);
#3614=STYLED_ITEM('',(#3793),#4871);
#3615=STYLED_ITEM('',(#3794),#4872);
#3616=STYLED_ITEM('',(#3795),#4873);
#3617=STYLED_ITEM('',(#3796),#4874);
#3618=STYLED_ITEM('',(#3797),#4875);
#3619=STYLED_ITEM('',(#3798),#4876);
#3620=STYLED_ITEM('',(#3799),#4877);
#3621=STYLED_ITEM('',(#3800),#4878);
#3622=STYLED_ITEM('',(#3801),#4879);
#3623=STYLED_ITEM('',(#3802),#4880);
#3624=STYLED_ITEM('',(#3803),#4881);
#3625=STYLED_ITEM('',(#3804),#4882);
#3626=STYLED_ITEM('',(#3805),#4883);
#3627=STYLED_ITEM('',(#3806),#4884);
#3628=STYLED_ITEM('',(#3807),#4885);
#3629=STYLED_ITEM('',(#3808),#4886);
#3630=STYLED_ITEM('',(#3809),#4887);
#3631=STYLED_ITEM('',(#3810),#4888);
#3632=STYLED_ITEM('',(#3811),#4889);
#3633=STYLED_ITEM('',(#3812),#4890);
#3634=STYLED_ITEM('',(#3813),#4891);
#3635=STYLED_ITEM('',(#3814),#4892);
#3636=STYLED_ITEM('',(#3815),#4893);
#3637=STYLED_ITEM('',(#3816),#4894);
#3638=STYLED_ITEM('',(#3817),#4895);
#3639=STYLED_ITEM('',(#3818),#4896);
#3640=STYLED_ITEM('',(#3819),#4897);
#3641=STYLED_ITEM('',(#3820),#4898);
#3642=STYLED_ITEM('',(#3821),#4899);
#3643=STYLED_ITEM('',(#3822),#4900);
#3644=STYLED_ITEM('',(#3823),#4901);
#3645=STYLED_ITEM('',(#3824),#4902);
#3646=STYLED_ITEM('',(#3825),#4903);
#3647=STYLED_ITEM('',(#3826),#4904);
#3648=STYLED_ITEM('',(#3827),#4905);
#3649=STYLED_ITEM('',(#3828),#4906);
#3650=STYLED_ITEM('',(#3829),#4907);
#3651=STYLED_ITEM('',(#3830),#4908);
#3652=STYLED_ITEM('',(#3831),#4909);
#3653=STYLED_ITEM('',(#3832),#4910);
#3654=STYLED_ITEM('',(#3833),#4911);
#3655=STYLED_ITEM('',(#3834),#4912);
#3656=STYLED_ITEM('',(#3835),#4913);
#3657=STYLED_ITEM('',(#3836),#4914);
#3658=STYLED_ITEM('',(#3837),#4915);
#3659=STYLED_ITEM('',(#3838),#4916);
#3660=STYLED_ITEM('',(#3839),#4917);
#3661=STYLED_ITEM('',(#3840),#4918);
#3662=STYLED_ITEM('',(#3841),#4919);
#3663=STYLED_ITEM('',(#3842),#4920);
#3664=STYLED_ITEM('',(#3843),#4921);
#3665=STYLED_ITEM('',(#3844),#4922);
#3666=STYLED_ITEM('',(#3845),#4923);
#3667=STYLED_ITEM('',(#3846),#4924);
#3668=STYLED_ITEM('',(#3847),#4925);
#3669=STYLED_ITEM('',(#3848),#4926);
#3670=STYLED_ITEM('',(#3849),#4927);
#3671=STYLED_ITEM('',(#3850),#4928);
#3672=STYLED_ITEM('',(#3851),#4929);
#3673=STYLED_ITEM('',(#3852),#4930);
#3674=STYLED_ITEM('',(#3853),#4931);
#3675=STYLED_ITEM('',(#3854),#4932);
#3676=STYLED_ITEM('',(#3855),#4933);
#3677=STYLED_ITEM('',(#3856),#4934);
#3678=STYLED_ITEM('',(#3857),#4935);
#3679=STYLED_ITEM('',(#3858),#4936);
#3680=STYLED_ITEM('',(#3859),#4937);
#3681=STYLED_ITEM('',(#3860),#4938);
#3682=STYLED_ITEM('',(#3861),#4939);
#3683=STYLED_ITEM('',(#3862),#4940);
#3684=STYLED_ITEM('',(#3863),#4941);
#3685=STYLED_ITEM('',(#3864),#4942);
#3686=STYLED_ITEM('',(#3865),#4943);
#3687=STYLED_ITEM('',(#3866),#4944);
#3688=STYLED_ITEM('',(#3867),#4945);
#3689=STYLED_ITEM('',(#3868),#4946);
#3690=STYLED_ITEM('',(#3869),#4947);
#3691=STYLED_ITEM('',(#3870),#4948);
#3692=STYLED_ITEM('',(#3871),#4949);
#3693=STYLED_ITEM('',(#3872),#4950);
#3694=STYLED_ITEM('',(#3873),#4951);
#3695=STYLED_ITEM('',(#3874),#4952);
#3696=STYLED_ITEM('',(#3875),#4953);
#3697=STYLED_ITEM('',(#3876),#4954);
#3698=STYLED_ITEM('',(#3877),#4955);
#3699=STYLED_ITEM('',(#3878),#4956);
#3700=STYLED_ITEM('',(#3879),#4957);
#3701=STYLED_ITEM('',(#3880),#4958);
#3702=STYLED_ITEM('',(#3881),#4959);
#3703=STYLED_ITEM('',(#3882),#4960);
#3704=STYLED_ITEM('',(#3883),#4961);
#3705=STYLED_ITEM('',(#3884),#4962);
#3706=STYLED_ITEM('',(#3885),#4963);
#3707=STYLED_ITEM('',(#3886),#4964);
#3708=STYLED_ITEM('',(#3887),#4965);
#3709=PRESENTATION_STYLE_ASSIGNMENT((#3888));
#3710=PRESENTATION_STYLE_ASSIGNMENT((#3889));
#3711=PRESENTATION_STYLE_ASSIGNMENT((#3890));
#3712=PRESENTATION_STYLE_ASSIGNMENT((#3891));
#3713=PRESENTATION_STYLE_ASSIGNMENT((#3892));
#3714=PRESENTATION_STYLE_ASSIGNMENT((#3893));
#3715=PRESENTATION_STYLE_ASSIGNMENT((#3894));
#3716=PRESENTATION_STYLE_ASSIGNMENT((#3895));
#3717=PRESENTATION_STYLE_ASSIGNMENT((#3896));
#3718=PRESENTATION_STYLE_ASSIGNMENT((#3897));
#3719=PRESENTATION_STYLE_ASSIGNMENT((#3898));
#3720=PRESENTATION_STYLE_ASSIGNMENT((#3899));
#3721=PRESENTATION_STYLE_ASSIGNMENT((#3900));
#3722=PRESENTATION_STYLE_ASSIGNMENT((#3901));
#3723=PRESENTATION_STYLE_ASSIGNMENT((#3902));
#3724=PRESENTATION_STYLE_ASSIGNMENT((#3903));
#3725=PRESENTATION_STYLE_ASSIGNMENT((#3904));
#3726=PRESENTATION_STYLE_ASSIGNMENT((#3905));
#3727=PRESENTATION_STYLE_ASSIGNMENT((#3906));
#3728=PRESENTATION_STYLE_ASSIGNMENT((#3907));
#3729=PRESENTATION_STYLE_ASSIGNMENT((#3908));
#3730=PRESENTATION_STYLE_ASSIGNMENT((#3909));
#3731=PRESENTATION_STYLE_ASSIGNMENT((#3910));
#3732=PRESENTATION_STYLE_ASSIGNMENT((#3911));
#3733=PRESENTATION_STYLE_ASSIGNMENT((#3912));
#3734=PRESENTATION_STYLE_ASSIGNMENT((#3913));
#3735=PRESENTATION_STYLE_ASSIGNMENT((#3914));
#3736=PRESENTATION_STYLE_ASSIGNMENT((#3915));
#3737=PRESENTATION_STYLE_ASSIGNMENT((#3916));
#3738=PRESENTATION_STYLE_ASSIGNMENT((#3917));
#3739=PRESENTATION_STYLE_ASSIGNMENT((#3918));
#3740=PRESENTATION_STYLE_ASSIGNMENT((#3919));
#3741=PRESENTATION_STYLE_ASSIGNMENT((#3920));
#3742=PRESENTATION_STYLE_ASSIGNMENT((#3921));
#3743=PRESENTATION_STYLE_ASSIGNMENT((#3922));
#3744=PRESENTATION_STYLE_ASSIGNMENT((#3923));
#3745=PRESENTATION_STYLE_ASSIGNMENT((#3924));
#3746=PRESENTATION_STYLE_ASSIGNMENT((#3925));
#3747=PRESENTATION_STYLE_ASSIGNMENT((#3926));
#3748=PRESENTATION_STYLE_ASSIGNMENT((#3927));
#3749=PRESENTATION_STYLE_ASSIGNMENT((#3928));
#3750=PRESENTATION_STYLE_ASSIGNMENT((#3929));
#3751=PRESENTATION_STYLE_ASSIGNMENT((#3930));
#3752=PRESENTATION_STYLE_ASSIGNMENT((#3931));
#3753=PRESENTATION_STYLE_ASSIGNMENT((#3932));
#3754=PRESENTATION_STYLE_ASSIGNMENT((#3933));
#3755=PRESENTATION_STYLE_ASSIGNMENT((#3934));
#3756=PRESENTATION_STYLE_ASSIGNMENT((#3935));
#3757=PRESENTATION_STYLE_ASSIGNMENT((#3936));
#3758=PRESENTATION_STYLE_ASSIGNMENT((#3937));
#3759=PRESENTATION_STYLE_ASSIGNMENT((#3938));
#3760=PRESENTATION_STYLE_ASSIGNMENT((#3939));
#3761=PRESENTATION_STYLE_ASSIGNMENT((#3940));
#3762=PRESENTATION_STYLE_ASSIGNMENT((#3941));
#3763=PRESENTATION_STYLE_ASSIGNMENT((#3942));
#3764=PRESENTATION_STYLE_ASSIGNMENT((#3943));
#3765=PRESENTATION_STYLE_ASSIGNMENT((#3944));
#3766=PRESENTATION_STYLE_ASSIGNMENT((#3945));
#3767=PRESENTATION_STYLE_ASSIGNMENT((#3946));
#3768=PRESENTATION_STYLE_ASSIGNMENT((#3947));
#3769=PRESENTATION_STYLE_ASSIGNMENT((#3948));
#3770=PRESENTATION_STYLE_ASSIGNMENT((#3949));
#3771=PRESENTATION_STYLE_ASSIGNMENT((#3950));
#3772=PRESENTATION_STYLE_ASSIGNMENT((#3951));
#3773=PRESENTATION_STYLE_ASSIGNMENT((#3952));
#3774=PRESENTATION_STYLE_ASSIGNMENT((#3953));
#3775=PRESENTATION_STYLE_ASSIGNMENT((#3954));
#3776=PRESENTATION_STYLE_ASSIGNMENT((#3955));
#3777=PRESENTATION_STYLE_ASSIGNMENT((#3956));
#3778=PRESENTATION_STYLE_ASSIGNMENT((#3957));
#3779=PRESENTATION_STYLE_ASSIGNMENT((#3958));
#3780=PRESENTATION_STYLE_ASSIGNMENT((#3959));
#3781=PRESENTATION_STYLE_ASSIGNMENT((#3960));
#3782=PRESENTATION_STYLE_ASSIGNMENT((#3961));
#3783=PRESENTATION_STYLE_ASSIGNMENT((#3962));
#3784=PRESENTATION_STYLE_ASSIGNMENT((#3963));
#3785=PRESENTATION_STYLE_ASSIGNMENT((#3964));
#3786=PRESENTATION_STYLE_ASSIGNMENT((#3965));
#3787=PRESENTATION_STYLE_ASSIGNMENT((#3966));
#3788=PRESENTATION_STYLE_ASSIGNMENT((#3967));
#3789=PRESENTATION_STYLE_ASSIGNMENT((#3968));
#3790=PRESENTATION_STYLE_ASSIGNMENT((#3969));
#3791=PRESENTATION_STYLE_ASSIGNMENT((#3970));
#3792=PRESENTATION_STYLE_ASSIGNMENT((#3971));
#3793=PRESENTATION_STYLE_ASSIGNMENT((#3972));
#3794=PRESENTATION_STYLE_ASSIGNMENT((#3973));
#3795=PRESENTATION_STYLE_ASSIGNMENT((#3974));
#3796=PRESENTATION_STYLE_ASSIGNMENT((#3975));
#3797=PRESENTATION_STYLE_ASSIGNMENT((#3976));
#3798=PRESENTATION_STYLE_ASSIGNMENT((#3977));
#3799=PRESENTATION_STYLE_ASSIGNMENT((#3978));
#3800=PRESENTATION_STYLE_ASSIGNMENT((#3979));
#3801=PRESENTATION_STYLE_ASSIGNMENT((#3980));
#3802=PRESENTATION_STYLE_ASSIGNMENT((#3981));
#3803=PRESENTATION_STYLE_ASSIGNMENT((#3982));
#3804=PRESENTATION_STYLE_ASSIGNMENT((#3983));
#3805=PRESENTATION_STYLE_ASSIGNMENT((#3984));
#3806=PRESENTATION_STYLE_ASSIGNMENT((#3985));
#3807=PRESENTATION_STYLE_ASSIGNMENT((#3986));
#3808=PRESENTATION_STYLE_ASSIGNMENT((#3987));
#3809=PRESENTATION_STYLE_ASSIGNMENT((#3988));
#3810=PRESENTATION_STYLE_ASSIGNMENT((#3989));
#3811=PRESENTATION_STYLE_ASSIGNMENT((#3990));
#3812=PRESENTATION_STYLE_ASSIGNMENT((#3991));
#3813=PRESENTATION_STYLE_ASSIGNMENT((#3992));
#3814=PRESENTATION_STYLE_ASSIGNMENT((#3993));
#3815=PRESENTATION_STYLE_ASSIGNMENT((#3994));
#3816=PRESENTATION_STYLE_ASSIGNMENT((#3995));
#3817=PRESENTATION_STYLE_ASSIGNMENT((#3996));
#3818=PRESENTATION_STYLE_ASSIGNMENT((#3997));
#3819=PRESENTATION_STYLE_ASSIGNMENT((#3998));
#3820=PRESENTATION_STYLE_ASSIGNMENT((#3999));
#3821=PRESENTATION_STYLE_ASSIGNMENT((#4000));
#3822=PRESENTATION_STYLE_ASSIGNMENT((#4001));
#3823=PRESENTATION_STYLE_ASSIGNMENT((#4002));
#3824=PRESENTATION_STYLE_ASSIGNMENT((#4003));
#3825=PRESENTATION_STYLE_ASSIGNMENT((#4004));
#3826=PRESENTATION_STYLE_ASSIGNMENT((#4005));
#3827=PRESENTATION_STYLE_ASSIGNMENT((#4006));
#3828=PRESENTATION_STYLE_ASSIGNMENT((#4007));
#3829=PRESENTATION_STYLE_ASSIGNMENT((#4008));
#3830=PRESENTATION_STYLE_ASSIGNMENT((#4009));
#3831=PRESENTATION_STYLE_ASSIGNMENT((#4010));
#3832=PRESENTATION_STYLE_ASSIGNMENT((#4011));
#3833=PRESENTATION_STYLE_ASSIGNMENT((#4012));
#3834=PRESENTATION_STYLE_ASSIGNMENT((#4013));
#3835=PRESENTATION_STYLE_ASSIGNMENT((#4014));
#3836=PRESENTATION_STYLE_ASSIGNMENT((#4015));
#3837=PRESENTATION_STYLE_ASSIGNMENT((#4016));
#3838=PRESENTATION_STYLE_ASSIGNMENT((#4017));
#3839=PRESENTATION_STYLE_ASSIGNMENT((#4018));
#3840=PRESENTATION_STYLE_ASSIGNMENT((#4019));
#3841=PRESENTATION_STYLE_ASSIGNMENT((#4020));
#3842=PRESENTATION_STYLE_ASSIGNMENT((#4021));
#3843=PRESENTATION_STYLE_ASSIGNMENT((#4022));
#3844=PRESENTATION_STYLE_ASSIGNMENT((#4023));
#3845=PRESENTATION_STYLE_ASSIGNMENT((#4024));
#3846=PRESENTATION_STYLE_ASSIGNMENT((#4025));
#3847=PRESENTATION_STYLE_ASSIGNMENT((#4026));
#3848=PRESENTATION_STYLE_ASSIGNMENT((#4027));
#3849=PRESENTATION_STYLE_ASSIGNMENT((#4028));
#3850=PRESENTATION_STYLE_ASSIGNMENT((#4029));
#3851=PRESENTATION_STYLE_ASSIGNMENT((#4030));
#3852=PRESENTATION_STYLE_ASSIGNMENT((#4031));
#3853=PRESENTATION_STYLE_ASSIGNMENT((#4032));
#3854=PRESENTATION_STYLE_ASSIGNMENT((#4033));
#3855=PRESENTATION_STYLE_ASSIGNMENT((#4034));
#3856=PRESENTATION_STYLE_ASSIGNMENT((#4035));
#3857=PRESENTATION_STYLE_ASSIGNMENT((#4036));
#3858=PRESENTATION_STYLE_ASSIGNMENT((#4037));
#3859=PRESENTATION_STYLE_ASSIGNMENT((#4038));
#3860=PRESENTATION_STYLE_ASSIGNMENT((#4039));
#3861=PRESENTATION_STYLE_ASSIGNMENT((#4040));
#3862=PRESENTATION_STYLE_ASSIGNMENT((#4041));
#3863=PRESENTATION_STYLE_ASSIGNMENT((#4042));
#3864=PRESENTATION_STYLE_ASSIGNMENT((#4043));
#3865=PRESENTATION_STYLE_ASSIGNMENT((#4044));
#3866=PRESENTATION_STYLE_ASSIGNMENT((#4045));
#3867=PRESENTATION_STYLE_ASSIGNMENT((#4046));
#3868=PRESENTATION_STYLE_ASSIGNMENT((#4047));
#3869=PRESENTATION_STYLE_ASSIGNMENT((#4048));
#3870=PRESENTATION_STYLE_ASSIGNMENT((#4049));
#3871=PRESENTATION_STYLE_ASSIGNMENT((#4050));
#3872=PRESENTATION_STYLE_ASSIGNMENT((#4051));
#3873=PRESENTATION_STYLE_ASSIGNMENT((#4052));
#3874=PRESENTATION_STYLE_ASSIGNMENT((#4053));
#3875=PRESENTATION_STYLE_ASSIGNMENT((#4054));
#3876=PRESENTATION_STYLE_ASSIGNMENT((#4055));
#3877=PRESENTATION_STYLE_ASSIGNMENT((#4056));
#3878=PRESENTATION_STYLE_ASSIGNMENT((#4057));
#3879=PRESENTATION_STYLE_ASSIGNMENT((#4058));
#3880=PRESENTATION_STYLE_ASSIGNMENT((#4059));
#3881=PRESENTATION_STYLE_ASSIGNMENT((#4060));
#3882=PRESENTATION_STYLE_ASSIGNMENT((#4061));
#3883=PRESENTATION_STYLE_ASSIGNMENT((#4062));
#3884=PRESENTATION_STYLE_ASSIGNMENT((#4063));
#3885=PRESENTATION_STYLE_ASSIGNMENT((#4064));
#3886=PRESENTATION_STYLE_ASSIGNMENT((#4065));
#3887=PRESENTATION_STYLE_ASSIGNMENT((#4066));
#3888=SURFACE_STYLE_USAGE(.BOTH.,#4067);
#3889=SURFACE_STYLE_USAGE(.BOTH.,#4068);
#3890=SURFACE_STYLE_USAGE(.BOTH.,#4069);
#3891=SURFACE_STYLE_USAGE(.BOTH.,#4070);
#3892=SURFACE_STYLE_USAGE(.BOTH.,#4071);
#3893=SURFACE_STYLE_USAGE(.BOTH.,#4072);
#3894=SURFACE_STYLE_USAGE(.BOTH.,#4073);
#3895=SURFACE_STYLE_USAGE(.BOTH.,#4074);
#3896=SURFACE_STYLE_USAGE(.BOTH.,#4075);
#3897=SURFACE_STYLE_USAGE(.BOTH.,#4076);
#3898=SURFACE_STYLE_USAGE(.BOTH.,#4077);
#3899=SURFACE_STYLE_USAGE(.BOTH.,#4078);
#3900=SURFACE_STYLE_USAGE(.BOTH.,#4079);
#3901=SURFACE_STYLE_USAGE(.BOTH.,#4080);
#3902=SURFACE_STYLE_USAGE(.BOTH.,#4081);
#3903=SURFACE_STYLE_USAGE(.BOTH.,#4082);
#3904=SURFACE_STYLE_USAGE(.BOTH.,#4083);
#3905=SURFACE_STYLE_USAGE(.BOTH.,#4084);
#3906=SURFACE_STYLE_USAGE(.BOTH.,#4085);
#3907=SURFACE_STYLE_USAGE(.BOTH.,#4086);
#3908=SURFACE_STYLE_USAGE(.BOTH.,#4087);
#3909=SURFACE_STYLE_USAGE(.BOTH.,#4088);
#3910=SURFACE_STYLE_USAGE(.BOTH.,#4089);
#3911=SURFACE_STYLE_USAGE(.BOTH.,#4090);
#3912=SURFACE_STYLE_USAGE(.BOTH.,#4091);
#3913=SURFACE_STYLE_USAGE(.BOTH.,#4092);
#3914=SURFACE_STYLE_USAGE(.BOTH.,#4093);
#3915=SURFACE_STYLE_USAGE(.BOTH.,#4094);
#3916=SURFACE_STYLE_USAGE(.BOTH.,#4095);
#3917=SURFACE_STYLE_USAGE(.BOTH.,#4096);
#3918=SURFACE_STYLE_USAGE(.BOTH.,#4097);
#3919=SURFACE_STYLE_USAGE(.BOTH.,#4098);
#3920=SURFACE_STYLE_USAGE(.BOTH.,#4099);
#3921=SURFACE_STYLE_USAGE(.BOTH.,#4100);
#3922=SURFACE_STYLE_USAGE(.BOTH.,#4101);
#3923=SURFACE_STYLE_USAGE(.BOTH.,#4102);
#3924=SURFACE_STYLE_USAGE(.BOTH.,#4103);
#3925=SURFACE_STYLE_USAGE(.BOTH.,#4104);
#3926=SURFACE_STYLE_USAGE(.BOTH.,#4105);
#3927=SURFACE_STYLE_USAGE(.BOTH.,#4106);
#3928=SURFACE_STYLE_USAGE(.BOTH.,#4107);
#3929=SURFACE_STYLE_USAGE(.BOTH.,#4108);
#3930=SURFACE_STYLE_USAGE(.BOTH.,#4109);
#3931=SURFACE_STYLE_USAGE(.BOTH.,#4110);
#3932=SURFACE_STYLE_USAGE(.BOTH.,#4111);
#3933=SURFACE_STYLE_USAGE(.BOTH.,#4112);
#3934=SURFACE_STYLE_USAGE(.BOTH.,#4113);
#3935=SURFACE_STYLE_USAGE(.BOTH.,#4114);
#3936=SURFACE_STYLE_USAGE(.BOTH.,#4115);
#3937=SURFACE_STYLE_USAGE(.BOTH.,#4116);
#3938=SURFACE_STYLE_USAGE(.BOTH.,#4117);
#3939=SURFACE_STYLE_USAGE(.BOTH.,#4118);
#3940=SURFACE_STYLE_USAGE(.BOTH.,#4119);
#3941=SURFACE_STYLE_USAGE(.BOTH.,#4120);
#3942=SURFACE_STYLE_USAGE(.BOTH.,#4121);
#3943=SURFACE_STYLE_USAGE(.BOTH.,#4122);
#3944=SURFACE_STYLE_USAGE(.BOTH.,#4123);
#3945=SURFACE_STYLE_USAGE(.BOTH.,#4124);
#3946=SURFACE_STYLE_USAGE(.BOTH.,#4125);
#3947=SURFACE_STYLE_USAGE(.BOTH.,#4126);
#3948=SURFACE_STYLE_USAGE(.BOTH.,#4127);
#3949=SURFACE_STYLE_USAGE(.BOTH.,#4128);
#3950=SURFACE_STYLE_USAGE(.BOTH.,#4129);
#3951=SURFACE_STYLE_USAGE(.BOTH.,#4130);
#3952=SURFACE_STYLE_USAGE(.BOTH.,#4131);
#3953=SURFACE_STYLE_USAGE(.BOTH.,#4132);
#3954=SURFACE_STYLE_USAGE(.BOTH.,#4133);
#3955=SURFACE_STYLE_USAGE(.BOTH.,#4134);
#3956=SURFACE_STYLE_USAGE(.BOTH.,#4135);
#3957=SURFACE_STYLE_USAGE(.BOTH.,#4136);
#3958=SURFACE_STYLE_USAGE(.BOTH.,#4137);
#3959=SURFACE_STYLE_USAGE(.BOTH.,#4138);
#3960=SURFACE_STYLE_USAGE(.BOTH.,#4139);
#3961=SURFACE_STYLE_USAGE(.BOTH.,#4140);
#3962=SURFACE_STYLE_USAGE(.BOTH.,#4141);
#3963=SURFACE_STYLE_USAGE(.BOTH.,#4142);
#3964=SURFACE_STYLE_USAGE(.BOTH.,#4143);
#3965=SURFACE_STYLE_USAGE(.BOTH.,#4144);
#3966=SURFACE_STYLE_USAGE(.BOTH.,#4145);
#3967=SURFACE_STYLE_USAGE(.BOTH.,#4146);
#3968=SURFACE_STYLE_USAGE(.BOTH.,#4147);
#3969=SURFACE_STYLE_USAGE(.BOTH.,#4148);
#3970=SURFACE_STYLE_USAGE(.BOTH.,#4149);
#3971=SURFACE_STYLE_USAGE(.BOTH.,#4150);
#3972=SURFACE_STYLE_USAGE(.BOTH.,#4151);
#3973=SURFACE_STYLE_USAGE(.BOTH.,#4152);
#3974=SURFACE_STYLE_USAGE(.BOTH.,#4153);
#3975=SURFACE_STYLE_USAGE(.BOTH.,#4154);
#3976=SURFACE_STYLE_USAGE(.BOTH.,#4155);
#3977=SURFACE_STYLE_USAGE(.BOTH.,#4156);
#3978=SURFACE_STYLE_USAGE(.BOTH.,#4157);
#3979=SURFACE_STYLE_USAGE(.BOTH.,#4158);
#3980=SURFACE_STYLE_USAGE(.BOTH.,#4159);
#3981=SURFACE_STYLE_USAGE(.BOTH.,#4160);
#3982=SURFACE_STYLE_USAGE(.BOTH.,#4161);
#3983=SURFACE_STYLE_USAGE(.BOTH.,#4162);
#3984=SURFACE_STYLE_USAGE(.BOTH.,#4163);
#3985=SURFACE_STYLE_USAGE(.BOTH.,#4164);
#3986=SURFACE_STYLE_USAGE(.BOTH.,#4165);
#3987=SURFACE_STYLE_USAGE(.BOTH.,#4166);
#3988=SURFACE_STYLE_USAGE(.BOTH.,#4167);
#3989=SURFACE_STYLE_USAGE(.BOTH.,#4168);
#3990=SURFACE_STYLE_USAGE(.BOTH.,#4169);
#3991=SURFACE_STYLE_USAGE(.BOTH.,#4170);
#3992=SURFACE_STYLE_USAGE(.BOTH.,#4171);
#3993=SURFACE_STYLE_USAGE(.BOTH.,#4172);
#3994=SURFACE_STYLE_USAGE(.BOTH.,#4173);
#3995=SURFACE_STYLE_USAGE(.BOTH.,#4174);
#3996=SURFACE_STYLE_USAGE(.BOTH.,#4175);
#3997=SURFACE_STYLE_USAGE(.BOTH.,#4176);
#3998=SURFACE_STYLE_USAGE(.BOTH.,#4177);
#3999=SURFACE_STYLE_USAGE(.BOTH.,#4178);
#4000=SURFACE_STYLE_USAGE(.BOTH.,#4179);
#4001=SURFACE_STYLE_USAGE(.BOTH.,#4180);
#4002=SURFACE_STYLE_USAGE(.BOTH.,#4181);
#4003=SURFACE_STYLE_USAGE(.BOTH.,#4182);
#4004=SURFACE_STYLE_USAGE(.BOTH.,#4183);
#4005=SURFACE_STYLE_USAGE(.BOTH.,#4184);
#4006=SURFACE_STYLE_USAGE(.BOTH.,#4185);
#4007=SURFACE_STYLE_USAGE(.BOTH.,#4186);
#4008=SURFACE_STYLE_USAGE(.BOTH.,#4187);
#4009=SURFACE_STYLE_USAGE(.BOTH.,#4188);
#4010=SURFACE_STYLE_USAGE(.BOTH.,#4189);
#4011=SURFACE_STYLE_USAGE(.BOTH.,#4190);
#4012=SURFACE_STYLE_USAGE(.BOTH.,#4191);
#4013=SURFACE_STYLE_USAGE(.BOTH.,#4192);
#4014=SURFACE_STYLE_USAGE(.BOTH.,#4193);
#4015=SURFACE_STYLE_USAGE(.BOTH.,#4194);
#4016=SURFACE_STYLE_USAGE(.BOTH.,#4195);
#4017=SURFACE_STYLE_USAGE(.BOTH.,#4196);
#4018=SURFACE_STYLE_USAGE(.BOTH.,#4197);
#4019=SURFACE_STYLE_USAGE(.BOTH.,#4198);
#4020=SURFACE_STYLE_USAGE(.BOTH.,#4199);
#4021=SURFACE_STYLE_USAGE(.BOTH.,#4200);
#4022=SURFACE_STYLE_USAGE(.BOTH.,#4201);
#4023=SURFACE_STYLE_USAGE(.BOTH.,#4202);
#4024=SURFACE_STYLE_USAGE(.BOTH.,#4203);
#4025=SURFACE_STYLE_USAGE(.BOTH.,#4204);
#4026=SURFACE_STYLE_USAGE(.BOTH.,#4205);
#4027=SURFACE_STYLE_USAGE(.BOTH.,#4206);
#4028=SURFACE_STYLE_USAGE(.BOTH.,#4207);
#4029=SURFACE_STYLE_USAGE(.BOTH.,#4208);
#4030=SURFACE_STYLE_USAGE(.BOTH.,#4209);
#4031=SURFACE_STYLE_USAGE(.BOTH.,#4210);
#4032=SURFACE_STYLE_USAGE(.BOTH.,#4211);
#4033=SURFACE_STYLE_USAGE(.BOTH.,#4212);
#4034=SURFACE_STYLE_USAGE(.BOTH.,#4213);
#4035=SURFACE_STYLE_USAGE(.BOTH.,#4214);
#4036=SURFACE_STYLE_USAGE(.BOTH.,#4215);
#4037=SURFACE_STYLE_USAGE(.BOTH.,#4216);
#4038=SURFACE_STYLE_USAGE(.BOTH.,#4217);
#4039=SURFACE_STYLE_USAGE(.BOTH.,#4218);
#4040=SURFACE_STYLE_USAGE(.BOTH.,#4219);
#4041=SURFACE_STYLE_USAGE(.BOTH.,#4220);
#4042=SURFACE_STYLE_USAGE(.BOTH.,#4221);
#4043=SURFACE_STYLE_USAGE(.BOTH.,#4222);
#4044=SURFACE_STYLE_USAGE(.BOTH.,#4223);
#4045=SURFACE_STYLE_USAGE(.BOTH.,#4224);
#4046=SURFACE_STYLE_USAGE(.BOTH.,#4225);
#4047=SURFACE_STYLE_USAGE(.BOTH.,#4226);
#4048=SURFACE_STYLE_USAGE(.BOTH.,#4227);
#4049=SURFACE_STYLE_USAGE(.BOTH.,#4228);
#4050=SURFACE_STYLE_USAGE(.BOTH.,#4229);
#4051=SURFACE_STYLE_USAGE(.BOTH.,#4230);
#4052=SURFACE_STYLE_USAGE(.BOTH.,#4231);
#4053=SURFACE_STYLE_USAGE(.BOTH.,#4232);
#4054=SURFACE_STYLE_USAGE(.BOTH.,#4233);
#4055=SURFACE_STYLE_USAGE(.BOTH.,#4234);
#4056=SURFACE_STYLE_USAGE(.BOTH.,#4235);
#4057=SURFACE_STYLE_USAGE(.BOTH.,#4236);
#4058=SURFACE_STYLE_USAGE(.BOTH.,#4237);
#4059=SURFACE_STYLE_USAGE(.BOTH.,#4238);
#4060=SURFACE_STYLE_USAGE(.BOTH.,#4239);
#4061=SURFACE_STYLE_USAGE(.BOTH.,#4240);
#4062=SURFACE_STYLE_USAGE(.BOTH.,#4241);
#4063=SURFACE_STYLE_USAGE(.BOTH.,#4242);
#4064=SURFACE_STYLE_USAGE(.BOTH.,#4243);
#4065=SURFACE_STYLE_USAGE(.BOTH.,#4244);
#4066=SURFACE_STYLE_USAGE(.BOTH.,#4245);
#4067=SURFACE_SIDE_STYLE('',(#4246));
#4068=SURFACE_SIDE_STYLE('',(#4247));
#4069=SURFACE_SIDE_STYLE('',(#4248));
#4070=SURFACE_SIDE_STYLE('',(#4249));
#4071=SURFACE_SIDE_STYLE('',(#4250));
#4072=SURFACE_SIDE_STYLE('',(#4251));
#4073=SURFACE_SIDE_STYLE('',(#4252));
#4074=SURFACE_SIDE_STYLE('',(#4253));
#4075=SURFACE_SIDE_STYLE('',(#4254));
#4076=SURFACE_SIDE_STYLE('',(#4255));
#4077=SURFACE_SIDE_STYLE('',(#4256));
#4078=SURFACE_SIDE_STYLE('',(#4257));
#4079=SURFACE_SIDE_STYLE('',(#4258));
#4080=SURFACE_SIDE_STYLE('',(#4259));
#4081=SURFACE_SIDE_STYLE('',(#4260));
#4082=SURFACE_SIDE_STYLE('',(#4261));
#4083=SURFACE_SIDE_STYLE('',(#4262));
#4084=SURFACE_SIDE_STYLE('',(#4263));
#4085=SURFACE_SIDE_STYLE('',(#4264));
#4086=SURFACE_SIDE_STYLE('',(#4265));
#4087=SURFACE_SIDE_STYLE('',(#4266));
#4088=SURFACE_SIDE_STYLE('',(#4267));
#4089=SURFACE_SIDE_STYLE('',(#4268));
#4090=SURFACE_SIDE_STYLE('',(#4269));
#4091=SURFACE_SIDE_STYLE('',(#4270));
#4092=SURFACE_SIDE_STYLE('',(#4271));
#4093=SURFACE_SIDE_STYLE('',(#4272));
#4094=SURFACE_SIDE_STYLE('',(#4273));
#4095=SURFACE_SIDE_STYLE('',(#4274));
#4096=SURFACE_SIDE_STYLE('',(#4275));
#4097=SURFACE_SIDE_STYLE('',(#4276));
#4098=SURFACE_SIDE_STYLE('',(#4277));
#4099=SURFACE_SIDE_STYLE('',(#4278));
#4100=SURFACE_SIDE_STYLE('',(#4279));
#4101=SURFACE_SIDE_STYLE('',(#4280));
#4102=SURFACE_SIDE_STYLE('',(#4281));
#4103=SURFACE_SIDE_STYLE('',(#4282));
#4104=SURFACE_SIDE_STYLE('',(#4283));
#4105=SURFACE_SIDE_STYLE('',(#4284));
#4106=SURFACE_SIDE_STYLE('',(#4285));
#4107=SURFACE_SIDE_STYLE('',(#4286));
#4108=SURFACE_SIDE_STYLE('',(#4287));
#4109=SURFACE_SIDE_STYLE('',(#4288));
#4110=SURFACE_SIDE_STYLE('',(#4289));
#4111=SURFACE_SIDE_STYLE('',(#4290));
#4112=SURFACE_SIDE_STYLE('',(#4291));
#4113=SURFACE_SIDE_STYLE('',(#4292));
#4114=SURFACE_SIDE_STYLE('',(#4293));
#4115=SURFACE_SIDE_STYLE('',(#4294));
#4116=SURFACE_SIDE_STYLE('',(#4295));
#4117=SURFACE_SIDE_STYLE('',(#4296));
#4118=SURFACE_SIDE_STYLE('',(#4297));
#4119=SURFACE_SIDE_STYLE('',(#4298));
#4120=SURFACE_SIDE_STYLE('',(#4299));
#4121=SURFACE_SIDE_STYLE('',(#4300));
#4122=SURFACE_SIDE_STYLE('',(#4301));
#4123=SURFACE_SIDE_STYLE('',(#4302));
#4124=SURFACE_SIDE_STYLE('',(#4303));
#4125=SURFACE_SIDE_STYLE('',(#4304));
#4126=SURFACE_SIDE_STYLE('',(#4305));
#4127=SURFACE_SIDE_STYLE('',(#4306));
#4128=SURFACE_SIDE_STYLE('',(#4307));
#4129=SURFACE_SIDE_STYLE('',(#4308));
#4130=SURFACE_SIDE_STYLE('',(#4309));
#4131=SURFACE_SIDE_STYLE('',(#4310));
#4132=SURFACE_SIDE_STYLE('',(#4311));
#4133=SURFACE_SIDE_STYLE('',(#4312));
#4134=SURFACE_SIDE_STYLE('',(#4313));
#4135=SURFACE_SIDE_STYLE('',(#4314));
#4136=SURFACE_SIDE_STYLE('',(#4315));
#4137=SURFACE_SIDE_STYLE('',(#4316));
#4138=SURFACE_SIDE_STYLE('',(#4317));
#4139=SURFACE_SIDE_STYLE('',(#4318));
#4140=SURFACE_SIDE_STYLE('',(#4319));
#4141=SURFACE_SIDE_STYLE('',(#4320));
#4142=SURFACE_SIDE_STYLE('',(#4321));
#4143=SURFACE_SIDE_STYLE('',(#4322));
#4144=SURFACE_SIDE_STYLE('',(#4323));
#4145=SURFACE_SIDE_STYLE('',(#4324));
#4146=SURFACE_SIDE_STYLE('',(#4325));
#4147=SURFACE_SIDE_STYLE('',(#4326));
#4148=SURFACE_SIDE_STYLE('',(#4327));
#4149=SURFACE_SIDE_STYLE('',(#4328));
#4150=SURFACE_SIDE_STYLE('',(#4329));
#4151=SURFACE_SIDE_STYLE('',(#4330));
#4152=SURFACE_SIDE_STYLE('',(#4331));
#4153=SURFACE_SIDE_STYLE('',(#4332));
#4154=SURFACE_SIDE_STYLE('',(#4333));
#4155=SURFACE_SIDE_STYLE('',(#4334));
#4156=SURFACE_SIDE_STYLE('',(#4335));
#4157=SURFACE_SIDE_STYLE('',(#4336));
#4158=SURFACE_SIDE_STYLE('',(#4337));
#4159=SURFACE_SIDE_STYLE('',(#4338));
#4160=SURFACE_SIDE_STYLE('',(#4339));
#4161=SURFACE_SIDE_STYLE('',(#4340));
#4162=SURFACE_SIDE_STYLE('',(#4341));
#4163=SURFACE_SIDE_STYLE('',(#4342));
#4164=SURFACE_SIDE_STYLE('',(#4343));
#4165=SURFACE_SIDE_STYLE('',(#4344));
#4166=SURFACE_SIDE_STYLE('',(#4345));
#4167=SURFACE_SIDE_STYLE('',(#4346));
#4168=SURFACE_SIDE_STYLE('',(#4347));
#4169=SURFACE_SIDE_STYLE('',(#4348));
#4170=SURFACE_SIDE_STYLE('',(#4349));
#4171=SURFACE_SIDE_STYLE('',(#4350));
#4172=SURFACE_SIDE_STYLE('',(#4351));
#4173=SURFACE_SIDE_STYLE('',(#4352));
#4174=SURFACE_SIDE_STYLE('',(#4353));
#4175=SURFACE_SIDE_STYLE('',(#4354));
#4176=SURFACE_SIDE_STYLE('',(#4355));
#4177=SURFACE_SIDE_STYLE('',(#4356));
#4178=SURFACE_SIDE_STYLE('',(#4357));
#4179=SURFACE_SIDE_STYLE('',(#4358));
#4180=SURFACE_SIDE_STYLE('',(#4359));
#4181=SURFACE_SIDE_STYLE('',(#4360));
#4182=SURFACE_SIDE_STYLE('',(#4361));
#4183=SURFACE_SIDE_STYLE('',(#4362));
#4184=SURFACE_SIDE_STYLE('',(#4363));
#4185=SURFACE_SIDE_STYLE('',(#4364));
#4186=SURFACE_SIDE_STYLE('',(#4365));
#4187=SURFACE_SIDE_STYLE('',(#4366));
#4188=SURFACE_SIDE_STYLE('',(#4367));
#4189=SURFACE_SIDE_STYLE('',(#4368));
#4190=SURFACE_SIDE_STYLE('',(#4369));
#4191=SURFACE_SIDE_STYLE('',(#4370));
#4192=SURFACE_SIDE_STYLE('',(#4371));
#4193=SURFACE_SIDE_STYLE('',(#4372));
#4194=SURFACE_SIDE_STYLE('',(#4373));
#4195=SURFACE_SIDE_STYLE('',(#4374));
#4196=SURFACE_SIDE_STYLE('',(#4375));
#4197=SURFACE_SIDE_STYLE('',(#4376));
#4198=SURFACE_SIDE_STYLE('',(#4377));
#4199=SURFACE_SIDE_STYLE('',(#4378));
#4200=SURFACE_SIDE_STYLE('',(#4379));
#4201=SURFACE_SIDE_STYLE('',(#4380));
#4202=SURFACE_SIDE_STYLE('',(#4381));
#4203=SURFACE_SIDE_STYLE('',(#4382));
#4204=SURFACE_SIDE_STYLE('',(#4383));
#4205=SURFACE_SIDE_STYLE('',(#4384));
#4206=SURFACE_SIDE_STYLE('',(#4385));
#4207=SURFACE_SIDE_STYLE('',(#4386));
#4208=SURFACE_SIDE_STYLE('',(#4387));
#4209=SURFACE_SIDE_STYLE('',(#4388));
#4210=SURFACE_SIDE_STYLE('',(#4389));
#4211=SURFACE_SIDE_STYLE('',(#4390));
#4212=SURFACE_SIDE_STYLE('',(#4391));
#4213=SURFACE_SIDE_STYLE('',(#4392));
#4214=SURFACE_SIDE_STYLE('',(#4393));
#4215=SURFACE_SIDE_STYLE('',(#4394));
#4216=SURFACE_SIDE_STYLE('',(#4395));
#4217=SURFACE_SIDE_STYLE('',(#4396));
#4218=SURFACE_SIDE_STYLE('',(#4397));
#4219=SURFACE_SIDE_STYLE('',(#4398));
#4220=SURFACE_SIDE_STYLE('',(#4399));
#4221=SURFACE_SIDE_STYLE('',(#4400));
#4222=SURFACE_SIDE_STYLE('',(#4401));
#4223=SURFACE_SIDE_STYLE('',(#4402));
#4224=SURFACE_SIDE_STYLE('',(#4403));
#4225=SURFACE_SIDE_STYLE('',(#4404));
#4226=SURFACE_SIDE_STYLE('',(#4405));
#4227=SURFACE_SIDE_STYLE('',(#4406));
#4228=SURFACE_SIDE_STYLE('',(#4407));
#4229=SURFACE_SIDE_STYLE('',(#4408));
#4230=SURFACE_SIDE_STYLE('',(#4409));
#4231=SURFACE_SIDE_STYLE('',(#4410));
#4232=SURFACE_SIDE_STYLE('',(#4411));
#4233=SURFACE_SIDE_STYLE('',(#4412));
#4234=SURFACE_SIDE_STYLE('',(#4413));
#4235=SURFACE_SIDE_STYLE('',(#4414));
#4236=SURFACE_SIDE_STYLE('',(#4415));
#4237=SURFACE_SIDE_STYLE('',(#4416));
#4238=SURFACE_SIDE_STYLE('',(#4417));
#4239=SURFACE_SIDE_STYLE('',(#4418));
#4240=SURFACE_SIDE_STYLE('',(#4419));
#4241=SURFACE_SIDE_STYLE('',(#4420));
#4242=SURFACE_SIDE_STYLE('',(#4421));
#4243=SURFACE_SIDE_STYLE('',(#4422));
#4244=SURFACE_SIDE_STYLE('',(#4423));
#4245=SURFACE_SIDE_STYLE('',(#4424));
#4246=SURFACE_STYLE_FILL_AREA(#4425);
#4247=SURFACE_STYLE_FILL_AREA(#4426);
#4248=SURFACE_STYLE_FILL_AREA(#4427);
#4249=SURFACE_STYLE_FILL_AREA(#4428);
#4250=SURFACE_STYLE_FILL_AREA(#4429);
#4251=SURFACE_STYLE_FILL_AREA(#4430);
#4252=SURFACE_STYLE_FILL_AREA(#4431);
#4253=SURFACE_STYLE_FILL_AREA(#4432);
#4254=SURFACE_STYLE_FILL_AREA(#4433);
#4255=SURFACE_STYLE_FILL_AREA(#4434);
#4256=SURFACE_STYLE_FILL_AREA(#4435);
#4257=SURFACE_STYLE_FILL_AREA(#4436);
#4258=SURFACE_STYLE_FILL_AREA(#4437);
#4259=SURFACE_STYLE_FILL_AREA(#4438);
#4260=SURFACE_STYLE_FILL_AREA(#4439);
#4261=SURFACE_STYLE_FILL_AREA(#4440);
#4262=SURFACE_STYLE_FILL_AREA(#4441);
#4263=SURFACE_STYLE_FILL_AREA(#4442);
#4264=SURFACE_STYLE_FILL_AREA(#4443);
#4265=SURFACE_STYLE_FILL_AREA(#4444);
#4266=SURFACE_STYLE_FILL_AREA(#4445);
#4267=SURFACE_STYLE_FILL_AREA(#4446);
#4268=SURFACE_STYLE_FILL_AREA(#4447);
#4269=SURFACE_STYLE_FILL_AREA(#4448);
#4270=SURFACE_STYLE_FILL_AREA(#4449);
#4271=SURFACE_STYLE_FILL_AREA(#4450);
#4272=SURFACE_STYLE_FILL_AREA(#4451);
#4273=SURFACE_STYLE_FILL_AREA(#4452);
#4274=SURFACE_STYLE_FILL_AREA(#4453);
#4275=SURFACE_STYLE_FILL_AREA(#4454);
#4276=SURFACE_STYLE_FILL_AREA(#4455);
#4277=SURFACE_STYLE_FILL_AREA(#4456);
#4278=SURFACE_STYLE_FILL_AREA(#4457);
#4279=SURFACE_STYLE_FILL_AREA(#4458);
#4280=SURFACE_STYLE_FILL_AREA(#4459);
#4281=SURFACE_STYLE_FILL_AREA(#4460);
#4282=SURFACE_STYLE_FILL_AREA(#4461);
#4283=SURFACE_STYLE_FILL_AREA(#4462);
#4284=SURFACE_STYLE_FILL_AREA(#4463);
#4285=SURFACE_STYLE_FILL_AREA(#4464);
#4286=SURFACE_STYLE_FILL_AREA(#4465);
#4287=SURFACE_STYLE_FILL_AREA(#4466);
#4288=SURFACE_STYLE_FILL_AREA(#4467);
#4289=SURFACE_STYLE_FILL_AREA(#4468);
#4290=SURFACE_STYLE_FILL_AREA(#4469);
#4291=SURFACE_STYLE_FILL_AREA(#4470);
#4292=SURFACE_STYLE_FILL_AREA(#4471);
#4293=SURFACE_STYLE_FILL_AREA(#4472);
#4294=SURFACE_STYLE_FILL_AREA(#4473);
#4295=SURFACE_STYLE_FILL_AREA(#4474);
#4296=SURFACE_STYLE_FILL_AREA(#4475);
#4297=SURFACE_STYLE_FILL_AREA(#4476);
#4298=SURFACE_STYLE_FILL_AREA(#4477);
#4299=SURFACE_STYLE_FILL_AREA(#4478);
#4300=SURFACE_STYLE_FILL_AREA(#4479);
#4301=SURFACE_STYLE_FILL_AREA(#4480);
#4302=SURFACE_STYLE_FILL_AREA(#4481);
#4303=SURFACE_STYLE_FILL_AREA(#4482);
#4304=SURFACE_STYLE_FILL_AREA(#4483);
#4305=SURFACE_STYLE_FILL_AREA(#4484);
#4306=SURFACE_STYLE_FILL_AREA(#4485);
#4307=SURFACE_STYLE_FILL_AREA(#4486);
#4308=SURFACE_STYLE_FILL_AREA(#4487);
#4309=SURFACE_STYLE_FILL_AREA(#4488);
#4310=SURFACE_STYLE_FILL_AREA(#4489);
#4311=SURFACE_STYLE_FILL_AREA(#4490);
#4312=SURFACE_STYLE_FILL_AREA(#4491);
#4313=SURFACE_STYLE_FILL_AREA(#4492);
#4314=SURFACE_STYLE_FILL_AREA(#4493);
#4315=SURFACE_STYLE_FILL_AREA(#4494);
#4316=SURFACE_STYLE_FILL_AREA(#4495);
#4317=SURFACE_STYLE_FILL_AREA(#4496);
#4318=SURFACE_STYLE_FILL_AREA(#4497);
#4319=SURFACE_STYLE_FILL_AREA(#4498);
#4320=SURFACE_STYLE_FILL_AREA(#4499);
#4321=SURFACE_STYLE_FILL_AREA(#4500);
#4322=SURFACE_STYLE_FILL_AREA(#4501);
#4323=SURFACE_STYLE_FILL_AREA(#4502);
#4324=SURFACE_STYLE_FILL_AREA(#4503);
#4325=SURFACE_STYLE_FILL_AREA(#4504);
#4326=SURFACE_STYLE_FILL_AREA(#4505);
#4327=SURFACE_STYLE_FILL_AREA(#4506);
#4328=SURFACE_STYLE_FILL_AREA(#4507);
#4329=SURFACE_STYLE_FILL_AREA(#4508);
#4330=SURFACE_STYLE_FILL_AREA(#4509);
#4331=SURFACE_STYLE_FILL_AREA(#4510);
#4332=SURFACE_STYLE_FILL_AREA(#4511);
#4333=SURFACE_STYLE_FILL_AREA(#4512);
#4334=SURFACE_STYLE_FILL_AREA(#4513);
#4335=SURFACE_STYLE_FILL_AREA(#4514);
#4336=SURFACE_STYLE_FILL_AREA(#4515);
#4337=SURFACE_STYLE_FILL_AREA(#4516);
#4338=SURFACE_STYLE_FILL_AREA(#4517);
#4339=SURFACE_STYLE_FILL_AREA(#4518);
#4340=SURFACE_STYLE_FILL_AREA(#4519);
#4341=SURFACE_STYLE_FILL_AREA(#4520);
#4342=SURFACE_STYLE_FILL_AREA(#4521);
#4343=SURFACE_STYLE_FILL_AREA(#4522);
#4344=SURFACE_STYLE_FILL_AREA(#4523);
#4345=SURFACE_STYLE_FILL_AREA(#4524);
#4346=SURFACE_STYLE_FILL_AREA(#4525);
#4347=SURFACE_STYLE_FILL_AREA(#4526);
#4348=SURFACE_STYLE_FILL_AREA(#4527);
#4349=SURFACE_STYLE_FILL_AREA(#4528);
#4350=SURFACE_STYLE_FILL_AREA(#4529);
#4351=SURFACE_STYLE_FILL_AREA(#4530);
#4352=SURFACE_STYLE_FILL_AREA(#4531);
#4353=SURFACE_STYLE_FILL_AREA(#4532);
#4354=SURFACE_STYLE_FILL_AREA(#4533);
#4355=SURFACE_STYLE_FILL_AREA(#4534);
#4356=SURFACE_STYLE_FILL_AREA(#4535);
#4357=SURFACE_STYLE_FILL_AREA(#4536);
#4358=SURFACE_STYLE_FILL_AREA(#4537);
#4359=SURFACE_STYLE_FILL_AREA(#4538);
#4360=SURFACE_STYLE_FILL_AREA(#4539);
#4361=SURFACE_STYLE_FILL_AREA(#4540);
#4362=SURFACE_STYLE_FILL_AREA(#4541);
#4363=SURFACE_STYLE_FILL_AREA(#4542);
#4364=SURFACE_STYLE_FILL_AREA(#4543);
#4365=SURFACE_STYLE_FILL_AREA(#4544);
#4366=SURFACE_STYLE_FILL_AREA(#4545);
#4367=SURFACE_STYLE_FILL_AREA(#4546);
#4368=SURFACE_STYLE_FILL_AREA(#4547);
#4369=SURFACE_STYLE_FILL_AREA(#4548);
#4370=SURFACE_STYLE_FILL_AREA(#4549);
#4371=SURFACE_STYLE_FILL_AREA(#4550);
#4372=SURFACE_STYLE_FILL_AREA(#4551);
#4373=SURFACE_STYLE_FILL_AREA(#4552);
#4374=SURFACE_STYLE_FILL_AREA(#4553);
#4375=SURFACE_STYLE_FILL_AREA(#4554);
#4376=SURFACE_STYLE_FILL_AREA(#4555);
#4377=SURFACE_STYLE_FILL_AREA(#4556);
#4378=SURFACE_STYLE_FILL_AREA(#4557);
#4379=SURFACE_STYLE_FILL_AREA(#4558);
#4380=SURFACE_STYLE_FILL_AREA(#4559);
#4381=SURFACE_STYLE_FILL_AREA(#4560);
#4382=SURFACE_STYLE_FILL_AREA(#4561);
#4383=SURFACE_STYLE_FILL_AREA(#4562);
#4384=SURFACE_STYLE_FILL_AREA(#4563);
#4385=SURFACE_STYLE_FILL_AREA(#4564);
#4386=SURFACE_STYLE_FILL_AREA(#4565);
#4387=SURFACE_STYLE_FILL_AREA(#4566);
#4388=SURFACE_STYLE_FILL_AREA(#4567);
#4389=SURFACE_STYLE_FILL_AREA(#4568);
#4390=SURFACE_STYLE_FILL_AREA(#4569);
#4391=SURFACE_STYLE_FILL_AREA(#4570);
#4392=SURFACE_STYLE_FILL_AREA(#4571);
#4393=SURFACE_STYLE_FILL_AREA(#4572);
#4394=SURFACE_STYLE_FILL_AREA(#4573);
#4395=SURFACE_STYLE_FILL_AREA(#4574);
#4396=SURFACE_STYLE_FILL_AREA(#4575);
#4397=SURFACE_STYLE_FILL_AREA(#4576);
#4398=SURFACE_STYLE_FILL_AREA(#4577);
#4399=SURFACE_STYLE_FILL_AREA(#4578);
#4400=SURFACE_STYLE_FILL_AREA(#4579);
#4401=SURFACE_STYLE_FILL_AREA(#4580);
#4402=SURFACE_STYLE_FILL_AREA(#4581);
#4403=SURFACE_STYLE_FILL_AREA(#4582);
#4404=SURFACE_STYLE_FILL_AREA(#4583);
#4405=SURFACE_STYLE_FILL_AREA(#4584);
#4406=SURFACE_STYLE_FILL_AREA(#4585);
#4407=SURFACE_STYLE_FILL_AREA(#4586);
#4408=SURFACE_STYLE_FILL_AREA(#4587);
#4409=SURFACE_STYLE_FILL_AREA(#4588);
#4410=SURFACE_STYLE_FILL_AREA(#4589);
#4411=SURFACE_STYLE_FILL_AREA(#4590);
#4412=SURFACE_STYLE_FILL_AREA(#4591);
#4413=SURFACE_STYLE_FILL_AREA(#4592);
#4414=SURFACE_STYLE_FILL_AREA(#4593);
#4415=SURFACE_STYLE_FILL_AREA(#4594);
#4416=SURFACE_STYLE_FILL_AREA(#4595);
#4417=SURFACE_STYLE_FILL_AREA(#4596);
#4418=SURFACE_STYLE_FILL_AREA(#4597);
#4419=SURFACE_STYLE_FILL_AREA(#4598);
#4420=SURFACE_STYLE_FILL_AREA(#4599);
#4421=SURFACE_STYLE_FILL_AREA(#4600);
#4422=SURFACE_STYLE_FILL_AREA(#4601);
#4423=SURFACE_STYLE_FILL_AREA(#4602);
#4424=SURFACE_STYLE_FILL_AREA(#4603);
#4425=FILL_AREA_STYLE('',(#4604));
#4426=FILL_AREA_STYLE('',(#4605));
#4427=FILL_AREA_STYLE('',(#4606));
#4428=FILL_AREA_STYLE('',(#4607));
#4429=FILL_AREA_STYLE('',(#4608));
#4430=FILL_AREA_STYLE('',(#4609));
#4431=FILL_AREA_STYLE('',(#4610));
#4432=FILL_AREA_STYLE('',(#4611));
#4433=FILL_AREA_STYLE('',(#4612));
#4434=FILL_AREA_STYLE('',(#4613));
#4435=FILL_AREA_STYLE('',(#4614));
#4436=FILL_AREA_STYLE('',(#4615));
#4437=FILL_AREA_STYLE('',(#4616));
#4438=FILL_AREA_STYLE('',(#4617));
#4439=FILL_AREA_STYLE('',(#4618));
#4440=FILL_AREA_STYLE('',(#4619));
#4441=FILL_AREA_STYLE('',(#4620));
#4442=FILL_AREA_STYLE('',(#4621));
#4443=FILL_AREA_STYLE('',(#4622));
#4444=FILL_AREA_STYLE('',(#4623));
#4445=FILL_AREA_STYLE('',(#4624));
#4446=FILL_AREA_STYLE('',(#4625));
#4447=FILL_AREA_STYLE('',(#4626));
#4448=FILL_AREA_STYLE('',(#4627));
#4449=FILL_AREA_STYLE('',(#4628));
#4450=FILL_AREA_STYLE('',(#4629));
#4451=FILL_AREA_STYLE('',(#4630));
#4452=FILL_AREA_STYLE('',(#4631));
#4453=FILL_AREA_STYLE('',(#4632));
#4454=FILL_AREA_STYLE('',(#4633));
#4455=FILL_AREA_STYLE('',(#4634));
#4456=FILL_AREA_STYLE('',(#4635));
#4457=FILL_AREA_STYLE('',(#4636));
#4458=FILL_AREA_STYLE('',(#4637));
#4459=FILL_AREA_STYLE('',(#4638));
#4460=FILL_AREA_STYLE('',(#4639));
#4461=FILL_AREA_STYLE('',(#4640));
#4462=FILL_AREA_STYLE('',(#4641));
#4463=FILL_AREA_STYLE('',(#4642));
#4464=FILL_AREA_STYLE('',(#4643));
#4465=FILL_AREA_STYLE('',(#4644));
#4466=FILL_AREA_STYLE('',(#4645));
#4467=FILL_AREA_STYLE('',(#4646));
#4468=FILL_AREA_STYLE('',(#4647));
#4469=FILL_AREA_STYLE('',(#4648));
#4470=FILL_AREA_STYLE('',(#4649));
#4471=FILL_AREA_STYLE('',(#4650));
#4472=FILL_AREA_STYLE('',(#4651));
#4473=FILL_AREA_STYLE('',(#4652));
#4474=FILL_AREA_STYLE('',(#4653));
#4475=FILL_AREA_STYLE('',(#4654));
#4476=FILL_AREA_STYLE('',(#4655));
#4477=FILL_AREA_STYLE('',(#4656));
#4478=FILL_AREA_STYLE('',(#4657));
#4479=FILL_AREA_STYLE('',(#4658));
#4480=FILL_AREA_STYLE('',(#4659));
#4481=FILL_AREA_STYLE('',(#4660));
#4482=FILL_AREA_STYLE('',(#4661));
#4483=FILL_AREA_STYLE('',(#4662));
#4484=FILL_AREA_STYLE('',(#4663));
#4485=FILL_AREA_STYLE('',(#4664));
#4486=FILL_AREA_STYLE('',(#4665));
#4487=FILL_AREA_STYLE('',(#4666));
#4488=FILL_AREA_STYLE('',(#4667));
#4489=FILL_AREA_STYLE('',(#4668));
#4490=FILL_AREA_STYLE('',(#4669));
#4491=FILL_AREA_STYLE('',(#4670));
#4492=FILL_AREA_STYLE('',(#4671));
#4493=FILL_AREA_STYLE('',(#4672));
#4494=FILL_AREA_STYLE('',(#4673));
#4495=FILL_AREA_STYLE('',(#4674));
#4496=FILL_AREA_STYLE('',(#4675));
#4497=FILL_AREA_STYLE('',(#4676));
#4498=FILL_AREA_STYLE('',(#4677));
#4499=FILL_AREA_STYLE('',(#4678));
#4500=FILL_AREA_STYLE('',(#4679));
#4501=FILL_AREA_STYLE('',(#4680));
#4502=FILL_AREA_STYLE('',(#4681));
#4503=FILL_AREA_STYLE('',(#4682));
#4504=FILL_AREA_STYLE('',(#4683));
#4505=FILL_AREA_STYLE('',(#4684));
#4506=FILL_AREA_STYLE('',(#4685));
#4507=FILL_AREA_STYLE('',(#4686));
#4508=FILL_AREA_STYLE('',(#4687));
#4509=FILL_AREA_STYLE('',(#4688));
#4510=FILL_AREA_STYLE('',(#4689));
#4511=FILL_AREA_STYLE('',(#4690));
#4512=FILL_AREA_STYLE('',(#4691));
#4513=FILL_AREA_STYLE('',(#4692));
#4514=FILL_AREA_STYLE('',(#4693));
#4515=FILL_AREA_STYLE('',(#4694));
#4516=FILL_AREA_STYLE('',(#4695));
#4517=FILL_AREA_STYLE('',(#4696));
#4518=FILL_AREA_STYLE('',(#4697));
#4519=FILL_AREA_STYLE('',(#4698));
#4520=FILL_AREA_STYLE('',(#4699));
#4521=FILL_AREA_STYLE('',(#4700));
#4522=FILL_AREA_STYLE('',(#4701));
#4523=FILL_AREA_STYLE('',(#4702));
#4524=FILL_AREA_STYLE('',(#4703));
#4525=FILL_AREA_STYLE('',(#4704));
#4526=FILL_AREA_STYLE('',(#4705));
#4527=FILL_AREA_STYLE('',(#4706));
#4528=FILL_AREA_STYLE('',(#4707));
#4529=FILL_AREA_STYLE('',(#4708));
#4530=FILL_AREA_STYLE('',(#4709));
#4531=FILL_AREA_STYLE('',(#4710));
#4532=FILL_AREA_STYLE('',(#4711));
#4533=FILL_AREA_STYLE('',(#4712));
#4534=FILL_AREA_STYLE('',(#4713));
#4535=FILL_AREA_STYLE('',(#4714));
#4536=FILL_AREA_STYLE('',(#4715));
#4537=FILL_AREA_STYLE('',(#4716));
#4538=FILL_AREA_STYLE('',(#4717));
#4539=FILL_AREA_STYLE('',(#4718));
#4540=FILL_AREA_STYLE('',(#4719));
#4541=FILL_AREA_STYLE('',(#4720));
#4542=FILL_AREA_STYLE('',(#4721));
#4543=FILL_AREA_STYLE('',(#4722));
#4544=FILL_AREA_STYLE('',(#4723));
#4545=FILL_AREA_STYLE('',(#4724));
#4546=FILL_AREA_STYLE('',(#4725));
#4547=FILL_AREA_STYLE('',(#4726));
#4548=FILL_AREA_STYLE('',(#4727));
#4549=FILL_AREA_STYLE('',(#4728));
#4550=FILL_AREA_STYLE('',(#4729));
#4551=FILL_AREA_STYLE('',(#4730));
#4552=FILL_AREA_STYLE('',(#4731));
#4553=FILL_AREA_STYLE('',(#4732));
#4554=FILL_AREA_STYLE('',(#4733));
#4555=FILL_AREA_STYLE('',(#4734));
#4556=FILL_AREA_STYLE('',(#4735));
#4557=FILL_AREA_STYLE('',(#4736));
#4558=FILL_AREA_STYLE('',(#4737));
#4559=FILL_AREA_STYLE('',(#4738));
#4560=FILL_AREA_STYLE('',(#4739));
#4561=FILL_AREA_STYLE('',(#4740));
#4562=FILL_AREA_STYLE('',(#4741));
#4563=FILL_AREA_STYLE('',(#4742));
#4564=FILL_AREA_STYLE('',(#4743));
#4565=FILL_AREA_STYLE('',(#4744));
#4566=FILL_AREA_STYLE('',(#4745));
#4567=FILL_AREA_STYLE('',(#4746));
#4568=FILL_AREA_STYLE('',(#4747));
#4569=FILL_AREA_STYLE('',(#4748));
#4570=FILL_AREA_STYLE('',(#4749));
#4571=FILL_AREA_STYLE('',(#4750));
#4572=FILL_AREA_STYLE('',(#4751));
#4573=FILL_AREA_STYLE('',(#4752));
#4574=FILL_AREA_STYLE('',(#4753));
#4575=FILL_AREA_STYLE('',(#4754));
#4576=FILL_AREA_STYLE('',(#4755));
#4577=FILL_AREA_STYLE('',(#4756));
#4578=FILL_AREA_STYLE('',(#4757));
#4579=FILL_AREA_STYLE('',(#4758));
#4580=FILL_AREA_STYLE('',(#4759));
#4581=FILL_AREA_STYLE('',(#4760));
#4582=FILL_AREA_STYLE('',(#4761));
#4583=FILL_AREA_STYLE('',(#4762));
#4584=FILL_AREA_STYLE('',(#4763));
#4585=FILL_AREA_STYLE('',(#4764));
#4586=FILL_AREA_STYLE('',(#4765));
#4587=FILL_AREA_STYLE('',(#4766));
#4588=FILL_AREA_STYLE('',(#4767));
#4589=FILL_AREA_STYLE('',(#4768));
#4590=FILL_AREA_STYLE('',(#4769));
#4591=FILL_AREA_STYLE('',(#4770));
#4592=FILL_AREA_STYLE('',(#4771));
#4593=FILL_AREA_STYLE('',(#4772));
#4594=FILL_AREA_STYLE('',(#4773));
#4595=FILL_AREA_STYLE('',(#4774));
#4596=FILL_AREA_STYLE('',(#4775));
#4597=FILL_AREA_STYLE('',(#4776));
#4598=FILL_AREA_STYLE('',(#4777));
#4599=FILL_AREA_STYLE('',(#4778));
#4600=FILL_AREA_STYLE('',(#4779));
#4601=FILL_AREA_STYLE('',(#4780));
#4602=FILL_AREA_STYLE('',(#4781));
#4603=FILL_AREA_STYLE('',(#4782));
#4604=FILL_AREA_STYLE_COLOUR('',#4783);
#4605=FILL_AREA_STYLE_COLOUR('',#4783);
#4606=FILL_AREA_STYLE_COLOUR('',#4783);
#4607=FILL_AREA_STYLE_COLOUR('',#4783);
#4608=FILL_AREA_STYLE_COLOUR('',#4783);
#4609=FILL_AREA_STYLE_COLOUR('',#4783);
#4610=FILL_AREA_STYLE_COLOUR('',#4784);
#4611=FILL_AREA_STYLE_COLOUR('',#4784);
#4612=FILL_AREA_STYLE_COLOUR('',#4785);
#4613=FILL_AREA_STYLE_COLOUR('',#4785);
#4614=FILL_AREA_STYLE_COLOUR('',#4785);
#4615=FILL_AREA_STYLE_COLOUR('',#4785);
#4616=FILL_AREA_STYLE_COLOUR('',#4785);
#4617=FILL_AREA_STYLE_COLOUR('',#4784);
#4618=FILL_AREA_STYLE_COLOUR('',#4784);
#4619=FILL_AREA_STYLE_COLOUR('',#4784);
#4620=FILL_AREA_STYLE_COLOUR('',#4784);
#4621=FILL_AREA_STYLE_COLOUR('',#4784);
#4622=FILL_AREA_STYLE_COLOUR('',#4785);
#4623=FILL_AREA_STYLE_COLOUR('',#4785);
#4624=FILL_AREA_STYLE_COLOUR('',#4785);
#4625=FILL_AREA_STYLE_COLOUR('',#4785);
#4626=FILL_AREA_STYLE_COLOUR('',#4785);
#4627=FILL_AREA_STYLE_COLOUR('',#4786);
#4628=FILL_AREA_STYLE_COLOUR('',#4785);
#4629=FILL_AREA_STYLE_COLOUR('',#4785);
#4630=FILL_AREA_STYLE_COLOUR('',#4785);
#4631=FILL_AREA_STYLE_COLOUR('',#4785);
#4632=FILL_AREA_STYLE_COLOUR('',#4785);
#4633=FILL_AREA_STYLE_COLOUR('',#20);
#4634=FILL_AREA_STYLE_COLOUR('',#20);
#4635=FILL_AREA_STYLE_COLOUR('',#20);
#4636=FILL_AREA_STYLE_COLOUR('',#20);
#4637=FILL_AREA_STYLE_COLOUR('',#20);
#4638=FILL_AREA_STYLE_COLOUR('',#20);
#4639=FILL_AREA_STYLE_COLOUR('',#20);
#4640=FILL_AREA_STYLE_COLOUR('',#20);
#4641=FILL_AREA_STYLE_COLOUR('',#20);
#4642=FILL_AREA_STYLE_COLOUR('',#20);
#4643=FILL_AREA_STYLE_COLOUR('',#20);
#4644=FILL_AREA_STYLE_COLOUR('',#20);
#4645=FILL_AREA_STYLE_COLOUR('',#4783);
#4646=FILL_AREA_STYLE_COLOUR('',#4783);
#4647=FILL_AREA_STYLE_COLOUR('',#4783);
#4648=FILL_AREA_STYLE_COLOUR('',#4783);
#4649=FILL_AREA_STYLE_COLOUR('',#4783);
#4650=FILL_AREA_STYLE_COLOUR('',#20);
#4651=FILL_AREA_STYLE_COLOUR('',#20);
#4652=FILL_AREA_STYLE_COLOUR('',#20);
#4653=FILL_AREA_STYLE_COLOUR('',#20);
#4654=FILL_AREA_STYLE_COLOUR('',#4785);
#4655=FILL_AREA_STYLE_COLOUR('',#4785);
#4656=FILL_AREA_STYLE_COLOUR('',#4785);
#4657=FILL_AREA_STYLE_COLOUR('',#4785);
#4658=FILL_AREA_STYLE_COLOUR('',#4785);
#4659=FILL_AREA_STYLE_COLOUR('',#4785);
#4660=FILL_AREA_STYLE_COLOUR('',#4785);
#4661=FILL_AREA_STYLE_COLOUR('',#4785);
#4662=FILL_AREA_STYLE_COLOUR('',#4785);
#4663=FILL_AREA_STYLE_COLOUR('',#20);
#4664=FILL_AREA_STYLE_COLOUR('',#4783);
#4665=FILL_AREA_STYLE_COLOUR('',#4783);
#4666=FILL_AREA_STYLE_COLOUR('',#4783);
#4667=FILL_AREA_STYLE_COLOUR('',#4783);
#4668=FILL_AREA_STYLE_COLOUR('',#4783);
#4669=FILL_AREA_STYLE_COLOUR('',#20);
#4670=FILL_AREA_STYLE_COLOUR('',#20);
#4671=FILL_AREA_STYLE_COLOUR('',#4783);
#4672=FILL_AREA_STYLE_COLOUR('',#4783);
#4673=FILL_AREA_STYLE_COLOUR('',#4783);
#4674=FILL_AREA_STYLE_COLOUR('',#4783);
#4675=FILL_AREA_STYLE_COLOUR('',#4783);
#4676=FILL_AREA_STYLE_COLOUR('',#20);
#4677=FILL_AREA_STYLE_COLOUR('',#20);
#4678=FILL_AREA_STYLE_COLOUR('',#4783);
#4679=FILL_AREA_STYLE_COLOUR('',#4783);
#4680=FILL_AREA_STYLE_COLOUR('',#4783);
#4681=FILL_AREA_STYLE_COLOUR('',#4783);
#4682=FILL_AREA_STYLE_COLOUR('',#4783);
#4683=FILL_AREA_STYLE_COLOUR('',#20);
#4684=FILL_AREA_STYLE_COLOUR('',#20);
#4685=FILL_AREA_STYLE_COLOUR('',#4783);
#4686=FILL_AREA_STYLE_COLOUR('',#4783);
#4687=FILL_AREA_STYLE_COLOUR('',#4783);
#4688=FILL_AREA_STYLE_COLOUR('',#4783);
#4689=FILL_AREA_STYLE_COLOUR('',#4783);
#4690=FILL_AREA_STYLE_COLOUR('',#20);
#4691=FILL_AREA_STYLE_COLOUR('',#20);
#4692=FILL_AREA_STYLE_COLOUR('',#4783);
#4693=FILL_AREA_STYLE_COLOUR('',#4783);
#4694=FILL_AREA_STYLE_COLOUR('',#4783);
#4695=FILL_AREA_STYLE_COLOUR('',#4783);
#4696=FILL_AREA_STYLE_COLOUR('',#4783);
#4697=FILL_AREA_STYLE_COLOUR('',#20);
#4698=FILL_AREA_STYLE_COLOUR('',#20);
#4699=FILL_AREA_STYLE_COLOUR('',#20);
#4700=FILL_AREA_STYLE_COLOUR('',#4785);
#4701=FILL_AREA_STYLE_COLOUR('',#4785);
#4702=FILL_AREA_STYLE_COLOUR('',#4785);
#4703=FILL_AREA_STYLE_COLOUR('',#4786);
#4704=FILL_AREA_STYLE_COLOUR('',#4785);
#4705=FILL_AREA_STYLE_COLOUR('',#4785);
#4706=FILL_AREA_STYLE_COLOUR('',#4785);
#4707=FILL_AREA_STYLE_COLOUR('',#4785);
#4708=FILL_AREA_STYLE_COLOUR('',#4785);
#4709=FILL_AREA_STYLE_COLOUR('',#4785);
#4710=FILL_AREA_STYLE_COLOUR('',#4786);
#4711=FILL_AREA_STYLE_COLOUR('',#4785);
#4712=FILL_AREA_STYLE_COLOUR('',#4785);
#4713=FILL_AREA_STYLE_COLOUR('',#4785);
#4714=FILL_AREA_STYLE_COLOUR('',#4785);
#4715=FILL_AREA_STYLE_COLOUR('',#4785);
#4716=FILL_AREA_STYLE_COLOUR('',#4785);
#4717=FILL_AREA_STYLE_COLOUR('',#4784);
#4718=FILL_AREA_STYLE_COLOUR('',#4784);
#4719=FILL_AREA_STYLE_COLOUR('',#4784);
#4720=FILL_AREA_STYLE_COLOUR('',#4784);
#4721=FILL_AREA_STYLE_COLOUR('',#4784);
#4722=FILL_AREA_STYLE_COLOUR('',#4785);
#4723=FILL_AREA_STYLE_COLOUR('',#4784);
#4724=FILL_AREA_STYLE_COLOUR('',#4784);
#4725=FILL_AREA_STYLE_COLOUR('',#4784);
#4726=FILL_AREA_STYLE_COLOUR('',#4784);
#4727=FILL_AREA_STYLE_COLOUR('',#4784);
#4728=FILL_AREA_STYLE_COLOUR('',#4784);
#4729=FILL_AREA_STYLE_COLOUR('',#4784);
#4730=FILL_AREA_STYLE_COLOUR('',#4785);
#4731=FILL_AREA_STYLE_COLOUR('',#4784);
#4732=FILL_AREA_STYLE_COLOUR('',#4784);
#4733=FILL_AREA_STYLE_COLOUR('',#4784);
#4734=FILL_AREA_STYLE_COLOUR('',#4784);
#4735=FILL_AREA_STYLE_COLOUR('',#4784);
#4736=FILL_AREA_STYLE_COLOUR('',#4785);
#4737=FILL_AREA_STYLE_COLOUR('',#4784);
#4738=FILL_AREA_STYLE_COLOUR('',#4784);
#4739=FILL_AREA_STYLE_COLOUR('',#4784);
#4740=FILL_AREA_STYLE_COLOUR('',#4784);
#4741=FILL_AREA_STYLE_COLOUR('',#4784);
#4742=FILL_AREA_STYLE_COLOUR('',#4784);
#4743=FILL_AREA_STYLE_COLOUR('',#4784);
#4744=FILL_AREA_STYLE_COLOUR('',#4785);
#4745=FILL_AREA_STYLE_COLOUR('',#4784);
#4746=FILL_AREA_STYLE_COLOUR('',#4784);
#4747=FILL_AREA_STYLE_COLOUR('',#4784);
#4748=FILL_AREA_STYLE_COLOUR('',#4784);
#4749=FILL_AREA_STYLE_COLOUR('',#4784);
#4750=FILL_AREA_STYLE_COLOUR('',#4785);
#4751=FILL_AREA_STYLE_COLOUR('',#4784);
#4752=FILL_AREA_STYLE_COLOUR('',#4784);
#4753=FILL_AREA_STYLE_COLOUR('',#4784);
#4754=FILL_AREA_STYLE_COLOUR('',#4784);
#4755=FILL_AREA_STYLE_COLOUR('',#4784);
#4756=FILL_AREA_STYLE_COLOUR('',#4784);
#4757=FILL_AREA_STYLE_COLOUR('',#4784);
#4758=FILL_AREA_STYLE_COLOUR('',#4785);
#4759=FILL_AREA_STYLE_COLOUR('',#4784);
#4760=FILL_AREA_STYLE_COLOUR('',#4784);
#4761=FILL_AREA_STYLE_COLOUR('',#4785);
#4762=FILL_AREA_STYLE_COLOUR('',#4784);
#4763=FILL_AREA_STYLE_COLOUR('',#4784);
#4764=FILL_AREA_STYLE_COLOUR('',#4784);
#4765=FILL_AREA_STYLE_COLOUR('',#4784);
#4766=FILL_AREA_STYLE_COLOUR('',#4784);
#4767=FILL_AREA_STYLE_COLOUR('',#4784);
#4768=FILL_AREA_STYLE_COLOUR('',#4784);
#4769=FILL_AREA_STYLE_COLOUR('',#4784);
#4770=FILL_AREA_STYLE_COLOUR('',#4785);
#4771=FILL_AREA_STYLE_COLOUR('',#4784);
#4772=FILL_AREA_STYLE_COLOUR('',#4784);
#4773=FILL_AREA_STYLE_COLOUR('',#4784);
#4774=FILL_AREA_STYLE_COLOUR('',#4784);
#4775=FILL_AREA_STYLE_COLOUR('',#4784);
#4776=FILL_AREA_STYLE_COLOUR('',#4784);
#4777=FILL_AREA_STYLE_COLOUR('',#4784);
#4778=FILL_AREA_STYLE_COLOUR('',#4785);
#4779=FILL_AREA_STYLE_COLOUR('',#4785);
#4780=FILL_AREA_STYLE_COLOUR('',#4785);
#4781=FILL_AREA_STYLE_COLOUR('',#4785);
#4782=FILL_AREA_STYLE_COLOUR('',#4785);
#4783=COLOUR_RGB('',0.949019607843137,0.76078431372549,0.180392156862745);
#4784=COLOUR_RGB('',0.831372549019608,0.83921568627451,0.831372549019608);
#4785=COLOUR_RGB('',0.298039215686275,0.298039215686275,0.298039215686275);
#4786=COLOUR_RGB('',1.,0.937254901960784,0.137254901960784);
#4787=ADVANCED_FACE('',(#3275,#3276),#3497,.F.);
#4788=ADVANCED_FACE('',(#3277,#3278),#3498,.F.);
#4789=ADVANCED_FACE('',(#3279,#3280),#3499,.F.);
#4790=ADVANCED_FACE('',(#3281,#3282),#3500,.F.);
#4791=ADVANCED_FACE('',(#3283,#3284),#3501,.F.);
#4792=ADVANCED_FACE('',(#3285,#3286),#3502,.F.);
#4793=ADVANCED_FACE('',(#3287),#929,.F.);
#4794=ADVANCED_FACE('',(#3288),#930,.F.);
#4795=ADVANCED_FACE('',(#3289),#931,.F.);
#4796=ADVANCED_FACE('',(#3290),#932,.F.);
#4797=ADVANCED_FACE('',(#3291),#933,.F.);
#4798=ADVANCED_FACE('',(#3292),#934,.F.);
#4799=ADVANCED_FACE('',(#3293),#935,.F.);
#4800=ADVANCED_FACE('',(#3294),#936,.F.);
#4801=ADVANCED_FACE('',(#3295),#937,.F.);
#4802=ADVANCED_FACE('',(#3296),#938,.T.);
#4803=ADVANCED_FACE('',(#3297),#939,.T.);
#4804=ADVANCED_FACE('',(#3298),#940,.T.);
#4805=ADVANCED_FACE('',(#3299),#941,.T.);
#4806=ADVANCED_FACE('',(#3300,#3301,#3302,#3303,#3304,#3305),#942,.T.);
#4807=ADVANCED_FACE('',(#3306),#943,.T.);
#4808=ADVANCED_FACE('',(#3307),#944,.T.);
#4809=ADVANCED_FACE('',(#3308),#945,.T.);
#4810=ADVANCED_FACE('',(#3309),#946,.T.);
#4811=ADVANCED_FACE('',(#3310),#947,.T.);
#4812=ADVANCED_FACE('',(#3311,#3312,#3313,#3314,#3315,#3316),#948,.T.);
#4813=ADVANCED_FACE('',(#3317),#949,.F.);
#4814=ADVANCED_FACE('',(#3318),#950,.T.);
#4815=ADVANCED_FACE('',(#3319),#951,.F.);
#4816=ADVANCED_FACE('',(#3320),#3503,.F.);
#4817=ADVANCED_FACE('',(#3321),#952,.F.);
#4818=ADVANCED_FACE('',(#3322),#3504,.T.);
#4819=ADVANCED_FACE('',(#3323),#953,.T.);
#4820=ADVANCED_FACE('',(#3324),#954,.T.);
#4821=ADVANCED_FACE('',(#3325),#955,.T.);
#4822=ADVANCED_FACE('',(#3326),#956,.T.);
#4823=ADVANCED_FACE('',(#3327),#957,.T.);
#4824=ADVANCED_FACE('',(#3328),#958,.T.);
#4825=ADVANCED_FACE('',(#3329),#959,.T.);
#4826=ADVANCED_FACE('',(#3330),#960,.T.);
#4827=ADVANCED_FACE('',(#3331),#3505,.F.);
#4828=ADVANCED_FACE('',(#3332),#961,.T.);
#4829=ADVANCED_FACE('',(#3333),#3506,.T.);
#4830=ADVANCED_FACE('',(#3334),#962,.T.);
#4831=ADVANCED_FACE('',(#3335),#3507,.T.);
#4832=ADVANCED_FACE('',(#3336),#963,.T.);
#4833=ADVANCED_FACE('',(#3337),#3508,.F.);
#4834=ADVANCED_FACE('',(#3338),#964,.T.);
#4835=ADVANCED_FACE('',(#3339),#965,.T.);
#4836=ADVANCED_FACE('',(#3340),#966,.T.);
#4837=ADVANCED_FACE('',(#3341),#967,.T.);
#4838=ADVANCED_FACE('',(#3342),#968,.T.);
#4839=ADVANCED_FACE('',(#3343),#969,.T.);
#4840=ADVANCED_FACE('',(#3344),#970,.T.);
#4841=ADVANCED_FACE('',(#3345),#971,.T.);
#4842=ADVANCED_FACE('',(#3346),#972,.T.);
#4843=ADVANCED_FACE('',(#3347),#973,.F.);
#4844=ADVANCED_FACE('',(#3348),#974,.T.);
#4845=ADVANCED_FACE('',(#3349),#975,.T.);
#4846=ADVANCED_FACE('',(#3350),#3509,.F.);
#4847=ADVANCED_FACE('',(#3351),#976,.T.);
#4848=ADVANCED_FACE('',(#3352),#3510,.T.);
#4849=ADVANCED_FACE('',(#3353),#977,.T.);
#4850=ADVANCED_FACE('',(#3354),#3511,.T.);
#4851=ADVANCED_FACE('',(#3355),#978,.T.);
#4852=ADVANCED_FACE('',(#3356),#3512,.F.);
#4853=ADVANCED_FACE('',(#3357),#3513,.F.);
#4854=ADVANCED_FACE('',(#3358),#979,.T.);
#4855=ADVANCED_FACE('',(#3359),#3514,.T.);
#4856=ADVANCED_FACE('',(#3360),#980,.T.);
#4857=ADVANCED_FACE('',(#3361),#3515,.T.);
#4858=ADVANCED_FACE('',(#3362),#981,.T.);
#4859=ADVANCED_FACE('',(#3363),#3516,.F.);
#4860=ADVANCED_FACE('',(#3364),#3517,.F.);
#4861=ADVANCED_FACE('',(#3365),#982,.T.);
#4862=ADVANCED_FACE('',(#3366),#3518,.T.);
#4863=ADVANCED_FACE('',(#3367),#983,.T.);
#4864=ADVANCED_FACE('',(#3368),#3519,.T.);
#4865=ADVANCED_FACE('',(#3369),#984,.T.);
#4866=ADVANCED_FACE('',(#3370),#3520,.F.);
#4867=ADVANCED_FACE('',(#3371),#3521,.F.);
#4868=ADVANCED_FACE('',(#3372),#985,.T.);
#4869=ADVANCED_FACE('',(#3373),#3522,.T.);
#4870=ADVANCED_FACE('',(#3374),#986,.T.);
#4871=ADVANCED_FACE('',(#3375),#3523,.T.);
#4872=ADVANCED_FACE('',(#3376),#987,.T.);
#4873=ADVANCED_FACE('',(#3377),#3524,.F.);
#4874=ADVANCED_FACE('',(#3378),#3525,.F.);
#4875=ADVANCED_FACE('',(#3379),#988,.T.);
#4876=ADVANCED_FACE('',(#3380),#3526,.T.);
#4877=ADVANCED_FACE('',(#3381),#989,.T.);
#4878=ADVANCED_FACE('',(#3382),#3527,.T.);
#4879=ADVANCED_FACE('',(#3383),#990,.T.);
#4880=ADVANCED_FACE('',(#3384),#3528,.F.);
#4881=ADVANCED_FACE('',(#3385),#3529,.T.);
#4882=ADVANCED_FACE('',(#3386),#991,.F.);
#4883=ADVANCED_FACE('',(#3387),#992,.T.);
#4884=ADVANCED_FACE('',(#3388),#993,.T.);
#4885=ADVANCED_FACE('',(#3389),#994,.T.);
#4886=ADVANCED_FACE('',(#3390),#995,.F.);
#4887=ADVANCED_FACE('',(#3391,#3392),#996,.T.);
#4888=ADVANCED_FACE('',(#3393),#997,.F.);
#4889=ADVANCED_FACE('',(#3394),#998,.F.);
#4890=ADVANCED_FACE('',(#3395),#999,.T.);
#4891=ADVANCED_FACE('',(#3396),#1000,.F.);
#4892=ADVANCED_FACE('',(#3397),#1001,.F.);
#4893=ADVANCED_FACE('',(#3398),#1002,.T.);
#4894=ADVANCED_FACE('',(#3399),#1003,.T.);
#4895=ADVANCED_FACE('',(#3400),#1004,.F.);
#4896=ADVANCED_FACE('',(#3401),#1005,.F.);
#4897=ADVANCED_FACE('',(#3402),#1006,.F.);
#4898=ADVANCED_FACE('',(#3403),#1007,.F.);
#4899=ADVANCED_FACE('',(#3404),#1008,.F.);
#4900=ADVANCED_FACE('',(#3405),#1009,.F.);
#4901=ADVANCED_FACE('',(#3406),#1010,.F.);
#4902=ADVANCED_FACE('',(#3407),#1011,.T.);
#4903=ADVANCED_FACE('',(#3408),#1012,.T.);
#4904=ADVANCED_FACE('',(#3409),#1013,.T.);
#4905=ADVANCED_FACE('',(#3410),#1014,.T.);
#4906=ADVANCED_FACE('',(#3411),#1015,.T.);
#4907=ADVANCED_FACE('',(#3412),#1016,.T.);
#4908=ADVANCED_FACE('',(#3413),#1017,.T.);
#4909=ADVANCED_FACE('',(#3414),#1018,.T.);
#4910=ADVANCED_FACE('',(#3415),#1019,.T.);
#4911=ADVANCED_FACE('',(#3416),#1020,.T.);
#4912=ADVANCED_FACE('',(#3417),#1021,.T.);
#4913=ADVANCED_FACE('',(#3418),#1022,.T.);
#4914=ADVANCED_FACE('',(#3419),#1023,.F.);
#4915=ADVANCED_FACE('',(#3420),#1024,.F.);
#4916=ADVANCED_FACE('',(#3421),#1025,.T.);
#4917=ADVANCED_FACE('',(#3422),#1026,.T.);
#4918=ADVANCED_FACE('',(#3423),#1027,.T.);
#4919=ADVANCED_FACE('',(#3424),#1028,.T.);
#4920=ADVANCED_FACE('',(#3425),#1029,.T.);
#4921=ADVANCED_FACE('',(#3426),#1030,.T.);
#4922=ADVANCED_FACE('',(#3427),#1031,.T.);
#4923=ADVANCED_FACE('',(#3428),#1032,.T.);
#4924=ADVANCED_FACE('',(#3429),#1033,.T.);
#4925=ADVANCED_FACE('',(#3430),#1034,.T.);
#4926=ADVANCED_FACE('',(#3431),#1035,.T.);
#4927=ADVANCED_FACE('',(#3432),#1036,.T.);
#4928=ADVANCED_FACE('',(#3433),#1037,.F.);
#4929=ADVANCED_FACE('',(#3434),#1038,.F.);
#4930=ADVANCED_FACE('',(#3435),#1039,.T.);
#4931=ADVANCED_FACE('',(#3436),#1040,.T.);
#4932=ADVANCED_FACE('',(#3437),#1041,.T.);
#4933=ADVANCED_FACE('',(#3438),#1042,.T.);
#4934=ADVANCED_FACE('',(#3439),#1043,.T.);
#4935=ADVANCED_FACE('',(#3440),#1044,.T.);
#4936=ADVANCED_FACE('',(#3441),#1045,.T.);
#4937=ADVANCED_FACE('',(#3442),#1046,.T.);
#4938=ADVANCED_FACE('',(#3443),#1047,.T.);
#4939=ADVANCED_FACE('',(#3444),#1048,.T.);
#4940=ADVANCED_FACE('',(#3445),#1049,.T.);
#4941=ADVANCED_FACE('',(#3446),#1050,.T.);
#4942=ADVANCED_FACE('',(#3447),#1051,.T.);
#4943=ADVANCED_FACE('',(#3448),#1052,.T.);
#4944=ADVANCED_FACE('',(#3449),#1053,.T.);
#4945=ADVANCED_FACE('',(#3450),#1054,.T.);
#4946=ADVANCED_FACE('',(#3451),#1055,.T.);
#4947=ADVANCED_FACE('',(#3452),#1056,.T.);
#4948=ADVANCED_FACE('',(#3453),#1057,.T.);
#4949=ADVANCED_FACE('',(#3454),#1058,.T.);
#4950=ADVANCED_FACE('',(#3455),#1059,.T.);
#4951=ADVANCED_FACE('',(#3456),#1060,.T.);
#4952=ADVANCED_FACE('',(#3457),#1061,.T.);
#4953=ADVANCED_FACE('',(#3458),#1062,.T.);
#4954=ADVANCED_FACE('',(#3459),#1063,.T.);
#4955=ADVANCED_FACE('',(#3460),#1064,.T.);
#4956=ADVANCED_FACE('',(#3461),#1065,.T.);
#4957=ADVANCED_FACE('',(#3462),#1066,.T.);
#4958=ADVANCED_FACE('',(#3463),#1067,.T.);
#4959=ADVANCED_FACE('',(#3464),#1068,.T.);
#4960=ADVANCED_FACE('',(#3465),#1069,.T.);
#4961=ADVANCED_FACE('',(#3466),#1070,.T.);
#4962=ADVANCED_FACE('',(#3467),#1071,.T.);
#4963=ADVANCED_FACE('',(#3468),#1072,.T.);
#4964=ADVANCED_FACE('',(#3469),#1073,.T.);
#4965=ADVANCED_FACE('',(#3470),#1074,.T.);
#4966=ADVANCED_FACE('',(#3471,#3472,#3473,#3474,#3475,#3476,#3477,#3478,
#3479,#3480,#3481,#3482,#3483,#3484,#3485,#3486,#3487),#1075,.T.);
#4967=ADVANCED_FACE('',(#3488,#3489,#3490,#3491,#3492,#3493,#3494,#3495,
#3496),#1076,.F.);
#4968=CLOSED_SHELL('',(#4787,#4788,#4789,#4790,#4791,#4792,#4793,#4794,
#4795,#4796,#4797,#4798,#4799,#4800,#4801,#4802,#4803,#4804,#4805,#4806,
#4807,#4808,#4809,#4810,#4811,#4812,#4813,#4814,#4815,#4816,#4817,#4818,
#4819,#4820,#4821,#4822,#4823,#4824,#4825,#4826,#4827,#4828,#4829,#4830,
#4831,#4832,#4833,#4834,#4835,#4836,#4837,#4838,#4839,#4840,#4841,#4842,
#4843,#4844,#4845,#4846,#4847,#4848,#4849,#4850,#4851,#4852,#4853,#4854,
#4855,#4856,#4857,#4858,#4859,#4860,#4861,#4862,#4863,#4864,#4865,#4866,
#4867,#4868,#4869,#4870,#4871,#4872,#4873,#4874,#4875,#4876,#4877,#4878,
#4879,#4880,#4881,#4882,#4883,#4884,#4885,#4886,#4887,#4888,#4889,#4890,
#4891,#4892,#4893,#4894,#4895,#4896,#4897,#4898,#4899,#4900,#4901,#4902,
#4903,#4904,#4905,#4906,#4907,#4908,#4909,#4910,#4911,#4912,#4913,#4914,
#4915,#4916,#4917,#4918,#4919,#4920,#4921,#4922,#4923,#4924,#4925,#4926,
#4927,#4928,#4929,#4930,#4931,#4932,#4933,#4934,#4935,#4936,#4937,#4938,
#4939,#4940,#4941,#4942,#4943,#4944,#4945,#4946,#4947,#4948,#4949,#4950,
#4951,#4952,#4953,#4954,#4955,#4956,#4957,#4958,#4959,#4960,#4961,#4962,
#4963,#4964,#4965,#4966,#4967));
#4969=MANIFOLD_SOLID_BREP('PBO-5F Series',#4968);
#4970=SHAPE_DEFINITION_REPRESENTATION(#7228,#4971);
#4971=SHAPE_REPRESENTATION('PBO-5F Series',(#4972),#7223);
#4972=AXIS2_PLACEMENT_3D('',#6170,#5220,#5221);
#4973=AXIS2_PLACEMENT_3D('',#6171,#5222,#5223);
#4974=AXIS2_PLACEMENT_3D('',#6172,#5224,#5225);
#4975=AXIS2_PLACEMENT_3D('',#6174,#5226,#5227);
#4976=AXIS2_PLACEMENT_3D('',#6176,#5228,#5229);
#4977=AXIS2_PLACEMENT_3D('',#6177,#5230,#5231);
#4978=AXIS2_PLACEMENT_3D('',#6179,#5232,#5233);
#4979=AXIS2_PLACEMENT_3D('',#6181,#5234,#5235);
#4980=AXIS2_PLACEMENT_3D('',#6182,#5236,#5237);
#4981=AXIS2_PLACEMENT_3D('',#6184,#5238,#5239);
#4982=AXIS2_PLACEMENT_3D('',#6186,#5240,#5241);
#4983=AXIS2_PLACEMENT_3D('',#6187,#5242,#5243);
#4984=AXIS2_PLACEMENT_3D('',#6189,#5244,#5245);
#4985=AXIS2_PLACEMENT_3D('',#6191,#5246,#5247);
#4986=AXIS2_PLACEMENT_3D('',#6192,#5248,#5249);
#4987=AXIS2_PLACEMENT_3D('',#6194,#5250,#5251);
#4988=AXIS2_PLACEMENT_3D('',#6196,#5252,#5253);
#4989=AXIS2_PLACEMENT_3D('',#6197,#5254,#5255);
#4990=AXIS2_PLACEMENT_3D('',#6199,#5256,#5257);
#4991=AXIS2_PLACEMENT_3D('',#6201,#5258,#5259);
#4992=AXIS2_PLACEMENT_3D('',#6218,#5268,#5269);
#4993=AXIS2_PLACEMENT_3D('',#6235,#5278,#5279);
#4994=AXIS2_PLACEMENT_3D('',#6244,#5284,#5285);
#4995=AXIS2_PLACEMENT_3D('',#6253,#5290,#5291);
#4996=AXIS2_PLACEMENT_3D('',#6262,#5296,#5297);
#4997=AXIS2_PLACEMENT_3D('',#6271,#5302,#5303);
#4998=AXIS2_PLACEMENT_3D('',#6277,#5307,#5308);
#4999=AXIS2_PLACEMENT_3D('',#6291,#5316,#5317);
#5000=AXIS2_PLACEMENT_3D('',#6308,#5326,#5327);
#5001=AXIS2_PLACEMENT_3D('',#6314,#5331,#5332);
#5002=AXIS2_PLACEMENT_3D('',#6325,#5339,#5340);
#5003=AXIS2_PLACEMENT_3D('',#6342,#5349,#5350);
#5004=AXIS2_PLACEMENT_3D('',#6344,#5352,#5353);
#5005=AXIS2_PLACEMENT_3D('',#6383,#5374,#5375);
#5006=AXIS2_PLACEMENT_3D('',#6401,#5385,#5386);
#5007=AXIS2_PLACEMENT_3D('',#6407,#5390,#5391);
#5008=AXIS2_PLACEMENT_3D('',#6411,#5394,#5395);
#5009=AXIS2_PLACEMENT_3D('',#6415,#5398,#5399);
#5010=AXIS2_PLACEMENT_3D('',#6417,#5401,#5402);
#5011=AXIS2_PLACEMENT_3D('',#6454,#5423,#5424);
#5012=AXIS2_PLACEMENT_3D('',#6458,#5427,#5428);
#5013=AXIS2_PLACEMENT_3D('',#6475,#5438,#5439);
#5014=AXIS2_PLACEMENT_3D('',#6480,#5442,#5443);
#5015=AXIS2_PLACEMENT_3D('',#6481,#5444,#5445);
#5016=AXIS2_PLACEMENT_3D('',#6484,#5447,#5448);
#5017=AXIS2_PLACEMENT_3D('',#6487,#5450,#5451);
#5018=AXIS2_PLACEMENT_3D('',#6493,#5455,#5456);
#5019=AXIS2_PLACEMENT_3D('',#6497,#5458,#5459);
#5020=AXIS2_PLACEMENT_3D('',#6498,#5460,#5461);
#5021=AXIS2_PLACEMENT_3D('',#6499,#5462,#5463);
#5022=AXIS2_PLACEMENT_3D('',#6508,#5468,#5469);
#5023=AXIS2_PLACEMENT_3D('',#6517,#5474,#5475);
#5024=AXIS2_PLACEMENT_3D('',#6526,#5480,#5481);
#5025=AXIS2_PLACEMENT_3D('',#6535,#5486,#5487);
#5026=AXIS2_PLACEMENT_3D('',#6544,#5492,#5493);
#5027=AXIS2_PLACEMENT_3D('',#6553,#5498,#5499);
#5028=AXIS2_PLACEMENT_3D('',#6562,#5504,#5505);
#5029=AXIS2_PLACEMENT_3D('',#6568,#5509,#5510);
#5030=AXIS2_PLACEMENT_3D('',#6569,#5511,#5512);
#5031=AXIS2_PLACEMENT_3D('',#6573,#5514,#5515);
#5032=AXIS2_PLACEMENT_3D('',#6574,#5516,#5517);
#5033=AXIS2_PLACEMENT_3D('',#6580,#5521,#5522);
#5034=AXIS2_PLACEMENT_3D('',#6581,#5523,#5524);
#5035=AXIS2_PLACEMENT_3D('',#6585,#5526,#5527);
#5036=AXIS2_PLACEMENT_3D('',#6586,#5528,#5529);
#5037=AXIS2_PLACEMENT_3D('',#6592,#5533,#5534);
#5038=AXIS2_PLACEMENT_3D('',#6593,#5535,#5536);
#5039=AXIS2_PLACEMENT_3D('',#6597,#5538,#5539);
#5040=AXIS2_PLACEMENT_3D('',#6598,#5540,#5541);
#5041=AXIS2_PLACEMENT_3D('',#6604,#5545,#5546);
#5042=AXIS2_PLACEMENT_3D('',#6605,#5547,#5548);
#5043=AXIS2_PLACEMENT_3D('',#6606,#5549,#5550);
#5044=AXIS2_PLACEMENT_3D('',#6607,#5551,#5552);
#5045=AXIS2_PLACEMENT_3D('',#6613,#5556,#5557);
#5046=AXIS2_PLACEMENT_3D('',#6619,#5561,#5562);
#5047=AXIS2_PLACEMENT_3D('',#6630,#5569,#5570);
#5048=AXIS2_PLACEMENT_3D('',#6636,#5574,#5575);
#5049=AXIS2_PLACEMENT_3D('',#6642,#5579,#5580);
#5050=AXIS2_PLACEMENT_3D('',#6645,#5583,#5584);
#5051=AXIS2_PLACEMENT_3D('',#6646,#5585,#5586);
#5052=AXIS2_PLACEMENT_3D('',#6655,#5591,#5592);
#5053=AXIS2_PLACEMENT_3D('',#6661,#5596,#5597);
#5054=AXIS2_PLACEMENT_3D('',#6665,#5600,#5601);
#5055=AXIS2_PLACEMENT_3D('',#6669,#5604,#5605);
#5056=AXIS2_PLACEMENT_3D('',#6671,#5607,#5608);
#5057=AXIS2_PLACEMENT_3D('',#6672,#5609,#5610);
#5058=AXIS2_PLACEMENT_3D('',#6676,#5612,#5613);
#5059=AXIS2_PLACEMENT_3D('',#6677,#5614,#5615);
#5060=AXIS2_PLACEMENT_3D('',#6683,#5619,#5620);
#5061=AXIS2_PLACEMENT_3D('',#6684,#5621,#5622);
#5062=AXIS2_PLACEMENT_3D('',#6688,#5624,#5625);
#5063=AXIS2_PLACEMENT_3D('',#6689,#5626,#5627);
#5064=AXIS2_PLACEMENT_3D('',#6695,#5631,#5632);
#5065=AXIS2_PLACEMENT_3D('',#6696,#5633,#5634);
#5066=AXIS2_PLACEMENT_3D('',#6700,#5636,#5637);
#5067=AXIS2_PLACEMENT_3D('',#6701,#5638,#5639);
#5068=AXIS2_PLACEMENT_3D('',#6707,#5643,#5644);
#5069=AXIS2_PLACEMENT_3D('',#6708,#5645,#5646);
#5070=AXIS2_PLACEMENT_3D('',#6709,#5647,#5648);
#5071=AXIS2_PLACEMENT_3D('',#6710,#5649,#5650);
#5072=AXIS2_PLACEMENT_3D('',#6711,#5651,#5652);
#5073=AXIS2_PLACEMENT_3D('',#6715,#5654,#5655);
#5074=AXIS2_PLACEMENT_3D('',#6716,#5656,#5657);
#5075=AXIS2_PLACEMENT_3D('',#6722,#5661,#5662);
#5076=AXIS2_PLACEMENT_3D('',#6726,#5664,#5665);
#5077=AXIS2_PLACEMENT_3D('',#6727,#5666,#5667);
#5078=AXIS2_PLACEMENT_3D('',#6728,#5668,#5669);
#5079=AXIS2_PLACEMENT_3D('',#6734,#5673,#5674);
#5080=AXIS2_PLACEMENT_3D('',#6738,#5676,#5677);
#5081=AXIS2_PLACEMENT_3D('',#6739,#5678,#5679);
#5082=AXIS2_PLACEMENT_3D('',#6740,#5680,#5681);
#5083=AXIS2_PLACEMENT_3D('',#6746,#5685,#5686);
#5084=AXIS2_PLACEMENT_3D('',#6747,#5687,#5688);
#5085=AXIS2_PLACEMENT_3D('',#6748,#5689,#5690);
#5086=AXIS2_PLACEMENT_3D('',#6749,#5691,#5692);
#5087=AXIS2_PLACEMENT_3D('',#6750,#5693,#5694);
#5088=AXIS2_PLACEMENT_3D('',#6754,#5696,#5697);
#5089=AXIS2_PLACEMENT_3D('',#6755,#5698,#5699);
#5090=AXIS2_PLACEMENT_3D('',#6761,#5703,#5704);
#5091=AXIS2_PLACEMENT_3D('',#6762,#5705,#5706);
#5092=AXIS2_PLACEMENT_3D('',#6766,#5708,#5709);
#5093=AXIS2_PLACEMENT_3D('',#6767,#5710,#5711);
#5094=AXIS2_PLACEMENT_3D('',#6773,#5715,#5716);
#5095=AXIS2_PLACEMENT_3D('',#6774,#5717,#5718);
#5096=AXIS2_PLACEMENT_3D('',#6778,#5720,#5721);
#5097=AXIS2_PLACEMENT_3D('',#6779,#5722,#5723);
#5098=AXIS2_PLACEMENT_3D('',#6785,#5727,#5728);
#5099=AXIS2_PLACEMENT_3D('',#6786,#5729,#5730);
#5100=AXIS2_PLACEMENT_3D('',#6787,#5731,#5732);
#5101=AXIS2_PLACEMENT_3D('',#6788,#5733,#5734);
#5102=AXIS2_PLACEMENT_3D('',#6789,#5735,#5736);
#5103=AXIS2_PLACEMENT_3D('',#6793,#5738,#5739);
#5104=AXIS2_PLACEMENT_3D('',#6794,#5740,#5741);
#5105=AXIS2_PLACEMENT_3D('',#6800,#5745,#5746);
#5106=AXIS2_PLACEMENT_3D('',#6801,#5747,#5748);
#5107=AXIS2_PLACEMENT_3D('',#6805,#5750,#5751);
#5108=AXIS2_PLACEMENT_3D('',#6806,#5752,#5753);
#5109=AXIS2_PLACEMENT_3D('',#6812,#5757,#5758);
#5110=AXIS2_PLACEMENT_3D('',#6813,#5759,#5760);
#5111=AXIS2_PLACEMENT_3D('',#6817,#5762,#5763);
#5112=AXIS2_PLACEMENT_3D('',#6818,#5764,#5765);
#5113=AXIS2_PLACEMENT_3D('',#6824,#5769,#5770);
#5114=AXIS2_PLACEMENT_3D('',#6825,#5771,#5772);
#5115=AXIS2_PLACEMENT_3D('',#6826,#5773,#5774);
#5116=AXIS2_PLACEMENT_3D('',#6827,#5775,#5776);
#5117=AXIS2_PLACEMENT_3D('',#6828,#5777,#5778);
#5118=AXIS2_PLACEMENT_3D('',#6832,#5780,#5781);
#5119=AXIS2_PLACEMENT_3D('',#6833,#5782,#5783);
#5120=AXIS2_PLACEMENT_3D('',#6839,#5787,#5788);
#5121=AXIS2_PLACEMENT_3D('',#6840,#5789,#5790);
#5122=AXIS2_PLACEMENT_3D('',#6844,#5792,#5793);
#5123=AXIS2_PLACEMENT_3D('',#6845,#5794,#5795);
#5124=AXIS2_PLACEMENT_3D('',#6851,#5799,#5800);
#5125=AXIS2_PLACEMENT_3D('',#6852,#5801,#5802);
#5126=AXIS2_PLACEMENT_3D('',#6856,#5804,#5805);
#5127=AXIS2_PLACEMENT_3D('',#6857,#5806,#5807);
#5128=AXIS2_PLACEMENT_3D('',#6863,#5811,#5812);
#5129=AXIS2_PLACEMENT_3D('',#6864,#5813,#5814);
#5130=AXIS2_PLACEMENT_3D('',#6865,#5815,#5816);
#5131=AXIS2_PLACEMENT_3D('',#6866,#5817,#5818);
#5132=AXIS2_PLACEMENT_3D('',#6867,#5819,#5820);
#5133=AXIS2_PLACEMENT_3D('',#6871,#5822,#5823);
#5134=AXIS2_PLACEMENT_3D('',#6872,#5824,#5825);
#5135=AXIS2_PLACEMENT_3D('',#6875,#5828,#5829);
#5136=AXIS2_PLACEMENT_3D('',#6881,#5833,#5834);
#5137=AXIS2_PLACEMENT_3D('',#6885,#5837,#5838);
#5138=AXIS2_PLACEMENT_3D('',#6889,#5841,#5842);
#5139=AXIS2_PLACEMENT_3D('',#6891,#5844,#5845);
#5140=AXIS2_PLACEMENT_3D('',#6901,#5851,#5852);
#5141=AXIS2_PLACEMENT_3D('',#6902,#5853,#5854);
#5142=AXIS2_PLACEMENT_3D('',#6908,#5858,#5859);
#5143=AXIS2_PLACEMENT_3D('',#6912,#5862,#5863);
#5144=AXIS2_PLACEMENT_3D('',#6916,#5866,#5867);
#5145=AXIS2_PLACEMENT_3D('',#6918,#5869,#5870);
#5146=AXIS2_PLACEMENT_3D('',#6919,#5871,#5872);
#5147=AXIS2_PLACEMENT_3D('',#6921,#5874,#5875);
#5148=AXIS2_PLACEMENT_3D('',#6923,#5877,#5878);
#5149=AXIS2_PLACEMENT_3D('',#6932,#5883,#5884);
#5150=AXIS2_PLACEMENT_3D('',#6941,#5889,#5890);
#5151=AXIS2_PLACEMENT_3D('',#6950,#5895,#5896);
#5152=AXIS2_PLACEMENT_3D('',#6956,#5900,#5901);
#5153=AXIS2_PLACEMENT_3D('',#6967,#5908,#5909);
#5154=AXIS2_PLACEMENT_3D('',#6978,#5916,#5917);
#5155=AXIS2_PLACEMENT_3D('',#6984,#5921,#5922);
#5156=AXIS2_PLACEMENT_3D('',#6992,#5928,#5929);
#5157=AXIS2_PLACEMENT_3D('',#7003,#5936,#5937);
#5158=AXIS2_PLACEMENT_3D('',#7004,#5938,#5939);
#5159=AXIS2_PLACEMENT_3D('',#7006,#5941,#5942);
#5160=AXIS2_PLACEMENT_3D('',#7008,#5944,#5945);
#5161=AXIS2_PLACEMENT_3D('',#7009,#5946,#5947);
#5162=AXIS2_PLACEMENT_3D('',#7012,#5950,#5951);
#5163=AXIS2_PLACEMENT_3D('',#7014,#5953,#5954);
#5164=AXIS2_PLACEMENT_3D('',#7016,#5956,#5957);
#5165=AXIS2_PLACEMENT_3D('',#7017,#5958,#5959);
#5166=AXIS2_PLACEMENT_3D('',#7018,#5960,#5961);
#5167=AXIS2_PLACEMENT_3D('',#7029,#5968,#5969);
#5168=AXIS2_PLACEMENT_3D('',#7040,#5976,#5977);
#5169=AXIS2_PLACEMENT_3D('',#7046,#5981,#5982);
#5170=AXIS2_PLACEMENT_3D('',#7054,#5988,#5989);
#5171=AXIS2_PLACEMENT_3D('',#7065,#5996,#5997);
#5172=AXIS2_PLACEMENT_3D('',#7066,#5998,#5999);
#5173=AXIS2_PLACEMENT_3D('',#7068,#6001,#6002);
#5174=AXIS2_PLACEMENT_3D('',#7070,#6004,#6005);
#5175=AXIS2_PLACEMENT_3D('',#7071,#6006,#6007);
#5176=AXIS2_PLACEMENT_3D('',#7074,#6010,#6011);
#5177=AXIS2_PLACEMENT_3D('',#7076,#6013,#6014);
#5178=AXIS2_PLACEMENT_3D('',#7078,#6016,#6017);
#5179=AXIS2_PLACEMENT_3D('',#7079,#6018,#6019);
#5180=AXIS2_PLACEMENT_3D('',#7080,#6020,#6021);
#5181=AXIS2_PLACEMENT_3D('',#7091,#6028,#6029);
#5182=AXIS2_PLACEMENT_3D('',#7102,#6036,#6037);
#5183=AXIS2_PLACEMENT_3D('',#7108,#6041,#6042);
#5184=AXIS2_PLACEMENT_3D('',#7116,#6048,#6049);
#5185=AXIS2_PLACEMENT_3D('',#7127,#6056,#6057);
#5186=AXIS2_PLACEMENT_3D('',#7128,#6058,#6059);
#5187=AXIS2_PLACEMENT_3D('',#7130,#6061,#6062);
#5188=AXIS2_PLACEMENT_3D('',#7132,#6064,#6065);
#5189=AXIS2_PLACEMENT_3D('',#7133,#6066,#6067);
#5190=AXIS2_PLACEMENT_3D('',#7136,#6070,#6071);
#5191=AXIS2_PLACEMENT_3D('',#7138,#6073,#6074);
#5192=AXIS2_PLACEMENT_3D('',#7140,#6076,#6077);
#5193=AXIS2_PLACEMENT_3D('',#7141,#6078,#6079);
#5194=AXIS2_PLACEMENT_3D('',#7142,#6080,#6081);
#5195=AXIS2_PLACEMENT_3D('',#7153,#6088,#6089);
#5196=AXIS2_PLACEMENT_3D('',#7164,#6096,#6097);
#5197=AXIS2_PLACEMENT_3D('',#7165,#6098,#6099);
#5198=AXIS2_PLACEMENT_3D('',#7167,#6101,#6102);
#5199=AXIS2_PLACEMENT_3D('',#7169,#6104,#6105);
#5200=AXIS2_PLACEMENT_3D('',#7171,#6107,#6108);
#5201=AXIS2_PLACEMENT_3D('',#7173,#6110,#6111);
#5202=AXIS2_PLACEMENT_3D('',#7176,#6114,#6115);
#5203=AXIS2_PLACEMENT_3D('',#7178,#6117,#6118);
#5204=AXIS2_PLACEMENT_3D('',#7180,#6120,#6121);
#5205=AXIS2_PLACEMENT_3D('',#7181,#6122,#6123);
#5206=AXIS2_PLACEMENT_3D('',#7182,#6124,#6125);
#5207=AXIS2_PLACEMENT_3D('',#7184,#6127,#6128);
#5208=AXIS2_PLACEMENT_3D('',#7186,#6130,#6131);
#5209=AXIS2_PLACEMENT_3D('',#7188,#6133,#6134);
#5210=AXIS2_PLACEMENT_3D('',#7190,#6136,#6137);
#5211=AXIS2_PLACEMENT_3D('',#7192,#6139,#6140);
#5212=AXIS2_PLACEMENT_3D('',#7194,#6142,#6143);
#5213=AXIS2_PLACEMENT_3D('',#7195,#6144,#6145);
#5214=AXIS2_PLACEMENT_3D('',#7204,#6150,#6151);
#5215=AXIS2_PLACEMENT_3D('',#7210,#6155,#6156);
#5216=AXIS2_PLACEMENT_3D('',#7216,#6160,#6161);
#5217=AXIS2_PLACEMENT_3D('',#7219,#6164,#6165);
#5218=AXIS2_PLACEMENT_3D('',#7220,#6166,#6167);
#5219=AXIS2_PLACEMENT_3D('',#7221,#6168,#6169);
#5220=DIRECTION('',(0.,0.,1.));
#5221=DIRECTION('',(1.,0.,0.));
#5222=DIRECTION('',(0.,1.,0.));
#5223=DIRECTION('',(1.,0.,-8.67361737988401E-15));
#5224=DIRECTION('',(0.,-1.,0.));
#5225=DIRECTION('',(-1.,0.,8.67361737988401E-15));
#5226=DIRECTION('',(0.,-1.,0.));
#5227=DIRECTION('',(-1.,0.,8.67361737988401E-15));
#5228=DIRECTION('',(0.,1.,0.));
#5229=DIRECTION('',(1.,0.,-8.67361737988401E-15));
#5230=DIRECTION('',(0.,-1.,0.));
#5231=DIRECTION('',(-1.,0.,8.67361737988405E-15));
#5232=DIRECTION('',(0.,-1.,0.));
#5233=DIRECTION('',(-1.,0.,8.67361737988405E-15));
#5234=DIRECTION('',(0.,1.,0.));
#5235=DIRECTION('',(1.,0.,-8.67361737988404E-15));
#5236=DIRECTION('',(0.,-1.,0.));
#5237=DIRECTION('',(-1.,0.,8.67361737988404E-15));
#5238=DIRECTION('',(0.,-1.,0.));
#5239=DIRECTION('',(-1.,0.,8.67361737988404E-15));
#5240=DIRECTION('',(0.,1.,0.));
#5241=DIRECTION('',(1.,0.,-8.67361737988403E-15));
#5242=DIRECTION('',(0.,-1.,0.));
#5243=DIRECTION('',(-1.,0.,8.67361737988405E-15));
#5244=DIRECTION('',(0.,-1.,0.));
#5245=DIRECTION('',(-1.,0.,8.67361737988405E-15));
#5246=DIRECTION('',(0.,1.,0.));
#5247=DIRECTION('',(1.,0.,-8.67361737988405E-15));
#5248=DIRECTION('',(0.,-1.,0.));
#5249=DIRECTION('',(-1.,0.,8.67361737988401E-15));
#5250=DIRECTION('',(0.,-1.,0.));
#5251=DIRECTION('',(-1.,0.,8.67361737988401E-15));
#5252=DIRECTION('',(0.,1.,0.));
#5253=DIRECTION('',(1.,0.,-8.67361737988401E-15));
#5254=DIRECTION('',(0.,-1.,0.));
#5255=DIRECTION('',(-1.,0.,8.67361737988401E-15));
#5256=DIRECTION('',(0.,-1.,0.));
#5257=DIRECTION('',(-1.,0.,8.67361737988401E-15));
#5258=DIRECTION('',(-6.98296267768627E-15,0.,-1.));
#5259=DIRECTION('',(-1.,0.,6.98296267768627E-15));
#5260=DIRECTION('',(-1.,0.,6.98296267768627E-15));
#5261=DIRECTION('',(0.,1.,0.));
#5262=DIRECTION('',(1.,0.,-6.98296267768627E-15));
#5263=DIRECTION('',(-0.242535625036309,-0.970142500145338,1.69361721763786E-15));
#5264=DIRECTION('',(1.,0.,-6.98296267768627E-15));
#5265=DIRECTION('',(0.,1.,0.));
#5266=DIRECTION('',(-1.,0.,6.98296267768627E-15));
#5267=DIRECTION('',(0.242535625036309,0.970142500145338,-1.69361721763786E-15));
#5268=DIRECTION('',(-6.98296267768627E-15,0.,-1.));
#5269=DIRECTION('',(-1.,0.,6.98296267768627E-15));
#5270=DIRECTION('',(-1.,0.,6.98296267768627E-15));
#5271=DIRECTION('',(0.,-1.,0.));
#5272=DIRECTION('',(1.,0.,-6.98296267768627E-15));
#5273=DIRECTION('',(-0.242535625036309,0.970142500145338,1.69361721763786E-15));
#5274=DIRECTION('',(1.,0.,-6.98296267768627E-15));
#5275=DIRECTION('',(0.,1.,0.));
#5276=DIRECTION('',(-1.,0.,6.98296267768627E-15));
#5277=DIRECTION('',(0.242535625036309,-0.970142500145338,-1.69361721763786E-15));
#5278=DIRECTION('',(-0.970142500145338,0.242535625036309,6.77446887055214E-15));
#5279=DIRECTION('',(6.98296267768627E-15,0.,1.));
#5280=DIRECTION('',(6.98296267768627E-15,0.,1.));
#5281=DIRECTION('',(0.242535625036309,0.970142500145338,-1.69361721763786E-15));
#5282=DIRECTION('',(-6.98296267768627E-15,0.,-1.));
#5283=DIRECTION('',(0.242535625036309,0.970142500145338,-1.69361721763786E-15));
#5284=DIRECTION('',(-0.970142500145338,0.242535625036309,6.77446887055214E-15));
#5285=DIRECTION('',(6.98296267768627E-15,0.,1.));
#5286=DIRECTION('',(6.98296267768627E-15,0.,1.));
#5287=DIRECTION('',(0.242535625036309,0.970142500145338,-1.69361721763786E-15));
#5288=DIRECTION('',(-6.98296267768627E-15,0.,-1.));
#5289=DIRECTION('',(0.242535625036309,0.970142500145338,-1.69361721763786E-15));
#5290=DIRECTION('',(-0.970142500145338,0.242535625036309,6.77446887055214E-15));
#5291=DIRECTION('',(6.98296267768627E-15,0.,1.));
#5292=DIRECTION('',(6.98296267768627E-15,0.,1.));
#5293=DIRECTION('',(0.242535625036309,0.970142500145338,-1.69361721763786E-15));
#5294=DIRECTION('',(-6.98296267768627E-15,0.,-1.));
#5295=DIRECTION('',(0.242535625036309,0.970142500145338,-1.69361721763786E-15));
#5296=DIRECTION('',(-0.970142500145338,0.242535625036309,6.77446887055214E-15));
#5297=DIRECTION('',(6.98296267768627E-15,0.,1.));
#5298=DIRECTION('',(6.98296267768627E-15,0.,1.));
#5299=DIRECTION('',(0.242535625036309,0.970142500145338,-1.69361721763786E-15));
#5300=DIRECTION('',(-6.98296267768627E-15,0.,-1.));
#5301=DIRECTION('',(0.242535625036309,0.970142500145338,-1.69361721763786E-15));
#5302=DIRECTION('',(-0.970142500145338,0.242535625036309,6.77446887055214E-15));
#5303=DIRECTION('',(6.98296267768627E-15,0.,1.));
#5304=DIRECTION('',(6.98296267768627E-15,0.,1.));
#5305=DIRECTION('',(0.242535625036309,0.970142500145338,-1.69361721763786E-15));
#5306=DIRECTION('',(-6.98296267768627E-15,0.,-1.));
#5307=DIRECTION('',(-6.98296267768627E-15,0.,-1.));
#5308=DIRECTION('',(-1.,0.,6.98296267768627E-15));
#5309=DIRECTION('',(-1.,0.,6.98296267768627E-15));
#5310=DIRECTION('',(0.,1.,0.));
#5311=DIRECTION('',(1.,0.,-6.98296267768627E-15));
#5312=DIRECTION('',(-0.242535625036309,-0.970142500145338,1.69361721763786E-15));
#5313=DIRECTION('',(1.,0.,-6.98296267768627E-15));
#5314=DIRECTION('',(0.,1.,0.));
#5315=DIRECTION('',(-1.,0.,6.98296267768627E-15));
#5316=DIRECTION('',(-6.98296267768627E-15,0.,-1.));
#5317=DIRECTION('',(-1.,0.,6.98296267768627E-15));
#5318=DIRECTION('',(-1.,0.,6.98296267768627E-15));
#5319=DIRECTION('',(0.,-1.,0.));
#5320=DIRECTION('',(1.,0.,-6.98296267768627E-15));
#5321=DIRECTION('',(-0.242535625036309,0.970142500145338,1.69361721763786E-15));
#5322=DIRECTION('',(1.,0.,-6.98296267768627E-15));
#5323=DIRECTION('',(0.,1.,0.));
#5324=DIRECTION('',(-1.,0.,6.98296267768627E-15));
#5325=DIRECTION('',(0.242535625036309,-0.970142500145338,-1.69361721763786E-15));
#5326=DIRECTION('',(-1.,0.,6.98296267768627E-15));
#5327=DIRECTION('',(0.,1.,0.));
#5328=DIRECTION('',(-6.98296267768627E-15,0.,-1.));
#5329=DIRECTION('',(0.,1.,0.));
#5330=DIRECTION('',(-6.98296267768627E-15,0.,-1.));
#5331=DIRECTION('',(-6.98296267768627E-15,0.,-1.));
#5332=DIRECTION('',(-1.,0.,6.98296267768627E-15));
#5333=DIRECTION('',(-1.,0.,6.98296267768627E-15));
#5334=DIRECTION('',(1.,0.,-6.98296267768627E-15));
#5335=DIRECTION('',(0.242535625036309,0.970142500145338,-1.69361721763786E-15));
#5336=DIRECTION('',(1.,0.,-6.98296267768627E-15));
#5337=DIRECTION('',(0.,1.,0.));
#5338=DIRECTION('',(-1.,0.,6.98296267768627E-15));
#5339=DIRECTION('',(-6.98296267768627E-15,0.,-1.));
#5340=DIRECTION('',(-1.,0.,6.98296267768627E-15));
#5341=DIRECTION('',(-1.,0.,6.98296267768627E-15));
#5342=DIRECTION('',(0.,1.,0.));
#5343=DIRECTION('',(1.,0.,-6.98296267768627E-15));
#5344=DIRECTION('',(0.242535625036309,-0.970142500145338,-1.69361721763786E-15));
#5345=DIRECTION('',(1.,0.,-6.98296267768627E-15));
#5346=DIRECTION('',(0.,-1.,0.));
#5347=DIRECTION('',(-1.,0.,6.98296267768627E-15));
#5348=DIRECTION('',(0.242535625036309,-0.970142500145338,-1.69361721763786E-15));
#5349=DIRECTION('',(0.,-1.,0.));
#5350=DIRECTION('',(6.98296267768627E-15,0.,1.));
#5351=DIRECTION('',(-6.98296267768627E-15,0.,-1.));
#5352=DIRECTION('',(-1.,0.,6.98296267768627E-15));
#5353=DIRECTION('',(0.,1.,0.));
#5354=DIRECTION('',(0.,1.,0.));
#5355=DIRECTION('',(6.98296267768627E-15,0.,1.));
#5356=DIRECTION('',(0.,1.,0.));
#5357=DIRECTION('',(6.98296267768627E-15,0.,1.));
#5358=DIRECTION('',(-6.98296267768627E-15,0.,-1.));
#5359=DIRECTION('',(-6.98296267768627E-15,0.,-1.));
#5360=DIRECTION('',(0.,1.,0.));
#5361=DIRECTION('',(-6.98296267768627E-15,0.,-1.));
#5362=DIRECTION('',(0.,1.,0.));
#5363=DIRECTION('',(-6.98296267768627E-15,0.,-1.));
#5364=DIRECTION('',(0.,1.,0.));
#5365=DIRECTION('',(-6.98296267768627E-15,0.,-1.));
#5366=DIRECTION('',(0.,1.,0.));
#5367=DIRECTION('',(-6.98296267768627E-15,0.,-1.));
#5368=DIRECTION('',(0.,1.,0.));
#5369=DIRECTION('',(-6.98296267768627E-15,0.,-1.));
#5370=DIRECTION('',(0.,1.,0.));
#5371=DIRECTION('',(-6.98296267768627E-15,0.,-1.));
#5372=DIRECTION('',(0.,1.,0.));
#5373=DIRECTION('',(-6.98296267768627E-15,0.,-1.));
#5374=DIRECTION('',(-6.98296267768627E-15,0.,-1.));
#5375=DIRECTION('',(-1.,0.,6.98296267768627E-15));
#5376=DIRECTION('',(0.,1.,0.));
#5377=DIRECTION('',(-1.,0.,6.98296267768627E-15));
#5378=DIRECTION('',(-1.,0.,6.98296267768627E-15));
#5379=DIRECTION('',(0.,-1.,0.));
#5380=DIRECTION('',(-1.,0.,6.98296267768627E-15));
#5381=DIRECTION('',(0.,1.,0.));
#5382=DIRECTION('',(-1.,0.,6.98296267768627E-15));
#5383=DIRECTION('',(0.,1.,0.));
#5384=DIRECTION('',(1.,0.,-6.98296267768627E-15));
#5385=DIRECTION('',(0.,-1.,0.));
#5386=DIRECTION('',(6.98296267768627E-15,0.,1.));
#5387=DIRECTION('',(6.98296267768627E-15,0.,1.));
#5388=DIRECTION('',(1.,0.,-6.98296267768627E-15));
#5389=DIRECTION('',(6.98296267768627E-15,0.,1.));
#5390=DIRECTION('',(1.,0.,-6.98296267768627E-15));
#5391=DIRECTION('',(-6.98296267768627E-15,0.,-1.));
#5392=DIRECTION('',(0.,1.,0.));
#5393=DIRECTION('',(6.98296267768627E-15,0.,1.));
#5394=DIRECTION('',(-6.98296267768627E-15,0.,-1.));
#5395=DIRECTION('',(-1.,0.,6.98296267768627E-15));
#5396=DIRECTION('',(0.,-1.,0.));
#5397=DIRECTION('',(-1.,0.,6.98296267768627E-15));
#5398=DIRECTION('',(-1.,0.,6.98296267768627E-15));
#5399=DIRECTION('',(0.,1.,0.));
#5400=DIRECTION('',(6.98296267768627E-15,0.,1.));
#5401=DIRECTION('',(1.,0.,-6.98296267768627E-15));
#5402=DIRECTION('',(-6.98296267768627E-15,0.,-1.));
#5403=DIRECTION('',(0.,1.,0.));
#5404=DIRECTION('',(-6.98296267768627E-15,0.,-1.));
#5405=DIRECTION('',(-6.98296267768627E-15,0.,-1.));
#5406=DIRECTION('',(-6.98296267768627E-15,0.,-1.));
#5407=DIRECTION('',(-6.98296267768627E-15,0.,-1.));
#5408=DIRECTION('',(-6.98296267768627E-15,0.,-1.));
#5409=DIRECTION('',(0.,1.,0.));
#5410=DIRECTION('',(-6.98296267768627E-15,0.,-1.));
#5411=DIRECTION('',(0.,1.,0.));
#5412=DIRECTION('',(-6.98296267768627E-15,0.,-1.));
#5413=DIRECTION('',(0.,1.,0.));
#5414=DIRECTION('',(-6.98296267768627E-15,0.,-1.));
#5415=DIRECTION('',(0.,1.,0.));
#5416=DIRECTION('',(-6.98296267768627E-15,0.,-1.));
#5417=DIRECTION('',(0.,1.,0.));
#5418=DIRECTION('',(-6.98296267768627E-15,0.,-1.));
#5419=DIRECTION('',(0.,1.,0.));
#5420=DIRECTION('',(-6.98296267768627E-15,0.,-1.));
#5421=DIRECTION('',(0.,1.,0.));
#5422=DIRECTION('',(-6.98296267768627E-15,0.,-1.));
#5423=DIRECTION('',(0.,-1.,0.));
#5424=DIRECTION('',(6.98296267768627E-15,0.,1.));
#5425=DIRECTION('',(6.98296267768627E-15,0.,1.));
#5426=DIRECTION('',(-1.,0.,6.98296267768627E-15));
#5427=DIRECTION('',(6.98296267768627E-15,0.,1.));
#5428=DIRECTION('',(0.,-1.,0.));
#5429=DIRECTION('',(1.,0.,-6.98296267768627E-15));
#5430=DIRECTION('',(0.,-1.,0.));
#5431=DIRECTION('',(1.,0.,-6.98296267768627E-15));
#5432=DIRECTION('',(1.,0.,-6.98296267768627E-15));
#5433=DIRECTION('',(0.,1.,0.));
#5434=DIRECTION('',(1.,0.,-6.98296267768627E-15));
#5435=DIRECTION('',(0.,1.,0.));
#5436=DIRECTION('',(1.,0.,-6.98296267768627E-15));
#5437=DIRECTION('',(1.,0.,-6.98296267768627E-15));
#5438=DIRECTION('',(0.,1.,0.));
#5439=DIRECTION('',(-1.,0.,6.98296267768627E-15));
#5440=DIRECTION('',(6.98296267768627E-15,0.,1.));
#5441=DIRECTION('',(-6.98296267768627E-15,0.,-1.));
#5442=DIRECTION('',(0.,1.,0.));
#5443=DIRECTION('',(0.,0.,1.));
#5444=DIRECTION('',(0.,1.,0.));
#5445=DIRECTION('',(1.,0.,-7.2280144832367E-15));
#5446=DIRECTION('',(0.,1.,0.));
#5447=DIRECTION('',(0.,-1.,0.));
#5448=DIRECTION('',(-1.,0.,7.2280144832367E-15));
#5449=DIRECTION('',(0.,1.,0.));
#5450=DIRECTION('',(1.,0.,-6.98296267768627E-15));
#5451=DIRECTION('',(-6.98296267768627E-15,0.,-1.));
#5452=DIRECTION('',(6.98296267768627E-15,0.,1.));
#5453=DIRECTION('',(6.98296267768627E-15,0.,1.));
#5454=DIRECTION('',(0.,-1.,0.));
#5455=DIRECTION('',(0.,-1.,0.));
#5456=DIRECTION('',(5.78241158658936E-15,0.,1.));
#5457=DIRECTION('',(0.,-1.,0.));
#5458=DIRECTION('',(0.,1.,0.));
#5459=DIRECTION('',(-1.,0.,5.78241158658936E-15));
#5460=DIRECTION('',(0.,-1.,0.));
#5461=DIRECTION('',(5.78241158658936E-15,0.,1.));
#5462=DIRECTION('',(6.98296267768627E-15,0.,1.));
#5463=DIRECTION('',(0.,-1.,0.));
#5464=DIRECTION('',(1.,0.,-6.98296267768627E-15));
#5465=DIRECTION('',(0.,1.,0.));
#5466=DIRECTION('',(1.,0.,-6.98296267768627E-15));
#5467=DIRECTION('',(0.,1.,0.));
#5468=DIRECTION('',(6.98296267768627E-15,0.,1.));
#5469=DIRECTION('',(0.,-1.,0.));
#5470=DIRECTION('',(1.,0.,-6.98296267768627E-15));
#5471=DIRECTION('',(0.,1.,0.));
#5472=DIRECTION('',(1.,0.,-6.98296267768627E-15));
#5473=DIRECTION('',(0.,-1.,0.));
#5474=DIRECTION('',(6.98296267768627E-15,0.,1.));
#5475=DIRECTION('',(0.,-1.,0.));
#5476=DIRECTION('',(1.,0.,-6.98296267768627E-15));
#5477=DIRECTION('',(0.,1.,0.));
#5478=DIRECTION('',(1.,0.,-6.98296267768627E-15));
#5479=DIRECTION('',(0.,-1.,0.));
#5480=DIRECTION('',(6.98296267768627E-15,0.,1.));
#5481=DIRECTION('',(0.,-1.,0.));
#5482=DIRECTION('',(1.,0.,-6.98296267768627E-15));
#5483=DIRECTION('',(0.,1.,0.));
#5484=DIRECTION('',(1.,0.,-6.98296267768627E-15));
#5485=DIRECTION('',(0.,-1.,0.));
#5486=DIRECTION('',(6.98296267768627E-15,0.,1.));
#5487=DIRECTION('',(0.,-1.,0.));
#5488=DIRECTION('',(1.,0.,-6.98296267768627E-15));
#5489=DIRECTION('',(0.,1.,0.));
#5490=DIRECTION('',(1.,0.,-6.98296267768627E-15));
#5491=DIRECTION('',(0.,-1.,0.));
#5492=DIRECTION('',(6.98296267768627E-15,0.,1.));
#5493=DIRECTION('',(0.,-1.,0.));
#5494=DIRECTION('',(1.,0.,-6.98296267768627E-15));
#5495=DIRECTION('',(0.,1.,0.));
#5496=DIRECTION('',(1.,0.,-6.98296267768627E-15));
#5497=DIRECTION('',(0.,-1.,0.));
#5498=DIRECTION('',(6.98296267768627E-15,0.,1.));
#5499=DIRECTION('',(0.,-1.,0.));
#5500=DIRECTION('',(1.,0.,-6.98296267768627E-15));
#5501=DIRECTION('',(0.,1.,0.));
#5502=DIRECTION('',(1.,0.,-6.98296267768627E-15));
#5503=DIRECTION('',(0.,1.,0.));
#5504=DIRECTION('',(6.98296267768627E-15,0.,1.));
#5505=DIRECTION('',(0.,-1.,0.));
#5506=DIRECTION('',(1.,0.,-6.98296267768627E-15));
#5507=DIRECTION('',(0.,-1.,0.));
#5508=DIRECTION('',(1.,0.,-6.98296267768627E-15));
#5509=DIRECTION('',(0.,1.,0.));
#5510=DIRECTION('',(-5.78241158658936E-15,0.,-1.));
#5511=DIRECTION('',(0.,-1.,0.));
#5512=DIRECTION('',(-1.,0.,5.78241158658936E-15));
#5513=DIRECTION('',(0.,1.,0.));
#5514=DIRECTION('',(0.,1.,0.));
#5515=DIRECTION('',(-5.78241158658936E-15,0.,-1.));
#5516=DIRECTION('',(1.,0.,-6.98296267768627E-15));
#5517=DIRECTION('',(-6.98296267768627E-15,0.,-1.));
#5518=DIRECTION('',(-6.98296267768627E-15,0.,-1.));
#5519=DIRECTION('',(0.,-1.,0.));
#5520=DIRECTION('',(-6.98296267768627E-15,0.,-1.));
#5521=DIRECTION('',(0.,-1.,0.));
#5522=DIRECTION('',(1.,0.,-5.78241158658936E-15));
#5523=DIRECTION('',(0.,1.,0.));
#5524=DIRECTION('',(5.78241158658936E-15,0.,1.));
#5525=DIRECTION('',(0.,-1.,0.));
#5526=DIRECTION('',(0.,-1.,0.));
#5527=DIRECTION('',(1.,0.,-5.78241158658936E-15));
#5528=DIRECTION('',(6.98296267768627E-15,0.,1.));
#5529=DIRECTION('',(0.,-1.,0.));
#5530=DIRECTION('',(1.,0.,-6.98296267768627E-15));
#5531=DIRECTION('',(0.,-1.,0.));
#5532=DIRECTION('',(1.,0.,-6.98296267768627E-15));
#5533=DIRECTION('',(0.,-1.,0.));
#5534=DIRECTION('',(5.78241158658936E-15,0.,1.));
#5535=DIRECTION('',(0.,1.,0.));
#5536=DIRECTION('',(-1.,0.,5.78241158658936E-15));
#5537=DIRECTION('',(0.,-1.,0.));
#5538=DIRECTION('',(0.,-1.,0.));
#5539=DIRECTION('',(5.78241158658936E-15,0.,1.));
#5540=DIRECTION('',(-1.,0.,6.98296267768627E-15));
#5541=DIRECTION('',(0.,1.,0.));
#5542=DIRECTION('',(6.98296267768627E-15,0.,1.));
#5543=DIRECTION('',(6.98296267768627E-15,0.,1.));
#5544=DIRECTION('',(0.,-1.,0.));
#5545=DIRECTION('',(0.,-1.,0.));
#5546=DIRECTION('',(-5.78241158658936E-15,0.,-1.));
#5547=DIRECTION('',(0.,1.,0.));
#5548=DIRECTION('',(1.,0.,-5.78241158658936E-15));
#5549=DIRECTION('',(0.,-1.,0.));
#5550=DIRECTION('',(-5.78241158658936E-15,0.,-1.));
#5551=DIRECTION('',(1.,0.,-6.98296267768627E-15));
#5552=DIRECTION('',(-6.98296267768627E-15,0.,-1.));
#5553=DIRECTION('',(0.,1.,0.));
#5554=DIRECTION('',(-6.98296267768627E-15,0.,-1.));
#5555=DIRECTION('',(-6.98296267768627E-15,0.,-1.));
#5556=DIRECTION('',(-6.98296267768627E-15,0.,-1.));
#5557=DIRECTION('',(-1.,0.,6.98296267768627E-15));
#5558=DIRECTION('',(0.,1.,0.));
#5559=DIRECTION('',(-1.,0.,6.98296267768627E-15));
#5560=DIRECTION('',(-1.,0.,6.98296267768627E-15));
#5561=DIRECTION('',(-1.,0.,6.98296267768627E-15));
#5562=DIRECTION('',(0.,1.,0.));
#5563=DIRECTION('',(6.98296267768627E-15,0.,1.));
#5564=DIRECTION('',(6.98296267768627E-15,0.,1.));
#5565=DIRECTION('',(0.,-1.,0.));
#5566=DIRECTION('',(-6.98296267768627E-15,0.,-1.));
#5567=DIRECTION('',(0.,-1.,0.));
#5568=DIRECTION('',(6.98296267768627E-15,0.,1.));
#5569=DIRECTION('',(6.98296267768627E-15,0.,1.));
#5570=DIRECTION('',(0.,-1.,0.));
#5571=DIRECTION('',(-1.,0.,6.98296267768627E-15));
#5572=DIRECTION('',(0.,-1.,0.));
#5573=DIRECTION('',(-1.,0.,6.98296267768627E-15));
#5574=DIRECTION('',(1.,0.,-6.98296267768627E-15));
#5575=DIRECTION('',(-6.98296267768627E-15,0.,-1.));
#5576=DIRECTION('',(6.98296267768627E-15,0.,1.));
#5577=DIRECTION('',(0.,-1.,0.));
#5578=DIRECTION('',(6.98296267768627E-15,0.,1.));
#5579=DIRECTION('',(-6.98296267768627E-15,0.,-1.));
#5580=DIRECTION('',(-1.,0.,6.98296267768627E-15));
#5581=DIRECTION('',(1.,0.,-6.98296267768627E-15));
#5582=DIRECTION('',(1.,0.,-6.98296267768627E-15));
#5583=DIRECTION('',(0.,-1.,0.));
#5584=DIRECTION('',(6.98296267768627E-15,0.,1.));
#5585=DIRECTION('',(0.,-1.,0.));
#5586=DIRECTION('',(6.98296267768627E-15,0.,1.));
#5587=DIRECTION('',(1.,0.,-6.98296267768627E-15));
#5588=DIRECTION('',(6.98296267768627E-15,0.,1.));
#5589=DIRECTION('',(-1.,0.,6.98296267768627E-15));
#5590=DIRECTION('',(-6.98296267768627E-15,0.,-1.));
#5591=DIRECTION('',(-1.,0.,6.98296267768627E-15));
#5592=DIRECTION('',(0.,1.,0.));
#5593=DIRECTION('',(0.,-1.,0.));
#5594=DIRECTION('',(0.,-1.,0.));
#5595=DIRECTION('',(-6.98296267768627E-15,0.,-1.));
#5596=DIRECTION('',(-6.98296267768627E-15,0.,-1.));
#5597=DIRECTION('',(-1.,0.,6.98296267768627E-15));
#5598=DIRECTION('',(0.,-1.,0.));
#5599=DIRECTION('',(-1.,0.,6.98296267768627E-15));
#5600=DIRECTION('',(1.,0.,-6.98296267768627E-15));
#5601=DIRECTION('',(-6.98296267768627E-15,0.,-1.));
#5602=DIRECTION('',(0.,-1.,0.));
#5603=DIRECTION('',(6.98296267768627E-15,0.,1.));
#5604=DIRECTION('',(-6.98296267768627E-15,0.,-1.));
#5605=DIRECTION('',(-1.,0.,6.98296267768627E-15));
#5606=DIRECTION('',(1.,0.,-6.98296267768627E-15));
#5607=DIRECTION('',(0.,1.,0.));
#5608=DIRECTION('',(-5.78241158658936E-15,0.,-1.));
#5609=DIRECTION('',(0.,-1.,0.));
#5610=DIRECTION('',(-1.,0.,5.78241158658936E-15));
#5611=DIRECTION('',(0.,1.,0.));
#5612=DIRECTION('',(0.,1.,0.));
#5613=DIRECTION('',(-5.78241158658936E-15,0.,-1.));
#5614=DIRECTION('',(1.,0.,-6.98296267768627E-15));
#5615=DIRECTION('',(-6.98296267768627E-15,0.,-1.));
#5616=DIRECTION('',(-6.98296267768627E-15,0.,-1.));
#5617=DIRECTION('',(0.,-1.,0.));
#5618=DIRECTION('',(-6.98296267768627E-15,0.,-1.));
#5619=DIRECTION('',(0.,-1.,0.));
#5620=DIRECTION('',(1.,0.,-5.78241158658936E-15));
#5621=DIRECTION('',(0.,1.,0.));
#5622=DIRECTION('',(5.78241158658936E-15,0.,1.));
#5623=DIRECTION('',(0.,-1.,0.));
#5624=DIRECTION('',(0.,-1.,0.));
#5625=DIRECTION('',(1.,0.,-5.78241158658936E-15));
#5626=DIRECTION('',(6.98296267768627E-15,0.,1.));
#5627=DIRECTION('',(0.,-1.,0.));
#5628=DIRECTION('',(1.,0.,-6.98296267768627E-15));
#5629=DIRECTION('',(0.,-1.,0.));
#5630=DIRECTION('',(1.,0.,-6.98296267768627E-15));
#5631=DIRECTION('',(0.,-1.,0.));
#5632=DIRECTION('',(5.78241158658936E-15,0.,1.));
#5633=DIRECTION('',(0.,1.,0.));
#5634=DIRECTION('',(-1.,0.,5.78241158658936E-15));
#5635=DIRECTION('',(0.,-1.,0.));
#5636=DIRECTION('',(0.,-1.,0.));
#5637=DIRECTION('',(5.78241158658936E-15,0.,1.));
#5638=DIRECTION('',(-1.,0.,6.98296267768627E-15));
#5639=DIRECTION('',(0.,1.,0.));
#5640=DIRECTION('',(6.98296267768627E-15,0.,1.));
#5641=DIRECTION('',(6.98296267768627E-15,0.,1.));
#5642=DIRECTION('',(0.,-1.,0.));
#5643=DIRECTION('',(0.,-1.,0.));
#5644=DIRECTION('',(-5.78241158658936E-15,0.,-1.));
#5645=DIRECTION('',(0.,1.,0.));
#5646=DIRECTION('',(1.,0.,-5.78241158658936E-15));
#5647=DIRECTION('',(0.,-1.,0.));
#5648=DIRECTION('',(-5.78241158658936E-15,0.,-1.));
#5649=DIRECTION('',(0.,-1.,0.));
#5650=DIRECTION('',(-7.2280144832367E-15,0.,-1.));
#5651=DIRECTION('',(0.,1.,0.));
#5652=DIRECTION('',(1.,0.,-5.78241158658936E-15));
#5653=DIRECTION('',(0.,-1.,0.));
#5654=DIRECTION('',(0.,-1.,0.));
#5655=DIRECTION('',(-7.2280144832367E-15,0.,-1.));
#5656=DIRECTION('',(-1.,0.,6.98296267768627E-15));
#5657=DIRECTION('',(0.,1.,0.));
#5658=DIRECTION('',(6.98296267768627E-15,0.,1.));
#5659=DIRECTION('',(0.,-1.,0.));
#5660=DIRECTION('',(6.98296267768627E-15,0.,1.));
#5661=DIRECTION('',(0.,-1.,0.));
#5662=DIRECTION('',(7.04731412115578E-15,0.,1.));
#5663=DIRECTION('',(0.,-1.,0.));
#5664=DIRECTION('',(0.,1.,0.));
#5665=DIRECTION('',(-1.,0.,5.78241158658936E-15));
#5666=DIRECTION('',(0.,-1.,0.));
#5667=DIRECTION('',(7.04731412115578E-15,0.,1.));
#5668=DIRECTION('',(6.98296267768627E-15,0.,1.));
#5669=DIRECTION('',(0.,-1.,0.));
#5670=DIRECTION('',(1.,0.,-6.98296267768627E-15));
#5671=DIRECTION('',(1.,0.,-6.98296267768627E-15));
#5672=DIRECTION('',(0.,-1.,0.));
#5673=DIRECTION('',(0.,-1.,0.));
#5674=DIRECTION('',(1.,0.,-5.78241158658936E-15));
#5675=DIRECTION('',(0.,-1.,0.));
#5676=DIRECTION('',(0.,1.,0.));
#5677=DIRECTION('',(7.04731412115578E-15,0.,1.));
#5678=DIRECTION('',(0.,-1.,0.));
#5679=DIRECTION('',(1.,0.,-5.78241158658936E-15));
#5680=DIRECTION('',(1.,0.,-6.98296267768627E-15));
#5681=DIRECTION('',(-6.98296267768627E-15,0.,-1.));
#5682=DIRECTION('',(-6.98296267768627E-15,0.,-1.));
#5683=DIRECTION('',(-6.98296267768627E-15,0.,-1.));
#5684=DIRECTION('',(0.,1.,0.));
#5685=DIRECTION('',(0.,1.,0.));
#5686=DIRECTION('',(-7.2280144832367E-15,0.,-1.));
#5687=DIRECTION('',(0.,-1.,0.));
#5688=DIRECTION('',(-1.,0.,5.78241158658936E-15));
#5689=DIRECTION('',(0.,1.,0.));
#5690=DIRECTION('',(-7.2280144832367E-15,0.,-1.));
#5691=DIRECTION('',(0.,1.,0.));
#5692=DIRECTION('',(-7.2280144832367E-15,0.,-1.));
#5693=DIRECTION('',(0.,-1.,0.));
#5694=DIRECTION('',(-1.,0.,5.78241158658936E-15));
#5695=DIRECTION('',(0.,1.,0.));
#5696=DIRECTION('',(0.,1.,0.));
#5697=DIRECTION('',(-7.2280144832367E-15,0.,-1.));
#5698=DIRECTION('',(1.,0.,-6.98296267768627E-15));
#5699=DIRECTION('',(-6.98296267768627E-15,0.,-1.));
#5700=DIRECTION('',(-6.98296267768627E-15,0.,-1.));
#5701=DIRECTION('',(0.,-1.,0.));
#5702=DIRECTION('',(-6.98296267768627E-15,0.,-1.));
#5703=DIRECTION('',(0.,-1.,0.));
#5704=DIRECTION('',(1.,0.,-5.78241158658936E-15));
#5705=DIRECTION('',(0.,1.,0.));
#5706=DIRECTION('',(7.2280144832367E-15,0.,1.));
#5707=DIRECTION('',(0.,-1.,0.));
#5708=DIRECTION('',(0.,-1.,0.));
#5709=DIRECTION('',(1.,0.,-5.78241158658936E-15));
#5710=DIRECTION('',(6.98296267768627E-15,0.,1.));
#5711=DIRECTION('',(0.,-1.,0.));
#5712=DIRECTION('',(1.,0.,-6.98296267768627E-15));
#5713=DIRECTION('',(0.,-1.,0.));
#5714=DIRECTION('',(1.,0.,-6.98296267768627E-15));
#5715=DIRECTION('',(0.,-1.,0.));
#5716=DIRECTION('',(5.78241158658936E-15,0.,1.));
#5717=DIRECTION('',(0.,1.,0.));
#5718=DIRECTION('',(-1.,0.,5.78241158658936E-15));
#5719=DIRECTION('',(0.,-1.,0.));
#5720=DIRECTION('',(0.,-1.,0.));
#5721=DIRECTION('',(5.78241158658936E-15,0.,1.));
#5722=DIRECTION('',(-1.,0.,6.98296267768627E-15));
#5723=DIRECTION('',(0.,1.,0.));
#5724=DIRECTION('',(6.98296267768627E-15,0.,1.));
#5725=DIRECTION('',(6.98296267768627E-15,0.,1.));
#5726=DIRECTION('',(0.,-1.,0.));
#5727=DIRECTION('',(0.,-1.,0.));
#5728=DIRECTION('',(-5.78241158658936E-15,0.,-1.));
#5729=DIRECTION('',(0.,1.,0.));
#5730=DIRECTION('',(1.,0.,-5.78241158658936E-15));
#5731=DIRECTION('',(0.,-1.,0.));
#5732=DIRECTION('',(-5.78241158658936E-15,0.,-1.));
#5733=DIRECTION('',(0.,1.,0.));
#5734=DIRECTION('',(-5.78241158658936E-15,0.,-1.));
#5735=DIRECTION('',(0.,-1.,0.));
#5736=DIRECTION('',(-1.,0.,5.78241158658936E-15));
#5737=DIRECTION('',(0.,1.,0.));
#5738=DIRECTION('',(0.,1.,0.));
#5739=DIRECTION('',(-5.78241158658936E-15,0.,-1.));
#5740=DIRECTION('',(1.,0.,-6.98296267768627E-15));
#5741=DIRECTION('',(-6.98296267768627E-15,0.,-1.));
#5742=DIRECTION('',(-6.98296267768627E-15,0.,-1.));
#5743=DIRECTION('',(0.,-1.,0.));
#5744=DIRECTION('',(-6.98296267768627E-15,0.,-1.));
#5745=DIRECTION('',(0.,-1.,0.));
#5746=DIRECTION('',(1.,0.,-5.78241158658936E-15));
#5747=DIRECTION('',(0.,1.,0.));
#5748=DIRECTION('',(5.78241158658936E-15,0.,1.));
#5749=DIRECTION('',(0.,-1.,0.));
#5750=DIRECTION('',(0.,-1.,0.));
#5751=DIRECTION('',(1.,0.,-5.78241158658936E-15));
#5752=DIRECTION('',(6.98296267768627E-15,0.,1.));
#5753=DIRECTION('',(0.,-1.,0.));
#5754=DIRECTION('',(1.,0.,-6.98296267768627E-15));
#5755=DIRECTION('',(0.,-1.,0.));
#5756=DIRECTION('',(1.,0.,-6.98296267768627E-15));
#5757=DIRECTION('',(0.,-1.,0.));
#5758=DIRECTION('',(5.78241158658936E-15,0.,1.));
#5759=DIRECTION('',(0.,1.,0.));
#5760=DIRECTION('',(-1.,0.,5.78241158658936E-15));
#5761=DIRECTION('',(0.,-1.,0.));
#5762=DIRECTION('',(0.,-1.,0.));
#5763=DIRECTION('',(5.78241158658936E-15,0.,1.));
#5764=DIRECTION('',(-1.,0.,6.98296267768627E-15));
#5765=DIRECTION('',(0.,1.,0.));
#5766=DIRECTION('',(6.98296267768627E-15,0.,1.));
#5767=DIRECTION('',(6.98296267768627E-15,0.,1.));
#5768=DIRECTION('',(0.,-1.,0.));
#5769=DIRECTION('',(0.,-1.,0.));
#5770=DIRECTION('',(-5.78241158658936E-15,0.,-1.));
#5771=DIRECTION('',(0.,1.,0.));
#5772=DIRECTION('',(1.,0.,-5.78241158658936E-15));
#5773=DIRECTION('',(0.,-1.,0.));
#5774=DIRECTION('',(-5.78241158658936E-15,0.,-1.));
#5775=DIRECTION('',(0.,1.,0.));
#5776=DIRECTION('',(-5.78241158658936E-15,0.,-1.));
#5777=DIRECTION('',(0.,-1.,0.));
#5778=DIRECTION('',(-1.,0.,5.78241158658936E-15));
#5779=DIRECTION('',(0.,1.,0.));
#5780=DIRECTION('',(0.,1.,0.));
#5781=DIRECTION('',(-5.78241158658936E-15,0.,-1.));
#5782=DIRECTION('',(1.,0.,-6.98296267768627E-15));
#5783=DIRECTION('',(-6.98296267768627E-15,0.,-1.));
#5784=DIRECTION('',(-6.98296267768627E-15,0.,-1.));
#5785=DIRECTION('',(0.,-1.,0.));
#5786=DIRECTION('',(-6.98296267768627E-15,0.,-1.));
#5787=DIRECTION('',(0.,-1.,0.));
#5788=DIRECTION('',(1.,0.,-5.78241158658936E-15));
#5789=DIRECTION('',(0.,1.,0.));
#5790=DIRECTION('',(5.78241158658936E-15,0.,1.));
#5791=DIRECTION('',(0.,-1.,0.));
#5792=DIRECTION('',(0.,-1.,0.));
#5793=DIRECTION('',(1.,0.,-5.78241158658936E-15));
#5794=DIRECTION('',(6.98296267768627E-15,0.,1.));
#5795=DIRECTION('',(0.,-1.,0.));
#5796=DIRECTION('',(1.,0.,-6.98296267768627E-15));
#5797=DIRECTION('',(0.,-1.,0.));
#5798=DIRECTION('',(1.,0.,-6.98296267768627E-15));
#5799=DIRECTION('',(0.,-1.,0.));
#5800=DIRECTION('',(5.78241158658936E-15,0.,1.));
#5801=DIRECTION('',(0.,1.,0.));
#5802=DIRECTION('',(-1.,0.,5.78241158658936E-15));
#5803=DIRECTION('',(0.,-1.,0.));
#5804=DIRECTION('',(0.,-1.,0.));
#5805=DIRECTION('',(5.78241158658936E-15,0.,1.));
#5806=DIRECTION('',(-1.,0.,6.98296267768627E-15));
#5807=DIRECTION('',(0.,1.,0.));
#5808=DIRECTION('',(6.98296267768627E-15,0.,1.));
#5809=DIRECTION('',(6.98296267768627E-15,0.,1.));
#5810=DIRECTION('',(0.,-1.,0.));
#5811=DIRECTION('',(0.,-1.,0.));
#5812=DIRECTION('',(-5.78241158658936E-15,0.,-1.));
#5813=DIRECTION('',(0.,1.,0.));
#5814=DIRECTION('',(1.,0.,-5.78241158658936E-15));
#5815=DIRECTION('',(0.,-1.,0.));
#5816=DIRECTION('',(-5.78241158658936E-15,0.,-1.));
#5817=DIRECTION('',(0.,1.,0.));
#5818=DIRECTION('',(5.78241158658936E-15,0.,1.));
#5819=DIRECTION('',(0.,-1.,0.));
#5820=DIRECTION('',(1.,0.,-5.78241158658936E-15));
#5821=DIRECTION('',(0.,1.,0.));
#5822=DIRECTION('',(0.,1.,0.));
#5823=DIRECTION('',(5.78241158658936E-15,0.,1.));
#5824=DIRECTION('',(-1.,0.,6.98296267768627E-15));
#5825=DIRECTION('',(0.,1.,0.));
#5826=DIRECTION('',(-6.98296267768627E-15,0.,-1.));
#5827=DIRECTION('',(-6.98296267768627E-15,0.,-1.));
#5828=DIRECTION('',(-1.,0.,6.98296267768627E-15));
#5829=DIRECTION('',(0.,1.,0.));
#5830=DIRECTION('',(0.,-1.,0.));
#5831=DIRECTION('',(-6.98296267768627E-15,0.,-1.));
#5832=DIRECTION('',(-6.98296267768627E-15,0.,-1.));
#5833=DIRECTION('',(0.,-1.,0.));
#5834=DIRECTION('',(6.98296267768627E-15,0.,1.));
#5835=DIRECTION('',(1.,0.,-6.98296267768627E-15));
#5836=DIRECTION('',(-6.98296267768627E-15,0.,-1.));
#5837=DIRECTION('',(1.,0.,-6.98296267768627E-15));
#5838=DIRECTION('',(-6.98296267768627E-15,0.,-1.));
#5839=DIRECTION('',(-6.98296267768627E-15,0.,-1.));
#5840=DIRECTION('',(0.,1.,0.));
#5841=DIRECTION('',(-6.98296267768627E-15,0.,-1.));
#5842=DIRECTION('',(-1.,0.,6.98296267768627E-15));
#5843=DIRECTION('',(-1.,0.,6.98296267768627E-15));
#5844=DIRECTION('',(0.,1.,0.));
#5845=DIRECTION('',(-1.,0.,6.98296267768627E-15));
#5846=DIRECTION('',(6.98296267768627E-15,0.,1.));
#5847=DIRECTION('',(1.,0.,-6.98296267768627E-15));
#5848=DIRECTION('',(6.98296267768627E-15,0.,1.));
#5849=DIRECTION('',(-1.,0.,6.98296267768627E-15));
#5850=DIRECTION('',(-6.98296267768627E-15,0.,-1.));
#5851=DIRECTION('',(-1.,0.,6.98296267768627E-15));
#5852=DIRECTION('',(0.,1.,0.));
#5853=DIRECTION('',(1.,0.,-6.98296267768627E-15));
#5854=DIRECTION('',(-6.98296267768627E-15,0.,-1.));
#5855=DIRECTION('',(0.,-1.,0.));
#5856=DIRECTION('',(-6.98296267768627E-15,0.,-1.));
#5857=DIRECTION('',(0.,-1.,0.));
#5858=DIRECTION('',(-6.98296267768627E-15,0.,-1.));
#5859=DIRECTION('',(-1.,0.,6.98296267768627E-15));
#5860=DIRECTION('',(1.,0.,-6.98296267768627E-15));
#5861=DIRECTION('',(0.,-1.,0.));
#5862=DIRECTION('',(-1.,0.,6.98296267768627E-15));
#5863=DIRECTION('',(0.,1.,0.));
#5864=DIRECTION('',(6.98296267768627E-15,0.,1.));
#5865=DIRECTION('',(0.,-1.,0.));
#5866=DIRECTION('',(-6.98296267768627E-15,0.,-1.));
#5867=DIRECTION('',(-1.,0.,6.98296267768627E-15));
#5868=DIRECTION('',(-1.,0.,6.98296267768627E-15));
#5869=DIRECTION('',(0.,1.,0.));
#5870=DIRECTION('',(-1.,0.,6.98296267768627E-15));
#5871=DIRECTION('',(0.,-1.,0.));
#5872=DIRECTION('',(6.98296267768627E-15,0.,1.));
#5873=DIRECTION('',(-6.98296267768627E-15,0.,-1.));
#5874=DIRECTION('',(0.970142500145338,0.242535625036309,-6.77446887055214E-15));
#5875=DIRECTION('',(-6.98296267768627E-15,0.,-1.));
#5876=DIRECTION('',(6.98296267768627E-15,0.,1.));
#5877=DIRECTION('',(0.970142500145338,0.242535625036309,-6.77446887055214E-15));
#5878=DIRECTION('',(-6.98296267768627E-15,0.,-1.));
#5879=DIRECTION('',(-6.98296267768627E-15,0.,-1.));
#5880=DIRECTION('',(0.242535625036309,-0.970142500145338,-1.69361721763786E-15));
#5881=DIRECTION('',(6.98296267768627E-15,0.,1.));
#5882=DIRECTION('',(0.242535625036309,-0.970142500145338,-1.69361721763786E-15));
#5883=DIRECTION('',(0.970142500145338,0.242535625036309,-6.77446887055214E-15));
#5884=DIRECTION('',(-6.98296267768627E-15,0.,-1.));
#5885=DIRECTION('',(-6.98296267768627E-15,0.,-1.));
#5886=DIRECTION('',(0.242535625036309,-0.970142500145338,-1.69361721763786E-15));
#5887=DIRECTION('',(6.98296267768627E-15,0.,1.));
#5888=DIRECTION('',(0.242535625036309,-0.970142500145338,-1.69361721763786E-15));
#5889=DIRECTION('',(0.970142500145338,0.242535625036309,-6.77446887055214E-15));
#5890=DIRECTION('',(-6.98296267768627E-15,0.,-1.));
#5891=DIRECTION('',(-6.98296267768627E-15,0.,-1.));
#5892=DIRECTION('',(0.242535625036309,-0.970142500145338,-1.69361721763786E-15));
#5893=DIRECTION('',(6.98296267768627E-15,0.,1.));
#5894=DIRECTION('',(0.242535625036309,-0.970142500145338,-1.69361721763786E-15));
#5895=DIRECTION('',(0.970142500145338,0.242535625036309,-6.77446887055214E-15));
#5896=DIRECTION('',(-6.98296267768627E-15,0.,-1.));
#5897=DIRECTION('',(-6.98296267768627E-15,0.,-1.));
#5898=DIRECTION('',(0.242535625036309,-0.970142500145338,-1.69361721763786E-15));
#5899=DIRECTION('',(6.98296267768627E-15,0.,1.));
#5900=DIRECTION('',(-6.98296267768627E-15,0.,-1.));
#5901=DIRECTION('',(-1.,0.,6.98296267768627E-15));
#5902=DIRECTION('',(-1.,0.,6.98296267768627E-15));
#5903=DIRECTION('',(1.,0.,-6.98296267768627E-15));
#5904=DIRECTION('',(-0.242535625036309,-0.970142500145338,1.69361721763786E-15));
#5905=DIRECTION('',(1.,0.,-6.98296267768627E-15));
#5906=DIRECTION('',(0.,1.,0.));
#5907=DIRECTION('',(-1.,0.,6.98296267768627E-15));
#5908=DIRECTION('',(-6.98296267768627E-15,0.,-1.));
#5909=DIRECTION('',(-1.,0.,6.98296267768627E-15));
#5910=DIRECTION('',(-1.,0.,6.98296267768627E-15));
#5911=DIRECTION('',(0.,-1.,0.));
#5912=DIRECTION('',(1.,0.,-6.98296267768627E-15));
#5913=DIRECTION('',(-0.242535625036309,0.970142500145338,1.69361721763786E-15));
#5914=DIRECTION('',(1.,0.,-6.98296267768627E-15));
#5915=DIRECTION('',(-1.,0.,6.98296267768627E-15));
#5916=DIRECTION('',(-1.,0.,6.98296267768627E-15));
#5917=DIRECTION('',(0.,1.,0.));
#5918=DIRECTION('',(-6.98296267768627E-15,0.,-1.));
#5919=DIRECTION('',(0.,1.,0.));
#5920=DIRECTION('',(-6.98296267768627E-15,0.,-1.));
#5921=DIRECTION('',(-6.98296267768627E-15,0.,-1.));
#5922=DIRECTION('',(-1.,0.,6.98296267768627E-15));
#5923=DIRECTION('',(-1.,0.,6.98296267768627E-15));
#5924=DIRECTION('',(1.,0.,-6.98296267768627E-15));
#5925=DIRECTION('',(0.242535625036309,0.970142500145338,-1.69361721763786E-15));
#5926=DIRECTION('',(1.,0.,-6.98296267768627E-15));
#5927=DIRECTION('',(-1.,0.,6.98296267768627E-15));
#5928=DIRECTION('',(-6.98296267768627E-15,0.,-1.));
#5929=DIRECTION('',(-1.,0.,6.98296267768627E-15));
#5930=DIRECTION('',(-1.,0.,6.98296267768627E-15));
#5931=DIRECTION('',(1.,0.,-6.98296267768627E-15));
#5932=DIRECTION('',(0.242535625036309,-0.970142500145338,-1.69361721763786E-15));
#5933=DIRECTION('',(1.,0.,-6.98296267768627E-15));
#5934=DIRECTION('',(0.,-1.,0.));
#5935=DIRECTION('',(-1.,0.,6.98296267768627E-15));
#5936=DIRECTION('',(0.,-1.,0.));
#5937=DIRECTION('',(6.98296267768627E-15,0.,1.));
#5938=DIRECTION('',(0.,1.,0.));
#5939=DIRECTION('',(-1.,0.,6.98296267768627E-15));
#5940=DIRECTION('',(-6.98296267768627E-15,0.,-1.));
#5941=DIRECTION('',(-0.970142500145338,0.242535625036309,6.77446887055214E-15));
#5942=DIRECTION('',(6.98296267768627E-15,0.,1.));
#5943=DIRECTION('',(-6.98296267768627E-15,0.,-1.));
#5944=DIRECTION('',(0.,1.,0.));
#5945=DIRECTION('',(-1.,0.,6.98296267768627E-15));
#5946=DIRECTION('',(1.,0.,-6.98296267768627E-15));
#5947=DIRECTION('',(-6.98296267768627E-15,0.,-1.));
#5948=DIRECTION('',(-6.98296267768627E-15,0.,-1.));
#5949=DIRECTION('',(-6.98296267768627E-15,0.,-1.));
#5950=DIRECTION('',(0.,1.,0.));
#5951=DIRECTION('',(-1.,0.,6.98296267768627E-15));
#5952=DIRECTION('',(-6.98296267768627E-15,0.,-1.));
#5953=DIRECTION('',(0.970142500145338,0.242535625036309,-6.77446887055214E-15));
#5954=DIRECTION('',(-6.98296267768627E-15,0.,-1.));
#5955=DIRECTION('',(-6.98296267768627E-15,0.,-1.));
#5956=DIRECTION('',(0.,1.,0.));
#5957=DIRECTION('',(-1.,0.,6.98296267768627E-15));
#5958=DIRECTION('',(0.,-1.,0.));
#5959=DIRECTION('',(6.98296267768627E-15,0.,1.));
#5960=DIRECTION('',(-6.98296267768627E-15,0.,-1.));
#5961=DIRECTION('',(-1.,0.,6.98296267768627E-15));
#5962=DIRECTION('',(-1.,0.,6.98296267768627E-15));
#5963=DIRECTION('',(1.,0.,-6.98296267768627E-15));
#5964=DIRECTION('',(-0.242535625036309,-0.970142500145338,1.69361721763786E-15));
#5965=DIRECTION('',(1.,0.,-6.98296267768627E-15));
#5966=DIRECTION('',(0.,1.,0.));
#5967=DIRECTION('',(-1.,0.,6.98296267768627E-15));
#5968=DIRECTION('',(-6.98296267768627E-15,0.,-1.));
#5969=DIRECTION('',(-1.,0.,6.98296267768627E-15));
#5970=DIRECTION('',(-1.,0.,6.98296267768627E-15));
#5971=DIRECTION('',(0.,-1.,0.));
#5972=DIRECTION('',(1.,0.,-6.98296267768627E-15));
#5973=DIRECTION('',(-0.242535625036309,0.970142500145338,1.69361721763786E-15));
#5974=DIRECTION('',(1.,0.,-6.98296267768627E-15));
#5975=DIRECTION('',(-1.,0.,6.98296267768627E-15));
#5976=DIRECTION('',(-1.,0.,6.98296267768627E-15));
#5977=DIRECTION('',(0.,1.,0.));
#5978=DIRECTION('',(-6.98296267768627E-15,0.,-1.));
#5979=DIRECTION('',(0.,1.,0.));
#5980=DIRECTION('',(-6.98296267768627E-15,0.,-1.));
#5981=DIRECTION('',(-6.98296267768627E-15,0.,-1.));
#5982=DIRECTION('',(-1.,0.,6.98296267768627E-15));
#5983=DIRECTION('',(-1.,0.,6.98296267768627E-15));
#5984=DIRECTION('',(1.,0.,-6.98296267768627E-15));
#5985=DIRECTION('',(0.242535625036309,0.970142500145338,-1.69361721763786E-15));
#5986=DIRECTION('',(1.,0.,-6.98296267768627E-15));
#5987=DIRECTION('',(-1.,0.,6.98296267768627E-15));
#5988=DIRECTION('',(-6.98296267768627E-15,0.,-1.));
#5989=DIRECTION('',(-1.,0.,6.98296267768627E-15));
#5990=DIRECTION('',(-1.,0.,6.98296267768627E-15));
#5991=DIRECTION('',(1.,0.,-6.98296267768627E-15));
#5992=DIRECTION('',(0.242535625036309,-0.970142500145338,-1.69361721763786E-15));
#5993=DIRECTION('',(1.,0.,-6.98296267768627E-15));
#5994=DIRECTION('',(0.,-1.,0.));
#5995=DIRECTION('',(-1.,0.,6.98296267768627E-15));
#5996=DIRECTION('',(0.,-1.,0.));
#5997=DIRECTION('',(6.98296267768627E-15,0.,1.));
#5998=DIRECTION('',(0.,1.,0.));
#5999=DIRECTION('',(-1.,0.,6.98296267768627E-15));
#6000=DIRECTION('',(-6.98296267768627E-15,0.,-1.));
#6001=DIRECTION('',(-0.970142500145338,0.242535625036309,6.77446887055214E-15));
#6002=DIRECTION('',(6.98296267768627E-15,0.,1.));
#6003=DIRECTION('',(-6.98296267768627E-15,0.,-1.));
#6004=DIRECTION('',(0.,1.,0.));
#6005=DIRECTION('',(-1.,0.,6.98296267768627E-15));
#6006=DIRECTION('',(1.,0.,-6.98296267768627E-15));
#6007=DIRECTION('',(-6.98296267768627E-15,0.,-1.));
#6008=DIRECTION('',(-6.98296267768627E-15,0.,-1.));
#6009=DIRECTION('',(-6.98296267768627E-15,0.,-1.));
#6010=DIRECTION('',(0.,1.,0.));
#6011=DIRECTION('',(-1.,0.,6.98296267768627E-15));
#6012=DIRECTION('',(-6.98296267768627E-15,0.,-1.));
#6013=DIRECTION('',(0.970142500145338,0.242535625036309,-6.77446887055214E-15));
#6014=DIRECTION('',(-6.98296267768627E-15,0.,-1.));
#6015=DIRECTION('',(-6.98296267768627E-15,0.,-1.));
#6016=DIRECTION('',(0.,1.,0.));
#6017=DIRECTION('',(-1.,0.,6.98296267768627E-15));
#6018=DIRECTION('',(0.,-1.,0.));
#6019=DIRECTION('',(6.98296267768627E-15,0.,1.));
#6020=DIRECTION('',(-6.98296267768627E-15,0.,-1.));
#6021=DIRECTION('',(-1.,0.,6.98296267768627E-15));
#6022=DIRECTION('',(-1.,0.,6.98296267768627E-15));
#6023=DIRECTION('',(1.,0.,-6.98296267768627E-15));
#6024=DIRECTION('',(-0.242535625036309,-0.970142500145338,1.69361721763786E-15));
#6025=DIRECTION('',(1.,0.,-6.98296267768627E-15));
#6026=DIRECTION('',(0.,1.,0.));
#6027=DIRECTION('',(-1.,0.,6.98296267768627E-15));
#6028=DIRECTION('',(-6.98296267768627E-15,0.,-1.));
#6029=DIRECTION('',(-1.,0.,6.98296267768627E-15));
#6030=DIRECTION('',(-1.,0.,6.98296267768627E-15));
#6031=DIRECTION('',(0.,-1.,0.));
#6032=DIRECTION('',(1.,0.,-6.98296267768627E-15));
#6033=DIRECTION('',(-0.242535625036309,0.970142500145338,1.69361721763786E-15));
#6034=DIRECTION('',(1.,0.,-6.98296267768627E-15));
#6035=DIRECTION('',(-1.,0.,6.98296267768627E-15));
#6036=DIRECTION('',(-1.,0.,6.98296267768627E-15));
#6037=DIRECTION('',(0.,1.,0.));
#6038=DIRECTION('',(-6.98296267768627E-15,0.,-1.));
#6039=DIRECTION('',(0.,1.,0.));
#6040=DIRECTION('',(-6.98296267768627E-15,0.,-1.));
#6041=DIRECTION('',(-6.98296267768627E-15,0.,-1.));
#6042=DIRECTION('',(-1.,0.,6.98296267768627E-15));
#6043=DIRECTION('',(-1.,0.,6.98296267768627E-15));
#6044=DIRECTION('',(1.,0.,-6.98296267768627E-15));
#6045=DIRECTION('',(0.242535625036309,0.970142500145338,-1.69361721763786E-15));
#6046=DIRECTION('',(1.,0.,-6.98296267768627E-15));
#6047=DIRECTION('',(-1.,0.,6.98296267768627E-15));
#6048=DIRECTION('',(-6.98296267768627E-15,0.,-1.));
#6049=DIRECTION('',(-1.,0.,6.98296267768627E-15));
#6050=DIRECTION('',(-1.,0.,6.98296267768627E-15));
#6051=DIRECTION('',(1.,0.,-6.98296267768627E-15));
#6052=DIRECTION('',(0.242535625036309,-0.970142500145338,-1.69361721763786E-15));
#6053=DIRECTION('',(1.,0.,-6.98296267768627E-15));
#6054=DIRECTION('',(0.,-1.,0.));
#6055=DIRECTION('',(-1.,0.,6.98296267768627E-15));
#6056=DIRECTION('',(0.,-1.,0.));
#6057=DIRECTION('',(6.98296267768627E-15,0.,1.));
#6058=DIRECTION('',(0.,1.,0.));
#6059=DIRECTION('',(-1.,0.,6.98296267768627E-15));
#6060=DIRECTION('',(-6.98296267768627E-15,0.,-1.));
#6061=DIRECTION('',(-0.970142500145338,0.242535625036309,6.77446887055214E-15));
#6062=DIRECTION('',(6.98296267768627E-15,0.,1.));
#6063=DIRECTION('',(-6.98296267768627E-15,0.,-1.));
#6064=DIRECTION('',(0.,1.,0.));
#6065=DIRECTION('',(-1.,0.,6.98296267768627E-15));
#6066=DIRECTION('',(1.,0.,-6.98296267768627E-15));
#6067=DIRECTION('',(-6.98296267768627E-15,0.,-1.));
#6068=DIRECTION('',(-6.98296267768627E-15,0.,-1.));
#6069=DIRECTION('',(-6.98296267768627E-15,0.,-1.));
#6070=DIRECTION('',(0.,1.,0.));
#6071=DIRECTION('',(-1.,0.,6.98296267768627E-15));
#6072=DIRECTION('',(-6.98296267768627E-15,0.,-1.));
#6073=DIRECTION('',(0.970142500145338,0.242535625036309,-6.77446887055214E-15));
#6074=DIRECTION('',(-6.98296267768627E-15,0.,-1.));
#6075=DIRECTION('',(-6.98296267768627E-15,0.,-1.));
#6076=DIRECTION('',(0.,1.,0.));
#6077=DIRECTION('',(-1.,0.,6.98296267768627E-15));
#6078=DIRECTION('',(0.,-1.,0.));
#6079=DIRECTION('',(6.98296267768627E-15,0.,1.));
#6080=DIRECTION('',(-6.98296267768627E-15,0.,-1.));
#6081=DIRECTION('',(-1.,0.,6.98296267768627E-15));
#6082=DIRECTION('',(-1.,0.,6.98296267768627E-15));
#6083=DIRECTION('',(0.,1.,0.));
#6084=DIRECTION('',(1.,0.,-6.98296267768627E-15));
#6085=DIRECTION('',(0.242535625036309,0.970142500145338,-1.69361721763786E-15));
#6086=DIRECTION('',(1.,0.,-6.98296267768627E-15));
#6087=DIRECTION('',(-1.,0.,6.98296267768627E-15));
#6088=DIRECTION('',(-6.98296267768627E-15,0.,-1.));
#6089=DIRECTION('',(-1.,0.,6.98296267768627E-15));
#6090=DIRECTION('',(-1.,0.,6.98296267768627E-15));
#6091=DIRECTION('',(1.,0.,-6.98296267768627E-15));
#6092=DIRECTION('',(0.242535625036309,-0.970142500145338,-1.69361721763786E-15));
#6093=DIRECTION('',(1.,0.,-6.98296267768627E-15));
#6094=DIRECTION('',(0.,-1.,0.));
#6095=DIRECTION('',(-1.,0.,6.98296267768627E-15));
#6096=DIRECTION('',(0.,-1.,0.));
#6097=DIRECTION('',(6.98296267768627E-15,0.,1.));
#6098=DIRECTION('',(0.,1.,0.));
#6099=DIRECTION('',(-1.,0.,6.98296267768627E-15));
#6100=DIRECTION('',(-6.98296267768627E-15,0.,-1.));
#6101=DIRECTION('',(-0.970142500145338,0.242535625036309,6.77446887055214E-15));
#6102=DIRECTION('',(6.98296267768627E-15,0.,1.));
#6103=DIRECTION('',(-6.98296267768627E-15,0.,-1.));
#6104=DIRECTION('',(0.,1.,0.));
#6105=DIRECTION('',(-1.,0.,6.98296267768627E-15));
#6106=DIRECTION('',(-6.98296267768627E-15,0.,-1.));
#6107=DIRECTION('',(-1.,0.,6.98296267768627E-15));
#6108=DIRECTION('',(0.,1.,0.));
#6109=DIRECTION('',(-6.98296267768627E-15,0.,-1.));
#6110=DIRECTION('',(1.,0.,-6.98296267768627E-15));
#6111=DIRECTION('',(-6.98296267768627E-15,0.,-1.));
#6112=DIRECTION('',(-6.98296267768627E-15,0.,-1.));
#6113=DIRECTION('',(-6.98296267768627E-15,0.,-1.));
#6114=DIRECTION('',(0.,1.,0.));
#6115=DIRECTION('',(-1.,0.,6.98296267768627E-15));
#6116=DIRECTION('',(-6.98296267768627E-15,0.,-1.));
#6117=DIRECTION('',(0.970142500145338,0.242535625036309,-6.77446887055214E-15));
#6118=DIRECTION('',(-6.98296267768627E-15,0.,-1.));
#6119=DIRECTION('',(-6.98296267768627E-15,0.,-1.));
#6120=DIRECTION('',(0.,1.,0.));
#6121=DIRECTION('',(-1.,0.,6.98296267768627E-15));
#6122=DIRECTION('',(0.,-1.,0.));
#6123=DIRECTION('',(6.98296267768627E-15,0.,1.));
#6124=DIRECTION('',(0.,1.,0.));
#6125=DIRECTION('',(-1.,0.,6.98296267768627E-15));
#6126=DIRECTION('',(-6.98296267768627E-15,0.,-1.));
#6127=DIRECTION('',(0.970142500145338,0.242535625036309,-6.77446887055214E-15));
#6128=DIRECTION('',(-6.98296267768627E-15,0.,-1.));
#6129=DIRECTION('',(-6.98296267768627E-15,0.,-1.));
#6130=DIRECTION('',(0.,1.,0.));
#6131=DIRECTION('',(-1.,0.,6.98296267768627E-15));
#6132=DIRECTION('',(-6.98296267768627E-15,0.,-1.));
#6133=DIRECTION('',(1.,0.,-6.98296267768627E-15));
#6134=DIRECTION('',(-6.98296267768627E-15,0.,-1.));
#6135=DIRECTION('',(-6.98296267768627E-15,0.,-1.));
#6136=DIRECTION('',(0.,1.,0.));
#6137=DIRECTION('',(-1.,0.,6.98296267768627E-15));
#6138=DIRECTION('',(-6.98296267768627E-15,0.,-1.));
#6139=DIRECTION('',(-0.970142500145338,0.242535625036309,6.77446887055214E-15));
#6140=DIRECTION('',(6.98296267768627E-15,0.,1.));
#6141=DIRECTION('',(-6.98296267768627E-15,0.,-1.));
#6142=DIRECTION('',(0.,1.,0.));
#6143=DIRECTION('',(-1.,0.,6.98296267768627E-15));
#6144=DIRECTION('',(-1.,0.,6.98296267768627E-15));
#6145=DIRECTION('',(0.,1.,0.));
#6146=DIRECTION('',(0.,-1.,0.));
#6147=DIRECTION('',(-6.98296267768627E-15,0.,-1.));
#6148=DIRECTION('',(0.,-1.,0.));
#6149=DIRECTION('',(-6.98296267768627E-15,0.,-1.));
#6150=DIRECTION('',(6.98296267768627E-15,0.,1.));
#6151=DIRECTION('',(0.,-1.,0.));
#6152=DIRECTION('',(-1.,0.,6.98296267768627E-15));
#6153=DIRECTION('',(0.,-1.,0.));
#6154=DIRECTION('',(-1.,0.,6.98296267768627E-15));
#6155=DIRECTION('',(1.,0.,-6.98296267768627E-15));
#6156=DIRECTION('',(-6.98296267768627E-15,0.,-1.));
#6157=DIRECTION('',(6.98296267768627E-15,0.,1.));
#6158=DIRECTION('',(0.,-1.,0.));
#6159=DIRECTION('',(6.98296267768627E-15,0.,1.));
#6160=DIRECTION('',(-6.98296267768627E-15,0.,-1.));
#6161=DIRECTION('',(-1.,0.,6.98296267768627E-15));
#6162=DIRECTION('',(1.,0.,-6.98296267768627E-15));
#6163=DIRECTION('',(1.,0.,-6.98296267768627E-15));
#6164=DIRECTION('',(0.,-1.,0.));
#6165=DIRECTION('',(6.98296267768627E-15,0.,1.));
#6166=DIRECTION('',(0.,1.,0.));
#6167=DIRECTION('',(-1.,0.,6.98296267768627E-15));
#6168=DIRECTION('',(0.,1.,0.));
#6169=DIRECTION('',(-1.,0.,6.98296267768627E-15));
#6170=CARTESIAN_POINT('',(0.,0.,0.));
#6171=CARTESIAN_POINT('',(0.012,0.001,0.00676499999999992));
#6172=CARTESIAN_POINT('',(0.012,0.,0.00676499999999992));
#6173=CARTESIAN_POINT('',(0.0118,0.,0.00676499999999992));
#6174=CARTESIAN_POINT('',(0.012,0.001,0.00676499999999992));
#6175=CARTESIAN_POINT('',(0.0118,0.001,0.00676499999999992));
#6176=CARTESIAN_POINT('',(0.008,0.001,0.006765));
#6177=CARTESIAN_POINT('',(0.008,0.,0.006765));
#6178=CARTESIAN_POINT('',(0.0078,0.,0.006765));
#6179=CARTESIAN_POINT('',(0.008,0.001,0.006765));
#6180=CARTESIAN_POINT('',(0.0078,0.001,0.006765));
#6181=CARTESIAN_POINT('',(5.72602939570274E-17,0.001,0.006765));
#6182=CARTESIAN_POINT('',(5.72602939570274E-17,0.,0.006765));
#6183=CARTESIAN_POINT('',(-0.000199999999999943,0.,0.006765));
#6184=CARTESIAN_POINT('',(5.72602939570274E-17,0.001,0.006765));
#6185=CARTESIAN_POINT('',(-0.000199999999999943,0.001,0.006765));
#6186=CARTESIAN_POINT('',(-0.00399999999999995,0.001,0.006765));
#6187=CARTESIAN_POINT('',(-0.00399999999999995,0.,0.006765));
#6188=CARTESIAN_POINT('',(-0.00419999999999995,0.,0.006765));
#6189=CARTESIAN_POINT('',(-0.00399999999999995,0.001,0.006765));
#6190=CARTESIAN_POINT('',(-0.00419999999999995,0.001,0.006765));
#6191=CARTESIAN_POINT('',(-0.008,0.001,0.006765));
#6192=CARTESIAN_POINT('',(-0.008,0.,0.006765));
#6193=CARTESIAN_POINT('',(-0.0082,0.,0.006765));
#6194=CARTESIAN_POINT('',(-0.008,0.001,0.006765));
#6195=CARTESIAN_POINT('',(-0.0082,0.001,0.006765));
#6196=CARTESIAN_POINT('',(-0.012,0.001,0.00676500000000008));
#6197=CARTESIAN_POINT('',(-0.012,0.,0.00676500000000008));
#6198=CARTESIAN_POINT('',(-0.0122,0.,0.00676500000000008));
#6199=CARTESIAN_POINT('',(-0.012,0.001,0.00676500000000008));
#6200=CARTESIAN_POINT('',(-0.0122,0.001,0.00676500000000008));
#6201=CARTESIAN_POINT('',(2.83857432847947E-17,0.,0.00263));
#6202=CARTESIAN_POINT('',(0.0083,0.003,0.00262999999999994));
#6203=CARTESIAN_POINT('',(-0.0102,0.003,0.00263000000000007));
#6204=CARTESIAN_POINT('',(-0.0108,0.003,0.00263000000000007));
#6205=CARTESIAN_POINT('',(-0.0102,0.003,0.00263000000000007));
#6206=CARTESIAN_POINT('',(-0.0102,0.0035,0.00263000000000007));
#6207=CARTESIAN_POINT('',(-0.0111999999999999,0.0035,0.00263000000000008));
#6208=CARTESIAN_POINT('',(-0.0112,0.0035,0.00263000000000008));
#6209=CARTESIAN_POINT('',(-0.0113647058823529,0.00284117647058795,0.00263000000000008));
#6210=CARTESIAN_POINT('',(-0.0117,0.0015,0.00263000000000008));
#6211=CARTESIAN_POINT('',(-0.0126999999999999,0.0015,0.00263000000000009));
#6212=CARTESIAN_POINT('',(-0.0127,0.0015,0.00263000000000009));
#6213=CARTESIAN_POINT('',(-0.0127,0.001,0.00263000000000009));
#6214=CARTESIAN_POINT('',(-0.0127,0.001,0.00263000000000009));
#6215=CARTESIAN_POINT('',(-0.0113,0.001,0.00263000000000008));
#6216=CARTESIAN_POINT('',(-0.0113,0.001,0.00263000000000008));
#6217=CARTESIAN_POINT('',(-0.0113,0.001,0.00263000000000008));
#6218=CARTESIAN_POINT('',(2.83857432847947E-17,0.,0.00263));
#6219=CARTESIAN_POINT('',(0.0102,0.001,0.00262999999999993));
#6220=CARTESIAN_POINT('',(0.0102,0.001,0.00262999999999993));
#6221=CARTESIAN_POINT('',(0.0088,0.001,0.00262999999999994));
#6222=CARTESIAN_POINT('',(0.0102000000000001,0.0015,0.00262999999999993));
#6223=CARTESIAN_POINT('',(0.0102,0.0015,0.00262999999999993));
#6224=CARTESIAN_POINT('',(-0.0126999999999999,0.0015,0.00263000000000009));
#6225=CARTESIAN_POINT('',(0.0092,0.0015,0.00262999999999993));
#6226=CARTESIAN_POINT('',(0.00901176470588247,0.00225294117647038,0.00262999999999994));
#6227=CARTESIAN_POINT('',(0.00870000000000003,0.0035,0.00262999999999994));
#6228=CARTESIAN_POINT('',(-0.0111999999999999,0.0035,0.00263000000000008));
#6229=CARTESIAN_POINT('',(0.0077,0.0035,0.00262999999999994));
#6230=CARTESIAN_POINT('',(0.0077,0.003,0.00262999999999994));
#6231=CARTESIAN_POINT('',(0.0077,0.003,0.00262999999999994));
#6232=CARTESIAN_POINT('',(0.0083,0.003,0.00262999999999994));
#6233=CARTESIAN_POINT('',(0.0083,0.003,0.00262999999999994));
#6234=CARTESIAN_POINT('',(0.0083,0.003,0.00262999999999994));
#6235=CARTESIAN_POINT('',(-0.0113,0.001,-0.00987));
#6236=CARTESIAN_POINT('',(-0.0113,0.001,-0.00837));
#6237=CARTESIAN_POINT('',(-0.0113,0.001,-0.00837));
#6238=CARTESIAN_POINT('',(-0.0113,0.001,-0.00736999999999992));
#6239=CARTESIAN_POINT('',(-0.0113,0.001,-0.00836999999999996));
#6240=CARTESIAN_POINT('',(-0.0108,0.003,-0.00837));
#6241=CARTESIAN_POINT('',(-0.0108,0.003,0.00263000000000008));
#6242=CARTESIAN_POINT('',(-0.0108,0.003,-0.00736999999999995));
#6243=CARTESIAN_POINT('',(-0.00873529411764735,0.0112588235294116,-0.00736999999999993));
#6244=CARTESIAN_POINT('',(-0.0113,0.001,-0.00987));
#6245=CARTESIAN_POINT('',(-0.0113,0.001,-0.00586999999999992));
#6246=CARTESIAN_POINT('',(-0.0113,0.001,-0.00586999999999992));
#6247=CARTESIAN_POINT('',(-0.0113,0.001,-0.00486999999999992));
#6248=CARTESIAN_POINT('',(-0.0113,0.001,-0.00586999999999992));
#6249=CARTESIAN_POINT('',(-0.0108,0.003,-0.00586999999999992));
#6250=CARTESIAN_POINT('',(-0.0108,0.003,0.00263000000000008));
#6251=CARTESIAN_POINT('',(-0.0108,0.003,-0.00486999999999992));
#6252=CARTESIAN_POINT('',(-0.0113,0.001,-0.00486999999999992));
#6253=CARTESIAN_POINT('',(-0.0113,0.001,-0.00987));
#6254=CARTESIAN_POINT('',(-0.0113,0.001,-0.00336999999999992));
#6255=CARTESIAN_POINT('',(-0.0113,0.001,-0.00336999999999992));
#6256=CARTESIAN_POINT('',(-0.0113,0.001,-0.00236999999999992));
#6257=CARTESIAN_POINT('',(-0.0113,0.001,-0.00336999999999992));
#6258=CARTESIAN_POINT('',(-0.0108,0.003,-0.00336999999999993));
#6259=CARTESIAN_POINT('',(-0.0108,0.003,0.00263000000000008));
#6260=CARTESIAN_POINT('',(-0.0108,0.003,-0.00236999999999993));
#6261=CARTESIAN_POINT('',(-0.0113,0.001,-0.00236999999999992));
#6262=CARTESIAN_POINT('',(-0.0113,0.001,-0.00987));
#6263=CARTESIAN_POINT('',(-0.0113,0.001,-0.00086999999999992));
#6264=CARTESIAN_POINT('',(-0.0113,0.001,-0.00086999999999992));
#6265=CARTESIAN_POINT('',(-0.0113,0.001,0.00013000000000008));
#6266=CARTESIAN_POINT('',(-0.0113,0.001,-0.00086999999999992));
#6267=CARTESIAN_POINT('',(-0.0108,0.003,-0.000869999999999924));
#6268=CARTESIAN_POINT('',(-0.0108,0.003,0.00263000000000008));
#6269=CARTESIAN_POINT('',(-0.0108,0.003,0.000130000000000076));
#6270=CARTESIAN_POINT('',(-0.0113,0.001,0.00013000000000008));
#6271=CARTESIAN_POINT('',(-0.0113,0.001,-0.00987));
#6272=CARTESIAN_POINT('',(-0.0113,0.001,0.00163000000000008));
#6273=CARTESIAN_POINT('',(-0.0113,0.001,0.00163000000000008));
#6274=CARTESIAN_POINT('',(-0.0113,0.001,0.00163000000000008));
#6275=CARTESIAN_POINT('',(-0.0108,0.003,0.00163000000000007));
#6276=CARTESIAN_POINT('',(-0.0108,0.003,0.00263000000000008));
#6277=CARTESIAN_POINT('',(0.00149999999999996,0.0087,-0.00737));
#6278=CARTESIAN_POINT('',(0.00829999999999993,0.003,-0.00737000000000005));
#6279=CARTESIAN_POINT('',(-0.0102,0.003,-0.00737));
#6280=CARTESIAN_POINT('',(-0.0102,0.0087,-0.00736999999999992));
#6281=CARTESIAN_POINT('',(-0.0102,0.0035,-0.00736999999999998));
#6282=CARTESIAN_POINT('',(-0.0112,0.0035,-0.00736999999999991));
#6283=CARTESIAN_POINT('',(-0.0112,0.0035,-0.00736999999999992));
#6284=CARTESIAN_POINT('',(-0.00922941176470616,0.0113823529411763,-0.00736999999999993));
#6285=CARTESIAN_POINT('',(-0.0117,0.0015,-0.00736999999999992));
#6286=CARTESIAN_POINT('',(-0.0127,0.0015,-0.0073699999999999));
#6287=CARTESIAN_POINT('',(-0.0127,0.0015,-0.00736999999999991));
#6288=CARTESIAN_POINT('',(-0.0127000000000001,0.001,-0.0073699999999999));
#6289=CARTESIAN_POINT('',(-0.0127,0.001,-0.00736999999999991));
#6290=CARTESIAN_POINT('',(-4.14438834920679E-17,0.001,-0.00736999999999999));
#6291=CARTESIAN_POINT('',(0.00149999999999996,0.0087,-0.00737));
#6292=CARTESIAN_POINT('',(-4.14438834920679E-17,0.001,-0.00736999999999999));
#6293=CARTESIAN_POINT('',(0.0102,0.001,-0.00737));
#6294=CARTESIAN_POINT('',(0.00879999999999998,0.001,-0.00736999999999999));
#6295=CARTESIAN_POINT('',(0.0102,0.0015,-0.00737000000000006));
#6296=CARTESIAN_POINT('',(0.0102,0.0015,-0.00737));
#6297=CARTESIAN_POINT('',(-0.0127,0.0015,-0.0073699999999999));
#6298=CARTESIAN_POINT('',(0.0092,0.0015,-0.00737));
#6299=CARTESIAN_POINT('',(0.00705294117647081,0.0100882352941176,-0.00737000000000004));
#6300=CARTESIAN_POINT('',(0.00870000000000003,0.0035,-0.00737));
#6301=CARTESIAN_POINT('',(-0.0112,0.0035,-0.00736999999999991));
#6302=CARTESIAN_POINT('',(0.0077,0.0035,-0.00737));
#6303=CARTESIAN_POINT('',(0.00769999999999992,0.001,-0.00737000000000004));
#6304=CARTESIAN_POINT('',(0.0077,0.003,-0.00737));
#6305=CARTESIAN_POINT('',(0.00829999999999993,0.003,-0.00737000000000005));
#6306=CARTESIAN_POINT('',(0.0083,0.003,-0.00737));
#6307=CARTESIAN_POINT('',(0.00655882352941198,0.00996470588235287,-0.00737000000000004));
#6308=CARTESIAN_POINT('',(-0.0127,0.001,0.00263000000000009));
#6309=CARTESIAN_POINT('',(-0.0127,0.0015,0.00263000000000009));
#6310=CARTESIAN_POINT('',(-0.0127,0.0015,-0.00836999999999991));
#6311=CARTESIAN_POINT('',(-0.0127000000000001,0.,-0.00836999999999995));
#6312=CARTESIAN_POINT('',(-0.0127,0.001,-0.00836999999999994));
#6313=CARTESIAN_POINT('',(-0.0127,0.001,-0.00286999999999991));
#6314=CARTESIAN_POINT('',(-0.00494,0.,-0.00837));
#6315=CARTESIAN_POINT('',(-0.00494,0.001,-0.00837));
#6316=CARTESIAN_POINT('',(-0.00494,0.0015,-0.00837));
#6317=CARTESIAN_POINT('',(-0.0117,0.0015,-0.00836999999999995));
#6318=CARTESIAN_POINT('',(-0.0116552941176471,0.0016788235294116,-0.00836999999999995));
#6319=CARTESIAN_POINT('',(-0.0112,0.0035,-0.00837));
#6320=CARTESIAN_POINT('',(-0.00494,0.0035,-0.00837));
#6321=CARTESIAN_POINT('',(-0.0102,0.0035,-0.00837));
#6322=CARTESIAN_POINT('',(-0.0102,0.001,-0.00836999999999996));
#6323=CARTESIAN_POINT('',(-0.0102,0.003,-0.00837));
#6324=CARTESIAN_POINT('',(-0.00494,0.003,-0.00837));
#6325=CARTESIAN_POINT('',(-0.00494,0.,-0.00837));
#6326=CARTESIAN_POINT('',(-0.00494,0.003,-0.00837));
#6327=CARTESIAN_POINT('',(0.0083,0.003,-0.00837));
#6328=CARTESIAN_POINT('',(0.0077,0.003,-0.00837));
#6329=CARTESIAN_POINT('',(0.00769999999999991,0.,-0.00837000000000009));
#6330=CARTESIAN_POINT('',(0.0077,0.0035,-0.00837));
#6331=CARTESIAN_POINT('',(-0.00494,0.0035,-0.00837));
#6332=CARTESIAN_POINT('',(0.00869999999999999,0.0035,-0.00837));
#6333=CARTESIAN_POINT('',(0.00872117647058834,0.00341529411764673,-0.0083700000000001));
#6334=CARTESIAN_POINT('',(0.00919999999999996,0.0015,-0.00837));
#6335=CARTESIAN_POINT('',(-0.00494,0.0015,-0.00837));
#6336=CARTESIAN_POINT('',(0.0102,0.0015,-0.00837));
#6337=CARTESIAN_POINT('',(0.0102,0.,-0.00837000000000011));
#6338=CARTESIAN_POINT('',(0.0102,0.001,-0.00837));
#6339=CARTESIAN_POINT('',(-0.00494,0.001,-0.00837));
#6340=CARTESIAN_POINT('',(0.00879999999999997,0.001,-0.00836999999999999));
#6341=CARTESIAN_POINT('',(0.00830000000000001,0.003,-0.00837000000000009));
#6342=CARTESIAN_POINT('',(0.0083,0.003,0.00262999999999994));
#6343=CARTESIAN_POINT('',(-0.0102,0.003,-0.00987));
#6344=CARTESIAN_POINT('',(-0.0102,0.001,-0.00987));
#6345=CARTESIAN_POINT('',(-0.0102,0.001,0.00413000000000007));
#6346=CARTESIAN_POINT('',(-0.0102,0.001,0.00413000000000007));
#6347=CARTESIAN_POINT('',(-0.0102,0.0087,0.00413000000000007));
#6348=CARTESIAN_POINT('',(-0.0102,0.0087,-0.00987));
#6349=CARTESIAN_POINT('',(-0.0102,0.0087,-0.00987));
#6350=CARTESIAN_POINT('',(-0.0102,0.001,-0.00987));
#6351=CARTESIAN_POINT('',(-0.0102,0.001,-0.00987));
#6352=CARTESIAN_POINT('',(-0.0102,0.001,-0.00987));
#6353=CARTESIAN_POINT('',(-0.0102,0.0035,-0.00737));
#6354=CARTESIAN_POINT('',(-0.0102,0.003,-0.00987));
#6355=CARTESIAN_POINT('',(-0.0102,0.003,-0.00486999999999993));
#6356=CARTESIAN_POINT('',(-0.0102,0.003,-0.00586999999999993));
#6357=CARTESIAN_POINT('',(-0.0102,0.003,-0.00586999999999993));
#6358=CARTESIAN_POINT('',(-0.0102,0.0035,-0.00586999999999993));
#6359=CARTESIAN_POINT('',(-0.0102,0.0035,-0.00736999999999993));
#6360=CARTESIAN_POINT('',(-0.0102,0.0035,-0.00486999999999993));
#6361=CARTESIAN_POINT('',(-0.0102,0.003,-0.00486999999999993));
#6362=CARTESIAN_POINT('',(-0.0102,0.003,-0.00987));
#6363=CARTESIAN_POINT('',(-0.0102,0.003,-0.00236999999999993));
#6364=CARTESIAN_POINT('',(-0.0102,0.003,-0.00336999999999993));
#6365=CARTESIAN_POINT('',(-0.0102,0.003,-0.00336999999999993));
#6366=CARTESIAN_POINT('',(-0.0102,0.0035,-0.00336999999999993));
#6367=CARTESIAN_POINT('',(-0.0102,0.0035,-0.00736999999999993));
#6368=CARTESIAN_POINT('',(-0.0102,0.0035,-0.00236999999999993));
#6369=CARTESIAN_POINT('',(-0.0102,0.003,-0.00236999999999993));
#6370=CARTESIAN_POINT('',(-0.0102,0.003,-0.00987));
#6371=CARTESIAN_POINT('',(-0.0102,0.003,0.000130000000000072));
#6372=CARTESIAN_POINT('',(-0.0102,0.003,-0.000869999999999928));
#6373=CARTESIAN_POINT('',(-0.0102,0.003,-0.000869999999999928));
#6374=CARTESIAN_POINT('',(-0.0102,0.0035,-0.000869999999999928));
#6375=CARTESIAN_POINT('',(-0.0102,0.0035,-0.00736999999999993));
#6376=CARTESIAN_POINT('',(-0.0102,0.0035,0.000130000000000072));
#6377=CARTESIAN_POINT('',(-0.0102,0.003,0.000130000000000072));
#6378=CARTESIAN_POINT('',(-0.0102,0.003,-0.00987));
#6379=CARTESIAN_POINT('',(-0.0102,0.003,0.00163000000000007));
#6380=CARTESIAN_POINT('',(-0.0102,0.003,0.00163000000000007));
#6381=CARTESIAN_POINT('',(-0.0102,0.0035,0.00163000000000007));
#6382=CARTESIAN_POINT('',(-0.0102,0.0035,-0.00736999999999993));
#6383=CARTESIAN_POINT('',(0.0077,0.001,-0.00987));
#6384=CARTESIAN_POINT('',(-0.0067000000000001,0.001,-0.0098699999999999));
#6385=CARTESIAN_POINT('',(-0.0067,0.001,-0.00987));
#6386=CARTESIAN_POINT('',(-0.0067,0.0037,-0.00987));
#6387=CARTESIAN_POINT('',(-0.0067,0.001,-0.00987));
#6388=CARTESIAN_POINT('',(0.00379999999999994,0.0087,-0.00987));
#6389=CARTESIAN_POINT('',(0.00379999999999994,0.0087,-0.00987));
#6390=CARTESIAN_POINT('',(0.00379999999999994,0.0087,-0.00987));
#6391=CARTESIAN_POINT('',(0.00379999999999994,0.0037,-0.00986999999999999));
#6392=CARTESIAN_POINT('',(-0.0067000000000001,0.0037,-0.0098699999999999));
#6393=CARTESIAN_POINT('',(0.00769999999999997,0.0037,-0.00987));
#6394=CARTESIAN_POINT('',(0.0077,0.001,-0.00987));
#6395=CARTESIAN_POINT('',(0.0077,0.001,-0.00987));
#6396=CARTESIAN_POINT('',(0.0077,0.001,-0.00987));
#6397=CARTESIAN_POINT('',(0.000299999999999941,0.001,-0.00986999999999998));
#6398=CARTESIAN_POINT('',(0.000299999999999941,0.001,-0.00986999999999995));
#6399=CARTESIAN_POINT('',(0.000299999999999941,0.0037,-0.00987000000000002));
#6400=CARTESIAN_POINT('',(-0.0067000000000001,0.0037,-0.0098699999999999));
#6401=CARTESIAN_POINT('',(-0.0067,0.0037,0.00413000000000005));
#6402=CARTESIAN_POINT('',(0.000300000000000039,0.0037,0.00413));
#6403=CARTESIAN_POINT('',(0.000299999999999955,0.0037,-0.00787000000000002));
#6404=CARTESIAN_POINT('',(-4.49353648309111E-17,0.0037,-0.00787));
#6405=CARTESIAN_POINT('',(-0.0067,0.0037,-0.00787));
#6406=CARTESIAN_POINT('',(-0.0067,0.0037,0.00413000000000005));
#6407=CARTESIAN_POINT('',(-0.0067,0.001,0.00413000000000005));
#6408=CARTESIAN_POINT('',(-0.00670000000000008,0.0087,-0.00786999999999995));
#6409=CARTESIAN_POINT('',(-0.00669999999999999,0.001,-0.00786999999999997));
#6410=CARTESIAN_POINT('',(-0.00670000000000005,0.001,-0.00286999999999995));
#6411=CARTESIAN_POINT('',(-4.49353648309111E-17,0.0087,-0.00787));
#6412=CARTESIAN_POINT('',(0.000299999999999955,0.0087,-0.00787));
#6413=CARTESIAN_POINT('',(0.000299999999999955,0.001,-0.00787));
#6414=CARTESIAN_POINT('',(0.000299999999999955,0.001,-0.00787));
#6415=CARTESIAN_POINT('',(0.000300000000000039,0.0037,0.00413));
#6416=CARTESIAN_POINT('',(0.000300000000000039,0.001,0.00413));
#6417=CARTESIAN_POINT('',(0.0077,0.001,0.00412999999999995));
#6418=CARTESIAN_POINT('',(0.0077,0.001,0.00412999999999995));
#6419=CARTESIAN_POINT('',(0.0077,0.001,0.00412999999999995));
#6420=CARTESIAN_POINT('',(0.0077,0.0037,0.00412999999999995));
#6421=CARTESIAN_POINT('',(0.0077,0.001,0.00412999999999995));
#6422=CARTESIAN_POINT('',(0.0077,0.0037,0.00412999999999995));
#6423=CARTESIAN_POINT('',(0.0077,0.0035,0.00412999999999995));
#6424=CARTESIAN_POINT('',(0.0077,0.003,0.00262999999999994));
#6425=CARTESIAN_POINT('',(0.0077,0.0035,0.00412999999999995));
#6426=CARTESIAN_POINT('',(0.0077,0.0035,-0.00487));
#6427=CARTESIAN_POINT('',(0.0077,0.0035,-0.00587));
#6428=CARTESIAN_POINT('',(0.0077,0.003,-0.00587));
#6429=CARTESIAN_POINT('',(0.0077,0.003,-0.00587));
#6430=CARTESIAN_POINT('',(0.0077,0.003,0.00262999999999994));
#6431=CARTESIAN_POINT('',(0.0077,0.003,-0.00487000000000002));
#6432=CARTESIAN_POINT('',(0.0077,0.003,-0.00487));
#6433=CARTESIAN_POINT('',(0.0077,0.0035,0.00412999999999995));
#6434=CARTESIAN_POINT('',(0.0077,0.0035,-0.00237000000000006));
#6435=CARTESIAN_POINT('',(0.0077,0.0035,-0.00337000000000006));
#6436=CARTESIAN_POINT('',(0.0077,0.003,-0.00337000000000006));
#6437=CARTESIAN_POINT('',(0.0077,0.003,-0.00337000000000006));
#6438=CARTESIAN_POINT('',(0.0077,0.003,0.00262999999999994));
#6439=CARTESIAN_POINT('',(0.0077,0.003,-0.00237000000000006));
#6440=CARTESIAN_POINT('',(0.0077,0.003,-0.00237000000000006));
#6441=CARTESIAN_POINT('',(0.0077,0.0035,0.00412999999999995));
#6442=CARTESIAN_POINT('',(0.0077,0.0035,0.000129999999999947));
#6443=CARTESIAN_POINT('',(0.0077,0.0035,-0.000870000000000053));
#6444=CARTESIAN_POINT('',(0.0077,0.003,-0.000870000000000053));
#6445=CARTESIAN_POINT('',(0.0077,0.003,-0.000870000000000053));
#6446=CARTESIAN_POINT('',(0.0077,0.003,0.00262999999999994));
#6447=CARTESIAN_POINT('',(0.0077,0.003,0.000129999999999947));
#6448=CARTESIAN_POINT('',(0.0077,0.003,0.000129999999999947));
#6449=CARTESIAN_POINT('',(0.0077,0.0035,0.00412999999999995));
#6450=CARTESIAN_POINT('',(0.0077,0.0035,0.00162999999999994));
#6451=CARTESIAN_POINT('',(0.0077,0.003,0.00162999999999994));
#6452=CARTESIAN_POINT('',(0.0077,0.003,0.00162999999999994));
#6453=CARTESIAN_POINT('',(0.0077,0.003,0.00262999999999994));
#6454=CARTESIAN_POINT('',(-0.0067,0.0037,0.00413000000000005));
#6455=CARTESIAN_POINT('',(0.00380000000000004,0.0037,0.00412999999999998));
#6456=CARTESIAN_POINT('',(0.00380000000000003,0.0037,0.00412999999999998));
#6457=CARTESIAN_POINT('',(-0.0102,0.0037,0.00413000000000007));
#6458=CARTESIAN_POINT('',(-0.0102,0.001,0.00413000000000007));
#6459=CARTESIAN_POINT('',(0.0064,0.001,0.00412999999999995));
#6460=CARTESIAN_POINT('',(0.0064,0.001,0.00412999999999997));
#6461=CARTESIAN_POINT('',(0.0038,0.0087,0.00413));
#6462=CARTESIAN_POINT('',(0.0038,0.0087,0.00413));
#6463=CARTESIAN_POINT('',(-0.0102,0.0087,0.00413000000000007));
#6464=CARTESIAN_POINT('',(-0.0102,0.001,0.00413000000000007));
#6465=CARTESIAN_POINT('',(-0.0067,0.001,0.00413000000000005));
#6466=CARTESIAN_POINT('',(-0.0067,0.001,0.00413000000000005));
#6467=CARTESIAN_POINT('',(-0.0067,0.0037,0.00413000000000005));
#6468=CARTESIAN_POINT('',(-0.0067,0.0037,0.00413000000000005));
#6469=CARTESIAN_POINT('',(0.000300000000000039,0.0037,0.00413));
#6470=CARTESIAN_POINT('',(0.000300000000000039,0.001,0.00413));
#6471=CARTESIAN_POINT('',(0.000300000000000039,0.001,0.00413));
#6472=CARTESIAN_POINT('',(0.000300000000000039,0.001,0.00413));
#6473=CARTESIAN_POINT('',(0.0052,0.001,0.00412999999999998));
#6474=CARTESIAN_POINT('',(-0.0102,0.001,0.00413000000000007));
#6475=CARTESIAN_POINT('',(-1.00205514424798E-17,0.001,-0.00287));
#6476=CARTESIAN_POINT('',(0.00639999999999996,0.001,-0.00287000000000004));
#6477=CARTESIAN_POINT('',(0.0064,0.001,0.00309499999999996));
#6478=CARTESIAN_POINT('',(0.00519999999999995,0.001,-0.00287000000000004));
#6479=CARTESIAN_POINT('',(0.0052,0.001,0.00309499999999996));
#6480=CARTESIAN_POINT('',(0.0058,0.001,0.00309499999999996));
#6481=CARTESIAN_POINT('',(0.0058,-0.0166396,0.00309499999999996));
#6482=CARTESIAN_POINT('',(0.0052,0.,0.00309499999999996));
#6483=CARTESIAN_POINT('',(0.0052,0.,0.00309499999999996));
#6484=CARTESIAN_POINT('',(0.0058,0.,0.00309499999999996));
#6485=CARTESIAN_POINT('',(0.0064,0.,0.00309499999999995));
#6486=CARTESIAN_POINT('',(0.0064,0.,0.00309499999999995));
#6487=CARTESIAN_POINT('',(0.0064,0.,0.00249499999999995));
#6488=CARTESIAN_POINT('',(0.0064,0.001,0.00412999999999995));
#6489=CARTESIAN_POINT('',(0.0064,0.001,0.00419499999999995));
#6490=CARTESIAN_POINT('',(0.0064,0.,0.00309499999999995));
#6491=CARTESIAN_POINT('',(0.0064,0.,0.00419499999999995));
#6492=CARTESIAN_POINT('',(0.0064,0.001,0.00419499999999995));
#6493=CARTESIAN_POINT('',(0.0067,0.0230396,0.00419499999999995));
#6494=CARTESIAN_POINT('',(0.0067,0.001,0.00449499999999995));
#6495=CARTESIAN_POINT('',(0.0067,0.001,0.00449499999999995));
#6496=CARTESIAN_POINT('',(0.0067,0.,0.00449499999999995));
#6497=CARTESIAN_POINT('',(0.0067,0.001,0.00419499999999995));
#6498=CARTESIAN_POINT('',(0.0067,0.,0.00419499999999995));
#6499=CARTESIAN_POINT('',(-0.0132,0.,0.0044950000000001));
#6500=CARTESIAN_POINT('',(0.013,0.,0.00449499999999991));
#6501=CARTESIAN_POINT('',(0.013,0.,0.00449499999999991));
#6502=CARTESIAN_POINT('',(0.0132,0.,0.00449499999999991));
#6503=CARTESIAN_POINT('',(0.0132,0.,0.00449499999999991));
#6504=CARTESIAN_POINT('',(0.0132,0.001,0.00449499999999991));
#6505=CARTESIAN_POINT('',(0.013,0.001,0.00449499999999991));
#6506=CARTESIAN_POINT('',(0.013,0.001,0.00449499999999991));
#6507=CARTESIAN_POINT('',(0.013,0.,0.00449499999999991));
#6508=CARTESIAN_POINT('',(-0.0132,0.,0.0044950000000001));
#6509=CARTESIAN_POINT('',(0.009,0.001,0.00449499999999994));
#6510=CARTESIAN_POINT('',(0.009,0.001,0.00449499999999994));
#6511=CARTESIAN_POINT('',(0.011,0.001,0.00449499999999993));
#6512=CARTESIAN_POINT('',(0.009,0.,0.00449499999999994));
#6513=CARTESIAN_POINT('',(0.009,0.,0.00449499999999994));
#6514=CARTESIAN_POINT('',(0.009,0.,0.00449499999999994));
#6515=CARTESIAN_POINT('',(0.011,0.,0.00449499999999993));
#6516=CARTESIAN_POINT('',(0.011,0.001,0.00449499999999993));
#6517=CARTESIAN_POINT('',(-0.0132,0.,0.0044950000000001));
#6518=CARTESIAN_POINT('',(-0.00299999999999996,0.001,0.004495));
#6519=CARTESIAN_POINT('',(-0.00299999999999996,0.001,0.004495));
#6520=CARTESIAN_POINT('',(-0.000999999999999959,0.001,0.004495));
#6521=CARTESIAN_POINT('',(-0.00299999999999996,0.,0.004495));
#6522=CARTESIAN_POINT('',(-0.00299999999999996,0.,0.004495));
#6523=CARTESIAN_POINT('',(-0.00299999999999996,0.,0.004495));
#6524=CARTESIAN_POINT('',(-0.000999999999999959,0.,0.004495));
#6525=CARTESIAN_POINT('',(-0.000999999999999959,0.001,0.004495));
#6526=CARTESIAN_POINT('',(-0.0132,0.,0.0044950000000001));
#6527=CARTESIAN_POINT('',(-0.007,0.001,0.00449500000000005));
#6528=CARTESIAN_POINT('',(-0.007,0.001,0.00449500000000005));
#6529=CARTESIAN_POINT('',(-0.005,0.001,0.004495));
#6530=CARTESIAN_POINT('',(-0.007,0.,0.00449500000000005));
#6531=CARTESIAN_POINT('',(-0.007,0.,0.00449500000000005));
#6532=CARTESIAN_POINT('',(-0.007,0.,0.00449500000000005));
#6533=CARTESIAN_POINT('',(-0.005,0.,0.004495));
#6534=CARTESIAN_POINT('',(-0.005,0.001,0.004495));
#6535=CARTESIAN_POINT('',(-0.0132,0.,0.0044950000000001));
#6536=CARTESIAN_POINT('',(-0.011,0.001,0.00449500000000008));
#6537=CARTESIAN_POINT('',(-0.011,0.001,0.00449500000000008));
#6538=CARTESIAN_POINT('',(-0.009,0.001,0.00449500000000006));
#6539=CARTESIAN_POINT('',(-0.011,0.,0.00449500000000008));
#6540=CARTESIAN_POINT('',(-0.011,0.,0.00449500000000008));
#6541=CARTESIAN_POINT('',(-0.011,0.,0.00449500000000008));
#6542=CARTESIAN_POINT('',(-0.009,0.,0.00449500000000006));
#6543=CARTESIAN_POINT('',(-0.009,0.001,0.00449500000000006));
#6544=CARTESIAN_POINT('',(-0.0132,0.,0.0044950000000001));
#6545=CARTESIAN_POINT('',(-0.0132,0.001,0.0044950000000001));
#6546=CARTESIAN_POINT('',(-0.0132,0.001,0.0044950000000001));
#6547=CARTESIAN_POINT('',(-0.013,0.001,0.00449500000000009));
#6548=CARTESIAN_POINT('',(-0.0132,0.,0.0044950000000001));
#6549=CARTESIAN_POINT('',(-0.0132,0.,0.0044950000000001));
#6550=CARTESIAN_POINT('',(-0.0132,0.,0.0044950000000001));
#6551=CARTESIAN_POINT('',(-0.013,0.,0.00449500000000009));
#6552=CARTESIAN_POINT('',(-0.013,0.001,0.00449500000000009));
#6553=CARTESIAN_POINT('',(-0.0132,0.,0.0044950000000001));
#6554=CARTESIAN_POINT('',(0.00100000000000004,0.001,0.004495));
#6555=CARTESIAN_POINT('',(0.00100000000000004,0.001,0.004495));
#6556=CARTESIAN_POINT('',(0.0049,0.001,0.004495));
#6557=CARTESIAN_POINT('',(0.00100000000000004,0.,0.004495));
#6558=CARTESIAN_POINT('',(0.00100000000000004,0.,0.004495));
#6559=CARTESIAN_POINT('',(0.00100000000000004,0.,0.004495));
#6560=CARTESIAN_POINT('',(0.0049,0.,0.004495));
#6561=CARTESIAN_POINT('',(0.0049,0.,0.004495));
#6562=CARTESIAN_POINT('',(-0.0132,0.,0.0044950000000001));
#6563=CARTESIAN_POINT('',(0.0067,0.,0.00449499999999995));
#6564=CARTESIAN_POINT('',(0.007,0.,0.00449499999999995));
#6565=CARTESIAN_POINT('',(0.007,0.001,0.00449499999999995));
#6566=CARTESIAN_POINT('',(0.007,0.001,0.00449499999999995));
#6567=CARTESIAN_POINT('',(0.0067,0.001,0.00449499999999995));
#6568=CARTESIAN_POINT('',(0.013,-0.01134132,0.00479499999999991));
#6569=CARTESIAN_POINT('',(0.013,0.001,0.00479499999999991));
#6570=CARTESIAN_POINT('',(0.0127,0.001,0.00479499999999991));
#6571=CARTESIAN_POINT('',(0.0127,0.,0.00479499999999991));
#6572=CARTESIAN_POINT('',(0.0127,0.,0.00479499999999991));
#6573=CARTESIAN_POINT('',(0.013,0.,0.00479499999999991));
#6574=CARTESIAN_POINT('',(0.0127,0.001,0.00736499999999991));
#6575=CARTESIAN_POINT('',(0.0127,0.001,0.00706499999999991));
#6576=CARTESIAN_POINT('',(0.0127,0.001,0.00706499999999991));
#6577=CARTESIAN_POINT('',(0.0127,0.001,0.00706499999999991));
#6578=CARTESIAN_POINT('',(0.0127,0.,0.00706499999999991));
#6579=CARTESIAN_POINT('',(0.0127,0.,0.00706499999999991));
#6580=CARTESIAN_POINT('',(0.0124,0.02004132,0.00706499999999991));
#6581=CARTESIAN_POINT('',(0.0124,0.001,0.00706499999999991));
#6582=CARTESIAN_POINT('',(0.0124,0.001,0.00736499999999991));
#6583=CARTESIAN_POINT('',(0.0124,0.02004132,0.00736499999999991));
#6584=CARTESIAN_POINT('',(0.0124,0.,0.00736499999999991));
#6585=CARTESIAN_POINT('',(0.0124,0.,0.00706499999999991));
#6586=CARTESIAN_POINT('',(-0.0127,0.001,0.00736500000000009));
#6587=CARTESIAN_POINT('',(6.14500715636392E-17,0.001,0.007365));
#6588=CARTESIAN_POINT('',(0.0116,0.001,0.00736499999999992));
#6589=CARTESIAN_POINT('',(0.0116,0.02004132,0.00736499999999992));
#6590=CARTESIAN_POINT('',(0.0116,0.,0.00736499999999992));
#6591=CARTESIAN_POINT('',(-0.0127,0.,0.00736500000000009));
#6592=CARTESIAN_POINT('',(0.0116,0.02004132,0.00706499999999992));
#6593=CARTESIAN_POINT('',(0.0116,0.001,0.00706499999999992));
#6594=CARTESIAN_POINT('',(0.0113,0.001,0.00706499999999992));
#6595=CARTESIAN_POINT('',(0.0113,0.001,0.00706499999999992));
#6596=CARTESIAN_POINT('',(0.0113,0.,0.00706499999999992));
#6597=CARTESIAN_POINT('',(0.0116,0.,0.00706499999999992));
#6598=CARTESIAN_POINT('',(0.0113,0.001,0.00449499999999992));
#6599=CARTESIAN_POINT('',(0.0113,0.,0.00479499999999992));
#6600=CARTESIAN_POINT('',(0.0113,0.,0.00479499999999992));
#6601=CARTESIAN_POINT('',(0.0113,0.001,0.00479499999999992));
#6602=CARTESIAN_POINT('',(0.0113,0.001,0.00479499999999992));
#6603=CARTESIAN_POINT('',(0.0113,0.001,0.00479499999999992));
#6604=CARTESIAN_POINT('',(0.011,0.02004132,0.00479499999999992));
#6605=CARTESIAN_POINT('',(0.011,0.,0.00479499999999992));
#6606=CARTESIAN_POINT('',(0.011,0.001,0.00479499999999992));
#6607=CARTESIAN_POINT('',(0.0132,0.,0.00449499999999991));
#6608=CARTESIAN_POINT('',(0.0132,0.,-0.010235));
#6609=CARTESIAN_POINT('',(0.0132,0.,-0.010235));
#6610=CARTESIAN_POINT('',(0.0132,0.001,-0.010235));
#6611=CARTESIAN_POINT('',(0.0132,0.001,0.00449499999999991));
#6612=CARTESIAN_POINT('',(0.0132,0.,0.00449499999999991));
#6613=CARTESIAN_POINT('',(0.0132,0.,-0.010235));
#6614=CARTESIAN_POINT('',(-0.0132,0.,-0.010235));
#6615=CARTESIAN_POINT('',(-0.0132,0.,-0.010235));
#6616=CARTESIAN_POINT('',(-0.0132,0.001,-0.010235));
#6617=CARTESIAN_POINT('',(0.0132,0.001,-0.010235));
#6618=CARTESIAN_POINT('',(0.0132,0.,-0.010235));
#6619=CARTESIAN_POINT('',(-0.0132,0.,-0.010235));
#6620=CARTESIAN_POINT('',(-0.0132,0.001,-0.010235));
#6621=CARTESIAN_POINT('',(-0.0132,0.,-0.010235));
#6622=CARTESIAN_POINT('',(-0.0132,0.,-0.00136999999999991));
#6623=CARTESIAN_POINT('',(-0.0132,0.,-0.00136999999999991));
#6624=CARTESIAN_POINT('',(-0.0132,-0.0014,-0.00136999999999991));
#6625=CARTESIAN_POINT('',(-0.0132,-0.0014,0.00313000000000009));
#6626=CARTESIAN_POINT('',(-0.0132,-0.0014,0.00313000000000009));
#6627=CARTESIAN_POINT('',(-0.0132,0.,0.00313000000000009));
#6628=CARTESIAN_POINT('',(-0.0132,0.,0.00313000000000009));
#6629=CARTESIAN_POINT('',(-0.0132,0.,0.00313000000000009));
#6630=CARTESIAN_POINT('',(-0.0082,0.,0.00313000000000006));
#6631=CARTESIAN_POINT('',(-0.0082,-0.0014,0.00313000000000006));
#6632=CARTESIAN_POINT('',(-0.0082,-0.0014,0.00313000000000006));
#6633=CARTESIAN_POINT('',(-0.0082,0.,0.00313000000000006));
#6634=CARTESIAN_POINT('',(-0.0082,0.,0.00313000000000006));
#6635=CARTESIAN_POINT('',(-0.0082,0.,0.00313000000000006));
#6636=CARTESIAN_POINT('',(-0.0082,0.,-0.00136999999999994));
#6637=CARTESIAN_POINT('',(-0.0082,-0.0014,-0.00136999999999994));
#6638=CARTESIAN_POINT('',(-0.0082,-0.0014,-0.00136999999999994));
#6639=CARTESIAN_POINT('',(-0.0082,0.,-0.00136999999999994));
#6640=CARTESIAN_POINT('',(-0.0082,0.,-0.00136999999999994));
#6641=CARTESIAN_POINT('',(-0.0082,0.,-0.00136999999999994));
#6642=CARTESIAN_POINT('',(-0.0132,0.,-0.00136999999999991));
#6643=CARTESIAN_POINT('',(-0.0132,-0.0014,-0.00136999999999991));
#6644=CARTESIAN_POINT('',(-0.0132,0.,-0.00136999999999991));
#6645=CARTESIAN_POINT('',(-1.00205514424798E-17,-0.0014,-0.00287));
#6646=CARTESIAN_POINT('',(-1.00205514424798E-17,-0.0014,-0.00287));
#6647=CARTESIAN_POINT('',(-0.00494,-0.0014,-0.00837));
#6648=CARTESIAN_POINT('',(-0.00494,-0.0014,-0.00837));
#6649=CARTESIAN_POINT('',(-0.000940000000000048,-0.0014,-0.00837));
#6650=CARTESIAN_POINT('',(-0.000940000000000048,-0.0014,-0.00837));
#6651=CARTESIAN_POINT('',(-0.000940000000000013,-0.0014,-0.00337));
#6652=CARTESIAN_POINT('',(-1.35120327813229E-17,-0.0014,-0.00337));
#6653=CARTESIAN_POINT('',(-0.00494,-0.0014,-0.00336999999999997));
#6654=CARTESIAN_POINT('',(-0.00494,-0.0014,-0.00336999999999997));
#6655=CARTESIAN_POINT('',(-0.00494,0.,-0.00336999999999997));
#6656=CARTESIAN_POINT('',(-0.00494,0.,-0.00837));
#6657=CARTESIAN_POINT('',(-0.00494,0.,-0.00837));
#6658=CARTESIAN_POINT('',(-0.00494,0.,-0.00336999999999997));
#6659=CARTESIAN_POINT('',(-0.00494,0.,-0.00336999999999997));
#6660=CARTESIAN_POINT('',(-0.00494,0.,-0.00336999999999997));
#6661=CARTESIAN_POINT('',(-1.35120327813229E-17,0.,-0.00337));
#6662=CARTESIAN_POINT('',(-0.000940000000000013,0.,-0.00336999999999999));
#6663=CARTESIAN_POINT('',(-0.000940000000000013,0.,-0.00337));
#6664=CARTESIAN_POINT('',(-1.35120327813229E-17,0.,-0.00337));
#6665=CARTESIAN_POINT('',(-0.000940000000000048,0.,-0.00837));
#6666=CARTESIAN_POINT('',(-0.000940000000000048,0.,-0.00837));
#6667=CARTESIAN_POINT('',(-0.000940000000000048,0.,-0.00837));
#6668=CARTESIAN_POINT('',(-0.000940000000000048,0.,-0.00837));
#6669=CARTESIAN_POINT('',(-0.00494,0.,-0.00837));
#6670=CARTESIAN_POINT('',(-0.00494,0.,-0.00837));
#6671=CARTESIAN_POINT('',(0.009,-0.01134132,0.00479499999999994));
#6672=CARTESIAN_POINT('',(0.009,0.001,0.00479499999999994));
#6673=CARTESIAN_POINT('',(0.0087,0.001,0.00479499999999994));
#6674=CARTESIAN_POINT('',(0.0087,0.,0.00479499999999994));
#6675=CARTESIAN_POINT('',(0.0087,0.,0.00479499999999994));
#6676=CARTESIAN_POINT('',(0.009,0.,0.00479499999999994));
#6677=CARTESIAN_POINT('',(0.0087,0.001,0.007365));
#6678=CARTESIAN_POINT('',(0.0087,0.001,0.007065));
#6679=CARTESIAN_POINT('',(0.0087,0.001,0.007065));
#6680=CARTESIAN_POINT('',(0.0087,0.001,0.007065));
#6681=CARTESIAN_POINT('',(0.0087,0.,0.007065));
#6682=CARTESIAN_POINT('',(0.0087,0.,0.007065));
#6683=CARTESIAN_POINT('',(0.0084,0.02004132,0.007065));
#6684=CARTESIAN_POINT('',(0.0084,0.001,0.007065));
#6685=CARTESIAN_POINT('',(0.0084,0.001,0.007365));
#6686=CARTESIAN_POINT('',(0.0084,0.02004132,0.00736499999999997));
#6687=CARTESIAN_POINT('',(0.0084,0.,0.007365));
#6688=CARTESIAN_POINT('',(0.0084,0.,0.007065));
#6689=CARTESIAN_POINT('',(-0.0127,0.001,0.00736500000000009));
#6690=CARTESIAN_POINT('',(6.14500715636392E-17,0.001,0.007365));
#6691=CARTESIAN_POINT('',(0.0076,0.001,0.007365));
#6692=CARTESIAN_POINT('',(0.0076,0.02004132,0.00736499999999997));
#6693=CARTESIAN_POINT('',(0.0076,0.,0.007365));
#6694=CARTESIAN_POINT('',(-0.0127,0.,0.00736500000000009));
#6695=CARTESIAN_POINT('',(0.0076,0.02004132,0.007065));
#6696=CARTESIAN_POINT('',(0.0076,0.001,0.007065));
#6697=CARTESIAN_POINT('',(0.0073,0.001,0.007065));
#6698=CARTESIAN_POINT('',(0.0073,0.001,0.007065));
#6699=CARTESIAN_POINT('',(0.0073,0.,0.007065));
#6700=CARTESIAN_POINT('',(0.0076,0.,0.007065));
#6701=CARTESIAN_POINT('',(0.0073,0.001,0.00449499999999995));
#6702=CARTESIAN_POINT('',(0.0073,0.,0.004795));
#6703=CARTESIAN_POINT('',(0.0073,0.,0.004795));
#6704=CARTESIAN_POINT('',(0.0073,0.001,0.004795));
#6705=CARTESIAN_POINT('',(0.0073,0.001,0.004795));
#6706=CARTESIAN_POINT('',(0.0073,0.001,0.004795));
#6707=CARTESIAN_POINT('',(0.007,0.02004132,0.004795));
#6708=CARTESIAN_POINT('',(0.007,0.,0.004795));
#6709=CARTESIAN_POINT('',(0.007,0.001,0.004795));
#6710=CARTESIAN_POINT('',(-0.000999999999999956,0.02004132,0.004795));
#6711=CARTESIAN_POINT('',(-0.000999999999999956,0.,0.004795));
#6712=CARTESIAN_POINT('',(-0.000699999999999956,0.,0.004795));
#6713=CARTESIAN_POINT('',(-0.000699999999999956,0.001,0.004795));
#6714=CARTESIAN_POINT('',(-0.000699999999999956,0.001,0.004795));
#6715=CARTESIAN_POINT('',(-0.000999999999999956,0.001,0.004795));
#6716=CARTESIAN_POINT('',(-0.000699999999999959,0.001,0.004495));
#6717=CARTESIAN_POINT('',(-0.000699999999999956,0.,0.004795));
#6718=CARTESIAN_POINT('',(-0.000699999999999941,0.,0.007065));
#6719=CARTESIAN_POINT('',(-0.000699999999999941,0.001,0.007065));
#6720=CARTESIAN_POINT('',(-0.000699999999999941,0.001,0.007065));
#6721=CARTESIAN_POINT('',(-0.000699999999999956,0.001,0.004795));
#6722=CARTESIAN_POINT('',(-0.00039999999999994,0.02004132,0.007065));
#6723=CARTESIAN_POINT('',(-0.000399999999999938,0.02004132,0.007365));
#6724=CARTESIAN_POINT('',(-0.000399999999999938,0.001,0.007365));
#6725=CARTESIAN_POINT('',(-0.000399999999999938,0.,0.007365));
#6726=CARTESIAN_POINT('',(-0.00039999999999994,0.001,0.007065));
#6727=CARTESIAN_POINT('',(-0.00039999999999994,0.,0.007065));
#6728=CARTESIAN_POINT('',(-0.0127,0.001,0.00736500000000009));
#6729=CARTESIAN_POINT('',(6.14500715636392E-17,0.001,0.007365));
#6730=CARTESIAN_POINT('',(0.000400000000000062,0.001,0.007365));
#6731=CARTESIAN_POINT('',(-0.0127,0.,0.00736500000000009));
#6732=CARTESIAN_POINT('',(0.000400000000000062,0.,0.007365));
#6733=CARTESIAN_POINT('',(0.000400000000000062,0.02004132,0.007365));
#6734=CARTESIAN_POINT('',(0.00040000000000006,0.02004132,0.007065));
#6735=CARTESIAN_POINT('',(0.000700000000000059,0.001,0.007065));
#6736=CARTESIAN_POINT('',(0.000700000000000059,0.001,0.007065));
#6737=CARTESIAN_POINT('',(0.000700000000000059,0.,0.007065));
#6738=CARTESIAN_POINT('',(0.00040000000000006,0.001,0.007065));
#6739=CARTESIAN_POINT('',(0.00040000000000006,0.,0.007065));
#6740=CARTESIAN_POINT('',(0.000700000000000062,0.001,0.007365));
#6741=CARTESIAN_POINT('',(0.000700000000000059,0.001,0.007065));
#6742=CARTESIAN_POINT('',(0.000700000000000044,0.001,0.004795));
#6743=CARTESIAN_POINT('',(0.000700000000000059,0.,0.007065));
#6744=CARTESIAN_POINT('',(0.000700000000000044,0.,0.004795));
#6745=CARTESIAN_POINT('',(0.000700000000000044,0.,0.004795));
#6746=CARTESIAN_POINT('',(0.00100000000000004,-0.01134132,0.004795));
#6747=CARTESIAN_POINT('',(0.00100000000000004,0.001,0.004795));
#6748=CARTESIAN_POINT('',(0.00100000000000004,0.,0.004795));
#6749=CARTESIAN_POINT('',(-0.00299999999999995,-0.01134132,0.004795));
#6750=CARTESIAN_POINT('',(-0.00299999999999995,0.001,0.004795));
#6751=CARTESIAN_POINT('',(-0.00329999999999995,0.001,0.004795));
#6752=CARTESIAN_POINT('',(-0.00329999999999995,0.,0.004795));
#6753=CARTESIAN_POINT('',(-0.00329999999999995,0.,0.004795));
#6754=CARTESIAN_POINT('',(-0.00299999999999995,0.,0.004795));
#6755=CARTESIAN_POINT('',(-0.00329999999999994,0.001,0.007365));
#6756=CARTESIAN_POINT('',(-0.00329999999999994,0.001,0.007065));
#6757=CARTESIAN_POINT('',(-0.00329999999999994,0.001,0.007065));
#6758=CARTESIAN_POINT('',(-0.00329999999999994,0.001,0.007065));
#6759=CARTESIAN_POINT('',(-0.00329999999999994,0.,0.007065));
#6760=CARTESIAN_POINT('',(-0.00329999999999994,0.,0.007065));
#6761=CARTESIAN_POINT('',(-0.00359999999999994,0.02004132,0.007065));
#6762=CARTESIAN_POINT('',(-0.00359999999999994,0.001,0.007065));
#6763=CARTESIAN_POINT('',(-0.00359999999999994,0.001,0.007365));
#6764=CARTESIAN_POINT('',(-0.00359999999999994,0.02004132,0.00736500000000001));
#6765=CARTESIAN_POINT('',(-0.00359999999999994,0.,0.007365));
#6766=CARTESIAN_POINT('',(-0.00359999999999994,0.,0.007065));
#6767=CARTESIAN_POINT('',(-0.0127,0.001,0.00736500000000009));
#6768=CARTESIAN_POINT('',(6.14500715636392E-17,0.001,0.007365));
#6769=CARTESIAN_POINT('',(-0.00439999999999994,0.001,0.007365));
#6770=CARTESIAN_POINT('',(-0.00439999999999994,0.02004132,0.00736500000000002));
#6771=CARTESIAN_POINT('',(-0.00439999999999994,0.,0.007365));
#6772=CARTESIAN_POINT('',(-0.0127,0.,0.00736500000000009));
#6773=CARTESIAN_POINT('',(-0.00439999999999994,0.02004132,0.007065));
#6774=CARTESIAN_POINT('',(-0.00439999999999994,0.001,0.007065));
#6775=CARTESIAN_POINT('',(-0.00469999999999994,0.001,0.007065));
#6776=CARTESIAN_POINT('',(-0.00469999999999994,0.001,0.007065));
#6777=CARTESIAN_POINT('',(-0.00469999999999994,0.,0.007065));
#6778=CARTESIAN_POINT('',(-0.00439999999999994,0.,0.007065));
#6779=CARTESIAN_POINT('',(-0.0047,0.001,0.004495));
#6780=CARTESIAN_POINT('',(-0.0047,0.,0.004795));
#6781=CARTESIAN_POINT('',(-0.0047,0.,0.004795));
#6782=CARTESIAN_POINT('',(-0.0047,0.001,0.004795));
#6783=CARTESIAN_POINT('',(-0.0047,0.001,0.004795));
#6784=CARTESIAN_POINT('',(-0.0047,0.001,0.004795));
#6785=CARTESIAN_POINT('',(-0.005,0.02004132,0.004795));
#6786=CARTESIAN_POINT('',(-0.005,0.,0.004795));
#6787=CARTESIAN_POINT('',(-0.005,0.001,0.004795));
#6788=CARTESIAN_POINT('',(-0.007,-0.01134132,0.004795));
#6789=CARTESIAN_POINT('',(-0.007,0.001,0.004795));
#6790=CARTESIAN_POINT('',(-0.0073,0.001,0.004795));
#6791=CARTESIAN_POINT('',(-0.0073,0.,0.004795));
#6792=CARTESIAN_POINT('',(-0.0073,0.,0.004795));
#6793=CARTESIAN_POINT('',(-0.007,0.,0.004795));
#6794=CARTESIAN_POINT('',(-0.0073,0.001,0.007365));
#6795=CARTESIAN_POINT('',(-0.0073,0.001,0.007065));
#6796=CARTESIAN_POINT('',(-0.0073,0.001,0.007065));
#6797=CARTESIAN_POINT('',(-0.0073,0.001,0.007065));
#6798=CARTESIAN_POINT('',(-0.0073,0.,0.007065));
#6799=CARTESIAN_POINT('',(-0.0073,0.,0.007065));
#6800=CARTESIAN_POINT('',(-0.0076,0.02004132,0.007065));
#6801=CARTESIAN_POINT('',(-0.0076,0.001,0.007065));
#6802=CARTESIAN_POINT('',(-0.0076,0.001,0.007365));
#6803=CARTESIAN_POINT('',(-0.0076,0.02004132,0.00736500000000003));
#6804=CARTESIAN_POINT('',(-0.0076,0.,0.007365));
#6805=CARTESIAN_POINT('',(-0.0076,0.,0.007065));
#6806=CARTESIAN_POINT('',(-0.0127,0.001,0.00736500000000009));
#6807=CARTESIAN_POINT('',(6.14500715636392E-17,0.001,0.007365));
#6808=CARTESIAN_POINT('',(-0.0084,0.001,0.007365));
#6809=CARTESIAN_POINT('',(-0.0084,0.02004132,0.00736500000000003));
#6810=CARTESIAN_POINT('',(-0.0084,0.,0.007365));
#6811=CARTESIAN_POINT('',(-0.0127,0.,0.00736500000000009));
#6812=CARTESIAN_POINT('',(-0.0084,0.02004132,0.007065));
#6813=CARTESIAN_POINT('',(-0.0084,0.001,0.007065));
#6814=CARTESIAN_POINT('',(-0.0087,0.001,0.007065));
#6815=CARTESIAN_POINT('',(-0.0087,0.001,0.007065));
#6816=CARTESIAN_POINT('',(-0.0087,0.,0.007065));
#6817=CARTESIAN_POINT('',(-0.0084,0.,0.007065));
#6818=CARTESIAN_POINT('',(-0.0087,0.001,0.00449500000000006));
#6819=CARTESIAN_POINT('',(-0.0087,0.,0.00479500000000006));
#6820=CARTESIAN_POINT('',(-0.0087,0.,0.00479500000000006));
#6821=CARTESIAN_POINT('',(-0.0087,0.001,0.00479500000000006));
#6822=CARTESIAN_POINT('',(-0.0087,0.001,0.00479500000000006));
#6823=CARTESIAN_POINT('',(-0.0087,0.001,0.00479500000000006));
#6824=CARTESIAN_POINT('',(-0.009,0.02004132,0.00479500000000006));
#6825=CARTESIAN_POINT('',(-0.009,0.,0.00479500000000006));
#6826=CARTESIAN_POINT('',(-0.009,0.001,0.00479500000000006));
#6827=CARTESIAN_POINT('',(-0.011,-0.01134132,0.00479500000000008));
#6828=CARTESIAN_POINT('',(-0.011,0.001,0.00479500000000008));
#6829=CARTESIAN_POINT('',(-0.0113,0.001,0.00479500000000008));
#6830=CARTESIAN_POINT('',(-0.0113,0.,0.00479500000000008));
#6831=CARTESIAN_POINT('',(-0.0113,0.,0.00479500000000008));
#6832=CARTESIAN_POINT('',(-0.011,0.,0.00479500000000008));
#6833=CARTESIAN_POINT('',(-0.0113,0.001,0.00736500000000008));
#6834=CARTESIAN_POINT('',(-0.0113,0.001,0.00706500000000008));
#6835=CARTESIAN_POINT('',(-0.0113,0.001,0.00706500000000008));
#6836=CARTESIAN_POINT('',(-0.0113,0.001,0.00706500000000008));
#6837=CARTESIAN_POINT('',(-0.0113,0.,0.00706500000000008));
#6838=CARTESIAN_POINT('',(-0.0113,0.,0.00706500000000008));
#6839=CARTESIAN_POINT('',(-0.0116,0.02004132,0.00706500000000008));
#6840=CARTESIAN_POINT('',(-0.0116,0.001,0.00706500000000008));
#6841=CARTESIAN_POINT('',(-0.0116,0.001,0.00736500000000008));
#6842=CARTESIAN_POINT('',(-0.0116,0.001,0.00736500000000008));
#6843=CARTESIAN_POINT('',(-0.0116,0.,0.00736500000000008));
#6844=CARTESIAN_POINT('',(-0.0116,0.,0.00706500000000008));
#6845=CARTESIAN_POINT('',(-0.0127,0.001,0.00736500000000009));
#6846=CARTESIAN_POINT('',(-0.0124,0.001,0.00736500000000009));
#6847=CARTESIAN_POINT('',(-0.0124,0.001,0.00736500000000009));
#6848=CARTESIAN_POINT('',(-0.0124,0.001,0.00736500000000009));
#6849=CARTESIAN_POINT('',(-0.0124,0.,0.00736500000000009));
#6850=CARTESIAN_POINT('',(-0.0124,0.,0.00736500000000009));
#6851=CARTESIAN_POINT('',(-0.0124,0.02004132,0.00706500000000009));
#6852=CARTESIAN_POINT('',(-0.0124,0.001,0.00706500000000009));
#6853=CARTESIAN_POINT('',(-0.0127,0.001,0.00706500000000009));
#6854=CARTESIAN_POINT('',(-0.0127,0.02004132,0.00706500000000009));
#6855=CARTESIAN_POINT('',(-0.0127,0.,0.00706500000000009));
#6856=CARTESIAN_POINT('',(-0.0124,0.,0.00706500000000009));
#6857=CARTESIAN_POINT('',(-0.0127,0.001,0.00263000000000009));
#6858=CARTESIAN_POINT('',(-0.0127,0.,0.00263000000000009));
#6859=CARTESIAN_POINT('',(-0.0127,0.,0.00479500000000009));
#6860=CARTESIAN_POINT('',(-0.0127,0.001,-0.00286999999999991));
#6861=CARTESIAN_POINT('',(-0.0127,0.001,0.00479500000000009));
#6862=CARTESIAN_POINT('',(-0.0127,0.02004132,0.00479500000000009));
#6863=CARTESIAN_POINT('',(-0.013,0.02004132,0.00479500000000009));
#6864=CARTESIAN_POINT('',(-0.013,0.,0.00479500000000009));
#6865=CARTESIAN_POINT('',(-0.013,0.001,0.00479500000000009));
#6866=CARTESIAN_POINT('',(0.0049,-0.0166396,0.004195));
#6867=CARTESIAN_POINT('',(0.0049,0.,0.004195));
#6868=CARTESIAN_POINT('',(0.0052,0.,0.004195));
#6869=CARTESIAN_POINT('',(0.0052,0.,0.004195));
#6870=CARTESIAN_POINT('',(0.0052,0.001,0.004195));
#6871=CARTESIAN_POINT('',(0.0049,0.001,0.004195));
#6872=CARTESIAN_POINT('',(0.0052,0.,0.004495));
#6873=CARTESIAN_POINT('',(0.0052,0.,0.004195));
#6874=CARTESIAN_POINT('',(0.0052,0.001,0.004195));
#6875=CARTESIAN_POINT('',(0.000300000000000039,0.0037,0.00413));
#6876=CARTESIAN_POINT('',(0.000300000000000025,0.0037,0.00213));
#6877=CARTESIAN_POINT('',(0.000300000000000025,0.0037,0.00213));
#6878=CARTESIAN_POINT('',(0.000300000000000025,0.001,0.00213));
#6879=CARTESIAN_POINT('',(0.000300000000000039,0.001,0.00413));
#6880=CARTESIAN_POINT('',(0.000300000000000039,0.0037,0.00413));
#6881=CARTESIAN_POINT('',(-0.0067,0.0037,0.00413000000000005));
#6882=CARTESIAN_POINT('',(-0.0067,0.0037,0.00213000000000005));
#6883=CARTESIAN_POINT('',(-0.0067,0.0037,0.00213000000000005));
#6884=CARTESIAN_POINT('',(-0.0067,0.0037,0.00413000000000005));
#6885=CARTESIAN_POINT('',(-0.0067,0.001,0.00413000000000005));
#6886=CARTESIAN_POINT('',(-0.0067,0.001,0.00413000000000005));
#6887=CARTESIAN_POINT('',(-0.0067,0.001,0.00213000000000005));
#6888=CARTESIAN_POINT('',(-0.0067,0.001,0.00213000000000005));
#6889=CARTESIAN_POINT('',(2.48942619459515E-17,0.0087,0.00213));
#6890=CARTESIAN_POINT('',(0.000300000000000025,0.001,0.00213));
#6891=CARTESIAN_POINT('',(-1.00205514424798E-17,0.0087,-0.00287));
#6892=CARTESIAN_POINT('',(0.00379999999999994,0.0087,-0.00987));
#6893=CARTESIAN_POINT('',(2.14027806071084E-17,0.0087,0.00163));
#6894=CARTESIAN_POINT('',(-0.00749999999999998,0.0087,0.00163000000000006));
#6895=CARTESIAN_POINT('',(0.0015,0.0087,0.00163));
#6896=CARTESIAN_POINT('',(-0.0075,0.0087,-0.00737));
#6897=CARTESIAN_POINT('',(-0.0075,0.0087,-0.00737));
#6898=CARTESIAN_POINT('',(0.00149999999999996,0.0087,-0.00737));
#6899=CARTESIAN_POINT('',(0.00149999999999996,0.0087,-0.00737));
#6900=CARTESIAN_POINT('',(0.0015,0.0087,0.00163));
#6901=CARTESIAN_POINT('',(0.00379999999999994,0.0087,-0.00987));
#6902=CARTESIAN_POINT('',(0.0015,0.0087,0.00163));
#6903=CARTESIAN_POINT('',(0.00149999999999996,0.0087,-0.00737));
#6904=CARTESIAN_POINT('',(0.00149999999999996,0.0077,-0.00737));
#6905=CARTESIAN_POINT('',(0.0015,0.0077,0.00163));
#6906=CARTESIAN_POINT('',(0.0015,0.0077,0.00163));
#6907=CARTESIAN_POINT('',(0.0015,0.,0.00162999999999999));
#6908=CARTESIAN_POINT('',(2.14027806071084E-17,0.,0.00163));
#6909=CARTESIAN_POINT('',(2.14027806071084E-17,0.0077,0.00163));
#6910=CARTESIAN_POINT('',(-0.00749999999999998,0.0077,0.00163000000000006));
#6911=CARTESIAN_POINT('',(-0.00749999999999994,0.0087,0.00163000000000005));
#6912=CARTESIAN_POINT('',(-0.0075,0.0087,-0.00737));
#6913=CARTESIAN_POINT('',(-0.0075,0.0077,-0.00737));
#6914=CARTESIAN_POINT('',(-0.0075,0.0077,-0.00737));
#6915=CARTESIAN_POINT('',(-0.0075,0.0087,-0.00737));
#6916=CARTESIAN_POINT('',(0.00149999999999996,0.0087,-0.00737));
#6917=CARTESIAN_POINT('',(0.00149999999999996,0.0077,-0.00737));
#6918=CARTESIAN_POINT('',(-1.00205514424798E-17,0.0077,-0.00287));
#6919=CARTESIAN_POINT('',(0.0083,0.003,0.00262999999999994));
#6920=CARTESIAN_POINT('',(0.0083,0.003,-0.00987));
#6921=CARTESIAN_POINT('',(0.0083,0.003,-0.00987));
#6922=CARTESIAN_POINT('',(0.0088,0.001,-0.00837));
#6923=CARTESIAN_POINT('',(0.0083,0.003,-0.00987));
#6924=CARTESIAN_POINT('',(0.0083,0.003,-0.00987));
#6925=CARTESIAN_POINT('',(0.0083,0.003,-0.00487000000000006));
#6926=CARTESIAN_POINT('',(0.0083,0.003,-0.00587));
#6927=CARTESIAN_POINT('',(0.0083,0.003,-0.00587));
#6928=CARTESIAN_POINT('',(0.0088,0.001,-0.00587));
#6929=CARTESIAN_POINT('',(0.0088,0.001,-0.00587));
#6930=CARTESIAN_POINT('',(0.0088,0.001,-0.00487000000000006));
#6931=CARTESIAN_POINT('',(0.0083,0.003,-0.00487000000000006));
#6932=CARTESIAN_POINT('',(0.0083,0.003,-0.00987));
#6933=CARTESIAN_POINT('',(0.0083,0.003,-0.00987));
#6934=CARTESIAN_POINT('',(0.0083,0.003,-0.00237000000000006));
#6935=CARTESIAN_POINT('',(0.0083,0.003,-0.00337000000000006));
#6936=CARTESIAN_POINT('',(0.0083,0.003,-0.00337000000000006));
#6937=CARTESIAN_POINT('',(0.0088,0.001,-0.00337000000000006));
#6938=CARTESIAN_POINT('',(0.0088,0.001,-0.00337000000000006));
#6939=CARTESIAN_POINT('',(0.0088,0.001,-0.00237000000000006));
#6940=CARTESIAN_POINT('',(0.0083,0.003,-0.00237000000000006));
#6941=CARTESIAN_POINT('',(0.0083,0.003,-0.00987));
#6942=CARTESIAN_POINT('',(0.0083,0.003,-0.00987));
#6943=CARTESIAN_POINT('',(0.0083,0.003,0.000129999999999943));
#6944=CARTESIAN_POINT('',(0.0083,0.003,-0.000870000000000057));
#6945=CARTESIAN_POINT('',(0.0083,0.003,-0.000870000000000057));
#6946=CARTESIAN_POINT('',(0.0088,0.001,-0.000870000000000061));
#6947=CARTESIAN_POINT('',(0.0088,0.001,-0.000870000000000061));
#6948=CARTESIAN_POINT('',(0.0088,0.001,0.000129999999999939));
#6949=CARTESIAN_POINT('',(0.0083,0.003,0.000129999999999943));
#6950=CARTESIAN_POINT('',(0.0083,0.003,-0.00987));
#6951=CARTESIAN_POINT('',(0.0083,0.003,0.00262999999999994));
#6952=CARTESIAN_POINT('',(0.0083,0.003,0.00162999999999994));
#6953=CARTESIAN_POINT('',(0.0083,0.003,0.00162999999999994));
#6954=CARTESIAN_POINT('',(0.0088,0.001,0.00162999999999994));
#6955=CARTESIAN_POINT('',(0.0088,0.001,0.00162999999999994));
#6956=CARTESIAN_POINT('',(-2.39864767978523E-17,0.,-0.00487));
#6957=CARTESIAN_POINT('',(0.00829999999999995,0.003,-0.00487000000000006));
#6958=CARTESIAN_POINT('',(-0.0112,0.0035,-0.00486999999999992));
#6959=CARTESIAN_POINT('',(-0.0112,0.0035,-0.00486999999999992));
#6960=CARTESIAN_POINT('',(-0.011364705882353,0.00284117647058795,-0.00486999999999992));
#6961=CARTESIAN_POINT('',(-0.0117,0.0015,-0.00486999999999992));
#6962=CARTESIAN_POINT('',(-0.0127,0.0015,-0.00486999999999991));
#6963=CARTESIAN_POINT('',(-0.0127,0.0015,-0.00486999999999991));
#6964=CARTESIAN_POINT('',(-0.0127000000000001,0.001,-0.00486999999999991));
#6965=CARTESIAN_POINT('',(-0.0127,0.001,-0.00486999999999991));
#6966=CARTESIAN_POINT('',(-0.0113,0.001,-0.00486999999999992));
#6967=CARTESIAN_POINT('',(-2.39864767978523E-17,0.,-0.00487));
#6968=CARTESIAN_POINT('',(0.0102,0.001,-0.00487000000000007));
#6969=CARTESIAN_POINT('',(0.0102,0.001,-0.00487000000000007));
#6970=CARTESIAN_POINT('',(0.0102,0.0015,-0.00487000000000007));
#6971=CARTESIAN_POINT('',(0.0102,0.0015,-0.00487000000000007));
#6972=CARTESIAN_POINT('',(-0.0127,0.0015,-0.00486999999999991));
#6973=CARTESIAN_POINT('',(0.0092,0.0015,-0.00487000000000006));
#6974=CARTESIAN_POINT('',(0.00901176470588242,0.00225294117647038,-0.00487000000000006));
#6975=CARTESIAN_POINT('',(0.00870000000000002,0.0035,-0.00487000000000004));
#6976=CARTESIAN_POINT('',(-0.0112,0.0035,-0.00486999999999992));
#6977=CARTESIAN_POINT('',(0.00829999999999995,0.003,-0.00487000000000006));
#6978=CARTESIAN_POINT('',(-0.0127,0.001,0.00263000000000009));
#6979=CARTESIAN_POINT('',(-0.0127,0.0015,0.00263000000000009));
#6980=CARTESIAN_POINT('',(-0.0127,0.0015,-0.00586999999999991));
#6981=CARTESIAN_POINT('',(-0.0127000000000001,0.,-0.00586999999999991));
#6982=CARTESIAN_POINT('',(-0.0127,0.001,-0.00586999999999991));
#6983=CARTESIAN_POINT('',(-0.0127,0.001,-0.00286999999999991));
#6984=CARTESIAN_POINT('',(-3.09694394755386E-17,0.,-0.00587));
#6985=CARTESIAN_POINT('',(-0.0113,0.001,-0.00586999999999992));
#6986=CARTESIAN_POINT('',(-3.09694394755386E-17,0.0015,-0.00587));
#6987=CARTESIAN_POINT('',(-0.0117,0.0015,-0.00586999999999992));
#6988=CARTESIAN_POINT('',(-0.011364705882353,0.00284117647058795,-0.00586999999999992));
#6989=CARTESIAN_POINT('',(-0.0112,0.0035,-0.00586999999999992));
#6990=CARTESIAN_POINT('',(-3.09694394755386E-17,0.0035,-0.00587));
#6991=CARTESIAN_POINT('',(-3.09694394755386E-17,0.003,-0.00587));
#6992=CARTESIAN_POINT('',(-3.09694394755386E-17,0.,-0.00587));
#6993=CARTESIAN_POINT('',(-3.09694394755386E-17,0.003,-0.00587));
#6994=CARTESIAN_POINT('',(-3.09694394755386E-17,0.0035,-0.00587));
#6995=CARTESIAN_POINT('',(0.00869999999999999,0.0035,-0.00587));
#6996=CARTESIAN_POINT('',(0.00901176470588241,0.00225294117647038,-0.00587000000000006));
#6997=CARTESIAN_POINT('',(0.00919999999999996,0.0015,-0.00587));
#6998=CARTESIAN_POINT('',(-3.09694394755386E-17,0.0015,-0.00587));
#6999=CARTESIAN_POINT('',(0.0102,0.0015,-0.00587000000000003));
#7000=CARTESIAN_POINT('',(0.0102,0.,-0.00587000000000007));
#7001=CARTESIAN_POINT('',(0.0102,0.001,-0.00587000000000007));
#7002=CARTESIAN_POINT('',(0.0102,0.001,-0.00587000000000007));
#7003=CARTESIAN_POINT('',(0.0083,0.003,0.00262999999999994));
#7004=CARTESIAN_POINT('',(-0.0112,0.0035,-0.00736999999999992));
#7005=CARTESIAN_POINT('',(-0.0112,0.0035,-0.00787));
#7006=CARTESIAN_POINT('',(-0.01145,0.0025,-0.00787));
#7007=CARTESIAN_POINT('',(-0.0117,0.0015,-0.00736999999999992));
#7008=CARTESIAN_POINT('',(-0.0127,0.0015,-0.00736999999999991));
#7009=CARTESIAN_POINT('',(0.0102,0.0015,-0.00737));
#7010=CARTESIAN_POINT('',(0.0102,0.0015,-0.00737000000000007));
#7011=CARTESIAN_POINT('',(0.0102,0.001,-0.00737));
#7012=CARTESIAN_POINT('',(-0.0127,0.0015,-0.00736999999999991));
#7013=CARTESIAN_POINT('',(0.00919999999999997,0.0015,-0.00787));
#7014=CARTESIAN_POINT('',(0.00895,0.0025,-0.00787));
#7015=CARTESIAN_POINT('',(0.00870000000000003,0.0035,-0.00737000000000006));
#7016=CARTESIAN_POINT('',(-0.0112,0.0035,-0.00736999999999992));
#7017=CARTESIAN_POINT('',(0.0083,0.003,0.00262999999999994));
#7018=CARTESIAN_POINT('',(-6.52907010363666E-18,0.,-0.00237));
#7019=CARTESIAN_POINT('',(0.00829999999999997,0.003,-0.00237000000000006));
#7020=CARTESIAN_POINT('',(-0.0112,0.0035,-0.00236999999999992));
#7021=CARTESIAN_POINT('',(-0.0112,0.0035,-0.00236999999999992));
#7022=CARTESIAN_POINT('',(-0.011364705882353,0.00284117647058795,-0.00236999999999992));
#7023=CARTESIAN_POINT('',(-0.0117,0.0015,-0.00236999999999992));
#7024=CARTESIAN_POINT('',(-0.0127,0.0015,-0.00236999999999991));
#7025=CARTESIAN_POINT('',(-0.0127,0.0015,-0.00236999999999991));
#7026=CARTESIAN_POINT('',(-0.0127,0.001,-0.00236999999999991));
#7027=CARTESIAN_POINT('',(-0.0127,0.001,-0.00236999999999991));
#7028=CARTESIAN_POINT('',(-0.0113,0.001,-0.00236999999999992));
#7029=CARTESIAN_POINT('',(-6.52907010363666E-18,0.,-0.00237));
#7030=CARTESIAN_POINT('',(0.0102,0.001,-0.00237000000000007));
#7031=CARTESIAN_POINT('',(0.0102,0.001,-0.00237000000000007));
#7032=CARTESIAN_POINT('',(0.0102,0.0015,-0.00237000000000007));
#7033=CARTESIAN_POINT('',(0.0102,0.0015,-0.00237000000000007));
#7034=CARTESIAN_POINT('',(-0.0127,0.0015,-0.00236999999999991));
#7035=CARTESIAN_POINT('',(0.0092,0.0015,-0.00237000000000007));
#7036=CARTESIAN_POINT('',(0.00901176470588244,0.00225294117647038,-0.00237000000000006));
#7037=CARTESIAN_POINT('',(0.00870000000000003,0.0035,-0.00237000000000006));
#7038=CARTESIAN_POINT('',(-0.0112,0.0035,-0.00236999999999992));
#7039=CARTESIAN_POINT('',(0.00829999999999997,0.003,-0.00237000000000006));
#7040=CARTESIAN_POINT('',(-0.0127,0.001,0.00263000000000009));
#7041=CARTESIAN_POINT('',(-0.0127,0.0015,0.00263000000000009));
#7042=CARTESIAN_POINT('',(-0.0127,0.0015,-0.00336999999999991));
#7043=CARTESIAN_POINT('',(-0.0127,0.,-0.00336999999999991));
#7044=CARTESIAN_POINT('',(-0.0127,0.001,-0.00336999999999991));
#7045=CARTESIAN_POINT('',(-0.0127,0.001,-0.00286999999999991));
#7046=CARTESIAN_POINT('',(-1.35120327813229E-17,0.,-0.00337));
#7047=CARTESIAN_POINT('',(-0.0113,0.001,-0.00336999999999992));
#7048=CARTESIAN_POINT('',(-1.35120327813229E-17,0.0015,-0.00337));
#7049=CARTESIAN_POINT('',(-0.0117,0.0015,-0.00336999999999992));
#7050=CARTESIAN_POINT('',(-0.011364705882353,0.00284117647058795,-0.00336999999999992));
#7051=CARTESIAN_POINT('',(-0.0112,0.0035,-0.00336999999999992));
#7052=CARTESIAN_POINT('',(-1.35120327813229E-17,0.0035,-0.00337));
#7053=CARTESIAN_POINT('',(-1.35120327813229E-17,0.003,-0.00337));
#7054=CARTESIAN_POINT('',(-1.35120327813229E-17,0.,-0.00337));
#7055=CARTESIAN_POINT('',(-1.35120327813229E-17,0.003,-0.00337));
#7056=CARTESIAN_POINT('',(-1.35120327813229E-17,0.0035,-0.00337));
#7057=CARTESIAN_POINT('',(0.00869999999999999,0.0035,-0.00337000000000006));
#7058=CARTESIAN_POINT('',(0.00901176470588243,0.00225294117647038,-0.00337000000000006));
#7059=CARTESIAN_POINT('',(0.00919999999999996,0.0015,-0.00337000000000006));
#7060=CARTESIAN_POINT('',(-1.35120327813229E-17,0.0015,-0.00337));
#7061=CARTESIAN_POINT('',(0.0102,0.0015,-0.00337000000000007));
#7062=CARTESIAN_POINT('',(0.0102,0.,-0.00337000000000007));
#7063=CARTESIAN_POINT('',(0.0102,0.001,-0.00337000000000007));
#7064=CARTESIAN_POINT('',(0.0102,0.001,-0.00337000000000007));
#7065=CARTESIAN_POINT('',(0.0083,0.003,0.00262999999999994));
#7066=CARTESIAN_POINT('',(-0.0112,0.0035,-0.00736999999999992));
#7067=CARTESIAN_POINT('',(-0.0112,0.0035,-0.00787));
#7068=CARTESIAN_POINT('',(-0.01145,0.0025,-0.00787));
#7069=CARTESIAN_POINT('',(-0.0117,0.0015,-0.00736999999999992));
#7070=CARTESIAN_POINT('',(-0.0127,0.0015,-0.00736999999999991));
#7071=CARTESIAN_POINT('',(0.0102,0.0015,-0.00737));
#7072=CARTESIAN_POINT('',(0.0102,0.0015,-0.00737000000000007));
#7073=CARTESIAN_POINT('',(0.0102,0.001,-0.00737));
#7074=CARTESIAN_POINT('',(-0.0127,0.0015,-0.00736999999999991));
#7075=CARTESIAN_POINT('',(0.00919999999999997,0.0015,-0.00787));
#7076=CARTESIAN_POINT('',(0.00895,0.0025,-0.00787));
#7077=CARTESIAN_POINT('',(0.00870000000000003,0.0035,-0.00737000000000006));
#7078=CARTESIAN_POINT('',(-0.0112,0.0035,-0.00736999999999992));
#7079=CARTESIAN_POINT('',(0.0083,0.003,0.00262999999999994));
#7080=CARTESIAN_POINT('',(1.0928336590579E-17,0.,0.00013));
#7081=CARTESIAN_POINT('',(0.00829999999999998,0.003,0.000129999999999942));
#7082=CARTESIAN_POINT('',(-0.0111999999999999,0.0035,0.000130000000000078));
#7083=CARTESIAN_POINT('',(-0.0112,0.0035,0.000130000000000079));
#7084=CARTESIAN_POINT('',(-0.011364705882353,0.00284117647058795,0.000130000000000079));
#7085=CARTESIAN_POINT('',(-0.0117,0.0015,0.000130000000000082));
#7086=CARTESIAN_POINT('',(-0.0126999999999999,0.0015,0.000130000000000088));
#7087=CARTESIAN_POINT('',(-0.0127,0.0015,0.000130000000000089));
#7088=CARTESIAN_POINT('',(-0.0127,0.001,0.000130000000000088));
#7089=CARTESIAN_POINT('',(-0.0127,0.001,0.000130000000000089));
#7090=CARTESIAN_POINT('',(-0.0113,0.001,0.00013000000000008));
#7091=CARTESIAN_POINT('',(1.0928336590579E-17,0.,0.00013));
#7092=CARTESIAN_POINT('',(0.0102,0.001,0.00012999999999993));
#7093=CARTESIAN_POINT('',(0.0102,0.001,0.00012999999999993));
#7094=CARTESIAN_POINT('',(0.0102000000000001,0.0015,0.000129999999999929));
#7095=CARTESIAN_POINT('',(0.0102,0.0015,0.00012999999999993));
#7096=CARTESIAN_POINT('',(-0.0126999999999999,0.0015,0.000130000000000088));
#7097=CARTESIAN_POINT('',(0.0092,0.0015,0.000129999999999937));
#7098=CARTESIAN_POINT('',(0.00901176470588246,0.00225294117647038,0.000129999999999937));
#7099=CARTESIAN_POINT('',(0.00870000000000003,0.0035,0.00012999999999994));
#7100=CARTESIAN_POINT('',(-0.0111999999999999,0.0035,0.000130000000000078));
#7101=CARTESIAN_POINT('',(0.00829999999999998,0.003,0.000129999999999942));
#7102=CARTESIAN_POINT('',(-0.0127,0.001,0.00263000000000009));
#7103=CARTESIAN_POINT('',(-0.0127,0.0015,0.00263000000000009));
#7104=CARTESIAN_POINT('',(-0.0127,0.0015,-0.000869999999999911));
#7105=CARTESIAN_POINT('',(-0.0127,0.,-0.000869999999999911));
#7106=CARTESIAN_POINT('',(-0.0127,0.001,-0.00086999999999991));
#7107=CARTESIAN_POINT('',(-0.0127,0.001,-0.00286999999999991));
#7108=CARTESIAN_POINT('',(3.94537391289274E-18,0.,-0.00087));
#7109=CARTESIAN_POINT('',(-0.0113,0.001,-0.00086999999999992));
#7110=CARTESIAN_POINT('',(3.94537391289274E-18,0.0015,-0.00087));
#7111=CARTESIAN_POINT('',(-0.0117,0.0015,-0.000869999999999918));
#7112=CARTESIAN_POINT('',(-0.011364705882353,0.00284117647058795,-0.000869999999999921));
#7113=CARTESIAN_POINT('',(-0.0112,0.0035,-0.000869999999999921));
#7114=CARTESIAN_POINT('',(3.94537391289274E-18,0.0035,-0.00087));
#7115=CARTESIAN_POINT('',(3.94537391289274E-18,0.003,-0.00087));
#7116=CARTESIAN_POINT('',(3.94537391289274E-18,0.,-0.00087));
#7117=CARTESIAN_POINT('',(3.94537391289274E-18,0.003,-0.00087));
#7118=CARTESIAN_POINT('',(3.94537391289274E-18,0.0035,-0.00087));
#7119=CARTESIAN_POINT('',(0.0087,0.0035,-0.00087000000000006));
#7120=CARTESIAN_POINT('',(0.00901176470588245,0.00225294117647038,-0.000870000000000063));
#7121=CARTESIAN_POINT('',(0.00919999999999996,0.0015,-0.000870000000000063));
#7122=CARTESIAN_POINT('',(3.94537391289274E-18,0.0015,-0.00087));
#7123=CARTESIAN_POINT('',(0.0102,0.0015,-0.00087000000000007));
#7124=CARTESIAN_POINT('',(0.0102,0.,-0.000870000000000071));
#7125=CARTESIAN_POINT('',(0.0102,0.001,-0.00087000000000007));
#7126=CARTESIAN_POINT('',(0.0102,0.001,-0.00087000000000007));
#7127=CARTESIAN_POINT('',(0.0083,0.003,0.00262999999999994));
#7128=CARTESIAN_POINT('',(-0.0112,0.0035,-0.00736999999999992));
#7129=CARTESIAN_POINT('',(-0.0112,0.0035,-0.00787));
#7130=CARTESIAN_POINT('',(-0.01145,0.0025,-0.00787));
#7131=CARTESIAN_POINT('',(-0.0117,0.0015,-0.00736999999999992));
#7132=CARTESIAN_POINT('',(-0.0127,0.0015,-0.00736999999999991));
#7133=CARTESIAN_POINT('',(0.0102,0.0015,-0.00737));
#7134=CARTESIAN_POINT('',(0.0102,0.0015,-0.00737000000000007));
#7135=CARTESIAN_POINT('',(0.0102,0.001,-0.00737));
#7136=CARTESIAN_POINT('',(-0.0127,0.0015,-0.00736999999999991));
#7137=CARTESIAN_POINT('',(0.00919999999999997,0.0015,-0.00787));
#7138=CARTESIAN_POINT('',(0.00895,0.0025,-0.00787));
#7139=CARTESIAN_POINT('',(0.00870000000000003,0.0035,-0.00737000000000006));
#7140=CARTESIAN_POINT('',(-0.0112,0.0035,-0.00736999999999992));
#7141=CARTESIAN_POINT('',(0.0083,0.003,0.00262999999999994));
#7142=CARTESIAN_POINT('',(2.14027806071084E-17,0.,0.00163));
#7143=CARTESIAN_POINT('',(-0.0113,0.001,0.00163000000000008));
#7144=CARTESIAN_POINT('',(-0.0127,0.001,0.00163000000000009));
#7145=CARTESIAN_POINT('',(-0.0127,0.001,0.00163000000000009));
#7146=CARTESIAN_POINT('',(-0.0127,0.0015,0.00163000000000009));
#7147=CARTESIAN_POINT('',(2.14027806071084E-17,0.0015,0.00163));
#7148=CARTESIAN_POINT('',(-0.0117,0.0015,0.00163000000000008));
#7149=CARTESIAN_POINT('',(-0.011364705882353,0.00284117647058795,0.00163000000000008));
#7150=CARTESIAN_POINT('',(-0.0112,0.0035,0.00163000000000008));
#7151=CARTESIAN_POINT('',(2.14027806071084E-17,0.0035,0.00163));
#7152=CARTESIAN_POINT('',(2.14027806071084E-17,0.003,0.00163));
#7153=CARTESIAN_POINT('',(2.14027806071084E-17,0.,0.00163));
#7154=CARTESIAN_POINT('',(0.0083,0.003,0.00162999999999994));
#7155=CARTESIAN_POINT('',(2.14027806071084E-17,0.0035,0.00163));
#7156=CARTESIAN_POINT('',(0.00869999999999999,0.0035,0.00162999999999994));
#7157=CARTESIAN_POINT('',(0.00901176470588247,0.00225294117647038,0.00162999999999994));
#7158=CARTESIAN_POINT('',(0.00919999999999996,0.0015,0.00162999999999994));
#7159=CARTESIAN_POINT('',(2.14027806071084E-17,0.0015,0.00163));
#7160=CARTESIAN_POINT('',(0.0102,0.0015,0.00162999999999993));
#7161=CARTESIAN_POINT('',(0.0102000000000001,0.,0.00162999999999993));
#7162=CARTESIAN_POINT('',(0.0102,0.001,0.00162999999999993));
#7163=CARTESIAN_POINT('',(0.0102,0.001,0.00162999999999993));
#7164=CARTESIAN_POINT('',(0.0083,0.003,0.00262999999999994));
#7165=CARTESIAN_POINT('',(-0.0112,0.0035,-0.00736999999999992));
#7166=CARTESIAN_POINT('',(-0.0112,0.0035,-0.00787));
#7167=CARTESIAN_POINT('',(-0.01145,0.0025,-0.00787));
#7168=CARTESIAN_POINT('',(-0.0117,0.0015,-0.00736999999999992));
#7169=CARTESIAN_POINT('',(-0.0127,0.0015,-0.00736999999999991));
#7170=CARTESIAN_POINT('',(-0.0127,0.0015,0.00263000000000009));
#7171=CARTESIAN_POINT('',(-0.0127,0.001,0.00263000000000009));
#7172=CARTESIAN_POINT('',(-0.0127,0.001,0.00263000000000009));
#7173=CARTESIAN_POINT('',(0.0102,0.0015,-0.00737));
#7174=CARTESIAN_POINT('',(0.0102,0.0015,-0.00737000000000007));
#7175=CARTESIAN_POINT('',(0.0102,0.001,-0.00737));
#7176=CARTESIAN_POINT('',(-0.0127,0.0015,-0.00736999999999991));
#7177=CARTESIAN_POINT('',(0.00919999999999997,0.0015,-0.00787));
#7178=CARTESIAN_POINT('',(0.00895,0.0025,-0.00787));
#7179=CARTESIAN_POINT('',(0.00870000000000003,0.0035,-0.00737000000000006));
#7180=CARTESIAN_POINT('',(-0.0112,0.0035,-0.00736999999999992));
#7181=CARTESIAN_POINT('',(0.0083,0.003,0.00262999999999994));
#7182=CARTESIAN_POINT('',(-0.0112,0.0035,-0.00736999999999992));
#7183=CARTESIAN_POINT('',(0.00870000000000003,0.0035,-0.00737000000000006));
#7184=CARTESIAN_POINT('',(0.00895,0.0025,-0.00787));
#7185=CARTESIAN_POINT('',(0.00919999999999997,0.0015,-0.00787));
#7186=CARTESIAN_POINT('',(-0.0127,0.0015,-0.00736999999999991));
#7187=CARTESIAN_POINT('',(0.0102,0.0015,-0.00737000000000007));
#7188=CARTESIAN_POINT('',(0.0102,0.0015,-0.00737));
#7189=CARTESIAN_POINT('',(0.0102,0.001,-0.00737));
#7190=CARTESIAN_POINT('',(-0.0112,0.0035,-0.00736999999999992));
#7191=CARTESIAN_POINT('',(-0.0112,0.0035,-0.00736999999999992));
#7192=CARTESIAN_POINT('',(-0.01145,0.0025,-0.00787));
#7193=CARTESIAN_POINT('',(-0.0117,0.0015,-0.00736999999999992));
#7194=CARTESIAN_POINT('',(-0.0127,0.0015,-0.00736999999999991));
#7195=CARTESIAN_POINT('',(0.01,0.,-0.00193500000000007));
#7196=CARTESIAN_POINT('',(0.01,0.,-0.00623500000000007));
#7197=CARTESIAN_POINT('',(0.01,0.,-0.00623500000000007));
#7198=CARTESIAN_POINT('',(0.01,-0.0023,-0.00623500000000007));
#7199=CARTESIAN_POINT('',(0.01,-0.0023,-0.00193500000000007));
#7200=CARTESIAN_POINT('',(0.01,-0.0023,-0.00193500000000007));
#7201=CARTESIAN_POINT('',(0.01,0.,-0.00193500000000007));
#7202=CARTESIAN_POINT('',(0.01,0.,-0.00193500000000007));
#7203=CARTESIAN_POINT('',(0.01,0.,-0.00193500000000007));
#7204=CARTESIAN_POINT('',(0.0126,0.,-0.00193500000000009));
#7205=CARTESIAN_POINT('',(0.0126,-0.0023,-0.00193500000000009));
#7206=CARTESIAN_POINT('',(0.0126,-0.0023,-0.00193500000000009));
#7207=CARTESIAN_POINT('',(0.0126,0.,-0.00193500000000009));
#7208=CARTESIAN_POINT('',(0.0126,0.,-0.00193500000000009));
#7209=CARTESIAN_POINT('',(0.0126,0.,-0.00193500000000009));
#7210=CARTESIAN_POINT('',(0.0126,0.,-0.00623500000000009));
#7211=CARTESIAN_POINT('',(0.0126,-0.0023,-0.00623500000000009));
#7212=CARTESIAN_POINT('',(0.0126,-0.0023,-0.00623500000000009));
#7213=CARTESIAN_POINT('',(0.0126,0.,-0.00623500000000009));
#7214=CARTESIAN_POINT('',(0.0126,0.,-0.00623500000000009));
#7215=CARTESIAN_POINT('',(0.0126,0.,-0.00623500000000009));
#7216=CARTESIAN_POINT('',(0.01,0.,-0.00623500000000007));
#7217=CARTESIAN_POINT('',(0.01,-0.0023,-0.00623500000000007));
#7218=CARTESIAN_POINT('',(0.01,0.,-0.00623500000000007));
#7219=CARTESIAN_POINT('',(-1.00205514424798E-17,-0.0023,-0.00287));
#7220=CARTESIAN_POINT('',(-1.00205514424798E-17,0.001,-0.00287));
#7221=CARTESIAN_POINT('',(-1.00205514424798E-17,0.,-0.00287));
#7222=MECHANICAL_DESIGN_GEOMETRIC_PRESENTATION_REPRESENTATION('',(#3530,
#3531,#3532,#3533,#3534,#3535,#3536,#3537,#3538,#3539,#3540,#3541,#3542,
#3543,#3544,#3545,#3546,#3547,#3548,#3549,#3550,#3551,#3552,#3553,#3554,
#3555,#3556,#3557,#3558,#3559,#3560,#3561,#3562,#3563,#3564,#3565,#3566,
#3567,#3568,#3569,#3570,#3571,#3572,#3573,#3574,#3575,#3576,#3577,#3578,
#3579,#3580,#3581,#3582,#3583,#3584,#3585,#3586,#3587,#3588,#3589,#3590,
#3591,#3592,#3593,#3594,#3595,#3596,#3597,#3598,#3599,#3600,#3601,#3602,
#3603,#3604,#3605,#3606,#3607,#3608,#3609,#3610,#3611,#3612,#3613,#3614,
#3615,#3616,#3617,#3618,#3619,#3620,#3621,#3622,#3623,#3624,#3625,#3626,
#3627,#3628,#3629,#3630,#3631,#3632,#3633,#3634,#3635,#3636,#3637,#3638,
#3639,#3640,#3641,#3642,#3643,#3644,#3645,#3646,#3647,#3648,#3649,#3650,
#3651,#3652,#3653,#3654,#3655,#3656,#3657,#3658,#3659,#3660,#3661,#3662,
#3663,#3664,#3665,#3666,#3667,#3668,#3669,#3670,#3671,#3672,#3673,#3674,
#3675,#3676,#3677,#3678,#3679,#3680,#3681,#3682,#3683,#3684,#3685,#3686,
#3687,#3688,#3689,#3690,#3691,#3692,#3693,#3694,#3695,#3696,#3697,#3698,
#3699,#3700,#3701,#3702,#3703,#3704,#3705,#3706,#3707,#3708),#7223);
#7223=(
GEOMETRIC_REPRESENTATION_CONTEXT(3)
GLOBAL_UNCERTAINTY_ASSIGNED_CONTEXT((#7224))
GLOBAL_UNIT_ASSIGNED_CONTEXT((#7227,#7226,#7225))
REPRESENTATION_CONTEXT('PBO-5F Series','TOP_LEVEL_ASSEMBLY_PART')
);
#7224=UNCERTAINTY_MEASURE_WITH_UNIT(LENGTH_MEASURE(5.E-6),#7227,
'DISTANCE_ACCURACY_VALUE','Maximum Tolerance applied to model');
#7225=(
NAMED_UNIT(*)
SI_UNIT($,.STERADIAN.)
SOLID_ANGLE_UNIT()
);
#7226=(
NAMED_UNIT(*)
PLANE_ANGLE_UNIT()
SI_UNIT($,.RADIAN.)
);
#7227=(
LENGTH_UNIT()
NAMED_UNIT(*)
SI_UNIT($,.METRE.)
);
#7228=PRODUCT_DEFINITION_SHAPE('','',#7229);
#7229=PRODUCT_DEFINITION('','',#7231,#7230);
#7230=PRODUCT_DEFINITION_CONTEXT('',#7237,'design');
#7231=PRODUCT_DEFINITION_FORMATION_WITH_SPECIFIED_SOURCE('','',#7233,
 .NOT_KNOWN.);
#7232=PRODUCT_RELATED_PRODUCT_CATEGORY('','',(#7233));
#7233=PRODUCT('PBO-5F Series','PBO-5F Series','PBO-5F Series',(#7235));
#7234=PRODUCT_CATEGORY('','');
#7235=PRODUCT_CONTEXT('',#7237,'mechanical');
#7236=APPLICATION_PROTOCOL_DEFINITION('international standard',
'automotive_design',2010,#7237);
#7237=APPLICATION_CONTEXT(
'core data for automotive mechanical design processes');
ENDSEC;
END-ISO-10303-21;
