solid OpenSCAD_Model
  facet normal -1 -0 -0
    outer loop
      vertex 14.511 20.48 -0.1
      vertex 14.511 20.48 0.1
      vertex 14.511 86.454 -0.1
    endloop
  endfacet
  facet normal -1 0 0
    outer loop
      vertex 14.511 86.454 -0.1
      vertex 14.511 20.48 0.1
      vertex 14.511 86.454 0.1
    endloop
  endfacet
  facet normal 0 -1 0
    outer loop
      vertex 14.511 20.48 0.1
      vertex 14.511 20.48 -0.1
      vertex 133.388 20.48 -0.1
    endloop
  endfacet
  facet normal 0 -1 0
    outer loop
      vertex 133.388 20.48 0.1
      vertex 14.511 20.48 0.1
      vertex 133.388 20.48 -0.1
    endloop
  endfacet
  facet normal 0 0 -1
    outer loop
      vertex 50.5968 65.024 -0.1
      vertex 30.891 75.9709 -0.1
      vertex 31.242 76.454 -0.1
    endloop
  endfacet
  facet normal 0 -0 -1
    outer loop
      vertex 51.8668 66.294 -0.1
      vertex 14.511 86.454 -0.1
      vertex 133.388 86.454 -0.1
    endloop
  endfacet
  facet normal 0 -0 -1
    outer loop
      vertex 14.511 20.48 -0.1
      vertex 14.511 86.454 -0.1
      vertex 23.876 50.4952 -0.1
    endloop
  endfacet
  facet normal 0 0 -1
    outer loop
      vertex 14.511 20.48 -0.1
      vertex 23.876 50.4952 -0.1
      vertex 23.876 49.2252 -0.1
    endloop
  endfacet
  facet normal 0 0 -1
    outer loop
      vertex 61.7474 33.1724 -0.1
      vertex 42.0878 36.8046 -0.1
      vertex 42.0878 38.0746 -0.1
    endloop
  endfacet
  facet normal 0 0 -1
    outer loop
      vertex 25.146 51.3588 -0.1
      vertex 25.146 50.4952 -0.1
      vertex 23.876 51.3588 -0.1
    endloop
  endfacet
  facet normal 0 0 -1
    outer loop
      vertex 35.1282 46.3042 -0.1
      vertex 25.146 50.4952 -0.1
      vertex 35.1282 47.5742 -0.1
    endloop
  endfacet
  facet normal 0 0 -1
    outer loop
      vertex 23.876 50.4952 -0.1
      vertex 14.511 86.454 -0.1
      vertex 23.876 51.3588 -0.1
    endloop
  endfacet
  facet normal 0 0 -1
    outer loop
      vertex 14.511 86.454 -0.1
      vertex 23.876 52.6288 -0.1
      vertex 23.876 51.3588 -0.1
    endloop
  endfacet
  facet normal -0 -0 -1
    outer loop
      vertex 23.876 50.4952 -0.1
      vertex 23.876 51.3588 -0.1
      vertex 25.146 50.4952 -0.1
    endloop
  endfacet
  facet normal 0 0 -1
    outer loop
      vertex 84.1375 37.1475 -0.1
      vertex 84.7725 35.2425 -0.1
      vertex 84.8331 35.0559 -0.1
    endloop
  endfacet
  facet normal 0 0 -1
    outer loop
      vertex 57.912 43.561 -0.1
      vertex 59.055 42.545 -0.1
      vertex 57.912 42.037 -0.1
    endloop
  endfacet
  facet normal 0 0 -1
    outer loop
      vertex 14.511 20.48 -0.1
      vertex 23.876 49.2252 -0.1
      vertex 23.9268 44.8818 -0.1
    endloop
  endfacet
  facet normal 0 0 -1
    outer loop
      vertex 31.242 35.56 -0.1
      vertex 133.388 20.48 -0.1
      vertex 30.891 35.0769 -0.1
    endloop
  endfacet
  facet normal 0 0 -1
    outer loop
      vertex 14.511 20.48 -0.1
      vertex 23.9268 44.8818 -0.1
      vertex 23.9268 43.3578 -0.1
    endloop
  endfacet
  facet normal 0 0 -1
    outer loop
      vertex 82.55 31.9786 -0.1
      vertex 133.388 20.48 -0.1
      vertex 81.1784 31.9024 -0.1
    endloop
  endfacet
  facet normal 0 0 -1
    outer loop
      vertex 88.4936 47.625 -0.1
      vertex 89.8525 46.3423 -0.1
      vertex 87.63 47.625 -0.1
    endloop
  endfacet
  facet normal 0 0 -1
    outer loop
      vertex 25.4508 46.6598 -0.1
      vertex 25.4508 44.8818 -0.1
      vertex 23.9268 46.6598 -0.1
    endloop
  endfacet
  facet normal -0 -0 -1
    outer loop
      vertex 23.9268 48.1838 -0.1
      vertex 23.876 49.2252 -0.1
      vertex 25.4508 48.1838 -0.1
    endloop
  endfacet
  facet normal 0 0 -1
    outer loop
      vertex 23.9268 44.8818 -0.1
      vertex 23.876 49.2252 -0.1
      vertex 23.9268 46.6598 -0.1
    endloop
  endfacet
  facet normal 0 0 -1
    outer loop
      vertex 23.876 49.2252 -0.1
      vertex 23.9268 48.1838 -0.1
      vertex 23.9268 46.6598 -0.1
    endloop
  endfacet
  facet normal -0 -0 -1
    outer loop
      vertex 23.9268 44.8818 -0.1
      vertex 23.9268 46.6598 -0.1
      vertex 25.4508 44.8818 -0.1
    endloop
  endfacet
  facet normal 0 0 -1
    outer loop
      vertex 81.0231 44.2507 -0.1
      vertex 80.9625 44.4373 -0.1
      vertex 81.0231 44.4373 -0.1
    endloop
  endfacet
  facet normal 0 0 -1
    outer loop
      vertex 67.5386 42.545 -0.1
      vertex 68.453 41.783 -0.1
      vertex 66.1162 42.545 -0.1
    endloop
  endfacet
  facet normal 0 0 -1
    outer loop
      vertex 14.511 20.48 -0.1
      vertex 23.9268 43.3578 -0.1
      vertex 30.323 35.8586 -0.1
    endloop
  endfacet
  facet normal 0 0 -1
    outer loop
      vertex 14.511 20.48 -0.1
      vertex 30.323 35.8586 -0.1
      vertex 30.323 35.2614 -0.1
    endloop
  endfacet
  facet normal 0 0 -1
    outer loop
      vertex 14.511 20.48 -0.1
      vertex 30.323 35.2614 -0.1
      vertex 30.891 35.0769 -0.1
    endloop
  endfacet
  facet normal -0 -0 -1
    outer loop
      vertex 42.0878 33.401 -0.1
      vertex 30.891 35.0769 -0.1
      vertex 133.388 20.48 -0.1
    endloop
  endfacet
  facet normal 0 0 -1
    outer loop
      vertex 30.891 36.0431 -0.1
      vertex 133.388 20.48 -0.1
      vertex 31.242 35.56 -0.1
    endloop
  endfacet
  facet normal 0 -0 -1
    outer loop
      vertex 30.323 35.8586 -0.1
      vertex 23.9268 43.3578 -0.1
      vertex 30.891 36.0431 -0.1
    endloop
  endfacet
  facet normal 0 -0 -1
    outer loop
      vertex 30.323 76.7526 -0.1
      vertex 14.511 86.454 -0.1
      vertex 30.891 76.9371 -0.1
    endloop
  endfacet
  facet normal 0 -0 -1
    outer loop
      vertex 25.146 52.6288 -0.1
      vertex 14.511 86.454 -0.1
      vertex 30.323 76.7526 -0.1
    endloop
  endfacet
  facet normal 0 0 -1
    outer loop
      vertex 108.636 38.481 -0.1
      vertex 110.439 36.83 -0.1
      vertex 108.636 37.719 -0.1
    endloop
  endfacet
  facet normal 0 0 -1
    outer loop
      vertex 25.146 52.6288 -0.1
      vertex 30.323 76.7526 -0.1
      vertex 30.323 76.1554 -0.1
    endloop
  endfacet
  facet normal 0 0 -1
    outer loop
      vertex 88.6431 44.2507 -0.1
      vertex 88.5825 44.4373 -0.1
      vertex 88.6431 44.4373 -0.1
    endloop
  endfacet
  facet normal 0 0 -1
    outer loop
      vertex 62.992 58.42 -0.1
      vertex 83.5631 46.3423 -0.1
      vertex 83.5025 46.3423 -0.1
    endloop
  endfacet
  facet normal 0 0 -1
    outer loop
      vertex 52.705 62.8904 -0.1
      vertex 51.8668 64.1604 -0.1
      vertex 52.705 64.1604 -0.1
    endloop
  endfacet
  facet normal 0 0 -1
    outer loop
      vertex 25.146 52.6288 -0.1
      vertex 30.323 76.1554 -0.1
      vertex 34.671 64.77 -0.1
    endloop
  endfacet
  facet normal 0 0 -1
    outer loop
      vertex 91.1831 44.2507 -0.1
      vertex 95.6818 41.656 -0.1
      vertex 98.0948 40.259 -0.1
    endloop
  endfacet
  facet normal 0 0 -1
    outer loop
      vertex 25.146 52.6288 -0.1
      vertex 34.671 64.77 -0.1
      vertex 34.671 62.738 -0.1
    endloop
  endfacet
  facet normal -0 -0 -1
    outer loop
      vertex 50.038 58.42 -0.1
      vertex 48.9204 59.6138 -0.1
      vertex 51.562 58.42 -0.1
    endloop
  endfacet
  facet normal 0 0 -1
    outer loop
      vertex 50.038 60.198 -0.1
      vertex 55.753 56.896 -0.1
      vertex 51.562 58.42 -0.1
    endloop
  endfacet
  facet normal 0 0 -1
    outer loop
      vertex 37.465 67.564 -0.1
      vertex 37.465 64.77 -0.1
      vertex 34.671 67.564 -0.1
    endloop
  endfacet
  facet normal 0 0 -1
    outer loop
      vertex 77.2131 44.2507 -0.1
      vertex 77.1525 44.4373 -0.1
      vertex 77.2131 44.4373 -0.1
    endloop
  endfacet
  facet normal 0 0 -1
    outer loop
      vertex 34.671 64.77 -0.1
      vertex 30.323 76.1554 -0.1
      vertex 34.671 67.564 -0.1
    endloop
  endfacet
  facet normal -0 -0 -1
    outer loop
      vertex 34.671 64.77 -0.1
      vertex 34.671 67.564 -0.1
      vertex 37.465 64.77 -0.1
    endloop
  endfacet
  facet normal 0 -0 -1
    outer loop
      vertex 91.1831 46.5289 -0.1
      vertex 89.7636 47.625 -0.1
      vertex 91.5381 46.6443 -0.1
    endloop
  endfacet
  facet normal -0 -0 -1
    outer loop
      vertex 34.671 69.596 -0.1
      vertex 30.323 76.1554 -0.1
      vertex 37.465 69.596 -0.1
    endloop
  endfacet
  facet normal -0 0 -1
    outer loop
      vertex 25.146 52.6288 -0.1
      vertex 34.671 62.738 -0.1
      vertex 34.8234 51.5112 -0.1
    endloop
  endfacet
  facet normal -0 -0 -1
    outer loop
      vertex 34.925 58.0898 -0.1
      vertex 34.925 59.8678 -0.1
      vertex 36.449 58.0898 -0.1
    endloop
  endfacet
  facet normal 0 0 -1
    outer loop
      vertex 25.146 52.6288 -0.1
      vertex 34.8234 51.5112 -0.1
      vertex 34.8234 50.2412 -0.1
    endloop
  endfacet
  facet normal 0 0 -1
    outer loop
      vertex 56.388 42.037 -0.1
      vertex 25.146 52.6288 -0.1
      vertex 56.388 43.561 -0.1
    endloop
  endfacet
  facet normal 0 -0 -1
    outer loop
      vertex 34.8234 51.5112 -0.1
      vertex 34.671 62.738 -0.1
      vertex 34.925 58.0898 -0.1
    endloop
  endfacet
  facet normal 0 0 -1
    outer loop
      vertex 34.8234 51.5112 -0.1
      vertex 34.925 58.0898 -0.1
      vertex 34.925 56.5658 -0.1
    endloop
  endfacet
  facet normal 0 0 -1
    outer loop
      vertex 41.8084 59.6138 -0.1
      vertex 75.8825 44.4373 -0.1
      vertex 39.2176 59.6138 -0.1
    endloop
  endfacet
  facet normal 0 0 -1
    outer loop
      vertex 75.9431 44.2507 -0.1
      vertex 39.2176 59.6138 -0.1
      vertex 75.8825 44.4373 -0.1
    endloop
  endfacet
  facet normal -0 -0 -1
    outer loop
      vertex 61.468 58.42 -0.1
      vertex 59.69 59.944 -0.1
      vertex 62.992 58.42 -0.1
    endloop
  endfacet
  facet normal 0 0 -1
    outer loop
      vertex 34.925 58.0898 -0.1
      vertex 34.671 62.738 -0.1
      vertex 34.925 59.8678 -0.1
    endloop
  endfacet
  facet normal -0 -0 -1
    outer loop
      vertex 35.1282 47.5742 -0.1
      vertex 25.146 50.4952 -0.1
      vertex 36.3982 47.5742 -0.1
    endloop
  endfacet
  facet normal -0 -0 -1
    outer loop
      vertex 34.958 53.0022 -0.1
      vertex 34.958 55.0926 -0.1
      vertex 35.5422 53.0022 -0.1
    endloop
  endfacet
  facet normal 0 0 -1
    outer loop
      vertex 52.705 60.8076 -0.1
      vertex 53.975 59.944 -0.1
      vertex 52.705 59.944 -0.1
    endloop
  endfacet
  facet normal 0 0 -1
    outer loop
      vertex 34.8234 51.5112 -0.1
      vertex 34.925 56.5658 -0.1
      vertex 34.958 53.0022 -0.1
    endloop
  endfacet
  facet normal 0 0 -1
    outer loop
      vertex 35.5422 55.0926 -0.1
      vertex 36.0934 51.5112 -0.1
      vertex 35.5422 53.0022 -0.1
    endloop
  endfacet
  facet normal 0 0 -1
    outer loop
      vertex 34.8234 51.5112 -0.1
      vertex 34.958 53.0022 -0.1
      vertex 34.958 52.3418 -0.1
    endloop
  endfacet
  facet normal -0 0 -1
    outer loop
      vertex 34.8234 51.5112 -0.1
      vertex 34.958 52.3418 -0.1
      vertex 36.0934 51.5112 -0.1
    endloop
  endfacet
  facet normal -0 -0 -1
    outer loop
      vertex 35.1282 45.4406 -0.1
      vertex 25.4508 48.1838 -0.1
      vertex 36.3982 45.4406 -0.1
    endloop
  endfacet
  facet normal -0 -0 -1
    outer loop
      vertex 34.958 55.753 -0.1
      vertex 34.925 56.5658 -0.1
      vertex 35.5422 55.753 -0.1
    endloop
  endfacet
  facet normal -0 -0 -1
    outer loop
      vertex 35.5422 52.3418 -0.1
      vertex 35.5422 53.0022 -0.1
      vertex 36.0934 51.5112 -0.1
    endloop
  endfacet
  facet normal 0 0 -1
    outer loop
      vertex 34.958 55.0926 -0.1
      vertex 34.925 56.5658 -0.1
      vertex 34.958 55.753 -0.1
    endloop
  endfacet
  facet normal 0 0 -1
    outer loop
      vertex 34.958 53.0022 -0.1
      vertex 34.925 56.5658 -0.1
      vertex 34.958 55.0926 -0.1
    endloop
  endfacet
  facet normal 0 0 -1
    outer loop
      vertex 35.5422 52.3418 -0.1
      vertex 36.0934 51.5112 -0.1
      vertex 34.958 52.3418 -0.1
    endloop
  endfacet
  facet normal 0 0 -1
    outer loop
      vertex 36.449 56.5658 -0.1
      vertex 35.9562 55.753 -0.1
      vertex 35.5422 55.753 -0.1
    endloop
  endfacet
  facet normal 0 0 -1
    outer loop
      vertex 36.3982 45.4406 -0.1
      vertex 59.055 39.1414 -0.1
      vertex 36.3982 44.1706 -0.1
    endloop
  endfacet
  facet normal 0 0 -1
    outer loop
      vertex 36.449 56.5658 -0.1
      vertex 35.5422 55.753 -0.1
      vertex 34.925 56.5658 -0.1
    endloop
  endfacet
  facet normal -0 -0 -1
    outer loop
      vertex 25.4508 46.6598 -0.1
      vertex 25.4508 48.1838 -0.1
      vertex 35.1282 45.4406 -0.1
    endloop
  endfacet
  facet normal -0 -0 -1
    outer loop
      vertex 25.4508 44.8818 -0.1
      vertex 25.4508 46.6598 -0.1
      vertex 35.1282 44.1706 -0.1
    endloop
  endfacet
  facet normal 0 0 -1
    outer loop
      vertex 61.7474 33.1724 -0.1
      vertex 36.3982 44.1706 -0.1
      vertex 59.055 39.1414 -0.1
    endloop
  endfacet
  facet normal -0 -0 -1
    outer loop
      vertex 25.4508 48.1838 -0.1
      vertex 23.876 49.2252 -0.1
      vertex 36.3982 45.4406 -0.1
    endloop
  endfacet
  facet normal -0 -0 -1
    outer loop
      vertex 23.876 52.6288 -0.1
      vertex 14.511 86.454 -0.1
      vertex 25.146 52.6288 -0.1
    endloop
  endfacet
  facet normal -0 -0 -1
    outer loop
      vertex 58.42 64.1604 -0.1
      vertex 57.5818 65.024 -0.1
      vertex 59.69 64.1604 -0.1
    endloop
  endfacet
  facet normal 0 0 -1
    outer loop
      vertex 23.876 49.2252 -0.1
      vertex 25.146 49.2252 -0.1
      vertex 35.1282 46.3042 -0.1
    endloop
  endfacet
  facet normal 0 0 -1
    outer loop
      vertex 96.9518 38.5318 -0.1
      vertex 86.0425 44.1198 -0.1
      vertex 95.6818 39.5224 -0.1
    endloop
  endfacet
  facet normal 0 0 -1
    outer loop
      vertex 39.243 65.405 -0.1
      vertex 37.465 67.564 -0.1
      vertex 39.243 66.929 -0.1
    endloop
  endfacet
  facet normal -0 -0 -1
    outer loop
      vertex 25.146 50.4952 -0.1
      vertex 25.146 51.3588 -0.1
      vertex 36.3982 47.5742 -0.1
    endloop
  endfacet
  facet normal 0 0 -1
    outer loop
      vertex 81.1784 31.9024 -0.1
      vertex 82.55 31.115 -0.1
      vertex 81.1784 30.3784 -0.1
    endloop
  endfacet
  facet normal 0 0 -1
    outer loop
      vertex 36.5404 55.0926 -0.1
      vertex 36.0934 51.5112 -0.1
      vertex 35.9562 55.0926 -0.1
    endloop
  endfacet
  facet normal 0 0 -1
    outer loop
      vertex 93.4466 33.4264 -0.1
      vertex 89.9131 35.0559 -0.1
      vertex 90.2681 34.9405 -0.1
    endloop
  endfacet
  facet normal 0 0 -1
    outer loop
      vertex 44.6786 53.8988 -0.1
      vertex 88.6431 37.3341 -0.1
      vertex 62.865 46.99 -0.1
    endloop
  endfacet
  facet normal 0 0 -1
    outer loop
      vertex 36.0934 51.5112 -0.1
      vertex 36.5404 55.0926 -0.1
      vertex 36.957 53.0022 -0.1
    endloop
  endfacet
  facet normal 0 0 -1
    outer loop
      vertex 36.0934 51.5112 -0.1
      vertex 36.957 53.0022 -0.1
      vertex 36.957 52.3418 -0.1
    endloop
  endfacet
  facet normal 0 0 -1
    outer loop
      vertex 81.3781 37.4495 -0.1
      vertex 82.2931 37.1475 -0.1
      vertex 82.2325 37.1475 -0.1
    endloop
  endfacet
  facet normal -0 -0 -1
    outer loop
      vertex 36.957 53.0022 -0.1
      vertex 36.5404 55.0926 -0.1
      vertex 37.5412 53.0022 -0.1
    endloop
  endfacet
  facet normal 0 0 -1
    outer loop
      vertex 62.992 58.42 -0.1
      vertex 84.8331 46.3423 -0.1
      vertex 84.7725 46.3423 -0.1
    endloop
  endfacet
  facet normal -0 -0 -1
    outer loop
      vertex 36.5404 55.753 -0.1
      vertex 36.449 56.5658 -0.1
      vertex 36.957 55.753 -0.1
    endloop
  endfacet
  facet normal -0 -0 -1
    outer loop
      vertex 36.5404 55.0926 -0.1
      vertex 36.5404 55.753 -0.1
      vertex 36.957 55.0926 -0.1
    endloop
  endfacet
  facet normal -0 -0 -1
    outer loop
      vertex 39.243 66.929 -0.1
      vertex 37.465 69.596 -0.1
      vertex 40.767 66.929 -0.1
    endloop
  endfacet
  facet normal -0 -0 -1
    outer loop
      vertex 36.957 55.753 -0.1
      vertex 36.449 56.5658 -0.1
      vertex 37.5412 55.753 -0.1
    endloop
  endfacet
  facet normal 0 0 -1
    outer loop
      vertex 39.0906 53.8988 -0.1
      vertex 36.5404 55.0926 -0.1
      vertex 36.957 55.0926 -0.1
    endloop
  endfacet
  facet normal -0 0 -1
    outer loop
      vertex 36.0934 51.5112 -0.1
      vertex 36.957 52.3418 -0.1
      vertex 36.957 51.5112 -0.1
    endloop
  endfacet
  facet normal 0 0 -1
    outer loop
      vertex 61.5442 42.545 -0.1
      vertex 38.227 50.2412 -0.1
      vertex 41.2496 49.6062 -0.1
    endloop
  endfacet
  facet normal 0 -0 -1
    outer loop
      vertex 84.8331 37.3341 -0.1
      vertex 69.977 43.307 -0.1
      vertex 85.1881 37.4495 -0.1
    endloop
  endfacet
  facet normal 0 0 -1
    outer loop
      vertex 35.5422 55.753 -0.1
      vertex 36.0934 51.5112 -0.1
      vertex 35.5422 55.0926 -0.1
    endloop
  endfacet
  facet normal -0 -0 -1
    outer loop
      vertex 36.957 51.5112 -0.1
      vertex 36.957 52.3418 -0.1
      vertex 38.227 51.5112 -0.1
    endloop
  endfacet
  facet normal 0 -0 -1
    outer loop
      vertex 37.5412 53.0022 -0.1
      vertex 36.5404 55.0926 -0.1
      vertex 39.0906 53.0352 -0.1
    endloop
  endfacet
  facet normal 0 0 -1
    outer loop
      vertex 95.6818 39.5224 -0.1
      vertex 89.2175 44.4373 -0.1
      vertex 95.6818 40.7924 -0.1
    endloop
  endfacet
  facet normal 0 0 -1
    outer loop
      vertex 36.957 52.3418 -0.1
      vertex 37.5412 52.3418 -0.1
      vertex 39.0906 51.7652 -0.1
    endloop
  endfacet
  facet normal 0 0 -1
    outer loop
      vertex 61.5442 42.545 -0.1
      vertex 36.957 50.2412 -0.1
      vertex 38.227 50.2412 -0.1
    endloop
  endfacet
  facet normal -0 -0 -1
    outer loop
      vertex 39.0906 53.0352 -0.1
      vertex 36.5404 55.0926 -0.1
      vertex 40.3606 53.0352 -0.1
    endloop
  endfacet
  facet normal 0 0 -1
    outer loop
      vertex 36.957 50.2412 -0.1
      vertex 36.0934 51.5112 -0.1
      vertex 36.957 51.5112 -0.1
    endloop
  endfacet
  facet normal 0 0 -1
    outer loop
      vertex 51.562 61.722 -0.1
      vertex 52.705 60.8076 -0.1
      vertex 52.705 59.944 -0.1
    endloop
  endfacet
  facet normal 0 0 -1
    outer loop
      vertex 40.3606 53.0352 -0.1
      vertex 36.5404 55.0926 -0.1
      vertex 39.0906 53.8988 -0.1
    endloop
  endfacet
  facet normal 0 0 -1
    outer loop
      vertex 41.2496 51.7652 -0.1
      vertex 40.3606 53.0352 -0.1
      vertex 41.2496 53.0352 -0.1
    endloop
  endfacet
  facet normal -0 -0 -1
    outer loop
      vertex 36.449 56.5658 -0.1
      vertex 36.449 58.0898 -0.1
      vertex 40.3606 55.1688 -0.1
    endloop
  endfacet
  facet normal 0 0 -1
    outer loop
      vertex 34.671 67.564 -0.1
      vertex 30.323 76.1554 -0.1
      vertex 34.671 69.596 -0.1
    endloop
  endfacet
  facet normal 0 0 -1
    outer loop
      vertex 51.562 58.42 -0.1
      vertex 77.2131 46.3423 -0.1
      vertex 77.1525 46.3423 -0.1
    endloop
  endfacet
  facet normal -0 -0 -1
    outer loop
      vertex 36.449 59.8678 -0.1
      vertex 36.449 61.3918 -0.1
      vertex 39.2176 59.6138 -0.1
    endloop
  endfacet
  facet normal 0 0 -1
    outer loop
      vertex 92.4531 37.3341 -0.1
      vertex 75.9431 44.2507 -0.1
      vertex 76.2981 44.1353 -0.1
    endloop
  endfacet
  facet normal 0 0 -1
    outer loop
      vertex 40.767 65.405 -0.1
      vertex 41.8084 63.3222 -0.1
      vertex 39.243 65.405 -0.1
    endloop
  endfacet
  facet normal 0 0 -1
    outer loop
      vertex 98.0948 35.941 -0.1
      vertex 96.9518 37.2618 -0.1
      vertex 98.0948 37.719 -0.1
    endloop
  endfacet
  facet normal 0 0 -1
    outer loop
      vertex 95.6818 43.8658 -0.1
      vertex 96.9518 42.926 -0.1
      vertex 95.6818 42.926 -0.1
    endloop
  endfacet
  facet normal 0 -0 -1
    outer loop
      vertex 37.465 64.77 -0.1
      vertex 37.465 67.564 -0.1
      vertex 39.243 65.405 -0.1
    endloop
  endfacet
  facet normal -0 0 -1
    outer loop
      vertex 37.465 64.77 -0.1
      vertex 39.243 65.405 -0.1
      vertex 41.8084 63.3222 -0.1
    endloop
  endfacet
  facet normal 0 0 -1
    outer loop
      vertex 64.135 58.674 -0.1
      vertex 62.992 60.198 -0.1
      vertex 64.135 59.944 -0.1
    endloop
  endfacet
  facet normal 0 0 -1
    outer loop
      vertex 57.5818 62.8904 -0.1
      vertex 58.42 62.0776 -0.1
      vertex 56.3118 62.8904 -0.1
    endloop
  endfacet
  facet normal 0 0 -1
    outer loop
      vertex 14.511 20.48 -0.1
      vertex 30.891 35.0769 -0.1
      vertex 40.8178 31.369 -0.1
    endloop
  endfacet
  facet normal 0 0 -1
    outer loop
      vertex 14.511 20.48 -0.1
      vertex 40.8178 31.369 -0.1
      vertex 40.8178 30.099 -0.1
    endloop
  endfacet
  facet normal -0 0 -1
    outer loop
      vertex 14.511 20.48 -0.1
      vertex 40.8178 30.099 -0.1
      vertex 133.388 20.48 -0.1
    endloop
  endfacet
  facet normal 0 0 -1
    outer loop
      vertex 40.8178 30.099 -0.1
      vertex 42.0878 30.099 -0.1
      vertex 133.388 20.48 -0.1
    endloop
  endfacet
  facet normal -0 -0 -1
    outer loop
      vertex 40.8178 31.369 -0.1
      vertex 30.891 35.0769 -0.1
      vertex 42.0878 31.369 -0.1
    endloop
  endfacet
  facet normal 0 0 -1
    outer loop
      vertex 42.0878 32.131 -0.1
      vertex 42.0878 31.369 -0.1
      vertex 40.8178 32.131 -0.1
    endloop
  endfacet
  facet normal 0 0 -1
    outer loop
      vertex 40.8178 32.131 -0.1
      vertex 30.891 35.0769 -0.1
      vertex 40.8178 33.401 -0.1
    endloop
  endfacet
  facet normal 0 0 -1
    outer loop
      vertex 42.0878 31.369 -0.1
      vertex 30.891 35.0769 -0.1
      vertex 40.8178 32.131 -0.1
    endloop
  endfacet
  facet normal 0 0 -1
    outer loop
      vertex 42.0878 33.401 -0.1
      vertex 133.388 20.48 -0.1
      vertex 42.0878 32.131 -0.1
    endloop
  endfacet
  facet normal -0 -0 -1
    outer loop
      vertex 42.0878 31.369 -0.1
      vertex 42.0878 32.131 -0.1
      vertex 133.388 20.48 -0.1
    endloop
  endfacet
  facet normal -0 -0 -1
    outer loop
      vertex 40.8178 33.401 -0.1
      vertex 30.891 35.0769 -0.1
      vertex 42.0878 33.401 -0.1
    endloop
  endfacet
  facet normal 0 0 -1
    outer loop
      vertex 75.438 30.2514 -0.1
      vertex 133.388 20.48 -0.1
      vertex 74.168 30.2514 -0.1
    endloop
  endfacet
  facet normal -0 -0 -1
    outer loop
      vertex 30.891 36.0431 -0.1
      vertex 23.9268 43.3578 -0.1
      vertex 40.8178 35.941 -0.1
    endloop
  endfacet
  facet normal 0 0 -1
    outer loop
      vertex 30.891 36.0431 -0.1
      vertex 40.8178 35.941 -0.1
      vertex 40.8178 34.671 -0.1
    endloop
  endfacet
  facet normal 0 0 -1
    outer loop
      vertex 30.891 36.0431 -0.1
      vertex 40.8178 34.671 -0.1
      vertex 133.388 20.48 -0.1
    endloop
  endfacet
  facet normal 0 0 -1
    outer loop
      vertex 40.8178 34.671 -0.1
      vertex 42.0878 34.671 -0.1
      vertex 133.388 20.48 -0.1
    endloop
  endfacet
  facet normal -0 -0 -1
    outer loop
      vertex 40.8178 35.941 -0.1
      vertex 23.9268 43.3578 -0.1
      vertex 42.0878 35.941 -0.1
    endloop
  endfacet
  facet normal 0 0 -1
    outer loop
      vertex 83.82 29.845 -0.1
      vertex 133.388 20.48 -0.1
      vertex 82.55 29.845 -0.1
    endloop
  endfacet
  facet normal 0 0 -1
    outer loop
      vertex 40.8178 36.8046 -0.1
      vertex 23.9268 43.3578 -0.1
      vertex 40.8178 38.0746 -0.1
    endloop
  endfacet
  facet normal 0 0 -1
    outer loop
      vertex 78.4831 37.1475 -0.1
      vertex 77.5681 37.4495 -0.1
      vertex 69.977 40.005 -0.1
    endloop
  endfacet
  facet normal 0 0 -1
    outer loop
      vertex 42.0878 35.941 -0.1
      vertex 23.9268 43.3578 -0.1
      vertex 40.8178 36.8046 -0.1
    endloop
  endfacet
  facet normal 0 0 -1
    outer loop
      vertex 77.5681 34.9405 -0.1
      vertex 83.82 33.2486 -0.1
      vertex 76.5175 34.925 -0.1
    endloop
  endfacet
  facet normal -0 -0 -1
    outer loop
      vertex 40.8178 38.0746 -0.1
      vertex 23.9268 43.3578 -0.1
      vertex 42.0878 38.0746 -0.1
    endloop
  endfacet
  facet normal -0 -0 -1
    outer loop
      vertex 98.0948 37.719 -0.1
      vertex 98.0948 38.481 -0.1
      vertex 99.6188 37.719 -0.1
    endloop
  endfacet
  facet normal -0 -0 -1
    outer loop
      vertex 38.227 51.5112 -0.1
      vertex 36.957 52.3418 -0.1
      vertex 41.2496 50.8762 -0.1
    endloop
  endfacet
  facet normal 0 0 -1
    outer loop
      vertex 34.925 59.8678 -0.1
      vertex 34.671 62.738 -0.1
      vertex 34.925 61.3918 -0.1
    endloop
  endfacet
  facet normal 0 0 -1
    outer loop
      vertex 80.3275 37.1475 -0.1
      vertex 81.0231 35.0559 -0.1
      vertex 80.3275 35.2425 -0.1
    endloop
  endfacet
  facet normal 0 0 -1
    outer loop
      vertex 43.3832 49.6062 -0.1
      vertex 56.388 45.339 -0.1
      vertex 42.5196 49.6062 -0.1
    endloop
  endfacet
  facet normal -0 -0 -1
    outer loop
      vertex 62.0522 64.1604 -0.1
      vertex 59.69 66.294 -0.1
      vertex 63.3222 64.1604 -0.1
    endloop
  endfacet
  facet normal 0 0 -1
    outer loop
      vertex 91.1831 44.2507 -0.1
      vertex 98.0948 40.259 -0.1
      vertex 90.4875 44.4373 -0.1
    endloop
  endfacet
  facet normal -0 -0 -1
    outer loop
      vertex 40.3606 53.0352 -0.1
      vertex 39.0906 53.8988 -0.1
      vertex 41.2496 53.0352 -0.1
    endloop
  endfacet
  facet normal -0 -0 -1
    outer loop
      vertex 43.3832 50.8762 -0.1
      vertex 41.2496 51.7652 -0.1
      vertex 44.6532 50.8762 -0.1
    endloop
  endfacet
  facet normal 0 0 -1
    outer loop
      vertex 40.3606 53.0352 -0.1
      vertex 41.2496 51.7652 -0.1
      vertex 40.3606 51.7652 -0.1
    endloop
  endfacet
  facet normal 0 0 -1
    outer loop
      vertex 86.487 51.562 -0.1
      vertex 89.7636 48.895 -0.1
      vertex 84.963 51.562 -0.1
    endloop
  endfacet
  facet normal 0 0 -1
    outer loop
      vertex 84.8331 35.0559 -0.1
      vertex 85.1881 34.9405 -0.1
      vertex 84.1375 35.2425 -0.1
    endloop
  endfacet
  facet normal -0 -0 -1
    outer loop
      vertex 95.6818 38.5318 -0.1
      vertex 85.1881 44.1353 -0.1
      vertex 96.9518 38.5318 -0.1
    endloop
  endfacet
  facet normal 0 0 -1
    outer loop
      vertex 40.3606 55.1688 -0.1
      vertex 41.2496 53.8988 -0.1
      vertex 40.3606 53.8988 -0.1
    endloop
  endfacet
  facet normal 0 -0 -1
    outer loop
      vertex 57.912 46.863 -0.1
      vertex 44.6786 51.7652 -0.1
      vertex 59.4614 46.99 -0.1
    endloop
  endfacet
  facet normal -0 -0 -1
    outer loop
      vertex 40.3606 55.1688 -0.1
      vertex 36.449 58.0898 -0.1
      vertex 41.2496 55.1688 -0.1
    endloop
  endfacet
  facet normal -0 -0 -1
    outer loop
      vertex 42.5196 53.0352 -0.1
      vertex 40.3606 53.8988 -0.1
      vertex 43.4086 53.0352 -0.1
    endloop
  endfacet
  facet normal 0 0 -1
    outer loop
      vertex 78.4831 37.3341 -0.1
      vertex 69.977 40.005 -0.1
      vertex 62.9666 42.545 -0.1
    endloop
  endfacet
  facet normal -0 -0 -1
    outer loop
      vertex 41.2496 55.1688 -0.1
      vertex 36.449 58.0898 -0.1
      vertex 42.5196 55.1688 -0.1
    endloop
  endfacet
  facet normal 0 0 -1
    outer loop
      vertex 44.6786 55.1688 -0.1
      vertex 89.8525 37.1475 -0.1
      vertex 88.9981 37.4495 -0.1
    endloop
  endfacet
  facet normal -0 -0 -1
    outer loop
      vertex 40.767 66.929 -0.1
      vertex 37.465 69.596 -0.1
      vertex 42.545 66.929 -0.1
    endloop
  endfacet
  facet normal 0 0 -1
    outer loop
      vertex 107.163 42.926 -0.1
      vertex 99.6696 49.784 -0.1
      vertex 99.6696 50.546 -0.1
    endloop
  endfacet
  facet normal 0 0 -1
    outer loop
      vertex 36.0934 51.5112 -0.1
      vertex 36.957 50.2412 -0.1
      vertex 36.0934 50.2412 -0.1
    endloop
  endfacet
  facet normal 0 0 -1
    outer loop
      vertex 44.069 66.929 -0.1
      vertex 50.5968 62.8904 -0.1
      vertex 48.9204 63.3222 -0.1
    endloop
  endfacet
  facet normal 0 0 -1
    outer loop
      vertex 57.277 56.896 -0.1
      vertex 78.4831 46.5289 -0.1
      vertex 78.4831 46.3423 -0.1
    endloop
  endfacet
  facet normal -0 -0 -1
    outer loop
      vertex 37.465 69.596 -0.1
      vertex 30.323 76.1554 -0.1
      vertex 44.069 66.929 -0.1
    endloop
  endfacet
  facet normal 0 0 -1
    outer loop
      vertex 36.957 55.0926 -0.1
      vertex 36.5404 55.753 -0.1
      vertex 36.957 55.753 -0.1
    endloop
  endfacet
  facet normal 0 0 -1
    outer loop
      vertex 39.0906 51.7652 -0.1
      vertex 37.5412 52.3418 -0.1
      vertex 37.5412 53.0022 -0.1
    endloop
  endfacet
  facet normal 0 0 -1
    outer loop
      vertex 69.977 43.307 -0.1
      vertex 84.8331 37.3341 -0.1
      vertex 84.8331 37.1475 -0.1
    endloop
  endfacet
  facet normal 0 0 -1
    outer loop
      vertex 41.2496 51.7652 -0.1
      vertex 42.5196 51.7652 -0.1
      vertex 44.6532 50.8762 -0.1
    endloop
  endfacet
  facet normal 0 0 -1
    outer loop
      vertex 75.9431 44.2507 -0.1
      vertex 75.8825 44.4373 -0.1
      vertex 75.9431 44.4373 -0.1
    endloop
  endfacet
  facet normal 0 0 -1
    outer loop
      vertex 89.8525 44.4373 -0.1
      vertex 89.2175 46.3423 -0.1
      vertex 89.8525 46.3423 -0.1
    endloop
  endfacet
  facet normal 0 0 -1
    outer loop
      vertex 39.0906 55.1688 -0.1
      vertex 37.5412 55.753 -0.1
      vertex 36.449 56.5658 -0.1
    endloop
  endfacet
  facet normal 0 0 -1
    outer loop
      vertex 79.6544 30.3784 -0.1
      vertex 133.388 20.48 -0.1
      vertex 77.8764 30.3784 -0.1
    endloop
  endfacet
  facet normal 0 0 -1
    outer loop
      vertex 89.7636 48.895 -0.1
      vertex 92.4531 46.5289 -0.1
      vertex 92.4531 46.3423 -0.1
    endloop
  endfacet
  facet normal -0 -0 -1
    outer loop
      vertex 42.5196 55.1688 -0.1
      vertex 36.449 58.0898 -0.1
      vertex 43.4086 55.1688 -0.1
    endloop
  endfacet
  facet normal 0 0 -1
    outer loop
      vertex 81.0231 46.5289 -0.1
      vertex 57.277 58.42 -0.1
      vertex 52.705 60.8076 -0.1
    endloop
  endfacet
  facet normal 0 0 -1
    outer loop
      vertex 50.038 56.896 -0.1
      vertex 46.3296 59.6138 -0.1
      vertex 50.038 58.42 -0.1
    endloop
  endfacet
  facet normal 0 0 -1
    outer loop
      vertex 60.7314 46.99 -0.1
      vertex 44.6786 53.0352 -0.1
      vertex 42.5196 53.8988 -0.1
    endloop
  endfacet
  facet normal -0 -0 -1
    outer loop
      vertex 42.545 66.929 -0.1
      vertex 37.465 69.596 -0.1
      vertex 44.069 66.929 -0.1
    endloop
  endfacet
  facet normal -0 -0 -1
    outer loop
      vertex 87.9475 46.3423 -0.1
      vertex 87.7281 46.6443 -0.1
      vertex 88.5825 46.3423 -0.1
    endloop
  endfacet
  facet normal -0 -0 -1
    outer loop
      vertex 36.449 58.0898 -0.1
      vertex 36.449 59.8678 -0.1
      vertex 44.6786 55.1688 -0.1
    endloop
  endfacet
  facet normal 0 0 -1
    outer loop
      vertex 51.562 61.722 -0.1
      vertex 48.9204 63.3222 -0.1
      vertex 50.5968 62.8904 -0.1
    endloop
  endfacet
  facet normal 0 0 -1
    outer loop
      vertex 53.975 62.0776 -0.1
      vertex 55.753 60.198 -0.1
      vertex 53.975 60.8076 -0.1
    endloop
  endfacet
  facet normal 0 0 -1
    outer loop
      vertex 39.2176 59.6138 -0.1
      vertex 36.449 61.3918 -0.1
      vertex 34.671 62.738 -0.1
    endloop
  endfacet
  facet normal 0 0 -1
    outer loop
      vertex 42.0878 31.369 -0.1
      vertex 133.388 20.48 -0.1
      vertex 42.0878 30.099 -0.1
    endloop
  endfacet
  facet normal 0 0 -1
    outer loop
      vertex 82.2931 44.2507 -0.1
      vertex 82.2325 44.4373 -0.1
      vertex 82.2931 44.4373 -0.1
    endloop
  endfacet
  facet normal 0 0 -1
    outer loop
      vertex 95.6818 37.2618 -0.1
      vertex 82.6481 44.1353 -0.1
      vertex 82.8675 44.4373 -0.1
    endloop
  endfacet
  facet normal 0 0 -1
    outer loop
      vertex 95.6818 37.2618 -0.1
      vertex 83.9181 44.1353 -0.1
      vertex 95.6818 38.5318 -0.1
    endloop
  endfacet
  facet normal 0 0 -1
    outer loop
      vertex 48.9204 63.3222 -0.1
      vertex 50.038 60.198 -0.1
      vertex 48.9204 59.6138 -0.1
    endloop
  endfacet
  facet normal 0 0 -1
    outer loop
      vertex 55.753 56.896 -0.1
      vertex 52.705 58.674 -0.1
      vertex 53.975 58.674 -0.1
    endloop
  endfacet
  facet normal 0 0 -1
    outer loop
      vertex 46.3296 59.6138 -0.1
      vertex 40.767 65.405 -0.1
      vertex 42.545 65.405 -0.1
    endloop
  endfacet
  facet normal 0 -0 -1
    outer loop
      vertex 77.2131 46.5289 -0.1
      vertex 55.753 56.896 -0.1
      vertex 77.5681 46.6443 -0.1
    endloop
  endfacet
  facet normal -0 -0 -1
    outer loop
      vertex 44.069 66.929 -0.1
      vertex 30.323 76.1554 -0.1
      vertex 50.5968 64.1604 -0.1
    endloop
  endfacet
  facet normal 0 0 -1
    outer loop
      vertex 57.5818 64.1604 -0.1
      vertex 58.42 62.8904 -0.1
      vertex 57.5818 62.8904 -0.1
    endloop
  endfacet
  facet normal -0 -0 -1
    outer loop
      vertex 52.705 64.1604 -0.1
      vertex 51.8668 65.024 -0.1
      vertex 53.975 64.1604 -0.1
    endloop
  endfacet
  facet normal 0 0 -1
    outer loop
      vertex 51.8668 64.1604 -0.1
      vertex 52.705 62.8904 -0.1
      vertex 51.8668 62.8904 -0.1
    endloop
  endfacet
  facet normal 0 0 -1
    outer loop
      vertex 52.705 62.8904 -0.1
      vertex 53.975 62.0776 -0.1
      vertex 51.8668 62.8904 -0.1
    endloop
  endfacet
  facet normal -0 -0 -1
    outer loop
      vertex 50.5968 64.1604 -0.1
      vertex 30.323 76.1554 -0.1
      vertex 51.8668 64.1604 -0.1
    endloop
  endfacet
  facet normal -0 -0 -1
    outer loop
      vertex 30.891 76.9371 -0.1
      vertex 14.511 86.454 -0.1
      vertex 50.5968 66.294 -0.1
    endloop
  endfacet
  facet normal 0 0 -1
    outer loop
      vertex 61.468 56.896 -0.1
      vertex 59.69 58.674 -0.1
      vertex 61.468 58.42 -0.1
    endloop
  endfacet
  facet normal 0 0 -1
    outer loop
      vertex 51.8668 64.1604 -0.1
      vertex 30.323 76.1554 -0.1
      vertex 50.5968 65.024 -0.1
    endloop
  endfacet
  facet normal 0 0 -1
    outer loop
      vertex 58.42 62.8904 -0.1
      vertex 59.69 62.0776 -0.1
      vertex 57.5818 62.8904 -0.1
    endloop
  endfacet
  facet normal 0 -0 -1
    outer loop
      vertex 75.9431 46.5289 -0.1
      vertex 51.562 58.42 -0.1
      vertex 76.2981 46.6443 -0.1
    endloop
  endfacet
  facet normal 0 -0 -1
    outer loop
      vertex 52.705 66.294 -0.1
      vertex 51.8668 66.294 -0.1
      vertex 133.388 86.454 -0.1
    endloop
  endfacet
  facet normal 0 0 -1
    outer loop
      vertex 46.3296 59.6138 -0.1
      vertex 41.8084 63.3222 -0.1
      vertex 40.767 65.405 -0.1
    endloop
  endfacet
  facet normal 0 0 -1
    outer loop
      vertex 59.69 59.944 -0.1
      vertex 61.468 58.42 -0.1
      vertex 59.69 58.674 -0.1
    endloop
  endfacet
  facet normal 0 0 -1
    outer loop
      vertex 50.038 60.198 -0.1
      vertex 51.562 58.42 -0.1
      vertex 48.9204 59.6138 -0.1
    endloop
  endfacet
  facet normal 0 0 -1
    outer loop
      vertex 81.0231 37.1475 -0.1
      vertex 80.1081 37.4495 -0.1
      vertex 81.0231 37.3341 -0.1
    endloop
  endfacet
  facet normal -0 -0 -1
    outer loop
      vertex 91.313 56.388 -0.1
      vertex 90.3986 57.785 -0.1
      vertex 92.837 56.388 -0.1
    endloop
  endfacet
  facet normal 0 -0 -1
    outer loop
      vertex 81.0231 46.5289 -0.1
      vertex 52.705 60.8076 -0.1
      vertex 81.3781 46.6443 -0.1
    endloop
  endfacet
  facet normal 0 0 -1
    outer loop
      vertex 52.705 65.024 -0.1
      vertex 56.3118 62.8904 -0.1
      vertex 53.975 64.1604 -0.1
    endloop
  endfacet
  facet normal 0 0 -1
    outer loop
      vertex 61.468 56.896 -0.1
      vertex 53.975 60.8076 -0.1
      vertex 58.42 58.674 -0.1
    endloop
  endfacet
  facet normal 0 0 -1
    outer loop
      vertex 51.8668 66.294 -0.1
      vertex 52.705 65.024 -0.1
      vertex 51.8668 65.024 -0.1
    endloop
  endfacet
  facet normal 0 0 -1
    outer loop
      vertex 52.705 65.024 -0.1
      vertex 53.975 64.1604 -0.1
      vertex 51.8668 65.024 -0.1
    endloop
  endfacet
  facet normal -0 -0 -1
    outer loop
      vertex 50.5968 66.294 -0.1
      vertex 14.511 86.454 -0.1
      vertex 51.8668 66.294 -0.1
    endloop
  endfacet
  facet normal 0 0 -1
    outer loop
      vertex 88.4479 65.0443 -0.1
      vertex 87.5487 64.6938 -0.1
      vertex 87.5487 65.0443 -0.1
    endloop
  endfacet
  facet normal 0 0 -1
    outer loop
      vertex 61.468 60.198 -0.1
      vertex 59.69 62.8904 -0.1
      vertex 61.468 61.722 -0.1
    endloop
  endfacet
  facet normal 0 -0 -1
    outer loop
      vertex 53.975 66.294 -0.1
      vertex 52.705 66.294 -0.1
      vertex 133.388 86.454 -0.1
    endloop
  endfacet
  facet normal 0 0 -1
    outer loop
      vertex 95.6818 37.2618 -0.1
      vertex 81.3781 44.1353 -0.1
      vertex 81.5975 44.4373 -0.1
    endloop
  endfacet
  facet normal 0 0 -1
    outer loop
      vertex 82.2931 37.1475 -0.1
      vertex 68.453 41.783 -0.1
      vertex 82.2931 37.3341 -0.1
    endloop
  endfacet
  facet normal 0 0 -1
    outer loop
      vertex 89.9131 44.2507 -0.1
      vertex 89.8525 44.4373 -0.1
      vertex 89.9131 44.4373 -0.1
    endloop
  endfacet
  facet normal 0 0 -1
    outer loop
      vertex 56.3118 62.8904 -0.1
      vertex 53.975 65.024 -0.1
      vertex 56.3118 64.1604 -0.1
    endloop
  endfacet
  facet normal -0 -0 -1
    outer loop
      vertex 55.753 58.42 -0.1
      vertex 53.975 59.944 -0.1
      vertex 57.277 58.42 -0.1
    endloop
  endfacet
  facet normal 0 -0 -1
    outer loop
      vertex 56.3118 66.294 -0.1
      vertex 53.975 66.294 -0.1
      vertex 133.388 86.454 -0.1
    endloop
  endfacet
  facet normal 0 0 -1
    outer loop
      vertex 81.3781 37.4495 -0.1
      vertex 82.2325 37.1475 -0.1
      vertex 81.5975 37.1475 -0.1
    endloop
  endfacet
  facet normal 0 0 -1
    outer loop
      vertex 48.9204 63.3222 -0.1
      vertex 50.038 61.722 -0.1
      vertex 50.038 60.198 -0.1
    endloop
  endfacet
  facet normal 0 0 -1
    outer loop
      vertex 53.975 59.944 -0.1
      vertex 55.753 58.42 -0.1
      vertex 53.975 58.674 -0.1
    endloop
  endfacet
  facet normal 0 0 -1
    outer loop
      vertex 58.42 60.8076 -0.1
      vertex 57.277 61.722 -0.1
      vertex 56.3118 62.8904 -0.1
    endloop
  endfacet
  facet normal 0 0 -1
    outer loop
      vertex 61.468 60.198 -0.1
      vertex 67.183 56.896 -0.1
      vertex 59.69 60.8076 -0.1
    endloop
  endfacet
  facet normal 0 0 -1
    outer loop
      vertex 42.545 65.405 -0.1
      vertex 40.767 66.929 -0.1
      vertex 42.545 66.929 -0.1
    endloop
  endfacet
  facet normal 0 0 -1
    outer loop
      vertex 69.85 58.674 -0.1
      vertex 68.707 60.198 -0.1
      vertex 69.85 59.944 -0.1
    endloop
  endfacet
  facet normal 0 0 -1
    outer loop
      vertex 92.1766 30.0228 -0.1
      vertex 87.1233 31.3347 -0.1
      vertex 87.9259 31.3347 -0.1
    endloop
  endfacet
  facet normal 0 0 -1
    outer loop
      vertex 56.3118 62.8904 -0.1
      vertex 52.705 65.024 -0.1
      vertex 53.975 65.024 -0.1
    endloop
  endfacet
  facet normal 0 0 -1
    outer loop
      vertex 74.168 32.385 -0.1
      vertex 67.3354 39.0144 -0.1
      vertex 74.168 33.655 -0.1
    endloop
  endfacet
  facet normal 0 0 -1
    outer loop
      vertex 92.1766 33.4264 -0.1
      vertex 87.9475 34.925 -0.1
      vertex 88.6431 35.0559 -0.1
    endloop
  endfacet
  facet normal 0 0 -1
    outer loop
      vertex 56.3118 65.024 -0.1
      vertex 53.975 66.294 -0.1
      vertex 56.3118 66.294 -0.1
    endloop
  endfacet
  facet normal 0 -0 -1
    outer loop
      vertex 57.5818 66.294 -0.1
      vertex 56.3118 66.294 -0.1
      vertex 133.388 86.454 -0.1
    endloop
  endfacet
  facet normal 0 0 -1
    outer loop
      vertex 58.42 64.1604 -0.1
      vertex 56.3118 65.024 -0.1
      vertex 57.5818 65.024 -0.1
    endloop
  endfacet
  facet normal -0 -0 -1
    outer loop
      vertex 56.388 43.561 -0.1
      vertex 34.8234 50.2412 -0.1
      vertex 57.912 43.561 -0.1
    endloop
  endfacet
  facet normal 0 -0 -1
    outer loop
      vertex 58.42 66.294 -0.1
      vertex 57.5818 66.294 -0.1
      vertex 133.388 86.454 -0.1
    endloop
  endfacet
  facet normal 0 0 -1
    outer loop
      vertex 25.146 52.6288 -0.1
      vertex 34.8234 50.2412 -0.1
      vertex 56.388 43.561 -0.1
    endloop
  endfacet
  facet normal 0 0 -1
    outer loop
      vertex 93.4466 33.4264 -0.1
      vertex 89.2175 35.2425 -0.1
      vertex 89.9131 35.0559 -0.1
    endloop
  endfacet
  facet normal -0 -0 -1
    outer loop
      vertex 36.3982 47.5742 -0.1
      vertex 25.146 51.3588 -0.1
      vertex 56.388 42.037 -0.1
    endloop
  endfacet
  facet normal -0 -0 -1
    outer loop
      vertex 59.4614 46.99 -0.1
      vertex 44.6786 53.0352 -0.1
      vertex 60.7314 46.99 -0.1
    endloop
  endfacet
  facet normal 0 0 -1
    outer loop
      vertex 34.8234 50.2412 -0.1
      vertex 36.0934 50.2412 -0.1
      vertex 57.912 43.561 -0.1
    endloop
  endfacet
  facet normal 0 0 -1
    outer loop
      vertex 69.977 41.783 -0.1
      vertex 82.2931 37.3341 -0.1
      vertex 68.453 41.783 -0.1
    endloop
  endfacet
  facet normal -0 -0 -1
    outer loop
      vertex 44.6532 50.8762 -0.1
      vertex 42.5196 51.7652 -0.1
      vertex 56.388 46.863 -0.1
    endloop
  endfacet
  facet normal 0 0 -1
    outer loop
      vertex 39.0906 51.7652 -0.1
      vertex 37.5412 53.0022 -0.1
      vertex 39.0906 53.0352 -0.1
    endloop
  endfacet
  facet normal 0 0 -1
    outer loop
      vertex 44.069 66.929 -0.1
      vertex 48.9204 63.3222 -0.1
      vertex 44.069 65.405 -0.1
    endloop
  endfacet
  facet normal 0 0 -1
    outer loop
      vertex 86.1031 37.3341 -0.1
      vertex 69.977 43.307 -0.1
      vertex 67.5386 44.3738 -0.1
    endloop
  endfacet
  facet normal 0 0 -1
    outer loop
      vertex 62.865 45.72 -0.1
      vertex 66.1162 44.3738 -0.1
      vertex 61.595 45.72 -0.1
    endloop
  endfacet
  facet normal 0 0 -1
    outer loop
      vertex 52.705 58.674 -0.1
      vertex 50.038 60.198 -0.1
      vertex 51.562 60.198 -0.1
    endloop
  endfacet
  facet normal -0 -0 -1
    outer loop
      vertex 61.595 46.99 -0.1
      vertex 44.6786 53.8988 -0.1
      vertex 62.865 46.99 -0.1
    endloop
  endfacet
  facet normal -0 -0 -1
    outer loop
      vertex 61.468 61.722 -0.1
      vertex 59.69 64.1604 -0.1
      vertex 62.992 61.722 -0.1
    endloop
  endfacet
  facet normal -0 -0 -1
    outer loop
      vertex 98.1456 52.324 -0.1
      vertex 96.012 54.864 -0.1
      vertex 99.6696 52.324 -0.1
    endloop
  endfacet
  facet normal 0 0 -1
    outer loop
      vertex 62.992 56.896 -0.1
      vertex 82.2931 46.5289 -0.1
      vertex 61.468 56.896 -0.1
    endloop
  endfacet
  facet normal 0 0 -1
    outer loop
      vertex 50.5968 65.024 -0.1
      vertex 30.323 76.1554 -0.1
      vertex 30.891 75.9709 -0.1
    endloop
  endfacet
  facet normal 0 0 -1
    outer loop
      vertex 52.705 58.674 -0.1
      vertex 51.562 60.198 -0.1
      vertex 52.705 59.944 -0.1
    endloop
  endfacet
  facet normal 0 0 -1
    outer loop
      vertex 62.992 58.42 -0.1
      vertex 83.5631 46.5289 -0.1
      vertex 83.5631 46.3423 -0.1
    endloop
  endfacet
  facet normal -0 -0 -1
    outer loop
      vertex 87.63 48.895 -0.1
      vertex 80.96 53.9852 -0.1
      vertex 88.4936 48.895 -0.1
    endloop
  endfacet
  facet normal -0 -0 -1
    outer loop
      vertex 88.138 56.388 -0.1
      vertex 87.2236 57.785 -0.1
      vertex 89.662 56.388 -0.1
    endloop
  endfacet
  facet normal -0 -0 -1
    outer loop
      vertex 69.85 62.0776 -0.1
      vertex 69.85 62.8904 -0.1
      vertex 71.12 62.0776 -0.1
    endloop
  endfacet
  facet normal 0 0 -1
    outer loop
      vertex 57.5818 64.1604 -0.1
      vertex 53.975 66.294 -0.1
      vertex 56.3118 65.024 -0.1
    endloop
  endfacet
  facet normal 0 0 -1
    outer loop
      vertex 62.992 61.722 -0.1
      vertex 64.135 59.944 -0.1
      vertex 62.992 60.198 -0.1
    endloop
  endfacet
  facet normal 0 0 -1
    outer loop
      vertex 88.4936 47.625 -0.1
      vertex 89.9131 46.3423 -0.1
      vertex 89.8525 46.3423 -0.1
    endloop
  endfacet
  facet normal 0 0 -1
    outer loop
      vertex 87.9475 37.465 -0.1
      vertex 88.5825 35.2425 -0.1
      vertex 87.9475 34.925 -0.1
    endloop
  endfacet
  facet normal 0 0 -1
    outer loop
      vertex 56.388 46.863 -0.1
      vertex 42.5196 51.7652 -0.1
      vertex 43.4086 51.7652 -0.1
    endloop
  endfacet
  facet normal 0 0 -1
    outer loop
      vertex 92.4531 35.0559 -0.1
      vertex 92.3925 35.2425 -0.1
      vertex 92.4531 35.2425 -0.1
    endloop
  endfacet
  facet normal 0 -0 -1
    outer loop
      vertex 59.69 66.294 -0.1
      vertex 58.42 66.294 -0.1
      vertex 133.388 86.454 -0.1
    endloop
  endfacet
  facet normal 0 0 -1
    outer loop
      vertex 86.7245 31.3347 -0.1
      vertex 92.1766 30.0228 -0.1
      vertex 85.9244 31.3347 -0.1
    endloop
  endfacet
  facet normal -0 -0 -1
    outer loop
      vertex 56.388 46.863 -0.1
      vertex 43.4086 51.7652 -0.1
      vertex 57.912 46.863 -0.1
    endloop
  endfacet
  facet normal 0 0 -1
    outer loop
      vertex 92.1766 32.1564 -0.1
      vertex 88.3247 33.4353 -0.1
      vertex 83.9181 34.9405 -0.1
    endloop
  endfacet
  facet normal 0 0 -1
    outer loop
      vertex 59.055 39.1414 -0.1
      vertex 36.3982 45.4406 -0.1
      vertex 23.876 49.2252 -0.1
    endloop
  endfacet
  facet normal 0 -0 -1
    outer loop
      vertex 62.0522 66.294 -0.1
      vertex 59.69 66.294 -0.1
      vertex 133.388 86.454 -0.1
    endloop
  endfacet
  facet normal 0 0 -1
    outer loop
      vertex 95.6818 37.2618 -0.1
      vertex 81.0231 44.2507 -0.1
      vertex 81.3781 44.1353 -0.1
    endloop
  endfacet
  facet normal -0 0 -1
    outer loop
      vertex 35.9562 55.753 -0.1
      vertex 36.449 56.5658 -0.1
      vertex 36.5404 55.753 -0.1
    endloop
  endfacet
  facet normal 0 0 -1
    outer loop
      vertex 35.1282 44.1706 -0.1
      vertex 25.4508 46.6598 -0.1
      vertex 35.1282 45.4406 -0.1
    endloop
  endfacet
  facet normal 0 0 -1
    outer loop
      vertex 76.5175 37.465 -0.1
      vertex 77.2131 37.1475 -0.1
      vertex 77.1525 37.1475 -0.1
    endloop
  endfacet
  facet normal 0 0 -1
    outer loop
      vertex 37.465 64.77 -0.1
      vertex 39.2176 63.3222 -0.1
      vertex 37.465 62.738 -0.1
    endloop
  endfacet
  facet normal 0 0 -1
    outer loop
      vertex 57.912 43.561 -0.1
      vertex 60.325 42.545 -0.1
      vertex 59.055 42.545 -0.1
    endloop
  endfacet
  facet normal 0 0 -1
    outer loop
      vertex 79.06 57.1856 -0.1
      vertex 75.88 60.4063 -0.1
      vertex 79.06 58.3844 -0.1
    endloop
  endfacet
  facet normal 0 0 -1
    outer loop
      vertex 36.3982 47.5742 -0.1
      vertex 56.388 42.037 -0.1
      vertex 59.055 41.275 -0.1
    endloop
  endfacet
  facet normal 0 0 -1
    outer loop
      vertex 75.8825 34.925 -0.1
      vertex 68.453 38.481 -0.1
      vertex 69.977 38.481 -0.1
    endloop
  endfacet
  facet normal -0 -0 -1
    outer loop
      vertex 59.69 59.944 -0.1
      vertex 58.42 60.8076 -0.1
      vertex 62.992 58.42 -0.1
    endloop
  endfacet
  facet normal 0 0 -1
    outer loop
      vertex 62.992 58.42 -0.1
      vertex 84.7725 46.3423 -0.1
      vertex 83.9181 46.6443 -0.1
    endloop
  endfacet
  facet normal 0 0 -1
    outer loop
      vertex 67.5386 44.3738 -0.1
      vertex 69.977 43.307 -0.1
      vertex 68.453 43.307 -0.1
    endloop
  endfacet
  facet normal -0 -0 -1
    outer loop
      vertex 39.0906 55.1688 -0.1
      vertex 36.449 56.5658 -0.1
      vertex 40.3606 55.1688 -0.1
    endloop
  endfacet
  facet normal 0 0 -1
    outer loop
      vertex 78.4831 35.0559 -0.1
      vertex 78.4225 35.2425 -0.1
      vertex 78.4831 35.2425 -0.1
    endloop
  endfacet
  facet normal 0 0 -1
    outer loop
      vertex 62.865 46.99 -0.1
      vertex 87.3125 37.465 -0.1
      vertex 67.5386 44.3738 -0.1
    endloop
  endfacet
  facet normal 0 0 -1
    outer loop
      vertex 62.865 46.99 -0.1
      vertex 67.5386 44.3738 -0.1
      vertex 62.865 45.72 -0.1
    endloop
  endfacet
  facet normal 0 0 -1
    outer loop
      vertex 73.98 52.7863 -0.1
      vertex 59.69 60.8076 -0.1
      vertex 67.183 56.896 -0.1
    endloop
  endfacet
  facet normal 0 0 -1
    outer loop
      vertex 61.5442 42.545 -0.1
      vertex 42.5196 49.6062 -0.1
      vertex 56.388 45.339 -0.1
    endloop
  endfacet
  facet normal 0 0 -1
    outer loop
      vertex 84.8331 46.3423 -0.1
      vertex 62.992 58.42 -0.1
      vertex 84.8331 46.5289 -0.1
    endloop
  endfacet
  facet normal 0 0 -1
    outer loop
      vertex 85.9244 31.3347 -0.1
      vertex 133.388 20.48 -0.1
      vertex 85.5256 31.3347 -0.1
    endloop
  endfacet
  facet normal 0 0 -1
    outer loop
      vertex 87.9475 46.3423 -0.1
      vertex 88.6431 44.2507 -0.1
      vertex 87.9475 44.4373 -0.1
    endloop
  endfacet
  facet normal 0 0 -1
    outer loop
      vertex 51.8668 65.024 -0.1
      vertex 52.705 64.1604 -0.1
      vertex 50.5968 65.024 -0.1
    endloop
  endfacet
  facet normal 0 0 -1
    outer loop
      vertex 59.69 62.0776 -0.1
      vertex 58.42 62.8904 -0.1
      vertex 59.69 62.8904 -0.1
    endloop
  endfacet
  facet normal 0 0 -1
    outer loop
      vertex 77.1525 44.4373 -0.1
      vertex 76.5175 46.3423 -0.1
      vertex 77.1525 46.3423 -0.1
    endloop
  endfacet
  facet normal 0 0 -1
    outer loop
      vertex 88.6431 37.1475 -0.1
      vertex 87.9475 37.465 -0.1
      vertex 88.6431 37.3341 -0.1
    endloop
  endfacet
  facet normal 0 0 -1
    outer loop
      vertex 64.135 58.674 -0.1
      vertex 61.468 60.198 -0.1
      vertex 62.992 60.198 -0.1
    endloop
  endfacet
  facet normal 0 0 -1
    outer loop
      vertex 63.3222 64.1604 -0.1
      vertex 64.135 62.8904 -0.1
      vertex 63.3222 62.8904 -0.1
    endloop
  endfacet
  facet normal -0 -0 -1
    outer loop
      vertex 57.5818 64.1604 -0.1
      vertex 56.3118 65.024 -0.1
      vertex 58.42 64.1604 -0.1
    endloop
  endfacet
  facet normal 0 0 -1
    outer loop
      vertex 80.3275 35.2425 -0.1
      vertex 85.9244 33.4353 -0.1
      vertex 80.1081 34.9405 -0.1
    endloop
  endfacet
  facet normal 0 0 -1
    outer loop
      vertex 36.0934 50.2412 -0.1
      vertex 36.957 50.2412 -0.1
      vertex 61.5442 42.545 -0.1
    endloop
  endfacet
  facet normal 0 0 -1
    outer loop
      vertex 35.5422 55.0926 -0.1
      vertex 35.5422 53.0022 -0.1
      vertex 34.958 55.0926 -0.1
    endloop
  endfacet
  facet normal 0 0 -1
    outer loop
      vertex 62.9666 44.3738 -0.1
      vertex 66.1162 42.545 -0.1
      vertex 62.9666 42.545 -0.1
    endloop
  endfacet
  facet normal 0 0 -1
    outer loop
      vertex 69.977 43.307 -0.1
      vertex 86.1031 37.3341 -0.1
      vertex 86.1031 37.1475 -0.1
    endloop
  endfacet
  facet normal 0 0 -1
    outer loop
      vertex 39.0906 53.8988 -0.1
      vertex 37.5412 55.753 -0.1
      vertex 39.0906 55.1688 -0.1
    endloop
  endfacet
  facet normal -0 -0 -1
    outer loop
      vertex 61.7474 39.0144 -0.1
      vertex 60.325 40.4114 -0.1
      vertex 67.3354 39.0144 -0.1
    endloop
  endfacet
  facet normal 0 0 -1
    outer loop
      vertex 77.7875 37.1475 -0.1
      vertex 78.4225 35.2425 -0.1
      vertex 77.7875 35.2425 -0.1
    endloop
  endfacet
  facet normal 0 0 -1
    outer loop
      vertex 42.5196 53.8988 -0.1
      vertex 44.6786 53.0352 -0.1
      vertex 41.2496 53.8988 -0.1
    endloop
  endfacet
  facet normal 0 0 -1
    outer loop
      vertex 42.5196 55.1688 -0.1
      vertex 43.4086 53.8988 -0.1
      vertex 42.5196 53.8988 -0.1
    endloop
  endfacet
  facet normal 0 0 -1
    outer loop
      vertex 61.7474 33.1724 -0.1
      vertex 25.4508 43.3578 -0.1
      vertex 25.4508 44.8818 -0.1
    endloop
  endfacet
  facet normal 0 0 -1
    outer loop
      vertex 110.439 36.83 -0.1
      vertex 108.636 38.481 -0.1
      vertex 110.439 38.1 -0.1
    endloop
  endfacet
  facet normal -0 -0 -1
    outer loop
      vertex 42.0878 35.941 -0.1
      vertex 42.0878 36.8046 -0.1
      vertex 61.7474 33.1724 -0.1
    endloop
  endfacet
  facet normal 0 0 -1
    outer loop
      vertex 81.1784 30.3784 -0.1
      vertex 82.55 29.845 -0.1
      vertex 79.6544 30.3784 -0.1
    endloop
  endfacet
  facet normal 0 0 -1
    outer loop
      vertex 41.2496 50.8762 -0.1
      vertex 36.957 52.3418 -0.1
      vertex 39.0906 51.7652 -0.1
    endloop
  endfacet
  facet normal -0 -0 -1
    outer loop
      vertex 76.5175 46.3423 -0.1
      vertex 76.2981 46.6443 -0.1
      vertex 77.1525 46.3423 -0.1
    endloop
  endfacet
  facet normal 0 0 -1
    outer loop
      vertex 59.055 39.1414 -0.1
      vertex 23.876 49.2252 -0.1
      vertex 35.1282 46.3042 -0.1
    endloop
  endfacet
  facet normal 0 0 -1
    outer loop
      vertex 62.0522 62.8904 -0.1
      vertex 59.69 65.024 -0.1
      vertex 59.69 66.294 -0.1
    endloop
  endfacet
  facet normal 0 0 -1
    outer loop
      vertex 67.3354 39.0144 -0.1
      vertex 60.325 41.275 -0.1
      vertex 60.325 42.545 -0.1
    endloop
  endfacet
  facet normal 0 0 -1
    outer loop
      vertex 89.2175 37.1475 -0.1
      vertex 89.9131 35.0559 -0.1
      vertex 89.2175 35.2425 -0.1
    endloop
  endfacet
  facet normal -0 -0 -1
    outer loop
      vertex 84.963 56.388 -0.1
      vertex 83.82 57.785 -0.1
      vertex 86.487 56.388 -0.1
    endloop
  endfacet
  facet normal 0 0 -1
    outer loop
      vertex 75.88 58.3844 -0.1
      vertex 84.963 51.562 -0.1
      vertex 80.96 53.9852 -0.1
    endloop
  endfacet
  facet normal 0 0 -1
    outer loop
      vertex 69.0372 66.294 -0.1
      vertex 69.85 66.294 -0.1
      vertex 69.0372 65.024 -0.1
    endloop
  endfacet
  facet normal 0 0 -1
    outer loop
      vertex 62.0522 65.024 -0.1
      vertex 59.69 66.294 -0.1
      vertex 62.0522 66.294 -0.1
    endloop
  endfacet
  facet normal 0 -0 -1
    outer loop
      vertex 63.3222 66.294 -0.1
      vertex 62.0522 66.294 -0.1
      vertex 133.388 86.454 -0.1
    endloop
  endfacet
  facet normal 0 0 -1
    outer loop
      vertex 63.3222 64.1604 -0.1
      vertex 59.69 66.294 -0.1
      vertex 62.0522 65.024 -0.1
    endloop
  endfacet
  facet normal -0 -0 -1
    outer loop
      vertex 64.135 62.0776 -0.1
      vertex 63.3222 62.8904 -0.1
      vertex 65.405 62.0776 -0.1
    endloop
  endfacet
  facet normal -0 -0 -1
    outer loop
      vertex 64.135 59.944 -0.1
      vertex 64.135 60.8076 -0.1
      vertex 65.405 59.944 -0.1
    endloop
  endfacet
  facet normal -0 -0 -1
    outer loop
      vertex 77.7875 46.3423 -0.1
      vertex 77.5681 46.6443 -0.1
      vertex 78.4225 46.3423 -0.1
    endloop
  endfacet
  facet normal 0 -0 -1
    outer loop
      vertex 64.135 66.294 -0.1
      vertex 63.3222 66.294 -0.1
      vertex 133.388 86.454 -0.1
    endloop
  endfacet
  facet normal 0 0 -1
    outer loop
      vertex 57.277 58.42 -0.1
      vertex 81.0231 46.3423 -0.1
      vertex 80.9625 46.3423 -0.1
    endloop
  endfacet
  facet normal 0 0 -1
    outer loop
      vertex 61.5442 42.545 -0.1
      vertex 57.912 45.339 -0.1
      vertex 61.5442 44.3738 -0.1
    endloop
  endfacet
  facet normal 0 0 -1
    outer loop
      vertex 75.88 53.9852 -0.1
      vertex 86.36 47.625 -0.1
      vertex 87.7281 46.6443 -0.1
    endloop
  endfacet
  facet normal 0 0 -1
    outer loop
      vertex 64.135 62.8904 -0.1
      vertex 63.3222 64.1604 -0.1
      vertex 64.135 64.1604 -0.1
    endloop
  endfacet
  facet normal -0 0 -1
    outer loop
      vertex 89.9414 61.595 -0.1
      vertex 94.9376 64.0944 -0.1
      vertex 90.805 61.595 -0.1
    endloop
  endfacet
  facet normal 0 0 -1
    outer loop
      vertex 85.4075 37.1475 -0.1
      vertex 86.0425 35.2425 -0.1
      vertex 86.1031 35.0559 -0.1
    endloop
  endfacet
  facet normal 0 0 -1
    outer loop
      vertex 77.7875 35.2425 -0.1
      vertex 78.4831 35.0559 -0.1
      vertex 78.8381 34.9405 -0.1
    endloop
  endfacet
  facet normal 0 0 -1
    outer loop
      vertex 107.112 35.941 -0.1
      vertex 95.6818 43.8658 -0.1
      vertex 98.1456 42.926 -0.1
    endloop
  endfacet
  facet normal 0 0 -1
    outer loop
      vertex 59.055 39.1414 -0.1
      vertex 35.1282 46.3042 -0.1
      vertex 36.3982 46.3042 -0.1
    endloop
  endfacet
  facet normal -0 0 -1
    outer loop
      vertex 112.547 56.1594 -0.1
      vertex 113.894 57.3786 -0.1
      vertex 112.547 55.2958 -0.1
    endloop
  endfacet
  facet normal -0 -0 -1
    outer loop
      vertex 68.453 40.005 -0.1
      vertex 61.5442 42.545 -0.1
      vertex 69.977 40.005 -0.1
    endloop
  endfacet
  facet normal 0 0 -1
    outer loop
      vertex 62.0522 62.8904 -0.1
      vertex 59.69 66.294 -0.1
      vertex 62.0522 64.1604 -0.1
    endloop
  endfacet
  facet normal 0 0 -1
    outer loop
      vertex 86.1031 35.0559 -0.1
      vertex 86.4581 34.9405 -0.1
      vertex 85.4075 35.2425 -0.1
    endloop
  endfacet
  facet normal 0 0 -1
    outer loop
      vertex 64.135 65.024 -0.1
      vertex 63.3222 65.024 -0.1
      vertex 64.135 66.294 -0.1
    endloop
  endfacet
  facet normal 0 0 -1
    outer loop
      vertex 87.5487 64.6938 -0.1
      vertex 86.0476 64.0944 -0.1
      vertex 87.5487 65.0443 -0.1
    endloop
  endfacet
  facet normal 0 -0 -1
    outer loop
      vertex 63.3222 65.024 -0.1
      vertex 63.3222 66.294 -0.1
      vertex 64.135 66.294 -0.1
    endloop
  endfacet
  facet normal 0 -0 -1
    outer loop
      vertex 65.405 66.294 -0.1
      vertex 64.135 66.294 -0.1
      vertex 133.388 86.454 -0.1
    endloop
  endfacet
  facet normal 0 -0 -1
    outer loop
      vertex 63.3222 64.1604 -0.1
      vertex 63.3222 65.024 -0.1
      vertex 64.135 65.024 -0.1
    endloop
  endfacet
  facet normal 0 0 -1
    outer loop
      vertex 63.3222 64.1604 -0.1
      vertex 64.135 65.024 -0.1
      vertex 65.405 65.024 -0.1
    endloop
  endfacet
  facet normal 0 0 -1
    outer loop
      vertex 99.6188 38.481 -0.1
      vertex 99.6188 37.719 -0.1
      vertex 98.0948 38.481 -0.1
    endloop
  endfacet
  facet normal 0 0 -1
    outer loop
      vertex 65.405 66.294 -0.1
      vertex 67.7672 66.294 -0.1
      vertex 65.405 65.024 -0.1
    endloop
  endfacet
  facet normal 0 0 -1
    outer loop
      vertex 87.63 47.625 -0.1
      vertex 88.6431 46.5289 -0.1
      vertex 88.6431 46.3423 -0.1
    endloop
  endfacet
  facet normal 0 0 -1
    outer loop
      vertex 42.5196 50.8762 -0.1
      vertex 43.3832 49.6062 -0.1
      vertex 42.5196 49.6062 -0.1
    endloop
  endfacet
  facet normal -0 -0 -1
    outer loop
      vertex 82.55 33.2486 -0.1
      vertex 76.5175 34.925 -0.1
      vertex 83.82 33.2486 -0.1
    endloop
  endfacet
  facet normal 0 0 -1
    outer loop
      vertex 95.6818 41.656 -0.1
      vertex 91.5381 44.1353 -0.1
      vertex 91.7575 44.4373 -0.1
    endloop
  endfacet
  facet normal 0 0 -1
    outer loop
      vertex 98.0948 33.401 -0.1
      vertex 133.388 20.48 -0.1
      vertex 93.0275 35.2425 -0.1
    endloop
  endfacet
  facet normal 0 0 -1
    outer loop
      vertex 43.4086 51.7652 -0.1
      vertex 42.5196 53.0352 -0.1
      vertex 43.4086 53.0352 -0.1
    endloop
  endfacet
  facet normal 0 -0 -1
    outer loop
      vertex 89.9131 46.5289 -0.1
      vertex 88.4936 47.625 -0.1
      vertex 90.2681 46.6443 -0.1
    endloop
  endfacet
  facet normal 0 0 -1
    outer loop
      vertex 61.5442 42.545 -0.1
      vertex 56.388 45.339 -0.1
      vertex 57.912 45.339 -0.1
    endloop
  endfacet
  facet normal 0 0 -1
    outer loop
      vertex 82.8675 37.1475 -0.1
      vertex 83.5631 35.0559 -0.1
      vertex 82.8675 35.2425 -0.1
    endloop
  endfacet
  facet normal 0 0 -1
    outer loop
      vertex 79.7531 35.0559 -0.1
      vertex 79.6925 35.2425 -0.1
      vertex 79.7531 35.2425 -0.1
    endloop
  endfacet
  facet normal 0 0 -1
    outer loop
      vertex 95.6818 32.1818 -0.1
      vertex 93.4466 33.4264 -0.1
      vertex 95.6818 33.4518 -0.1
    endloop
  endfacet
  facet normal 0 0 -1
    outer loop
      vertex 89.9131 35.0559 -0.1
      vertex 89.8525 35.2425 -0.1
      vertex 89.9131 35.2425 -0.1
    endloop
  endfacet
  facet normal 0 0 -1
    outer loop
      vertex 58.42 62.8904 -0.1
      vertex 57.5818 64.1604 -0.1
      vertex 58.42 64.1604 -0.1
    endloop
  endfacet
  facet normal 0 0 -1
    outer loop
      vertex 93.4466 32.1564 -0.1
      vertex 95.6818 31.3182 -0.1
      vertex 92.1766 32.1564 -0.1
    endloop
  endfacet
  facet normal 0 0 -1
    outer loop
      vertex 95.6818 41.656 -0.1
      vertex 92.8081 44.1353 -0.1
      vertex 93.0275 44.4373 -0.1
    endloop
  endfacet
  facet normal 0 -0 -1
    outer loop
      vertex 77.2131 37.3341 -0.1
      vertex 69.977 40.005 -0.1
      vertex 77.5681 37.4495 -0.1
    endloop
  endfacet
  facet normal -0 -0 -1
    outer loop
      vertex 77.5681 46.6443 -0.1
      vertex 55.753 56.896 -0.1
      vertex 78.4225 46.3423 -0.1
    endloop
  endfacet
  facet normal 0 0 -1
    outer loop
      vertex 86.36 60.325 -0.1
      vertex 85.4964 60.325 -0.1
      vertex 86.36 61.595 -0.1
    endloop
  endfacet
  facet normal -0 0 -1
    outer loop
      vertex 65.405 66.294 -0.1
      vertex 133.388 86.454 -0.1
      vertex 67.7672 66.294 -0.1
    endloop
  endfacet
  facet normal 0 0 -1
    outer loop
      vertex 67.7672 62.8904 -0.1
      vertex 65.405 64.1604 -0.1
      vertex 67.7672 64.1604 -0.1
    endloop
  endfacet
  facet normal -0 0 -1
    outer loop
      vertex 71.12 66.294 -0.1
      vertex 133.388 86.454 -0.1
      vertex 71.12 65.024 -0.1
    endloop
  endfacet
  facet normal 0 0 -1
    outer loop
      vertex 69.85 62.0776 -0.1
      vertex 67.7672 62.8904 -0.1
      vertex 69.0372 62.8904 -0.1
    endloop
  endfacet
  facet normal 0 0 -1
    outer loop
      vertex 68.453 40.005 -0.1
      vertex 60.325 42.545 -0.1
      vertex 57.912 43.561 -0.1
    endloop
  endfacet
  facet normal 0 0 -1
    outer loop
      vertex 67.7672 65.024 -0.1
      vertex 64.135 64.1604 -0.1
      vertex 63.3222 64.1604 -0.1
    endloop
  endfacet
  facet normal 0 0 -1
    outer loop
      vertex 73.98 64.8056 -0.1
      vertex 69.85 64.1604 -0.1
      vertex 69.0372 64.1604 -0.1
    endloop
  endfacet
  facet normal -0 0 -1
    outer loop
      vertex 67.7672 66.294 -0.1
      vertex 133.388 86.454 -0.1
      vertex 69.0372 66.294 -0.1
    endloop
  endfacet
  facet normal 0 -0 -1
    outer loop
      vertex 85.1881 46.6443 -0.1
      vertex 75.88 52.7863 -0.1
      vertex 86.0425 46.6598 -0.1
    endloop
  endfacet
  facet normal 0 -0 -1
    outer loop
      vertex 65.405 64.1604 -0.1
      vertex 64.135 64.1604 -0.1
      vertex 67.7672 65.024 -0.1
    endloop
  endfacet
  facet normal 0 -0 -1
    outer loop
      vertex 87.3731 46.5289 -0.1
      vertex 75.88 53.9852 -0.1
      vertex 87.7281 46.6443 -0.1
    endloop
  endfacet
  facet normal 0 -0 -1
    outer loop
      vertex 67.7672 64.1604 -0.1
      vertex 65.405 64.1604 -0.1
      vertex 69.0372 65.024 -0.1
    endloop
  endfacet
  facet normal 0 0 -1
    outer loop
      vertex 71.12 65.024 -0.1
      vertex 67.7672 64.1604 -0.1
      vertex 69.85 65.024 -0.1
    endloop
  endfacet
  facet normal -0 -0 -1
    outer loop
      vertex 67.183 58.42 -0.1
      vertex 65.405 59.944 -0.1
      vertex 68.707 58.42 -0.1
    endloop
  endfacet
  facet normal -0 -0 -1
    outer loop
      vertex 79.06 58.3844 -0.1
      vertex 75.88 61.6052 -0.1
      vertex 80.96 58.3844 -0.1
    endloop
  endfacet
  facet normal 0 0 -1
    outer loop
      vertex 56.388 42.037 -0.1
      vertex 25.146 51.3588 -0.1
      vertex 25.146 52.6288 -0.1
    endloop
  endfacet
  facet normal 0 0 -1
    outer loop
      vertex 84.963 53.086 -0.1
      vertex 79.06 57.1856 -0.1
      vertex 80.96 57.1856 -0.1
    endloop
  endfacet
  facet normal 0 0 -1
    outer loop
      vertex 35.1282 46.3042 -0.1
      vertex 25.146 49.2252 -0.1
      vertex 25.146 50.4952 -0.1
    endloop
  endfacet
  facet normal 0 0 -1
    outer loop
      vertex 75.8825 34.925 -0.1
      vertex 69.977 38.481 -0.1
      vertex 75.8825 37.465 -0.1
    endloop
  endfacet
  facet normal 0 0 -1
    outer loop
      vertex 98.1456 47.244 -0.1
      vertex 92.837 51.562 -0.1
      vertex 98.1456 48.006 -0.1
    endloop
  endfacet
  facet normal 0 0 -1
    outer loop
      vertex 42.5196 53.0352 -0.1
      vertex 43.4086 51.7652 -0.1
      vertex 42.5196 51.7652 -0.1
    endloop
  endfacet
  facet normal 0 0 -1
    outer loop
      vertex 57.912 46.863 -0.1
      vertex 59.4614 45.72 -0.1
      vertex 57.912 45.339 -0.1
    endloop
  endfacet
  facet normal 0 0 -1
    outer loop
      vertex 83.5025 44.4373 -0.1
      vertex 82.8675 46.3423 -0.1
      vertex 83.5025 46.3423 -0.1
    endloop
  endfacet
  facet normal 0 0 -1
    outer loop
      vertex 51.8668 62.8904 -0.1
      vertex 52.705 62.0776 -0.1
      vertex 50.5968 62.8904 -0.1
    endloop
  endfacet
  facet normal 0 0 -1
    outer loop
      vertex 73.98 57.1856 -0.1
      vertex 71.12 59.944 -0.1
      vertex 73.98 58.3844 -0.1
    endloop
  endfacet
  facet normal 0 0 -1
    outer loop
      vertex 64.135 60.8076 -0.1
      vertex 62.992 61.722 -0.1
      vertex 62.0522 62.8904 -0.1
    endloop
  endfacet
  facet normal 0 0 -1
    outer loop
      vertex 65.405 62.0776 -0.1
      vertex 64.135 62.8904 -0.1
      vertex 65.405 62.8904 -0.1
    endloop
  endfacet
  facet normal 0 0 -1
    outer loop
      vertex 75.88 58.3844 -0.1
      vertex 80.96 53.9852 -0.1
      vertex 75.88 57.1856 -0.1
    endloop
  endfacet
  facet normal 0 0 -1
    outer loop
      vertex 80.96 53.9852 -0.1
      vertex 87.63 48.895 -0.1
      vertex 80.96 52.7863 -0.1
    endloop
  endfacet
  facet normal 0 0 -1
    outer loop
      vertex 68.707 61.722 -0.1
      vertex 65.405 64.1604 -0.1
      vertex 67.7672 62.8904 -0.1
    endloop
  endfacet
  facet normal -0 -0 -1
    outer loop
      vertex 66.1162 44.3738 -0.1
      vertex 62.865 45.72 -0.1
      vertex 67.5386 44.3738 -0.1
    endloop
  endfacet
  facet normal 0 0 -1
    outer loop
      vertex 71.12 60.8076 -0.1
      vertex 71.12 59.944 -0.1
      vertex 69.85 60.8076 -0.1
    endloop
  endfacet
  facet normal 0 0 -1
    outer loop
      vertex 88.5825 35.2425 -0.1
      vertex 88.6431 35.0559 -0.1
      vertex 87.9475 34.925 -0.1
    endloop
  endfacet
  facet normal 0 0 -1
    outer loop
      vertex 71.12 62.8904 -0.1
      vertex 73.98 60.4063 -0.1
      vertex 71.12 62.0776 -0.1
    endloop
  endfacet
  facet normal 0 0 -1
    outer loop
      vertex 67.7672 65.024 -0.1
      vertex 65.405 65.024 -0.1
      vertex 67.7672 66.294 -0.1
    endloop
  endfacet
  facet normal 0 0 -1
    outer loop
      vertex 73.98 64.8056 -0.1
      vertex 69.0372 64.1604 -0.1
      vertex 73.98 66.0044 -0.1
    endloop
  endfacet
  facet normal 0 0 -1
    outer loop
      vertex 67.7672 65.024 -0.1
      vertex 63.3222 64.1604 -0.1
      vertex 65.405 65.024 -0.1
    endloop
  endfacet
  facet normal 0 0 -1
    outer loop
      vertex 71.12 62.8904 -0.1
      vertex 71.12 62.0776 -0.1
      vertex 69.85 62.8904 -0.1
    endloop
  endfacet
  facet normal 0 0 -1
    outer loop
      vertex 90.4875 44.4373 -0.1
      vertex 96.9518 40.7924 -0.1
      vertex 90.2681 44.1353 -0.1
    endloop
  endfacet
  facet normal 0 0 -1
    outer loop
      vertex 88.4479 64.0944 -0.1
      vertex 80.96 60.4063 -0.1
      vertex 87.5487 64.0944 -0.1
    endloop
  endfacet
  facet normal 0 0 -1
    outer loop
      vertex 69.85 65.024 -0.1
      vertex 69.0372 65.024 -0.1
      vertex 69.85 66.294 -0.1
    endloop
  endfacet
  facet normal -0 0 -1
    outer loop
      vertex 75.88 66.0044 -0.1
      vertex 133.388 86.454 -0.1
      vertex 79.06 66.0044 -0.1
    endloop
  endfacet
  facet normal 0 0 -1
    outer loop
      vertex 67.7672 64.1604 -0.1
      vertex 69.0372 65.024 -0.1
      vertex 69.85 65.024 -0.1
    endloop
  endfacet
  facet normal 0 -0 -1
    outer loop
      vertex 69.0372 64.1604 -0.1
      vertex 67.7672 64.1604 -0.1
      vertex 71.12 65.024 -0.1
    endloop
  endfacet
  facet normal 0 -0 -1
    outer loop
      vertex 73.98 66.0044 -0.1
      vertex 71.12 65.024 -0.1
      vertex 133.388 86.454 -0.1
    endloop
  endfacet
  facet normal 0 0 -1
    outer loop
      vertex 69.0372 65.024 -0.1
      vertex 65.405 64.1604 -0.1
      vertex 67.7672 65.024 -0.1
    endloop
  endfacet
  facet normal 0 0 -1
    outer loop
      vertex 68.453 40.005 -0.1
      vertex 57.912 43.561 -0.1
      vertex 61.5442 42.545 -0.1
    endloop
  endfacet
  facet normal 0 0 -1
    outer loop
      vertex 48.9204 59.6138 -0.1
      vertex 50.038 58.42 -0.1
      vertex 46.3296 59.6138 -0.1
    endloop
  endfacet
  facet normal 0 0 -1
    outer loop
      vertex 87.9475 46.3423 -0.1
      vertex 88.5825 44.4373 -0.1
      vertex 88.6431 44.2507 -0.1
    endloop
  endfacet
  facet normal 0 0 -1
    outer loop
      vertex 69.977 43.307 -0.1
      vertex 83.5631 37.3341 -0.1
      vertex 69.977 41.783 -0.1
    endloop
  endfacet
  facet normal 0 0 -1
    outer loop
      vertex 68.707 58.42 -0.1
      vertex 73.98 53.9852 -0.1
      vertex 68.707 56.896 -0.1
    endloop
  endfacet
  facet normal 0 0 -1
    outer loop
      vertex 89.7636 48.895 -0.1
      vertex 92.3925 46.3423 -0.1
      vertex 91.5381 46.6443 -0.1
    endloop
  endfacet
  facet normal 0 0 -1
    outer loop
      vertex 71.12 62.0776 -0.1
      vertex 75.88 58.3844 -0.1
      vertex 71.12 60.8076 -0.1
    endloop
  endfacet
  facet normal 0 0 -1
    outer loop
      vertex 77.8764 30.3784 -0.1
      vertex 133.388 20.48 -0.1
      vertex 76.3524 30.3784 -0.1
    endloop
  endfacet
  facet normal -0 -0 -1
    outer loop
      vertex 73.98 61.6052 -0.1
      vertex 71.12 64.1604 -0.1
      vertex 75.88 61.6052 -0.1
    endloop
  endfacet
  facet normal 0 0 -1
    outer loop
      vertex 69.85 60.8076 -0.1
      vertex 67.7672 62.8904 -0.1
      vertex 69.85 62.0776 -0.1
    endloop
  endfacet
  facet normal -0 -0 -1
    outer loop
      vertex 57.912 43.561 -0.1
      vertex 36.0934 50.2412 -0.1
      vertex 61.5442 42.545 -0.1
    endloop
  endfacet
  facet normal -0 -0 -1
    outer loop
      vertex 73.98 53.9852 -0.1
      vertex 68.707 58.42 -0.1
      vertex 75.88 53.9852 -0.1
    endloop
  endfacet
  facet normal 0 0 -1
    outer loop
      vertex 73.98 60.4063 -0.1
      vertex 71.12 62.8904 -0.1
      vertex 73.98 61.6052 -0.1
    endloop
  endfacet
  facet normal 0 0 -1
    outer loop
      vertex 94.8436 57.785 -0.1
      vertex 93.98 59.055 -0.1
      vertex 94.8436 59.055 -0.1
    endloop
  endfacet
  facet normal -0 0 -1
    outer loop
      vertex 73.98 66.0044 -0.1
      vertex 133.388 86.454 -0.1
      vertex 75.88 66.0044 -0.1
    endloop
  endfacet
  facet normal 0 0 -1
    outer loop
      vertex 112.547 56.1594 -0.1
      vertex 133.388 86.454 -0.1
      vertex 113.894 57.3786 -0.1
    endloop
  endfacet
  facet normal 0 0 -1
    outer loop
      vertex 69.0372 64.1604 -0.1
      vertex 71.12 65.024 -0.1
      vertex 73.98 66.0044 -0.1
    endloop
  endfacet
  facet normal 0 0 -1
    outer loop
      vertex 73.98 64.8056 -0.1
      vertex 71.12 64.1604 -0.1
      vertex 69.85 64.1604 -0.1
    endloop
  endfacet
  facet normal 0 0 -1
    outer loop
      vertex 75.88 61.6052 -0.1
      vertex 71.12 64.1604 -0.1
      vertex 73.98 64.8056 -0.1
    endloop
  endfacet
  facet normal 0 0 -1
    outer loop
      vertex 74.168 30.2514 -0.1
      vertex 61.7474 33.1724 -0.1
      vertex 67.3354 33.1724 -0.1
    endloop
  endfacet
  facet normal 0 0 -1
    outer loop
      vertex 75.88 61.6052 -0.1
      vertex 73.98 64.8056 -0.1
      vertex 75.88 64.8056 -0.1
    endloop
  endfacet
  facet normal 0 0 -1
    outer loop
      vertex 75.88 66.0044 -0.1
      vertex 79.06 66.0044 -0.1
      vertex 75.88 64.8056 -0.1
    endloop
  endfacet
  facet normal 0 0 -1
    outer loop
      vertex 98.0948 37.719 -0.1
      vertex 95.6818 39.5224 -0.1
      vertex 98.0948 38.481 -0.1
    endloop
  endfacet
  facet normal 0 0 -1
    outer loop
      vertex 75.438 33.655 -0.1
      vertex 79.6544 31.9024 -0.1
      vertex 77.8764 31.9024 -0.1
    endloop
  endfacet
  facet normal 0 0 -1
    outer loop
      vertex 67.3354 39.0144 -0.1
      vertex 68.453 38.481 -0.1
      vertex 75.8825 34.925 -0.1
    endloop
  endfacet
  facet normal 0 0 -1
    outer loop
      vertex 42.0878 34.671 -0.1
      vertex 74.168 30.2514 -0.1
      vertex 133.388 20.48 -0.1
    endloop
  endfacet
  facet normal 0 0 -1
    outer loop
      vertex 42.0878 36.8046 -0.1
      vertex 42.0878 35.941 -0.1
      vertex 40.8178 36.8046 -0.1
    endloop
  endfacet
  facet normal -0 -0 -1
    outer loop
      vertex 41.2496 50.8762 -0.1
      vertex 39.0906 51.7652 -0.1
      vertex 42.5196 50.8762 -0.1
    endloop
  endfacet
  facet normal 0 0 -1
    outer loop
      vertex 60.325 40.4114 -0.1
      vertex 36.3982 47.5742 -0.1
      vertex 59.055 41.275 -0.1
    endloop
  endfacet
  facet normal 0 0 -1
    outer loop
      vertex 75.8825 44.4373 -0.1
      vertex 41.8084 59.6138 -0.1
      vertex 50.038 56.896 -0.1
    endloop
  endfacet
  facet normal 0 0 -1
    outer loop
      vertex 67.3354 39.0144 -0.1
      vertex 75.438 33.655 -0.1
      vertex 74.168 33.655 -0.1
    endloop
  endfacet
  facet normal 0 -0 -1
    outer loop
      vertex 75.438 31.5214 -0.1
      vertex 67.3354 33.1724 -0.1
      vertex 76.3524 31.9024 -0.1
    endloop
  endfacet
  facet normal 0 0 -1
    outer loop
      vertex 83.5631 35.0559 -0.1
      vertex 83.5025 35.2425 -0.1
      vertex 83.5631 35.2425 -0.1
    endloop
  endfacet
  facet normal 0 0 -1
    outer loop
      vertex 76.3524 30.3784 -0.1
      vertex 75.438 31.5214 -0.1
      vertex 76.3524 31.9024 -0.1
    endloop
  endfacet
  facet normal 0 0 -1
    outer loop
      vertex 95.6818 43.8658 -0.1
      vertex 92.8081 46.6443 -0.1
      vertex 95.6818 45.1358 -0.1
    endloop
  endfacet
  facet normal 0 0 -1
    outer loop
      vertex 85.9244 33.4353 -0.1
      vertex 86.7245 31.3347 -0.1
      vertex 85.9244 31.3347 -0.1
    endloop
  endfacet
  facet normal 0 0 -1
    outer loop
      vertex 80.9625 44.4373 -0.1
      vertex 80.3275 46.3423 -0.1
      vertex 80.9625 46.3423 -0.1
    endloop
  endfacet
  facet normal 0 0 -1
    outer loop
      vertex 75.8825 44.4373 -0.1
      vertex 51.562 58.42 -0.1
      vertex 75.8825 46.3423 -0.1
    endloop
  endfacet
  facet normal 0 0 -1
    outer loop
      vertex 95.6818 41.656 -0.1
      vertex 91.7575 44.4373 -0.1
      vertex 92.4531 44.2507 -0.1
    endloop
  endfacet
  facet normal 0 0 -1
    outer loop
      vertex 82.55 31.9786 -0.1
      vertex 75.438 33.655 -0.1
      vertex 75.8825 34.925 -0.1
    endloop
  endfacet
  facet normal -0 -0 -1
    outer loop
      vertex 58.42 59.944 -0.1
      vertex 58.42 60.8076 -0.1
      vertex 59.69 59.944 -0.1
    endloop
  endfacet
  facet normal 0 0 -1
    outer loop
      vertex 46.3296 59.6138 -0.1
      vertex 42.545 65.405 -0.1
      vertex 46.3296 63.3222 -0.1
    endloop
  endfacet
  facet normal 0 0 -1
    outer loop
      vertex 108.636 38.481 -0.1
      vertex 108.636 37.719 -0.1
      vertex 107.112 38.481 -0.1
    endloop
  endfacet
  facet normal 0 0 -1
    outer loop
      vertex 36.449 59.8678 -0.1
      vertex 39.2176 59.6138 -0.1
      vertex 75.9431 44.2507 -0.1
    endloop
  endfacet
  facet normal 0 0 -1
    outer loop
      vertex 98.1456 44.704 -0.1
      vertex 96.9518 45.9994 -0.1
      vertex 98.1456 45.466 -0.1
    endloop
  endfacet
  facet normal 0 0 -1
    outer loop
      vertex 55.753 56.896 -0.1
      vertex 53.975 58.674 -0.1
      vertex 55.753 58.42 -0.1
    endloop
  endfacet
  facet normal -0 -0 -1
    outer loop
      vertex 52.705 62.0776 -0.1
      vertex 51.8668 62.8904 -0.1
      vertex 53.975 62.0776 -0.1
    endloop
  endfacet
  facet normal -0 -0 -1
    outer loop
      vertex 41.2496 53.0352 -0.1
      vertex 39.0906 53.8988 -0.1
      vertex 42.5196 53.0352 -0.1
    endloop
  endfacet
  facet normal -0 -0 -1
    outer loop
      vertex 76.3524 31.9024 -0.1
      vertex 75.438 32.385 -0.1
      vertex 77.8764 31.9024 -0.1
    endloop
  endfacet
  facet normal -0 -0 -1
    outer loop
      vertex 50.038 61.722 -0.1
      vertex 48.9204 63.3222 -0.1
      vertex 51.562 61.722 -0.1
    endloop
  endfacet
  facet normal 0 0 -1
    outer loop
      vertex 39.2176 59.6138 -0.1
      vertex 34.671 62.738 -0.1
      vertex 37.465 62.738 -0.1
    endloop
  endfacet
  facet normal -0 0 -1
    outer loop
      vertex 75.8825 46.3423 -0.1
      vertex 75.9431 46.5289 -0.1
      vertex 75.9431 46.3423 -0.1
    endloop
  endfacet
  facet normal 0 0 -1
    outer loop
      vertex 67.3354 39.0144 -0.1
      vertex 75.8825 34.925 -0.1
      vertex 75.438 33.655 -0.1
    endloop
  endfacet
  facet normal 0 0 -1
    outer loop
      vertex 88.3247 33.4353 -0.1
      vertex 92.1766 32.1564 -0.1
      vertex 93.4466 31.2928 -0.1
    endloop
  endfacet
  facet normal 0 0 -1
    outer loop
      vertex 82.55 33.2486 -0.1
      vertex 75.8825 34.925 -0.1
      vertex 76.5175 34.925 -0.1
    endloop
  endfacet
  facet normal 0 0 -1
    outer loop
      vertex 77.8764 31.9024 -0.1
      vertex 79.6544 30.3784 -0.1
      vertex 77.8764 30.3784 -0.1
    endloop
  endfacet
  facet normal 0 0 -1
    outer loop
      vertex 81.1784 31.9024 -0.1
      vertex 83.82 31.115 -0.1
      vertex 82.55 31.115 -0.1
    endloop
  endfacet
  facet normal 0 0 -1
    outer loop
      vertex 75.438 33.655 -0.1
      vertex 82.55 31.9786 -0.1
      vertex 81.1784 31.9024 -0.1
    endloop
  endfacet
  facet normal 0 0 -1
    outer loop
      vertex 77.1525 35.2425 -0.1
      vertex 77.2131 35.0559 -0.1
      vertex 76.5175 34.925 -0.1
    endloop
  endfacet
  facet normal 0 0 -1
    outer loop
      vertex 60.325 40.4114 -0.1
      vertex 61.7474 39.0144 -0.1
      vertex 60.325 39.1414 -0.1
    endloop
  endfacet
  facet normal -0 -0 -1
    outer loop
      vertex 98.1456 47.244 -0.1
      vertex 98.1456 48.006 -0.1
      vertex 99.6696 47.244 -0.1
    endloop
  endfacet
  facet normal 0 0 -1
    outer loop
      vertex 61.7474 33.1724 -0.1
      vertex 23.9268 43.3578 -0.1
      vertex 25.4508 43.3578 -0.1
    endloop
  endfacet
  facet normal 0 0 -1
    outer loop
      vertex 108.636 32.639 -0.1
      vertex 133.388 20.48 -0.1
      vertex 108.636 30.861 -0.1
    endloop
  endfacet
  facet normal -0 0 -1
    outer loop
      vertex 97.3379 65.9943 -0.1
      vertex 133.388 86.454 -0.1
      vertex 97.3379 65.6438 -0.1
    endloop
  endfacet
  facet normal 0 0 -1
    outer loop
      vertex 80.1081 34.9405 -0.1
      vertex 85.5256 33.4353 -0.1
      vertex 78.8381 34.9405 -0.1
    endloop
  endfacet
  facet normal 0 0 -1
    outer loop
      vertex 63.3222 65.024 -0.1
      vertex 63.3222 64.1604 -0.1
      vertex 62.0522 65.024 -0.1
    endloop
  endfacet
  facet normal 0 0 -1
    outer loop
      vertex 79.0575 35.2425 -0.1
      vertex 80.1081 34.9405 -0.1
      vertex 78.8381 34.9405 -0.1
    endloop
  endfacet
  facet normal 0 0 -1
    outer loop
      vertex 78.4831 35.0559 -0.1
      vertex 77.7875 35.2425 -0.1
      vertex 78.4225 35.2425 -0.1
    endloop
  endfacet
  facet normal 0 0 -1
    outer loop
      vertex 79.0575 37.1475 -0.1
      vertex 79.7531 35.0559 -0.1
      vertex 79.0575 35.2425 -0.1
    endloop
  endfacet
  facet normal 0 0 -1
    outer loop
      vertex 84.8331 35.0559 -0.1
      vertex 84.7725 35.2425 -0.1
      vertex 84.8331 35.2425 -0.1
    endloop
  endfacet
  facet normal 0 -0 -1
    outer loop
      vertex 82.2931 37.3341 -0.1
      vertex 69.977 41.783 -0.1
      vertex 82.6481 37.4495 -0.1
    endloop
  endfacet
  facet normal -0 -0 -1
    outer loop
      vertex 67.183 61.722 -0.1
      vertex 65.405 64.1604 -0.1
      vertex 68.707 61.722 -0.1
    endloop
  endfacet
  facet normal 0 0 -1
    outer loop
      vertex 39.2176 59.6138 -0.1
      vertex 37.465 62.738 -0.1
      vertex 39.2176 63.3222 -0.1
    endloop
  endfacet
  facet normal 0 0 -1
    outer loop
      vertex 77.2131 46.3423 -0.1
      vertex 51.562 58.42 -0.1
      vertex 77.2131 46.5289 -0.1
    endloop
  endfacet
  facet normal 0 0 -1
    outer loop
      vertex 41.8084 63.3222 -0.1
      vertex 46.3296 59.6138 -0.1
      vertex 41.8084 59.6138 -0.1
    endloop
  endfacet
  facet normal 0 0 -1
    outer loop
      vertex 46.3296 59.6138 -0.1
      vertex 50.038 56.896 -0.1
      vertex 41.8084 59.6138 -0.1
    endloop
  endfacet
  facet normal 0 0 -1
    outer loop
      vertex 95.6818 35.1282 -0.1
      vertex 93.0275 37.1475 -0.1
      vertex 92.8081 37.4495 -0.1
    endloop
  endfacet
  facet normal 0 0 -1
    outer loop
      vertex 82.8675 46.3423 -0.1
      vertex 83.5631 44.2507 -0.1
      vertex 82.8675 44.4373 -0.1
    endloop
  endfacet
  facet normal -0 -0 -1
    outer loop
      vertex 92.8081 37.4495 -0.1
      vertex 76.5175 44.4373 -0.1
      vertex 95.6818 36.3982 -0.1
    endloop
  endfacet
  facet normal 0 0 -1
    outer loop
      vertex 81.5975 46.3423 -0.1
      vertex 82.2931 44.2507 -0.1
      vertex 81.5975 44.4373 -0.1
    endloop
  endfacet
  facet normal 0 0 -1
    outer loop
      vertex 79.0575 46.3423 -0.1
      vertex 79.7531 44.2507 -0.1
      vertex 79.0575 44.4373 -0.1
    endloop
  endfacet
  facet normal 0 0 -1
    outer loop
      vertex 78.4225 35.2425 -0.1
      vertex 77.7875 37.1475 -0.1
      vertex 78.4225 37.1475 -0.1
    endloop
  endfacet
  facet normal 0 0 -1
    outer loop
      vertex 79.7531 44.2507 -0.1
      vertex 79.6925 44.4373 -0.1
      vertex 79.7531 44.4373 -0.1
    endloop
  endfacet
  facet normal 0 0 -1
    outer loop
      vertex 95.6818 37.2618 -0.1
      vertex 83.5631 44.2507 -0.1
      vertex 83.9181 44.1353 -0.1
    endloop
  endfacet
  facet normal 0 0 -1
    outer loop
      vertex 107.112 35.179 -0.1
      vertex 99.6188 40.259 -0.1
      vertex 107.112 35.941 -0.1
    endloop
  endfacet
  facet normal 0 0 -1
    outer loop
      vertex 68.453 38.481 -0.1
      vertex 60.325 42.545 -0.1
      vertex 68.453 40.005 -0.1
    endloop
  endfacet
  facet normal 0 0 -1
    outer loop
      vertex 68.453 38.481 -0.1
      vertex 67.3354 39.0144 -0.1
      vertex 60.325 42.545 -0.1
    endloop
  endfacet
  facet normal 0 0 -1
    outer loop
      vertex 59.055 41.275 -0.1
      vertex 56.388 42.037 -0.1
      vertex 57.912 42.037 -0.1
    endloop
  endfacet
  facet normal 0 0 -1
    outer loop
      vertex 59.055 41.275 -0.1
      vertex 57.912 42.037 -0.1
      vertex 59.055 42.545 -0.1
    endloop
  endfacet
  facet normal 0 0 -1
    outer loop
      vertex 61.7474 33.1724 -0.1
      vertex 59.055 39.1414 -0.1
      vertex 60.325 39.1414 -0.1
    endloop
  endfacet
  facet normal 0 0 -1
    outer loop
      vertex 95.6818 37.2618 -0.1
      vertex 81.5975 44.4373 -0.1
      vertex 82.2931 44.2507 -0.1
    endloop
  endfacet
  facet normal 0 0 -1
    outer loop
      vertex 107.163 44.704 -0.1
      vertex 99.6696 52.324 -0.1
      vertex 107.163 45.466 -0.1
    endloop
  endfacet
  facet normal 0 0 -1
    outer loop
      vertex 60.325 41.275 -0.1
      vertex 67.3354 39.0144 -0.1
      vertex 59.055 41.275 -0.1
    endloop
  endfacet
  facet normal 0 0 -1
    outer loop
      vertex 61.7474 33.1724 -0.1
      vertex 60.325 39.1414 -0.1
      vertex 61.7474 39.0144 -0.1
    endloop
  endfacet
  facet normal 0 0 -1
    outer loop
      vertex 81.3781 34.9405 -0.1
      vertex 86.7245 33.4353 -0.1
      vertex 85.9244 33.4353 -0.1
    endloop
  endfacet
  facet normal 0 0 -1
    outer loop
      vertex 96.012 56.388 -0.1
      vertex 99.6696 52.324 -0.1
      vertex 96.012 54.864 -0.1
    endloop
  endfacet
  facet normal 0 0 -1
    outer loop
      vertex 80.3275 35.2425 -0.1
      vertex 81.3781 34.9405 -0.1
      vertex 85.9244 33.4353 -0.1
    endloop
  endfacet
  facet normal 0 -0 -1
    outer loop
      vertex 83.5631 37.3341 -0.1
      vertex 69.977 43.307 -0.1
      vertex 83.9181 37.4495 -0.1
    endloop
  endfacet
  facet normal -0 -0 -1
    outer loop
      vertex 82.8675 46.3423 -0.1
      vertex 82.6481 46.6443 -0.1
      vertex 83.5025 46.3423 -0.1
    endloop
  endfacet
  facet normal 0 0 -1
    outer loop
      vertex 69.977 43.307 -0.1
      vertex 84.8331 37.1475 -0.1
      vertex 83.9181 37.4495 -0.1
    endloop
  endfacet
  facet normal -0 -0 -1
    outer loop
      vertex 78.4225 37.1475 -0.1
      vertex 77.5681 37.4495 -0.1
      vertex 78.4831 37.1475 -0.1
    endloop
  endfacet
  facet normal 0 0 -1
    outer loop
      vertex 78.8381 37.4495 -0.1
      vertex 79.6925 37.1475 -0.1
      vertex 79.0575 37.1475 -0.1
    endloop
  endfacet
  facet normal 0 0 -1
    outer loop
      vertex 95.6818 39.5224 -0.1
      vertex 88.9981 44.1353 -0.1
      vertex 89.2175 44.4373 -0.1
    endloop
  endfacet
  facet normal 0 0 -1
    outer loop
      vertex 95.6818 38.5318 -0.1
      vertex 84.8331 44.2507 -0.1
      vertex 85.1881 44.1353 -0.1
    endloop
  endfacet
  facet normal -0 -0 -1
    outer loop
      vertex 107.112 40.259 -0.1
      vertex 99.6696 47.244 -0.1
      vertex 108.636 40.259 -0.1
    endloop
  endfacet
  facet normal 0 0 -1
    outer loop
      vertex 77.7875 44.4373 -0.1
      vertex 78.4225 44.4373 -0.1
      vertex 78.4831 44.2507 -0.1
    endloop
  endfacet
  facet normal 0 0 -1
    outer loop
      vertex 95.6818 35.1282 -0.1
      vertex 92.8081 37.4495 -0.1
      vertex 95.6818 36.3982 -0.1
    endloop
  endfacet
  facet normal 0 0 -1
    outer loop
      vertex 107.112 37.719 -0.1
      vertex 99.6696 42.926 -0.1
      vertex 107.112 38.481 -0.1
    endloop
  endfacet
  facet normal 0 0 -1
    outer loop
      vertex 95.6818 38.5318 -0.1
      vertex 84.1375 44.4373 -0.1
      vertex 84.8331 44.2507 -0.1
    endloop
  endfacet
  facet normal 0 0 -1
    outer loop
      vertex 76.5175 46.3423 -0.1
      vertex 77.1525 44.4373 -0.1
      vertex 77.2131 44.2507 -0.1
    endloop
  endfacet
  facet normal 0 0 -1
    outer loop
      vertex 107.112 33.401 -0.1
      vertex 108.636 32.639 -0.1
      vertex 107.112 32.639 -0.1
    endloop
  endfacet
  facet normal 0 0 -1
    outer loop
      vertex 76.5175 46.3423 -0.1
      vertex 77.2131 44.2507 -0.1
      vertex 76.5175 44.4373 -0.1
    endloop
  endfacet
  facet normal 0 0 -1
    outer loop
      vertex 99.6188 37.719 -0.1
      vertex 107.112 33.401 -0.1
      vertex 107.112 32.639 -0.1
    endloop
  endfacet
  facet normal -0 -0 -1
    outer loop
      vertex 79.06 53.9852 -0.1
      vertex 75.88 57.1856 -0.1
      vertex 80.96 53.9852 -0.1
    endloop
  endfacet
  facet normal -0 -0 -1
    outer loop
      vertex 55.753 61.722 -0.1
      vertex 53.975 64.1604 -0.1
      vertex 57.277 61.722 -0.1
    endloop
  endfacet
  facet normal 0 0 -1
    outer loop
      vertex 83.5631 44.2507 -0.1
      vertex 83.5025 44.4373 -0.1
      vertex 83.5631 44.4373 -0.1
    endloop
  endfacet
  facet normal 0 0 -1
    outer loop
      vertex 57.277 58.42 -0.1
      vertex 79.6925 46.3423 -0.1
      vertex 78.8381 46.6443 -0.1
    endloop
  endfacet
  facet normal 0 0 -1
    outer loop
      vertex 80.3275 46.3423 -0.1
      vertex 81.0231 44.2507 -0.1
      vertex 80.3275 44.4373 -0.1
    endloop
  endfacet
  facet normal 0 0 -1
    outer loop
      vertex 79.06 52.7863 -0.1
      vertex 67.183 60.198 -0.1
      vertex 69.85 58.674 -0.1
    endloop
  endfacet
  facet normal -0 0 -1
    outer loop
      vertex 96.4387 65.6438 -0.1
      vertex 97.3379 65.9943 -0.1
      vertex 97.3379 65.6438 -0.1
    endloop
  endfacet
  facet normal 0 0 -1
    outer loop
      vertex 86.36 47.625 -0.1
      vertex 65.405 60.8076 -0.1
      vertex 79.06 52.7863 -0.1
    endloop
  endfacet
  facet normal 0 0 -1
    outer loop
      vertex 71.12 59.944 -0.1
      vertex 73.98 57.1856 -0.1
      vertex 71.12 58.674 -0.1
    endloop
  endfacet
  facet normal 0 0 -1
    outer loop
      vertex 88.265 57.785 -0.1
      vertex 87.2236 59.055 -0.1
      vertex 88.265 59.055 -0.1
    endloop
  endfacet
  facet normal -0 0 -1
    outer loop
      vertex 94.9376 65.6438 -0.1
      vertex 96.4387 65.9943 -0.1
      vertex 94.9376 65.0443 -0.1
    endloop
  endfacet
  facet normal 0 0 -1
    outer loop
      vertex 81.0231 46.3423 -0.1
      vertex 57.277 58.42 -0.1
      vertex 81.0231 46.5289 -0.1
    endloop
  endfacet
  facet normal 0 0 -1
    outer loop
      vertex 96.9518 45.9994 -0.1
      vertex 96.9518 45.1358 -0.1
      vertex 95.6818 45.9994 -0.1
    endloop
  endfacet
  facet normal 0 0 -1
    outer loop
      vertex 84.963 53.086 -0.1
      vertex 73.98 60.4063 -0.1
      vertex 79.06 57.1856 -0.1
    endloop
  endfacet
  facet normal 0 0 -1
    outer loop
      vertex 71.12 64.1604 -0.1
      vertex 73.98 61.6052 -0.1
      vertex 71.12 62.8904 -0.1
    endloop
  endfacet
  facet normal 0 0 -1
    outer loop
      vertex 80.96 60.4063 -0.1
      vertex 80.96 58.3844 -0.1
      vertex 79.06 60.4063 -0.1
    endloop
  endfacet
  facet normal 0 0 -1
    outer loop
      vertex 74.168 30.2514 -0.1
      vertex 42.0878 35.941 -0.1
      vertex 61.7474 33.1724 -0.1
    endloop
  endfacet
  facet normal -0 0 -1
    outer loop
      vertex 94.0384 66.5937 -0.1
      vertex 133.388 86.454 -0.1
      vertex 94.9376 66.5937 -0.1
    endloop
  endfacet
  facet normal 0 0 -1
    outer loop
      vertex 79.06 60.4063 -0.1
      vertex 75.88 61.6052 -0.1
      vertex 79.06 61.6052 -0.1
    endloop
  endfacet
  facet normal 0 0 -1
    outer loop
      vertex 80.96 58.3844 -0.1
      vertex 75.88 61.6052 -0.1
      vertex 79.06 60.4063 -0.1
    endloop
  endfacet
  facet normal -0 0 -1
    outer loop
      vertex 80.96 66.0044 -0.1
      vertex 85.1484 66.5937 -0.1
      vertex 80.96 64.8056 -0.1
    endloop
  endfacet
  facet normal -0 0 -1
    outer loop
      vertex 79.06 66.0044 -0.1
      vertex 133.388 86.454 -0.1
      vertex 80.96 66.0044 -0.1
    endloop
  endfacet
  facet normal -0 0 -1
    outer loop
      vertex 88.4479 64.6938 -0.1
      vertex 133.388 86.454 -0.1
      vertex 88.4479 64.0944 -0.1
    endloop
  endfacet
  facet normal 0 0 -1
    outer loop
      vertex 74.168 30.2514 -0.1
      vertex 67.3354 33.1724 -0.1
      vertex 74.168 31.5214 -0.1
    endloop
  endfacet
  facet normal 0 0 -1
    outer loop
      vertex 79.06 64.8056 -0.1
      vertex 75.88 64.8056 -0.1
      vertex 79.06 66.0044 -0.1
    endloop
  endfacet
  facet normal 0 -0 -1
    outer loop
      vertex 75.88 61.6052 -0.1
      vertex 75.88 64.8056 -0.1
      vertex 79.06 64.8056 -0.1
    endloop
  endfacet
  facet normal 0 0 -1
    outer loop
      vertex 75.88 61.6052 -0.1
      vertex 79.06 64.8056 -0.1
      vertex 80.96 64.8056 -0.1
    endloop
  endfacet
  facet normal 0 0 -1
    outer loop
      vertex 80.96 66.0044 -0.1
      vertex 133.388 86.454 -0.1
      vertex 85.1484 66.5937 -0.1
    endloop
  endfacet
  facet normal 0 0 -1
    outer loop
      vertex 79.6544 30.3784 -0.1
      vertex 77.8764 31.9024 -0.1
      vertex 79.6544 31.9024 -0.1
    endloop
  endfacet
  facet normal 0 0 -1
    outer loop
      vertex 65.405 60.8076 -0.1
      vertex 68.707 58.42 -0.1
      vertex 64.135 60.8076 -0.1
    endloop
  endfacet
  facet normal 0 0 -1
    outer loop
      vertex 89.7636 48.895 -0.1
      vertex 92.4531 46.3423 -0.1
      vertex 92.3925 46.3423 -0.1
    endloop
  endfacet
  facet normal 0 0 -1
    outer loop
      vertex 77.2131 35.0559 -0.1
      vertex 77.5681 34.9405 -0.1
      vertex 76.5175 34.925 -0.1
    endloop
  endfacet
  facet normal 0 0 -1
    outer loop
      vertex 91.7575 37.1475 -0.1
      vertex 92.3925 35.2425 -0.1
      vertex 92.4531 35.0559 -0.1
    endloop
  endfacet
  facet normal 0 0 -1
    outer loop
      vertex 98.1456 42.926 -0.1
      vertex 96.9518 43.8658 -0.1
      vertex 96.9518 45.1358 -0.1
    endloop
  endfacet
  facet normal -0 -0 -1
    outer loop
      vertex 83.82 31.115 -0.1
      vertex 81.1784 31.9024 -0.1
      vertex 133.388 20.48 -0.1
    endloop
  endfacet
  facet normal 0 0 -1
    outer loop
      vertex 82.2931 37.1475 -0.1
      vertex 81.3781 37.4495 -0.1
      vertex 66.1162 42.545 -0.1
    endloop
  endfacet
  facet normal 0 0 -1
    outer loop
      vertex 80.1081 34.9405 -0.1
      vertex 79.0575 35.2425 -0.1
      vertex 79.7531 35.0559 -0.1
    endloop
  endfacet
  facet normal 0 -0 -1
    outer loop
      vertex 83.82 33.2486 -0.1
      vertex 78.8381 34.9405 -0.1
      vertex 85.5256 33.4353 -0.1
    endloop
  endfacet
  facet normal 0 0 -1
    outer loop
      vertex 83.82 33.2486 -0.1
      vertex 77.5681 34.9405 -0.1
      vertex 78.8381 34.9405 -0.1
    endloop
  endfacet
  facet normal -0 -0 -1
    outer loop
      vertex 80.3275 46.3423 -0.1
      vertex 80.1081 46.6443 -0.1
      vertex 80.9625 46.3423 -0.1
    endloop
  endfacet
  facet normal -0 -0 -1
    outer loop
      vertex 75.8825 37.465 -0.1
      vertex 69.977 40.005 -0.1
      vertex 76.5175 37.465 -0.1
    endloop
  endfacet
  facet normal 0 0 -1
    outer loop
      vertex 98.1456 42.926 -0.1
      vertex 96.9518 45.1358 -0.1
      vertex 98.1456 44.704 -0.1
    endloop
  endfacet
  facet normal 0 0 -1
    outer loop
      vertex 93.0275 35.2425 -0.1
      vertex 99.6188 32.639 -0.1
      vertex 92.8081 34.9405 -0.1
    endloop
  endfacet
  facet normal 0 0 -1
    outer loop
      vertex 87.9475 37.465 -0.1
      vertex 88.6431 37.1475 -0.1
      vertex 88.5825 37.1475 -0.1
    endloop
  endfacet
  facet normal 0 0 -1
    outer loop
      vertex 35.9562 55.753 -0.1
      vertex 35.9562 55.0926 -0.1
      vertex 35.5422 55.753 -0.1
    endloop
  endfacet
  facet normal 0 0 -1
    outer loop
      vertex 79.6925 44.4373 -0.1
      vertex 79.0575 46.3423 -0.1
      vertex 79.6925 46.3423 -0.1
    endloop
  endfacet
  facet normal 0 0 -1
    outer loop
      vertex 35.9562 55.0926 -0.1
      vertex 36.0934 51.5112 -0.1
      vertex 35.5422 55.753 -0.1
    endloop
  endfacet
  facet normal 0 0 -1
    outer loop
      vertex 82.2931 35.0559 -0.1
      vertex 82.2325 35.2425 -0.1
      vertex 82.2931 35.2425 -0.1
    endloop
  endfacet
  facet normal 0 0 -1
    outer loop
      vertex 95.6818 37.2618 -0.1
      vertex 82.2931 44.2507 -0.1
      vertex 82.6481 44.1353 -0.1
    endloop
  endfacet
  facet normal -0 -0 -1
    outer loop
      vertex 34.925 61.3918 -0.1
      vertex 34.671 62.738 -0.1
      vertex 36.449 61.3918 -0.1
    endloop
  endfacet
  facet normal -0 -0 -1
    outer loop
      vertex 79.6925 37.1475 -0.1
      vertex 78.8381 37.4495 -0.1
      vertex 79.7531 37.1475 -0.1
    endloop
  endfacet
  facet normal -0 -0 -1
    outer loop
      vertex 51.8668 64.1604 -0.1
      vertex 50.5968 65.024 -0.1
      vertex 52.705 64.1604 -0.1
    endloop
  endfacet
  facet normal 0 0 -1
    outer loop
      vertex 74.168 32.385 -0.1
      vertex 76.3524 31.9024 -0.1
      vertex 67.3354 33.1724 -0.1
    endloop
  endfacet
  facet normal 0 0 -1
    outer loop
      vertex 68.453 41.783 -0.1
      vertex 67.5386 42.545 -0.1
      vertex 68.453 43.307 -0.1
    endloop
  endfacet
  facet normal -0 -0 -1
    outer loop
      vertex 61.5442 44.3738 -0.1
      vertex 59.4614 45.72 -0.1
      vertex 62.9666 44.3738 -0.1
    endloop
  endfacet
  facet normal 0 0 -1
    outer loop
      vertex 99.6188 37.719 -0.1
      vertex 107.112 32.639 -0.1
      vertex 99.6188 35.941 -0.1
    endloop
  endfacet
  facet normal -0 -0 -1
    outer loop
      vertex 79.0575 46.3423 -0.1
      vertex 78.8381 46.6443 -0.1
      vertex 79.6925 46.3423 -0.1
    endloop
  endfacet
  facet normal 0 0 -1
    outer loop
      vertex 99.6188 40.259 -0.1
      vertex 107.112 35.179 -0.1
      vertex 99.6188 38.481 -0.1
    endloop
  endfacet
  facet normal 0 0 -1
    outer loop
      vertex 83.82 31.115 -0.1
      vertex 133.388 20.48 -0.1
      vertex 83.82 29.845 -0.1
    endloop
  endfacet
  facet normal 0 0 -1
    outer loop
      vertex 96.9518 38.5318 -0.1
      vertex 98.0948 37.719 -0.1
      vertex 96.9518 37.2618 -0.1
    endloop
  endfacet
  facet normal 0 0 -1
    outer loop
      vertex 53.975 60.8076 -0.1
      vertex 61.468 56.896 -0.1
      vertex 52.705 60.8076 -0.1
    endloop
  endfacet
  facet normal 0 0 -1
    outer loop
      vertex 61.468 56.896 -0.1
      vertex 81.3781 46.6443 -0.1
      vertex 52.705 60.8076 -0.1
    endloop
  endfacet
  facet normal 0 0 -1
    outer loop
      vertex 80.9625 35.2425 -0.1
      vertex 80.3275 37.1475 -0.1
      vertex 80.9625 37.1475 -0.1
    endloop
  endfacet
  facet normal 0 0 -1
    outer loop
      vertex 99.6696 42.926 -0.1
      vertex 107.112 37.719 -0.1
      vertex 98.1456 42.926 -0.1
    endloop
  endfacet
  facet normal 0 0 -1
    outer loop
      vertex 40.767 66.929 -0.1
      vertex 42.545 65.405 -0.1
      vertex 40.767 65.405 -0.1
    endloop
  endfacet
  facet normal 0 0 -1
    outer loop
      vertex 61.468 56.896 -0.1
      vertex 82.2325 46.3423 -0.1
      vertex 81.3781 46.6443 -0.1
    endloop
  endfacet
  facet normal 0 0 -1
    outer loop
      vertex 69.85 62.8904 -0.1
      vertex 69.0372 64.1604 -0.1
      vertex 69.85 64.1604 -0.1
    endloop
  endfacet
  facet normal 0 0 -1
    outer loop
      vertex 83.5631 37.1475 -0.1
      vertex 69.977 41.783 -0.1
      vertex 83.5631 37.3341 -0.1
    endloop
  endfacet
  facet normal 0 0 -1
    outer loop
      vertex 111.15 42.9514 -0.1
      vertex 122.271 31.2866 -0.1
      vertex 109.88 42.9514 -0.1
    endloop
  endfacet
  facet normal 0 0 -1
    outer loop
      vertex 69.977 40.005 -0.1
      vertex 77.2131 37.3341 -0.1
      vertex 76.5175 37.465 -0.1
    endloop
  endfacet
  facet normal 0 0 -1
    outer loop
      vertex 81.3781 34.9405 -0.1
      vertex 80.3275 35.2425 -0.1
      vertex 81.0231 35.0559 -0.1
    endloop
  endfacet
  facet normal 0 0 -1
    outer loop
      vertex 81.5975 35.2425 -0.1
      vertex 87.1233 33.4353 -0.1
      vertex 81.3781 34.9405 -0.1
    endloop
  endfacet
  facet normal 0 0 -1
    outer loop
      vertex 66.1162 42.545 -0.1
      vertex 81.0231 37.3341 -0.1
      vertex 80.1081 37.4495 -0.1
    endloop
  endfacet
  facet normal 0 0 -1
    outer loop
      vertex 86.7245 31.3347 -0.1
      vertex 85.9244 33.4353 -0.1
      vertex 86.7245 33.4353 -0.1
    endloop
  endfacet
  facet normal 0 0 -1
    outer loop
      vertex 93.4466 33.4264 -0.1
      vertex 95.6818 32.1818 -0.1
      vertex 96.9518 31.3182 -0.1
    endloop
  endfacet
  facet normal -0 -0 -1
    outer loop
      vertex 87.1233 33.4353 -0.1
      vertex 82.6481 34.9405 -0.1
      vertex 87.9259 33.4353 -0.1
    endloop
  endfacet
  facet normal 0 0 -1
    outer loop
      vertex 77.5681 37.4495 -0.1
      vertex 78.4225 37.1475 -0.1
      vertex 77.7875 37.1475 -0.1
    endloop
  endfacet
  facet normal 0 0 -1
    outer loop
      vertex 87.9259 31.3347 -0.1
      vertex 87.1233 33.4353 -0.1
      vertex 87.9259 33.4353 -0.1
    endloop
  endfacet
  facet normal 0 0 -1
    outer loop
      vertex 41.2496 51.7652 -0.1
      vertex 43.3832 50.8762 -0.1
      vertex 40.3606 51.7652 -0.1
    endloop
  endfacet
  facet normal 0 0 -1
    outer loop
      vertex 41.2496 53.8988 -0.1
      vertex 43.4086 53.0352 -0.1
      vertex 40.3606 53.8988 -0.1
    endloop
  endfacet
  facet normal 0 0 -1
    outer loop
      vertex 82.8675 37.1475 -0.1
      vertex 83.5025 35.2425 -0.1
      vertex 83.5631 35.0559 -0.1
    endloop
  endfacet
  facet normal -0 -0 -1
    outer loop
      vertex 86.36 48.895 -0.1
      vertex 80.96 52.7863 -0.1
      vertex 87.63 48.895 -0.1
    endloop
  endfacet
  facet normal 0 0 -1
    outer loop
      vertex 85.4075 44.4373 -0.1
      vertex 86.0425 44.1198 -0.1
      vertex 96.9518 38.5318 -0.1
    endloop
  endfacet
  facet normal 0 0 -1
    outer loop
      vertex 43.3832 49.6062 -0.1
      vertex 42.5196 50.8762 -0.1
      vertex 43.3832 50.8762 -0.1
    endloop
  endfacet
  facet normal -0 -0 -1
    outer loop
      vertex 42.5196 50.8762 -0.1
      vertex 40.3606 51.7652 -0.1
      vertex 43.3832 50.8762 -0.1
    endloop
  endfacet
  facet normal -0 -0 -1
    outer loop
      vertex 80.9625 37.1475 -0.1
      vertex 80.1081 37.4495 -0.1
      vertex 81.0231 37.1475 -0.1
    endloop
  endfacet
  facet normal 0 0 -1
    outer loop
      vertex 84.1375 37.1475 -0.1
      vertex 84.8331 35.0559 -0.1
      vertex 84.1375 35.2425 -0.1
    endloop
  endfacet
  facet normal 0 0 -1
    outer loop
      vertex 52.705 65.024 -0.1
      vertex 51.8668 66.294 -0.1
      vertex 52.705 66.294 -0.1
    endloop
  endfacet
  facet normal 0 0 -1
    outer loop
      vertex 50.5968 62.8904 -0.1
      vertex 44.069 66.929 -0.1
      vertex 50.5968 64.1604 -0.1
    endloop
  endfacet
  facet normal 0 0 -1
    outer loop
      vertex 78.4831 44.2507 -0.1
      vertex 78.4225 44.4373 -0.1
      vertex 78.4831 44.4373 -0.1
    endloop
  endfacet
  facet normal 0 0 -1
    outer loop
      vertex 51.562 58.42 -0.1
      vertex 77.1525 46.3423 -0.1
      vertex 76.2981 46.6443 -0.1
    endloop
  endfacet
  facet normal 0 0 -1
    outer loop
      vertex 84.8331 44.2507 -0.1
      vertex 84.7725 44.4373 -0.1
      vertex 84.8331 44.4373 -0.1
    endloop
  endfacet
  facet normal 0 0 -1
    outer loop
      vertex 95.6818 39.5224 -0.1
      vertex 88.6431 44.2507 -0.1
      vertex 88.9981 44.1353 -0.1
    endloop
  endfacet
  facet normal 0 0 -1
    outer loop
      vertex 76.3524 31.9024 -0.1
      vertex 74.168 32.385 -0.1
      vertex 75.438 32.385 -0.1
    endloop
  endfacet
  facet normal 0 0 -1
    outer loop
      vertex 85.4075 37.1475 -0.1
      vertex 86.1031 35.0559 -0.1
      vertex 85.4075 35.2425 -0.1
    endloop
  endfacet
  facet normal 0 0 -1
    outer loop
      vertex 82.2325 35.2425 -0.1
      vertex 81.5975 37.1475 -0.1
      vertex 82.2325 37.1475 -0.1
    endloop
  endfacet
  facet normal 0 0 -1
    outer loop
      vertex 82.2931 46.3423 -0.1
      vertex 61.468 56.896 -0.1
      vertex 82.2931 46.5289 -0.1
    endloop
  endfacet
  facet normal 0 0 -1
    outer loop
      vertex 77.2131 46.5289 -0.1
      vertex 51.562 58.42 -0.1
      vertex 55.753 56.896 -0.1
    endloop
  endfacet
  facet normal 0 0 -1
    outer loop
      vertex 82.6481 34.9405 -0.1
      vertex 81.5975 35.2425 -0.1
      vertex 82.2931 35.0559 -0.1
    endloop
  endfacet
  facet normal 0 0 -1
    outer loop
      vertex 77.2131 37.1475 -0.1
      vertex 76.5175 37.465 -0.1
      vertex 77.2131 37.3341 -0.1
    endloop
  endfacet
  facet normal 0 0 -1
    outer loop
      vertex 82.8675 35.2425 -0.1
      vertex 88.3247 33.4353 -0.1
      vertex 82.6481 34.9405 -0.1
    endloop
  endfacet
  facet normal 0 0 -1
    outer loop
      vertex 79.0575 44.4373 -0.1
      vertex 98.0948 35.941 -0.1
      vertex 96.9518 36.3982 -0.1
    endloop
  endfacet
  facet normal 0 0 -1
    outer loop
      vertex 87.1233 33.4353 -0.1
      vertex 81.5975 35.2425 -0.1
      vertex 82.6481 34.9405 -0.1
    endloop
  endfacet
  facet normal 0 0 -1
    outer loop
      vertex 93.4466 33.4264 -0.1
      vertex 96.9518 31.3182 -0.1
      vertex 93.4466 32.1564 -0.1
    endloop
  endfacet
  facet normal 0 0 -1
    outer loop
      vertex 41.2496 49.6062 -0.1
      vertex 38.227 51.5112 -0.1
      vertex 41.2496 50.8762 -0.1
    endloop
  endfacet
  facet normal 0 0 -1
    outer loop
      vertex 69.977 43.307 -0.1
      vertex 86.1031 37.1475 -0.1
      vertex 85.1881 37.4495 -0.1
    endloop
  endfacet
  facet normal 0 0 -1
    outer loop
      vertex 41.2496 53.8988 -0.1
      vertex 40.3606 55.1688 -0.1
      vertex 41.2496 55.1688 -0.1
    endloop
  endfacet
  facet normal 0 0 -1
    outer loop
      vertex 59.4614 45.72 -0.1
      vertex 61.5442 44.3738 -0.1
      vertex 57.912 45.339 -0.1
    endloop
  endfacet
  facet normal 0 0 -1
    outer loop
      vertex 92.4531 35.0559 -0.1
      vertex 96.9518 33.4518 -0.1
      vertex 91.7575 35.2425 -0.1
    endloop
  endfacet
  facet normal 0 0 -1
    outer loop
      vertex 90.4875 37.1475 -0.1
      vertex 91.1225 35.2425 -0.1
      vertex 91.1831 35.0559 -0.1
    endloop
  endfacet
  facet normal 0 0 -1
    outer loop
      vertex 82.2325 44.4373 -0.1
      vertex 81.5975 46.3423 -0.1
      vertex 82.2325 46.3423 -0.1
    endloop
  endfacet
  facet normal 0 0 -1
    outer loop
      vertex 67.183 56.896 -0.1
      vertex 65.405 58.674 -0.1
      vertex 65.405 59.944 -0.1
    endloop
  endfacet
  facet normal 0 0 -1
    outer loop
      vertex 87.9475 34.925 -0.1
      vertex 92.1766 33.4264 -0.1
      vertex 87.3125 34.925 -0.1
    endloop
  endfacet
  facet normal 0 0 -1
    outer loop
      vertex 87.3731 44.2507 -0.1
      vertex 87.3125 44.4373 -0.1
      vertex 87.3731 44.4373 -0.1
    endloop
  endfacet
  facet normal 0 0 -1
    outer loop
      vertex 79.0575 46.3423 -0.1
      vertex 79.6925 44.4373 -0.1
      vertex 79.7531 44.2507 -0.1
    endloop
  endfacet
  facet normal 0 0 -1
    outer loop
      vertex 67.183 60.198 -0.1
      vertex 79.06 52.7863 -0.1
      vertex 65.405 60.8076 -0.1
    endloop
  endfacet
  facet normal 0 0 -1
    outer loop
      vertex 98.0948 35.941 -0.1
      vertex 80.1081 44.1353 -0.1
      vertex 95.6818 37.2618 -0.1
    endloop
  endfacet
  facet normal 0 -0 -1
    outer loop
      vertex 79.7531 46.5289 -0.1
      vertex 57.277 58.42 -0.1
      vertex 80.1081 46.6443 -0.1
    endloop
  endfacet
  facet normal 0 0 -1
    outer loop
      vertex 80.3275 46.3423 -0.1
      vertex 80.9625 44.4373 -0.1
      vertex 81.0231 44.2507 -0.1
    endloop
  endfacet
  facet normal 0 0 -1
    outer loop
      vertex 50.038 60.198 -0.1
      vertex 52.705 58.674 -0.1
      vertex 55.753 56.896 -0.1
    endloop
  endfacet
  facet normal 0 0 -1
    outer loop
      vertex 52.705 60.8076 -0.1
      vertex 57.277 58.42 -0.1
      vertex 53.975 59.944 -0.1
    endloop
  endfacet
  facet normal 0 0 -1
    outer loop
      vertex 84.1375 46.3423 -0.1
      vertex 84.7725 44.4373 -0.1
      vertex 84.8331 44.2507 -0.1
    endloop
  endfacet
  facet normal 0 0 -1
    outer loop
      vertex 108.636 35.941 -0.1
      vertex 108.636 35.179 -0.1
      vertex 107.112 35.941 -0.1
    endloop
  endfacet
  facet normal 0 0 -1
    outer loop
      vertex 115.138 46.863 -0.1
      vertex 115.382 44.7802 -0.1
      vertex 115.138 44.577 -0.1
    endloop
  endfacet
  facet normal 0 0 -1
    outer loop
      vertex 99.6696 44.704 -0.1
      vertex 107.112 38.481 -0.1
      vertex 99.6696 42.926 -0.1
    endloop
  endfacet
  facet normal -0 -0 -1
    outer loop
      vertex 82.2325 46.3423 -0.1
      vertex 61.468 56.896 -0.1
      vertex 82.2931 46.3423 -0.1
    endloop
  endfacet
  facet normal 0 0 -1
    outer loop
      vertex 96.9518 31.3182 -0.1
      vertex 98.0948 30.861 -0.1
      vertex 96.9518 30.0482 -0.1
    endloop
  endfacet
  facet normal 0 0 -1
    outer loop
      vertex 67.3354 39.0144 -0.1
      vertex 74.168 32.385 -0.1
      vertex 67.3354 33.1724 -0.1
    endloop
  endfacet
  facet normal 0 0 -1
    outer loop
      vertex 75.438 33.655 -0.1
      vertex 77.8764 31.9024 -0.1
      vertex 75.438 32.385 -0.1
    endloop
  endfacet
  facet normal 0 0 -8.78145e-008
    outer loop
      vertex 79.6544 30.3784 -0.1
      vertex 82.55 29.845 -0.1
      vertex 133.388 20.48 -0.1
    endloop
  endfacet
  facet normal 0 0 -1
    outer loop
      vertex 75.438 33.655 -0.1
      vertex 81.1784 31.9024 -0.1
      vertex 79.6544 31.9024 -0.1
    endloop
  endfacet
  facet normal 0 0 -1
    outer loop
      vertex 79.6925 35.2425 -0.1
      vertex 79.0575 37.1475 -0.1
      vertex 79.6925 37.1475 -0.1
    endloop
  endfacet
  facet normal 0 0 -1
    outer loop
      vertex 76.5175 37.465 -0.1
      vertex 77.1525 35.2425 -0.1
      vertex 76.5175 34.925 -0.1
    endloop
  endfacet
  facet normal 0 0 -1
    outer loop
      vertex 88.6431 35.0559 -0.1
      vertex 88.5825 35.2425 -0.1
      vertex 88.6431 35.2425 -0.1
    endloop
  endfacet
  facet normal 0 0 -1
    outer loop
      vertex 86.1031 35.0559 -0.1
      vertex 86.0425 35.2425 -0.1
      vertex 86.1031 35.2425 -0.1
    endloop
  endfacet
  facet normal 0 0 -1
    outer loop
      vertex 87.1233 33.4353 -0.1
      vertex 87.9259 31.3347 -0.1
      vertex 87.1233 31.3347 -0.1
    endloop
  endfacet
  facet normal 0 0 -1
    outer loop
      vertex 79.0575 37.1475 -0.1
      vertex 79.6925 35.2425 -0.1
      vertex 79.7531 35.0559 -0.1
    endloop
  endfacet
  facet normal 0 0 -1
    outer loop
      vertex 61.7474 33.1724 -0.1
      vertex 25.4508 44.8818 -0.1
      vertex 35.1282 44.1706 -0.1
    endloop
  endfacet
  facet normal -0 -0 -1
    outer loop
      vertex 60.325 40.4114 -0.1
      vertex 59.055 41.275 -0.1
      vertex 67.3354 39.0144 -0.1
    endloop
  endfacet
  facet normal 0 0 -1
    outer loop
      vertex 75.8825 44.4373 -0.1
      vertex 50.038 56.896 -0.1
      vertex 51.562 56.896 -0.1
    endloop
  endfacet
  facet normal 0 0 -1
    outer loop
      vertex 75.8825 44.4373 -0.1
      vertex 51.562 56.896 -0.1
      vertex 51.562 58.42 -0.1
    endloop
  endfacet
  facet normal 0 0 -1
    outer loop
      vertex 95.6818 30.0482 -0.1
      vertex 92.1766 32.1564 -0.1
      vertex 95.6818 31.3182 -0.1
    endloop
  endfacet
  facet normal 0 0 -1
    outer loop
      vertex 80.3275 44.4373 -0.1
      vertex 95.6818 37.2618 -0.1
      vertex 80.1081 44.1353 -0.1
    endloop
  endfacet
  facet normal 0 0 -1
    outer loop
      vertex 91.1831 35.0559 -0.1
      vertex 91.1225 35.2425 -0.1
      vertex 91.1831 35.2425 -0.1
    endloop
  endfacet
  facet normal 0 0 -1
    outer loop
      vertex 82.8675 35.2425 -0.1
      vertex 83.5631 35.0559 -0.1
      vertex 83.9181 34.9405 -0.1
    endloop
  endfacet
  facet normal 0 0 -1
    outer loop
      vertex 108.636 35.179 -0.1
      vertex 133.388 20.48 -0.1
      vertex 108.636 33.401 -0.1
    endloop
  endfacet
  facet normal 0 0 -1
    outer loop
      vertex 88.3247 33.4353 -0.1
      vertex 82.8675 35.2425 -0.1
      vertex 83.9181 34.9405 -0.1
    endloop
  endfacet
  facet normal 0 0 -1
    outer loop
      vertex 99.6188 32.639 -0.1
      vertex 133.388 20.48 -0.1
      vertex 99.6188 30.861 -0.1
    endloop
  endfacet
  facet normal -0 -0 -1
    outer loop
      vertex 89.2175 46.3423 -0.1
      vertex 88.9981 46.6443 -0.1
      vertex 89.8525 46.3423 -0.1
    endloop
  endfacet
  facet normal -0 -0 -1
    outer loop
      vertex 43.4086 55.1688 -0.1
      vertex 36.449 58.0898 -0.1
      vertex 44.6786 55.1688 -0.1
    endloop
  endfacet
  facet normal -0 -0 -1
    outer loop
      vertex 82.6481 46.6443 -0.1
      vertex 62.992 56.896 -0.1
      vertex 83.5025 46.3423 -0.1
    endloop
  endfacet
  facet normal 0 -0 -1
    outer loop
      vertex 85.4075 46.3423 -0.1
      vertex 85.1881 46.6443 -0.1
      vertex 86.0425 46.6598 -0.1
    endloop
  endfacet
  facet normal 0 0 -1
    outer loop
      vertex 90.4875 37.1475 -0.1
      vertex 91.1831 35.0559 -0.1
      vertex 90.4875 35.2425 -0.1
    endloop
  endfacet
  facet normal 0 0 -1
    outer loop
      vertex 56.388 45.339 -0.1
      vertex 43.3832 49.6062 -0.1
      vertex 44.6532 49.6062 -0.1
    endloop
  endfacet
  facet normal 0 -0 -1
    outer loop
      vertex 88.6431 37.3341 -0.1
      vertex 44.6786 55.1688 -0.1
      vertex 88.9981 37.4495 -0.1
    endloop
  endfacet
  facet normal 0 0 -1
    outer loop
      vertex 82.55 29.845 -0.1
      vertex 81.1784 30.3784 -0.1
      vertex 82.55 31.115 -0.1
    endloop
  endfacet
  facet normal 0 0 -1
    outer loop
      vertex 57.277 58.42 -0.1
      vertex 78.8381 46.6443 -0.1
      vertex 57.277 56.896 -0.1
    endloop
  endfacet
  facet normal 0 0 -1
    outer loop
      vertex 87.63 48.895 -0.1
      vertex 88.4936 47.625 -0.1
      vertex 87.63 47.625 -0.1
    endloop
  endfacet
  facet normal -0 -0 -1
    outer loop
      vertex 56.3118 64.1604 -0.1
      vertex 53.975 66.294 -0.1
      vertex 57.5818 64.1604 -0.1
    endloop
  endfacet
  facet normal 0 0 -1
    outer loop
      vertex 88.4936 47.625 -0.1
      vertex 87.63 48.895 -0.1
      vertex 88.4936 48.895 -0.1
    endloop
  endfacet
  facet normal 0 0 -1
    outer loop
      vertex 95.6818 37.2618 -0.1
      vertex 80.3275 44.4373 -0.1
      vertex 81.0231 44.2507 -0.1
    endloop
  endfacet
  facet normal 0 0 -1
    outer loop
      vertex 57.277 61.722 -0.1
      vertex 58.42 60.8076 -0.1
      vertex 58.42 59.944 -0.1
    endloop
  endfacet
  facet normal 0 0 -1
    outer loop
      vertex 58.42 58.674 -0.1
      vertex 55.753 60.198 -0.1
      vertex 57.277 60.198 -0.1
    endloop
  endfacet
  facet normal 0 0 -1
    outer loop
      vertex 58.42 58.674 -0.1
      vertex 57.277 60.198 -0.1
      vertex 58.42 59.944 -0.1
    endloop
  endfacet
  facet normal 0 0 -1
    outer loop
      vertex 57.277 61.722 -0.1
      vertex 58.42 59.944 -0.1
      vertex 57.277 60.198 -0.1
    endloop
  endfacet
  facet normal 0 0 -1
    outer loop
      vertex 98.0948 38.481 -0.1
      vertex 96.9518 39.5224 -0.1
      vertex 96.9518 40.7924 -0.1
    endloop
  endfacet
  facet normal 0 0 -1
    outer loop
      vertex 57.277 61.722 -0.1
      vertex 53.975 64.1604 -0.1
      vertex 56.3118 62.8904 -0.1
    endloop
  endfacet
  facet normal 0 0 -1
    outer loop
      vertex 61.468 56.896 -0.1
      vertex 58.42 58.674 -0.1
      vertex 59.69 58.674 -0.1
    endloop
  endfacet
  facet normal 0 0 -1
    outer loop
      vertex 77.2131 35.0559 -0.1
      vertex 77.1525 35.2425 -0.1
      vertex 77.2131 35.2425 -0.1
    endloop
  endfacet
  facet normal 0 0 -1
    outer loop
      vertex 83.82 57.785 -0.1
      vertex 80.96 58.3844 -0.1
      vertex 83.82 59.055 -0.1
    endloop
  endfacet
  facet normal 0 0 -1
    outer loop
      vertex 92.1766 32.1564 -0.1
      vertex 84.1375 35.2425 -0.1
      vertex 85.1881 34.9405 -0.1
    endloop
  endfacet
  facet normal 0 0 -1
    outer loop
      vertex 84.963 56.388 -0.1
      vertex 80.96 58.3844 -0.1
      vertex 83.82 57.785 -0.1
    endloop
  endfacet
  facet normal 0 0 -1
    outer loop
      vertex 86.487 56.388 -0.1
      vertex 83.82 57.785 -0.1
      vertex 85.09 57.785 -0.1
    endloop
  endfacet
  facet normal 0 0 -1
    outer loop
      vertex 85.4964 60.325 -0.1
      vertex 80.96 58.3844 -0.1
      vertex 84.2264 60.325 -0.1
    endloop
  endfacet
  facet normal -0 0 -1
    outer loop
      vertex 87.63 61.595 -0.1
      vertex 94.0384 64.6938 -0.1
      vertex 88.6714 61.595 -0.1
    endloop
  endfacet
  facet normal 0 -0 -1
    outer loop
      vertex 80.96 58.3844 -0.1
      vertex 80.96 60.4063 -0.1
      vertex 84.2264 61.595 -0.1
    endloop
  endfacet
  facet normal 0 0 -1
    outer loop
      vertex 94.0384 65.9943 -0.1
      vertex 84.2264 61.595 -0.1
      vertex 94.0384 66.5937 -0.1
    endloop
  endfacet
  facet normal 0 0 -1
    outer loop
      vertex 80.96 58.3844 -0.1
      vertex 84.2264 61.595 -0.1
      vertex 84.2264 60.325 -0.1
    endloop
  endfacet
  facet normal 0 0 -1
    outer loop
      vertex 98.0948 35.941 -0.1
      vertex 79.7531 44.2507 -0.1
      vertex 80.1081 44.1353 -0.1
    endloop
  endfacet
  facet normal 0 -0 -1
    outer loop
      vertex 83.82 59.055 -0.1
      vertex 80.96 58.3844 -0.1
      vertex 85.4964 60.325 -0.1
    endloop
  endfacet
  facet normal 0 -0 -1
    outer loop
      vertex 86.4581 37.4495 -0.1
      vertex 67.5386 44.3738 -0.1
      vertex 87.3125 37.465 -0.1
    endloop
  endfacet
  facet normal 0 0 -1
    outer loop
      vertex 94.0384 65.6438 -0.1
      vertex 86.36 61.595 -0.1
      vertex 94.0384 65.9943 -0.1
    endloop
  endfacet
  facet normal 0 0 -1
    outer loop
      vertex 91.313 54.864 -0.1
      vertex 89.662 56.388 -0.1
      vertex 89.535 57.785 -0.1
    endloop
  endfacet
  facet normal -0 -0 -1
    outer loop
      vertex 95.6818 36.3982 -0.1
      vertex 79.0575 44.4373 -0.1
      vertex 96.9518 36.3982 -0.1
    endloop
  endfacet
  facet normal 0 0 -1
    outer loop
      vertex 69.977 41.783 -0.1
      vertex 83.5631 37.1475 -0.1
      vertex 82.6481 37.4495 -0.1
    endloop
  endfacet
  facet normal 0 0 -1
    outer loop
      vertex 95.6818 41.656 -0.1
      vertex 91.1831 44.2507 -0.1
      vertex 91.5381 44.1353 -0.1
    endloop
  endfacet
  facet normal 0 0 -1
    outer loop
      vertex 107.112 33.401 -0.1
      vertex 99.6188 37.719 -0.1
      vertex 99.6188 38.481 -0.1
    endloop
  endfacet
  facet normal 0 0 -1
    outer loop
      vertex 108.636 40.259 -0.1
      vertex 110.439 38.1 -0.1
      vertex 108.636 38.481 -0.1
    endloop
  endfacet
  facet normal 0 0 -1
    outer loop
      vertex 95.6818 40.7924 -0.1
      vertex 89.9131 44.2507 -0.1
      vertex 90.2681 44.1353 -0.1
    endloop
  endfacet
  facet normal 0 0 -1
    outer loop
      vertex 89.7636 48.895 -0.1
      vertex 91.5381 46.6443 -0.1
      vertex 89.7636 47.625 -0.1
    endloop
  endfacet
  facet normal 0 0 -1
    outer loop
      vertex 110.439 36.83 -0.1
      vertex 133.388 20.48 -0.1
      vertex 108.636 37.719 -0.1
    endloop
  endfacet
  facet normal 0 0 -1
    outer loop
      vertex 92.3925 35.2425 -0.1
      vertex 91.7575 37.1475 -0.1
      vertex 92.3925 37.1475 -0.1
    endloop
  endfacet
  facet normal -0 -0 -1
    outer loop
      vertex 84.1375 46.3423 -0.1
      vertex 83.9181 46.6443 -0.1
      vertex 84.7725 46.3423 -0.1
    endloop
  endfacet
  facet normal 0 0 -1
    outer loop
      vertex 86.487 51.562 -0.1
      vertex 95.6818 45.1358 -0.1
      vertex 89.7636 48.895 -0.1
    endloop
  endfacet
  facet normal 0 0 -1
    outer loop
      vertex 87.3125 34.925 -0.1
      vertex 86.6775 35.2425 -0.1
      vertex 86.6775 37.1475 -0.1
    endloop
  endfacet
  facet normal 0 0 -1
    outer loop
      vertex 56.388 45.339 -0.1
      vertex 44.6532 49.6062 -0.1
      vertex 44.6532 50.8762 -0.1
    endloop
  endfacet
  facet normal -0 -0 -1
    outer loop
      vertex 84.1375 37.1475 -0.1
      vertex 83.9181 37.4495 -0.1
      vertex 84.7725 37.1475 -0.1
    endloop
  endfacet
  facet normal 0 0 -1
    outer loop
      vertex 53.975 62.0776 -0.1
      vertex 52.705 62.8904 -0.1
      vertex 53.975 62.8904 -0.1
    endloop
  endfacet
  facet normal 0 0 -1
    outer loop
      vertex 96.9518 30.0482 -0.1
      vertex 133.388 20.48 -0.1
      vertex 95.6818 30.0482 -0.1
    endloop
  endfacet
  facet normal 0 0 -1
    outer loop
      vertex 78.4831 37.1475 -0.1
      vertex 69.977 40.005 -0.1
      vertex 78.4831 37.3341 -0.1
    endloop
  endfacet
  facet normal 0 0 -1
    outer loop
      vertex 42.0878 35.941 -0.1
      vertex 74.168 30.2514 -0.1
      vertex 42.0878 34.671 -0.1
    endloop
  endfacet
  facet normal 0 0 -1
    outer loop
      vertex 95.6818 45.1358 -0.1
      vertex 88.138 51.562 -0.1
      vertex 95.6818 45.9994 -0.1
    endloop
  endfacet
  facet normal 0 0 -1
    outer loop
      vertex 91.7575 46.3423 -0.1
      vertex 92.3925 44.4373 -0.1
      vertex 92.4531 44.2507 -0.1
    endloop
  endfacet
  facet normal 0 0 -1
    outer loop
      vertex 96.9518 33.4518 -0.1
      vertex 98.0948 32.639 -0.1
      vertex 96.9518 32.1818 -0.1
    endloop
  endfacet
  facet normal 0 0 -1
    outer loop
      vertex 93.0275 46.3423 -0.1
      vertex 95.6818 43.8658 -0.1
      vertex 95.6818 42.926 -0.1
    endloop
  endfacet
  facet normal 0 -0 -1
    outer loop
      vertex 84.8331 46.5289 -0.1
      vertex 73.98 52.7863 -0.1
      vertex 85.1881 46.6443 -0.1
    endloop
  endfacet
  facet normal -0 -0 -1
    outer loop
      vertex 84.963 53.086 -0.1
      vertex 80.96 57.1856 -0.1
      vertex 86.487 53.086 -0.1
    endloop
  endfacet
  facet normal 0 0 -1
    outer loop
      vertex 86.6775 46.6598 -0.1
      vertex 87.3125 44.4373 -0.1
      vertex 86.6775 44.1198 -0.1
    endloop
  endfacet
  facet normal 0 0 -1
    outer loop
      vertex 90.3986 57.785 -0.1
      vertex 89.535 59.055 -0.1
      vertex 90.3986 59.055 -0.1
    endloop
  endfacet
  facet normal 0 0 -1
    outer loop
      vertex 59.69 60.8076 -0.1
      vertex 62.992 58.42 -0.1
      vertex 58.42 60.8076 -0.1
    endloop
  endfacet
  facet normal 0 0 -1
    outer loop
      vertex 73.98 52.7863 -0.1
      vertex 68.707 56.896 -0.1
      vertex 73.98 53.9852 -0.1
    endloop
  endfacet
  facet normal 0 0 -1
    outer loop
      vertex 55.753 60.198 -0.1
      vertex 53.975 62.0776 -0.1
      vertex 53.975 62.8904 -0.1
    endloop
  endfacet
  facet normal 0 0 -1
    outer loop
      vertex 90.4875 46.3423 -0.1
      vertex 91.1225 44.4373 -0.1
      vertex 91.1831 44.2507 -0.1
    endloop
  endfacet
  facet normal 0 0 -1
    outer loop
      vertex 90.4875 46.3423 -0.1
      vertex 91.1831 44.2507 -0.1
      vertex 90.4875 44.4373 -0.1
    endloop
  endfacet
  facet normal 0 0 -1
    outer loop
      vertex 84.963 51.562 -0.1
      vertex 75.88 58.3844 -0.1
      vertex 71.12 62.0776 -0.1
    endloop
  endfacet
  facet normal -0 -0 -1
    outer loop
      vertex 91.313 53.086 -0.1
      vertex 89.662 54.864 -0.1
      vertex 92.837 53.086 -0.1
    endloop
  endfacet
  facet normal 0 0 -1
    outer loop
      vertex 89.7636 47.625 -0.1
      vertex 90.2681 46.6443 -0.1
      vertex 88.4936 47.625 -0.1
    endloop
  endfacet
  facet normal -0 0 -1
    outer loop
      vertex 69.85 66.294 -0.1
      vertex 133.388 86.454 -0.1
      vertex 71.12 66.294 -0.1
    endloop
  endfacet
  facet normal 0 0 -1
    outer loop
      vertex 96.012 56.388 -0.1
      vertex 107.163 45.466 -0.1
      vertex 99.6696 52.324 -0.1
    endloop
  endfacet
  facet normal 0 0 -1
    outer loop
      vertex 84.963 54.864 -0.1
      vertex 80.96 58.3844 -0.1
      vertex 84.963 56.388 -0.1
    endloop
  endfacet
  facet normal 0 0 -1
    outer loop
      vertex 87.5487 64.6938 -0.1
      vertex 80.96 61.6052 -0.1
      vertex 86.0476 64.0944 -0.1
    endloop
  endfacet
  facet normal 0 0 -1
    outer loop
      vertex 117.602 39.243 -0.1
      vertex 133.388 20.48 -0.1
      vertex 116.078 39.243 -0.1
    endloop
  endfacet
  facet normal 0 -0 -1
    outer loop
      vertex 79.06 61.6052 -0.1
      vertex 75.88 61.6052 -0.1
      vertex 85.1484 64.6938 -0.1
    endloop
  endfacet
  facet normal -0 -0 -1
    outer loop
      vertex 87.9259 33.4353 -0.1
      vertex 82.6481 34.9405 -0.1
      vertex 88.3247 33.4353 -0.1
    endloop
  endfacet
  facet normal 0 -0 -1
    outer loop
      vertex 80.96 61.6052 -0.1
      vertex 79.06 61.6052 -0.1
      vertex 85.1484 64.0944 -0.1
    endloop
  endfacet
  facet normal -0 -0 -1
    outer loop
      vertex 88.138 53.086 -0.1
      vertex 86.487 54.864 -0.1
      vertex 89.662 53.086 -0.1
    endloop
  endfacet
  facet normal 0 0 -1
    outer loop
      vertex 80.96 61.6052 -0.1
      vertex 85.1484 64.0944 -0.1
      vertex 86.0476 64.0944 -0.1
    endloop
  endfacet
  facet normal 0 0 -1
    outer loop
      vertex 107.112 38.481 -0.1
      vertex 99.6696 44.704 -0.1
      vertex 99.6696 45.466 -0.1
    endloop
  endfacet
  facet normal -0 0 -1
    outer loop
      vertex 87.5487 66.5937 -0.1
      vertex 133.388 86.454 -0.1
      vertex 88.4479 66.5937 -0.1
    endloop
  endfacet
  facet normal 0 0 -1
    outer loop
      vertex 88.4479 65.9943 -0.1
      vertex 87.5487 65.6438 -0.1
      vertex 87.5487 65.9943 -0.1
    endloop
  endfacet
  facet normal 0 0 -1
    outer loop
      vertex 75.88 61.6052 -0.1
      vertex 80.96 64.8056 -0.1
      vertex 85.1484 65.6438 -0.1
    endloop
  endfacet
  facet normal 0 0 -1
    outer loop
      vertex 85.1484 65.0443 -0.1
      vertex 75.88 61.6052 -0.1
      vertex 85.1484 65.6438 -0.1
    endloop
  endfacet
  facet normal 0 0 -1
    outer loop
      vertex 85.1484 64.6938 -0.1
      vertex 75.88 61.6052 -0.1
      vertex 85.1484 65.0443 -0.1
    endloop
  endfacet
  facet normal 0 0 -1
    outer loop
      vertex 85.9536 57.785 -0.1
      vertex 85.09 59.055 -0.1
      vertex 85.9536 59.055 -0.1
    endloop
  endfacet
  facet normal 0 0 -1
    outer loop
      vertex 85.1484 64.0944 -0.1
      vertex 79.06 61.6052 -0.1
      vertex 85.1484 64.6938 -0.1
    endloop
  endfacet
  facet normal 0 0 -1
    outer loop
      vertex 86.0476 65.0443 -0.1
      vertex 85.1484 64.6938 -0.1
      vertex 85.1484 65.0443 -0.1
    endloop
  endfacet
  facet normal 0 0 -1
    outer loop
      vertex 85.1484 65.9943 -0.1
      vertex 80.96 64.8056 -0.1
      vertex 85.1484 66.5937 -0.1
    endloop
  endfacet
  facet normal 0 0 -1
    outer loop
      vertex 85.1484 65.6438 -0.1
      vertex 80.96 64.8056 -0.1
      vertex 85.1484 65.9943 -0.1
    endloop
  endfacet
  facet normal 0 0 -1
    outer loop
      vertex 85.5256 31.3347 -0.1
      vertex 83.82 33.2486 -0.1
      vertex 85.5256 33.4353 -0.1
    endloop
  endfacet
  facet normal 0 -0 -1
    outer loop
      vertex 87.5487 66.5937 -0.1
      vertex 86.0476 65.9943 -0.1
      vertex 133.388 86.454 -0.1
    endloop
  endfacet
  facet normal 0 0 -1
    outer loop
      vertex 86.0476 65.9943 -0.1
      vertex 85.1484 65.6438 -0.1
      vertex 85.1484 65.9943 -0.1
    endloop
  endfacet
  facet normal -0 -0 -1
    outer loop
      vertex 85.5256 33.4353 -0.1
      vertex 80.1081 34.9405 -0.1
      vertex 85.9244 33.4353 -0.1
    endloop
  endfacet
  facet normal 0 0 -1
    outer loop
      vertex 95.6818 40.7924 -0.1
      vertex 89.2175 44.4373 -0.1
      vertex 89.9131 44.2507 -0.1
    endloop
  endfacet
  facet normal 0 0 -1
    outer loop
      vertex 82.55 31.9786 -0.1
      vertex 85.5256 31.3347 -0.1
      vertex 133.388 20.48 -0.1
    endloop
  endfacet
  facet normal 0 0 -1
    outer loop
      vertex 88.3247 33.4353 -0.1
      vertex 93.4466 31.2928 -0.1
      vertex 92.1766 31.2928 -0.1
    endloop
  endfacet
  facet normal 0 0 -1
    outer loop
      vertex 88.3247 33.4353 -0.1
      vertex 92.1766 31.2928 -0.1
      vertex 88.3247 31.3347 -0.1
    endloop
  endfacet
  facet normal 0 0 -1
    outer loop
      vertex 94.9376 65.9943 -0.1
      vertex 133.388 86.454 -0.1
      vertex 96.4387 66.5937 -0.1
    endloop
  endfacet
  facet normal 0 0 -1
    outer loop
      vertex 87.2236 57.785 -0.1
      vertex 88.138 56.388 -0.1
      vertex 85.9536 57.785 -0.1
    endloop
  endfacet
  facet normal 0 0 -1
    outer loop
      vertex 87.2236 59.055 -0.1
      vertex 88.265 57.785 -0.1
      vertex 87.2236 57.785 -0.1
    endloop
  endfacet
  facet normal -0 -0 -1
    outer loop
      vertex 86.0425 37.1475 -0.1
      vertex 85.1881 37.4495 -0.1
      vertex 86.1031 37.1475 -0.1
    endloop
  endfacet
  facet normal 0 0 -1
    outer loop
      vertex 96.4387 64.0944 -0.1
      vertex 92.075 61.595 -0.1
      vertex 90.805 61.595 -0.1
    endloop
  endfacet
  facet normal -0 -0 -1
    outer loop
      vertex 86.0425 46.6598 -0.1
      vertex 75.88 52.7863 -0.1
      vertex 86.6775 46.6598 -0.1
    endloop
  endfacet
  facet normal 0 0 -1
    outer loop
      vertex 78.4225 44.4373 -0.1
      vertex 77.7875 46.3423 -0.1
      vertex 78.4225 46.3423 -0.1
    endloop
  endfacet
  facet normal 0 0 -1
    outer loop
      vertex 92.837 53.086 -0.1
      vertex 94.488 51.562 -0.1
      vertex 98.1456 48.006 -0.1
    endloop
  endfacet
  facet normal 0 0 -1
    outer loop
      vertex 36.449 59.8678 -0.1
      vertex 36.449 58.0898 -0.1
      vertex 34.925 59.8678 -0.1
    endloop
  endfacet
  facet normal 0 0 -1
    outer loop
      vertex 61.7474 33.1724 -0.1
      vertex 35.1282 44.1706 -0.1
      vertex 36.3982 44.1706 -0.1
    endloop
  endfacet
  facet normal 0 0 -1
    outer loop
      vertex 99.6696 48.006 -0.1
      vertex 110.439 38.9636 -0.1
      vertex 108.636 40.259 -0.1
    endloop
  endfacet
  facet normal 0 0 -1
    outer loop
      vertex 96.9518 42.926 -0.1
      vertex 107.112 35.941 -0.1
      vertex 99.6188 40.259 -0.1
    endloop
  endfacet
  facet normal 0 0 -1
    outer loop
      vertex 88.4936 47.625 -0.1
      vertex 89.9131 46.5289 -0.1
      vertex 89.9131 46.3423 -0.1
    endloop
  endfacet
  facet normal 0 0 -1
    outer loop
      vertex 43.4086 53.8988 -0.1
      vertex 61.595 46.99 -0.1
      vertex 42.5196 53.8988 -0.1
    endloop
  endfacet
  facet normal 0 -0 -1
    outer loop
      vertex 92.4531 37.3341 -0.1
      vertex 76.5175 44.4373 -0.1
      vertex 92.8081 37.4495 -0.1
    endloop
  endfacet
  facet normal -0 -0 -1
    outer loop
      vertex 85.4075 37.1475 -0.1
      vertex 85.1881 37.4495 -0.1
      vertex 86.0425 37.1475 -0.1
    endloop
  endfacet
  facet normal 0 0 -1
    outer loop
      vertex 65.405 62.0776 -0.1
      vertex 67.183 60.198 -0.1
      vertex 65.405 60.8076 -0.1
    endloop
  endfacet
  facet normal -0 -0 -1
    outer loop
      vertex 92.8081 46.6443 -0.1
      vertex 89.7636 48.895 -0.1
      vertex 95.6818 45.1358 -0.1
    endloop
  endfacet
  facet normal 0 0 -1
    outer loop
      vertex 83.82 31.9786 -0.1
      vertex 85.5256 31.3347 -0.1
      vertex 82.55 31.9786 -0.1
    endloop
  endfacet
  facet normal 0 0 -1
    outer loop
      vertex 75.88 53.9852 -0.1
      vertex 87.3731 46.5289 -0.1
      vertex 87.3731 46.3423 -0.1
    endloop
  endfacet
  facet normal 0 0 -1
    outer loop
      vertex 69.977 40.005 -0.1
      vertex 75.8825 37.465 -0.1
      vertex 69.977 38.481 -0.1
    endloop
  endfacet
  facet normal 0 0 -1
    outer loop
      vertex 86.487 54.864 -0.1
      vertex 88.138 53.086 -0.1
      vertex 84.963 54.864 -0.1
    endloop
  endfacet
  facet normal 0 0 -1
    outer loop
      vertex 95.6818 39.5224 -0.1
      vertex 87.9475 44.4373 -0.1
      vertex 88.6431 44.2507 -0.1
    endloop
  endfacet
  facet normal -0 -0 -1
    outer loop
      vertex 87.9475 37.465 -0.1
      vertex 62.865 46.99 -0.1
      vertex 88.6431 37.3341 -0.1
    endloop
  endfacet
  facet normal 0 0 -1
    outer loop
      vertex 79.06 52.7863 -0.1
      vertex 73.98 57.1856 -0.1
      vertex 79.06 53.9852 -0.1
    endloop
  endfacet
  facet normal 0 0 -1
    outer loop
      vertex 86.487 53.086 -0.1
      vertex 88.138 51.562 -0.1
      vertex 86.487 51.562 -0.1
    endloop
  endfacet
  facet normal -0 -0 -1
    outer loop
      vertex 84.7725 37.1475 -0.1
      vertex 83.9181 37.4495 -0.1
      vertex 84.8331 37.1475 -0.1
    endloop
  endfacet
  facet normal 0 -0 -1
    outer loop
      vertex 85.09 59.055 -0.1
      vertex 83.82 59.055 -0.1
      vertex 86.36 60.325 -0.1
    endloop
  endfacet
  facet normal 0 -0 -1
    outer loop
      vertex 85.9536 59.055 -0.1
      vertex 85.09 59.055 -0.1
      vertex 87.63 60.325 -0.1
    endloop
  endfacet
  facet normal -0 0 -1
    outer loop
      vertex 96.4387 66.5937 -0.1
      vertex 133.388 86.454 -0.1
      vertex 97.3379 66.5937 -0.1
    endloop
  endfacet
  facet normal -0 0 -1
    outer loop
      vertex 94.9376 66.5937 -0.1
      vertex 133.388 86.454 -0.1
      vertex 94.9376 65.9943 -0.1
    endloop
  endfacet
  facet normal 0 0 -1
    outer loop
      vertex 94.0384 64.6938 -0.1
      vertex 87.63 61.595 -0.1
      vertex 94.0384 65.0443 -0.1
    endloop
  endfacet
  facet normal 0 0 -1
    outer loop
      vertex 95.6818 30.0482 -0.1
      vertex 93.4466 31.2928 -0.1
      vertex 92.1766 32.1564 -0.1
    endloop
  endfacet
  facet normal 0 0 -1
    outer loop
      vertex 95.6818 33.4518 -0.1
      vertex 91.1831 35.0559 -0.1
      vertex 91.5381 34.9405 -0.1
    endloop
  endfacet
  facet normal 0 0 -1
    outer loop
      vertex 98.0948 30.861 -0.1
      vertex 133.388 20.48 -0.1
      vertex 96.9518 30.0482 -0.1
    endloop
  endfacet
  facet normal -0 -0 -1
    outer loop
      vertex 95.6818 40.7924 -0.1
      vertex 90.2681 44.1353 -0.1
      vertex 96.9518 40.7924 -0.1
    endloop
  endfacet
  facet normal 0 0 -1
    outer loop
      vertex 39.0906 53.8988 -0.1
      vertex 37.5412 55.0926 -0.1
      vertex 37.5412 55.753 -0.1
    endloop
  endfacet
  facet normal 0 0 -1
    outer loop
      vertex 39.0906 53.8988 -0.1
      vertex 36.957 55.0926 -0.1
      vertex 37.5412 55.0926 -0.1
    endloop
  endfacet
  facet normal 0 0 -1
    outer loop
      vertex 80.1081 37.4495 -0.1
      vertex 80.9625 37.1475 -0.1
      vertex 80.3275 37.1475 -0.1
    endloop
  endfacet
  facet normal 0 0 -1
    outer loop
      vertex 81.0231 35.0559 -0.1
      vertex 80.9625 35.2425 -0.1
      vertex 81.0231 35.2425 -0.1
    endloop
  endfacet
  facet normal 0 0 -1
    outer loop
      vertex 80.3275 37.1475 -0.1
      vertex 80.9625 35.2425 -0.1
      vertex 81.0231 35.0559 -0.1
    endloop
  endfacet
  facet normal 0 0 -1
    outer loop
      vertex 61.595 45.72 -0.1
      vertex 60.7314 46.99 -0.1
      vertex 61.595 46.99 -0.1
    endloop
  endfacet
  facet normal 0 0 -1
    outer loop
      vertex 87.3125 44.4373 -0.1
      vertex 86.6775 46.6598 -0.1
      vertex 87.3125 46.3423 -0.1
    endloop
  endfacet
  facet normal 0 0 -1
    outer loop
      vertex 55.753 60.198 -0.1
      vertex 58.42 58.674 -0.1
      vertex 53.975 60.8076 -0.1
    endloop
  endfacet
  facet normal 0 0 -1
    outer loop
      vertex 85.4964 61.595 -0.1
      vertex 86.36 61.595 -0.1
      vertex 85.4964 60.325 -0.1
    endloop
  endfacet
  facet normal 0 -0 -1
    outer loop
      vertex 83.5631 46.5289 -0.1
      vertex 62.992 58.42 -0.1
      vertex 83.9181 46.6443 -0.1
    endloop
  endfacet
  facet normal -0 -0 -1
    outer loop
      vertex 98.1456 44.704 -0.1
      vertex 98.1456 45.466 -0.1
      vertex 99.6696 44.704 -0.1
    endloop
  endfacet
  facet normal 0 0 -1
    outer loop
      vertex 61.595 46.99 -0.1
      vertex 43.4086 53.8988 -0.1
      vertex 44.6786 53.8988 -0.1
    endloop
  endfacet
  facet normal -0 -0 -1
    outer loop
      vertex 107.112 37.719 -0.1
      vertex 107.112 38.481 -0.1
      vertex 108.636 37.719 -0.1
    endloop
  endfacet
  facet normal 0 0 -1
    outer loop
      vertex 61.5442 42.545 -0.1
      vertex 41.2496 49.6062 -0.1
      vertex 42.5196 49.6062 -0.1
    endloop
  endfacet
  facet normal -0 -0 -1
    outer loop
      vertex 95.6818 45.1358 -0.1
      vertex 95.6818 45.9994 -0.1
      vertex 96.9518 45.1358 -0.1
    endloop
  endfacet
  facet normal 0 0 -1
    outer loop
      vertex 57.277 58.42 -0.1
      vertex 80.9625 46.3423 -0.1
      vertex 80.1081 46.6443 -0.1
    endloop
  endfacet
  facet normal 0 0 -1
    outer loop
      vertex 55.753 61.722 -0.1
      vertex 53.975 62.8904 -0.1
      vertex 53.975 64.1604 -0.1
    endloop
  endfacet
  facet normal 0 0 -1
    outer loop
      vertex 95.6818 47.2694 -0.1
      vertex 89.662 51.562 -0.1
      vertex 91.313 51.562 -0.1
    endloop
  endfacet
  facet normal 0 0 -1
    outer loop
      vertex 57.5818 66.294 -0.1
      vertex 58.42 65.024 -0.1
      vertex 57.5818 65.024 -0.1
    endloop
  endfacet
  facet normal -0 0 -1
    outer loop
      vertex 87.5487 65.6438 -0.1
      vertex 88.4479 65.9943 -0.1
      vertex 88.4479 65.6438 -0.1
    endloop
  endfacet
  facet normal 0 0 -1
    outer loop
      vertex 95.6818 35.1282 -0.1
      vertex 98.0948 33.401 -0.1
      vertex 93.0275 35.2425 -0.1
    endloop
  endfacet
  facet normal 0 -0 -1
    outer loop
      vertex 80.96 60.4063 -0.1
      vertex 80.96 61.6052 -0.1
      vertex 87.5487 64.6938 -0.1
    endloop
  endfacet
  facet normal -0 0 -1
    outer loop
      vertex 88.4479 65.6438 -0.1
      vertex 133.388 86.454 -0.1
      vertex 88.4479 65.0443 -0.1
    endloop
  endfacet
  facet normal 0 0 -1
    outer loop
      vertex 80.96 60.4063 -0.1
      vertex 87.5487 64.6938 -0.1
      vertex 87.5487 64.0944 -0.1
    endloop
  endfacet
  facet normal 0 -0 -1
    outer loop
      vertex 84.2264 61.595 -0.1
      vertex 80.96 60.4063 -0.1
      vertex 88.4479 64.0944 -0.1
    endloop
  endfacet
  facet normal 0 -0 -1
    outer loop
      vertex 94.0384 66.5937 -0.1
      vertex 88.4479 64.0944 -0.1
      vertex 133.388 86.454 -0.1
    endloop
  endfacet
  facet normal -0 0 -1
    outer loop
      vertex 88.4479 65.9943 -0.1
      vertex 133.388 86.454 -0.1
      vertex 88.4479 65.6438 -0.1
    endloop
  endfacet
  facet normal -0 0 -1
    outer loop
      vertex 88.4479 66.5937 -0.1
      vertex 133.388 86.454 -0.1
      vertex 88.4479 65.9943 -0.1
    endloop
  endfacet
  facet normal 0 0 -1
    outer loop
      vertex 88.4479 64.6938 -0.1
      vertex 87.5487 64.6938 -0.1
      vertex 88.4479 65.0443 -0.1
    endloop
  endfacet
  facet normal 0 -0 -1
    outer loop
      vertex 88.4479 64.6938 -0.1
      vertex 88.4479 65.0443 -0.1
      vertex 133.388 86.454 -0.1
    endloop
  endfacet
  facet normal -0 0 -1
    outer loop
      vertex 86.0476 66.5937 -0.1
      vertex 133.388 86.454 -0.1
      vertex 86.0476 65.9943 -0.1
    endloop
  endfacet
  facet normal -0 0 -1
    outer loop
      vertex 85.1484 65.6438 -0.1
      vertex 86.0476 65.9943 -0.1
      vertex 86.0476 65.6438 -0.1
    endloop
  endfacet
  facet normal 0 -0 -1
    outer loop
      vertex 86.0476 65.6438 -0.1
      vertex 86.0476 65.9943 -0.1
      vertex 87.5487 66.5937 -0.1
    endloop
  endfacet
  facet normal 0 0 -1
    outer loop
      vertex 87.5487 65.9943 -0.1
      vertex 86.0476 65.6438 -0.1
      vertex 87.5487 66.5937 -0.1
    endloop
  endfacet
  facet normal -0 0 -1
    outer loop
      vertex 86.0476 65.6438 -0.1
      vertex 87.5487 65.9943 -0.1
      vertex 86.0476 65.0443 -0.1
    endloop
  endfacet
  facet normal 0 0 -1
    outer loop
      vertex 87.5487 65.6438 -0.1
      vertex 86.0476 65.0443 -0.1
      vertex 87.5487 65.9943 -0.1
    endloop
  endfacet
  facet normal -0 0 -1
    outer loop
      vertex 86.0476 64.6938 -0.1
      vertex 87.5487 65.0443 -0.1
      vertex 86.0476 64.0944 -0.1
    endloop
  endfacet
  facet normal -0 0 -1
    outer loop
      vertex 85.1484 66.5937 -0.1
      vertex 133.388 86.454 -0.1
      vertex 86.0476 66.5937 -0.1
    endloop
  endfacet
  facet normal 0 0 -1
    outer loop
      vertex 98.0948 33.401 -0.1
      vertex 96.9518 35.1282 -0.1
      vertex 98.0948 35.179 -0.1
    endloop
  endfacet
  facet normal 0 0 -1
    outer loop
      vertex 108.636 33.401 -0.1
      vertex 133.388 20.48 -0.1
      vertex 107.112 33.401 -0.1
    endloop
  endfacet
  facet normal 0 0 -1
    outer loop
      vertex 93.4466 31.2928 -0.1
      vertex 95.6818 30.0482 -0.1
      vertex 93.4466 30.0228 -0.1
    endloop
  endfacet
  facet normal 0 0 -1
    outer loop
      vertex 61.468 61.722 -0.1
      vertex 59.69 62.8904 -0.1
      vertex 59.69 64.1604 -0.1
    endloop
  endfacet
  facet normal 0 0 -1
    outer loop
      vertex 108.636 37.719 -0.1
      vertex 133.388 20.48 -0.1
      vertex 108.636 35.941 -0.1
    endloop
  endfacet
  facet normal 0 0 -1
    outer loop
      vertex 75.88 60.4063 -0.1
      vertex 79.06 57.1856 -0.1
      vertex 73.98 60.4063 -0.1
    endloop
  endfacet
  facet normal -0 -0 -1
    outer loop
      vertex 107.163 47.244 -0.1
      vertex 107.163 48.006 -0.1
      vertex 108.687 47.244 -0.1
    endloop
  endfacet
  facet normal 0 0 -1
    outer loop
      vertex 88.5825 35.2425 -0.1
      vertex 87.9475 37.465 -0.1
      vertex 88.5825 37.1475 -0.1
    endloop
  endfacet
  facet normal 0 0 -1
    outer loop
      vertex 89.662 54.864 -0.1
      vertex 91.313 53.086 -0.1
      vertex 88.138 54.864 -0.1
    endloop
  endfacet
  facet normal 0 0 -1
    outer loop
      vertex 90.4875 35.2425 -0.1
      vertex 95.6818 33.4518 -0.1
      vertex 90.2681 34.9405 -0.1
    endloop
  endfacet
  facet normal 0 0 -1
    outer loop
      vertex 92.71 57.785 -0.1
      vertex 91.6686 59.055 -0.1
      vertex 92.71 59.055 -0.1
    endloop
  endfacet
  facet normal 0 0 -1
    outer loop
      vertex 86.0425 35.2425 -0.1
      vertex 85.4075 37.1475 -0.1
      vertex 86.0425 37.1475 -0.1
    endloop
  endfacet
  facet normal 0 0 -1
    outer loop
      vertex 92.075 60.325 -0.1
      vertex 89.535 59.055 -0.1
      vertex 90.805 60.325 -0.1
    endloop
  endfacet
  facet normal 0 0 -1
    outer loop
      vertex 86.36 60.325 -0.1
      vertex 83.82 59.055 -0.1
      vertex 85.4964 60.325 -0.1
    endloop
  endfacet
  facet normal 0 0 -1
    outer loop
      vertex 89.535 57.785 -0.1
      vertex 89.662 56.388 -0.1
      vertex 88.265 57.785 -0.1
    endloop
  endfacet
  facet normal 0 -0 -1
    outer loop
      vertex 92.4531 46.5289 -0.1
      vertex 89.7636 48.895 -0.1
      vertex 92.8081 46.6443 -0.1
    endloop
  endfacet
  facet normal 0 0 -1
    outer loop
      vertex 94.488 54.864 -0.1
      vertex 91.6686 57.785 -0.1
      vertex 92.71 57.785 -0.1
    endloop
  endfacet
  facet normal 0 0 -1
    outer loop
      vertex 88.4936 48.895 -0.1
      vertex 80.96 53.9852 -0.1
      vertex 84.963 51.562 -0.1
    endloop
  endfacet
  facet normal -0 -0 -1
    outer loop
      vertex 65.405 59.944 -0.1
      vertex 64.135 60.8076 -0.1
      vertex 68.707 58.42 -0.1
    endloop
  endfacet
  facet normal 0 0 -1
    outer loop
      vertex 86.36 47.625 -0.1
      vertex 79.06 52.7863 -0.1
      vertex 86.36 48.895 -0.1
    endloop
  endfacet
  facet normal 0 0 -1
    outer loop
      vertex 64.135 60.8076 -0.1
      vertex 62.0522 62.8904 -0.1
      vertex 64.135 62.0776 -0.1
    endloop
  endfacet
  facet normal 0 0 -1
    outer loop
      vertex 63.3222 62.8904 -0.1
      vertex 64.135 62.0776 -0.1
      vertex 62.0522 62.8904 -0.1
    endloop
  endfacet
  facet normal 0 0 -1
    outer loop
      vertex 69.0372 64.1604 -0.1
      vertex 69.85 62.8904 -0.1
      vertex 69.0372 62.8904 -0.1
    endloop
  endfacet
  facet normal 0 0 -1
    outer loop
      vertex 75.88 61.6052 -0.1
      vertex 79.06 58.3844 -0.1
      vertex 75.88 60.4063 -0.1
    endloop
  endfacet
  facet normal 0 0 -1
    outer loop
      vertex 87.5487 65.0443 -0.1
      vertex 86.0476 64.6938 -0.1
      vertex 86.0476 65.0443 -0.1
    endloop
  endfacet
  facet normal -0 -0 -1
    outer loop
      vertex 60.7314 46.99 -0.1
      vertex 42.5196 53.8988 -0.1
      vertex 61.595 46.99 -0.1
    endloop
  endfacet
  facet normal 0 0 -1
    outer loop
      vertex 75.438 31.5214 -0.1
      vertex 76.3524 30.3784 -0.1
      vertex 75.438 30.2514 -0.1
    endloop
  endfacet
  facet normal 0 0 -1
    outer loop
      vertex 87.3125 44.4373 -0.1
      vertex 87.3731 44.2507 -0.1
      vertex 86.6775 44.1198 -0.1
    endloop
  endfacet
  facet normal 0 0 -1
    outer loop
      vertex 91.7575 37.1475 -0.1
      vertex 92.4531 35.0559 -0.1
      vertex 91.7575 35.2425 -0.1
    endloop
  endfacet
  facet normal 0 0 -1
    outer loop
      vertex 66.1162 42.545 -0.1
      vertex 61.595 45.72 -0.1
      vertex 66.1162 44.3738 -0.1
    endloop
  endfacet
  facet normal -0 -0 -1
    outer loop
      vertex 82.8675 37.1475 -0.1
      vertex 82.6481 37.4495 -0.1
      vertex 83.5025 37.1475 -0.1
    endloop
  endfacet
  facet normal 0 0 -1
    outer loop
      vertex 95.6818 36.3982 -0.1
      vertex 78.4831 44.2507 -0.1
      vertex 78.8381 44.1353 -0.1
    endloop
  endfacet
  facet normal 0 0 -1
    outer loop
      vertex 83.5025 35.2425 -0.1
      vertex 82.8675 37.1475 -0.1
      vertex 83.5025 37.1475 -0.1
    endloop
  endfacet
  facet normal 0 0 -1
    outer loop
      vertex 95.6818 36.3982 -0.1
      vertex 78.8381 44.1353 -0.1
      vertex 79.0575 44.4373 -0.1
    endloop
  endfacet
  facet normal 0 0 -1
    outer loop
      vertex 44.6786 55.1688 -0.1
      vertex 89.9131 37.3341 -0.1
      vertex 89.9131 37.1475 -0.1
    endloop
  endfacet
  facet normal -0 -0 -1
    outer loop
      vertex 87.7281 46.6443 -0.1
      vertex 86.36 47.625 -0.1
      vertex 88.5825 46.3423 -0.1
    endloop
  endfacet
  facet normal 0 0 -1
    outer loop
      vertex 44.6786 55.1688 -0.1
      vertex 89.9131 37.1475 -0.1
      vertex 89.8525 37.1475 -0.1
    endloop
  endfacet
  facet normal 0 0 -1
    outer loop
      vertex 88.6431 37.3341 -0.1
      vertex 44.6786 53.8988 -0.1
      vertex 44.6786 55.1688 -0.1
    endloop
  endfacet
  facet normal 0 0 -1
    outer loop
      vertex 88.5825 44.4373 -0.1
      vertex 87.9475 46.3423 -0.1
      vertex 88.5825 46.3423 -0.1
    endloop
  endfacet
  facet normal 0 0 -1
    outer loop
      vertex 57.277 56.896 -0.1
      vertex 78.4225 46.3423 -0.1
      vertex 55.753 56.896 -0.1
    endloop
  endfacet
  facet normal 0 0 -1
    outer loop
      vertex 57.277 56.896 -0.1
      vertex 78.4831 46.3423 -0.1
      vertex 78.4225 46.3423 -0.1
    endloop
  endfacet
  facet normal 0 0 -1
    outer loop
      vertex 46.3296 63.3222 -0.1
      vertex 42.545 65.405 -0.1
      vertex 44.069 65.405 -0.1
    endloop
  endfacet
  facet normal 0 0 -1
    outer loop
      vertex 71.12 60.8076 -0.1
      vertex 73.98 58.3844 -0.1
      vertex 71.12 59.944 -0.1
    endloop
  endfacet
  facet normal 0 0 -1
    outer loop
      vertex 73.98 52.7863 -0.1
      vertex 67.183 56.896 -0.1
      vertex 68.707 56.896 -0.1
    endloop
  endfacet
  facet normal 0 0 -1
    outer loop
      vertex 55.753 60.198 -0.1
      vertex 53.975 62.8904 -0.1
      vertex 55.753 61.722 -0.1
    endloop
  endfacet
  facet normal 0 0 -1
    outer loop
      vertex 59.69 62.0776 -0.1
      vertex 61.468 60.198 -0.1
      vertex 59.69 60.8076 -0.1
    endloop
  endfacet
  facet normal 0 0 -1
    outer loop
      vertex 122.271 30.6894 -0.1
      vertex 133.388 20.48 -0.1
      vertex 111.709 40.2336 -0.1
    endloop
  endfacet
  facet normal 0 0 -1
    outer loop
      vertex 95.6818 39.5224 -0.1
      vertex 87.3731 44.2507 -0.1
      vertex 87.7281 44.1353 -0.1
    endloop
  endfacet
  facet normal 0 0 -1
    outer loop
      vertex 95.6818 39.5224 -0.1
      vertex 87.7281 44.1353 -0.1
      vertex 87.9475 44.4373 -0.1
    endloop
  endfacet
  facet normal 0 0 -1
    outer loop
      vertex 64.135 62.8904 -0.1
      vertex 65.405 62.0776 -0.1
      vertex 63.3222 62.8904 -0.1
    endloop
  endfacet
  facet normal 0 0 -1
    outer loop
      vertex 69.85 60.8076 -0.1
      vertex 71.12 59.944 -0.1
      vertex 69.85 59.944 -0.1
    endloop
  endfacet
  facet normal 0 0 -1
    outer loop
      vertex 108.687 45.466 -0.1
      vertex 108.687 44.704 -0.1
      vertex 107.163 45.466 -0.1
    endloop
  endfacet
  facet normal 0 0 -1
    outer loop
      vertex 75.88 52.7863 -0.1
      vertex 87.3125 46.3423 -0.1
      vertex 86.6775 46.6598 -0.1
    endloop
  endfacet
  facet normal 0 0 -1
    outer loop
      vertex 80.96 58.3844 -0.1
      vertex 84.963 54.864 -0.1
      vertex 80.96 57.1856 -0.1
    endloop
  endfacet
  facet normal 0 0 -1
    outer loop
      vertex 97.3379 65.0443 -0.1
      vertex 96.4387 64.6938 -0.1
      vertex 96.4387 65.0443 -0.1
    endloop
  endfacet
  facet normal 0 0 -1
    outer loop
      vertex 87.63 61.595 -0.1
      vertex 88.6714 61.595 -0.1
      vertex 87.63 60.325 -0.1
    endloop
  endfacet
  facet normal 0 -0 -1
    outer loop
      vertex 87.2236 59.055 -0.1
      vertex 85.9536 59.055 -0.1
      vertex 88.6714 60.325 -0.1
    endloop
  endfacet
  facet normal 0 0 -1
    outer loop
      vertex 89.8525 35.2425 -0.1
      vertex 89.2175 37.1475 -0.1
      vertex 89.8525 37.1475 -0.1
    endloop
  endfacet
  facet normal 0 -0 -1
    outer loop
      vertex 88.265 59.055 -0.1
      vertex 87.2236 59.055 -0.1
      vertex 89.9414 60.325 -0.1
    endloop
  endfacet
  facet normal -0 -0 -1
    outer loop
      vertex 90.4875 37.1475 -0.1
      vertex 90.2681 37.4495 -0.1
      vertex 91.1225 37.1475 -0.1
    endloop
  endfacet
  facet normal 0 0 -1
    outer loop
      vertex 96.4387 64.6938 -0.1
      vertex 90.805 61.595 -0.1
      vertex 94.9376 64.0944 -0.1
    endloop
  endfacet
  facet normal 0 0 -1
    outer loop
      vertex 86.0425 44.1198 -0.1
      vertex 85.4075 46.3423 -0.1
      vertex 86.0425 46.6598 -0.1
    endloop
  endfacet
  facet normal 0 0 -1
    outer loop
      vertex 62.9666 44.3738 -0.1
      vertex 59.4614 45.72 -0.1
      vertex 60.7314 45.72 -0.1
    endloop
  endfacet
  facet normal 0 0 -1
    outer loop
      vertex 66.1162 42.545 -0.1
      vertex 62.9666 44.3738 -0.1
      vertex 60.7314 45.72 -0.1
    endloop
  endfacet
  facet normal 0 0 -1
    outer loop
      vertex 95.6818 41.656 -0.1
      vertex 93.0275 44.4373 -0.1
      vertex 95.6818 42.926 -0.1
    endloop
  endfacet
  facet normal 0 0 -1
    outer loop
      vertex 95.6818 41.656 -0.1
      vertex 92.4531 44.2507 -0.1
      vertex 92.8081 44.1353 -0.1
    endloop
  endfacet
  facet normal 0 0 -1
    outer loop
      vertex 56.388 45.339 -0.1
      vertex 44.6532 50.8762 -0.1
      vertex 56.388 46.863 -0.1
    endloop
  endfacet
  facet normal 0 0 -1
    outer loop
      vertex 93.4466 33.4264 -0.1
      vertex 88.6431 35.0559 -0.1
      vertex 88.9981 34.9405 -0.1
    endloop
  endfacet
  facet normal 0 0 -1
    outer loop
      vertex 85.09 59.055 -0.1
      vertex 85.9536 57.785 -0.1
      vertex 85.09 57.785 -0.1
    endloop
  endfacet
  facet normal 0 0 -1
    outer loop
      vertex 93.4466 33.4264 -0.1
      vertex 88.9981 34.9405 -0.1
      vertex 89.2175 35.2425 -0.1
    endloop
  endfacet
  facet normal 0 0 -1
    outer loop
      vertex 89.2175 37.1475 -0.1
      vertex 89.8525 35.2425 -0.1
      vertex 89.9131 35.0559 -0.1
    endloop
  endfacet
  facet normal 0 0 -1
    outer loop
      vertex 52.705 60.8076 -0.1
      vertex 51.562 61.722 -0.1
      vertex 50.5968 62.8904 -0.1
    endloop
  endfacet
  facet normal -0 -0 -1
    outer loop
      vertex 88.9981 46.6443 -0.1
      vertex 87.63 47.625 -0.1
      vertex 89.8525 46.3423 -0.1
    endloop
  endfacet
  facet normal -0 -0 -1
    outer loop
      vertex 44.6786 55.1688 -0.1
      vertex 36.449 59.8678 -0.1
      vertex 90.2681 37.4495 -0.1
    endloop
  endfacet
  facet normal 0 -0 -1
    outer loop
      vertex 89.9131 37.3341 -0.1
      vertex 44.6786 55.1688 -0.1
      vertex 90.2681 37.4495 -0.1
    endloop
  endfacet
  facet normal 0 0 -1
    outer loop
      vertex 43.4086 53.8988 -0.1
      vertex 42.5196 55.1688 -0.1
      vertex 43.4086 55.1688 -0.1
    endloop
  endfacet
  facet normal -0 -0 -1
    outer loop
      vertex 46.3296 63.3222 -0.1
      vertex 44.069 65.405 -0.1
      vertex 48.9204 63.3222 -0.1
    endloop
  endfacet
  facet normal 0 0 -1
    outer loop
      vertex 84.1375 46.3423 -0.1
      vertex 84.8331 44.2507 -0.1
      vertex 84.1375 44.4373 -0.1
    endloop
  endfacet
  facet normal 0 0 -1
    outer loop
      vertex 119.322 44.6608 -0.1
      vertex 133.388 20.48 -0.1
      vertex 119.04 44.7802 -0.1
    endloop
  endfacet
  facet normal 0 0 -1
    outer loop
      vertex 67.3354 33.1724 -0.1
      vertex 75.438 31.5214 -0.1
      vertex 74.168 31.5214 -0.1
    endloop
  endfacet
  facet normal 0 0 -1
    outer loop
      vertex 67.183 56.896 -0.1
      vertex 64.135 58.674 -0.1
      vertex 65.405 58.674 -0.1
    endloop
  endfacet
  facet normal 0 0 -1
    outer loop
      vertex 62.992 58.42 -0.1
      vertex 83.5025 46.3423 -0.1
      vertex 62.992 56.896 -0.1
    endloop
  endfacet
  facet normal 0 0 -1
    outer loop
      vertex 57.277 58.42 -0.1
      vertex 79.7531 46.3423 -0.1
      vertex 79.6925 46.3423 -0.1
    endloop
  endfacet
  facet normal 0 0 -1
    outer loop
      vertex 57.277 58.42 -0.1
      vertex 79.7531 46.5289 -0.1
      vertex 79.7531 46.3423 -0.1
    endloop
  endfacet
  facet normal 0 0 -1
    outer loop
      vertex 50.5968 65.024 -0.1
      vertex 30.891 76.9371 -0.1
      vertex 50.5968 66.294 -0.1
    endloop
  endfacet
  facet normal 0 0 -1
    outer loop
      vertex 58.42 60.8076 -0.1
      vertex 56.3118 62.8904 -0.1
      vertex 58.42 62.0776 -0.1
    endloop
  endfacet
  facet normal 0 0 -1
    outer loop
      vertex 107.112 30.861 -0.1
      vertex 99.6188 35.941 -0.1
      vertex 107.112 32.639 -0.1
    endloop
  endfacet
  facet normal 0 0 -1
    outer loop
      vertex 107.163 47.244 -0.1
      vertex 97.155 57.785 -0.1
      vertex 107.163 48.006 -0.1
    endloop
  endfacet
  facet normal 0 -0 -1
    outer loop
      vertex 117.372 46.7792 -0.1
      vertex 114.771 51.5188 -0.1
      vertex 117.599 46.853 -0.1
    endloop
  endfacet
  facet normal -0 -0 -1
    outer loop
      vertex 94.488 56.388 -0.1
      vertex 93.98 57.785 -0.1
      vertex 96.012 56.388 -0.1
    endloop
  endfacet
  facet normal 0 0 -1
    outer loop
      vertex 80.96 52.7863 -0.1
      vertex 86.36 48.895 -0.1
      vertex 79.06 52.7863 -0.1
    endloop
  endfacet
  facet normal 0 0 -1
    outer loop
      vertex 91.7575 46.3423 -0.1
      vertex 92.4531 44.2507 -0.1
      vertex 91.7575 44.4373 -0.1
    endloop
  endfacet
  facet normal 0 0 -1
    outer loop
      vertex 107.163 42.926 -0.1
      vertex 99.6696 50.546 -0.1
      vertex 99.6696 52.324 -0.1
    endloop
  endfacet
  facet normal 0 0 -1
    outer loop
      vertex 96.9518 39.5224 -0.1
      vertex 98.0948 38.481 -0.1
      vertex 95.6818 39.5224 -0.1
    endloop
  endfacet
  facet normal 0 0 -1
    outer loop
      vertex 59.055 39.1414 -0.1
      vertex 36.3982 46.3042 -0.1
      vertex 59.055 40.4114 -0.1
    endloop
  endfacet
  facet normal 0 0 -1
    outer loop
      vertex 86.36 47.625 -0.1
      vertex 68.707 58.42 -0.1
      vertex 65.405 60.8076 -0.1
    endloop
  endfacet
  facet normal 0 0 -1
    outer loop
      vertex 92.837 56.388 -0.1
      vertex 94.488 54.864 -0.1
      vertex 96.012 53.086 -0.1
    endloop
  endfacet
  facet normal 0 0 -1
    outer loop
      vertex 92.1766 32.1564 -0.1
      vertex 85.4075 35.2425 -0.1
      vertex 86.4581 34.9405 -0.1
    endloop
  endfacet
  facet normal 0 0 -1
    outer loop
      vertex 94.488 53.086 -0.1
      vertex 92.837 54.864 -0.1
      vertex 92.837 56.388 -0.1
    endloop
  endfacet
  facet normal -0 -0 -1
    outer loop
      vertex 88.4936 48.895 -0.1
      vertex 84.963 51.562 -0.1
      vertex 89.7636 48.895 -0.1
    endloop
  endfacet
  facet normal 0 0 -1
    outer loop
      vertex 91.6686 57.785 -0.1
      vertex 92.837 56.388 -0.1
      vertex 90.3986 57.785 -0.1
    endloop
  endfacet
  facet normal -0 0 -1
    outer loop
      vertex 94.3864 61.595 -0.1
      vertex 133.388 86.454 -0.1
      vertex 95.25 61.595 -0.1
    endloop
  endfacet
  facet normal 0 0 -1
    outer loop
      vertex 89.9414 60.325 -0.1
      vertex 87.2236 59.055 -0.1
      vertex 88.6714 60.325 -0.1
    endloop
  endfacet
  facet normal -0 -0 -1
    outer loop
      vertex 89.2175 37.1475 -0.1
      vertex 88.9981 37.4495 -0.1
      vertex 89.8525 37.1475 -0.1
    endloop
  endfacet
  facet normal 0 -0 -1
    outer loop
      vertex 89.535 59.055 -0.1
      vertex 88.265 59.055 -0.1
      vertex 90.805 60.325 -0.1
    endloop
  endfacet
  facet normal 0 0 -1
    outer loop
      vertex 91.1225 35.2425 -0.1
      vertex 90.4875 37.1475 -0.1
      vertex 91.1225 37.1475 -0.1
    endloop
  endfacet
  facet normal 0 -0 -1
    outer loop
      vertex 90.3986 59.055 -0.1
      vertex 89.535 59.055 -0.1
      vertex 92.075 60.325 -0.1
    endloop
  endfacet
  facet normal 0 0 -1
    outer loop
      vertex 97.3379 65.9943 -0.1
      vertex 96.4387 65.6438 -0.1
      vertex 96.4387 65.9943 -0.1
    endloop
  endfacet
  facet normal -0 -0 -1
    outer loop
      vertex 90.2681 37.4495 -0.1
      vertex 36.449 59.8678 -0.1
      vertex 91.1225 37.1475 -0.1
    endloop
  endfacet
  facet normal 0 -0 -1
    outer loop
      vertex 81.0231 37.3341 -0.1
      vertex 66.1162 42.545 -0.1
      vertex 81.3781 37.4495 -0.1
    endloop
  endfacet
  facet normal 0 0 -1
    outer loop
      vertex 44.6786 51.7652 -0.1
      vertex 57.912 46.863 -0.1
      vertex 43.4086 51.7652 -0.1
    endloop
  endfacet
  facet normal 0 0 -1
    outer loop
      vertex 51.562 61.722 -0.1
      vertex 52.705 59.944 -0.1
      vertex 51.562 60.198 -0.1
    endloop
  endfacet
  facet normal 0 0 -1
    outer loop
      vertex 107.112 35.941 -0.1
      vertex 96.9518 42.926 -0.1
      vertex 95.6818 43.8658 -0.1
    endloop
  endfacet
  facet normal 0 -0 -1
    outer loop
      vertex 93.4466 33.4264 -0.1
      vertex 90.2681 34.9405 -0.1
      vertex 95.6818 33.4518 -0.1
    endloop
  endfacet
  facet normal 0 0 -1
    outer loop
      vertex 89.2175 46.3423 -0.1
      vertex 89.8525 44.4373 -0.1
      vertex 89.9131 44.2507 -0.1
    endloop
  endfacet
  facet normal 0 0 -1
    outer loop
      vertex 89.2175 46.3423 -0.1
      vertex 89.9131 44.2507 -0.1
      vertex 89.2175 44.4373 -0.1
    endloop
  endfacet
  facet normal -0 -0 -1
    outer loop
      vertex 90.4875 46.3423 -0.1
      vertex 90.2681 46.6443 -0.1
      vertex 91.1225 46.3423 -0.1
    endloop
  endfacet
  facet normal 0 -0 -1
    outer loop
      vertex 91.1831 37.3341 -0.1
      vertex 36.449 59.8678 -0.1
      vertex 91.5381 37.4495 -0.1
    endloop
  endfacet
  facet normal 0 0 -1
    outer loop
      vertex 91.1225 44.4373 -0.1
      vertex 90.4875 46.3423 -0.1
      vertex 91.1225 46.3423 -0.1
    endloop
  endfacet
  facet normal 0 -0 -1
    outer loop
      vertex 91.1225 37.1475 -0.1
      vertex 36.449 59.8678 -0.1
      vertex 91.1831 37.3341 -0.1
    endloop
  endfacet
  facet normal -0 0 -1
    outer loop
      vertex 91.1225 37.1475 -0.1
      vertex 91.1831 37.3341 -0.1
      vertex 91.1831 37.1475 -0.1
    endloop
  endfacet
  facet normal 0 0 -1
    outer loop
      vertex 116.078 39.243 -0.1
      vertex 112.065 44.1706 -0.1
      vertex 116.078 40.767 -0.1
    endloop
  endfacet
  facet normal 0 0 -1
    outer loop
      vertex 69.85 62.0776 -0.1
      vertex 69.0372 62.8904 -0.1
      vertex 69.85 62.8904 -0.1
    endloop
  endfacet
  facet normal 0 0 -1
    outer loop
      vertex 107.112 35.941 -0.1
      vertex 98.1456 42.926 -0.1
      vertex 107.112 37.719 -0.1
    endloop
  endfacet
  facet normal 0 0 -1
    outer loop
      vertex 58.42 65.024 -0.1
      vertex 59.69 64.1604 -0.1
      vertex 57.5818 65.024 -0.1
    endloop
  endfacet
  facet normal 0 0 -1
    outer loop
      vertex 79.06 53.9852 -0.1
      vertex 73.98 57.1856 -0.1
      vertex 75.88 57.1856 -0.1
    endloop
  endfacet
  facet normal 0 0 -1
    outer loop
      vertex 93.0275 46.3423 -0.1
      vertex 95.6818 42.926 -0.1
      vertex 93.0275 44.4373 -0.1
    endloop
  endfacet
  facet normal 0 0 -1
    outer loop
      vertex 98.1456 49.784 -0.1
      vertex 96.012 51.562 -0.1
      vertex 98.1456 50.546 -0.1
    endloop
  endfacet
  facet normal 0 0 -1
    outer loop
      vertex 62.992 61.722 -0.1
      vertex 64.135 60.8076 -0.1
      vertex 64.135 59.944 -0.1
    endloop
  endfacet
  facet normal 0 0 -1
    outer loop
      vertex 61.468 60.198 -0.1
      vertex 59.69 62.0776 -0.1
      vertex 59.69 62.8904 -0.1
    endloop
  endfacet
  facet normal 0 0 -1
    outer loop
      vertex 68.707 60.198 -0.1
      vertex 69.85 58.674 -0.1
      vertex 67.183 60.198 -0.1
    endloop
  endfacet
  facet normal 0 0 -1
    outer loop
      vertex 96.9518 42.926 -0.1
      vertex 99.6188 40.259 -0.1
      vertex 96.9518 41.656 -0.1
    endloop
  endfacet
  facet normal 0 0 -1
    outer loop
      vertex 86.36 47.625 -0.1
      vertex 75.88 53.9852 -0.1
      vertex 68.707 58.42 -0.1
    endloop
  endfacet
  facet normal 0 0 -1
    outer loop
      vertex 88.138 54.864 -0.1
      vertex 86.487 56.388 -0.1
      vertex 85.09 57.785 -0.1
    endloop
  endfacet
  facet normal 0 0 -1
    outer loop
      vertex 62.992 61.722 -0.1
      vertex 59.69 64.1604 -0.1
      vertex 62.0522 62.8904 -0.1
    endloop
  endfacet
  facet normal -0 -0 -1
    outer loop
      vertex 91.5381 37.4495 -0.1
      vertex 36.449 59.8678 -0.1
      vertex 92.3925 37.1475 -0.1
    endloop
  endfacet
  facet normal -0 -0 -1
    outer loop
      vertex 59.69 64.1604 -0.1
      vertex 58.42 65.024 -0.1
      vertex 62.0522 62.8904 -0.1
    endloop
  endfacet
  facet normal 0 0 -1
    outer loop
      vertex 67.183 60.198 -0.1
      vertex 65.405 62.8904 -0.1
      vertex 67.183 61.722 -0.1
    endloop
  endfacet
  facet normal 0 0 -1
    outer loop
      vertex 67.183 61.722 -0.1
      vertex 65.405 62.8904 -0.1
      vertex 65.405 64.1604 -0.1
    endloop
  endfacet
  facet normal 0 0 -1
    outer loop
      vertex 79.06 52.7863 -0.1
      vertex 69.85 58.674 -0.1
      vertex 71.12 58.674 -0.1
    endloop
  endfacet
  facet normal 0 0 -1
    outer loop
      vertex 68.707 61.722 -0.1
      vertex 69.85 59.944 -0.1
      vertex 68.707 60.198 -0.1
    endloop
  endfacet
  facet normal 0 0 -1
    outer loop
      vertex 92.1766 30.0228 -0.1
      vertex 87.9259 31.3347 -0.1
      vertex 88.3247 31.3347 -0.1
    endloop
  endfacet
  facet normal 0 0 -1
    outer loop
      vertex 86.6775 44.1198 -0.1
      vertex 95.6818 39.5224 -0.1
      vertex 86.0425 44.1198 -0.1
    endloop
  endfacet
  facet normal 0 0 -1
    outer loop
      vertex 96.4387 64.6938 -0.1
      vertex 94.9376 64.0944 -0.1
      vertex 96.4387 65.0443 -0.1
    endloop
  endfacet
  facet normal -0 0 -1
    outer loop
      vertex 85.1484 64.6938 -0.1
      vertex 86.0476 65.0443 -0.1
      vertex 86.0476 64.6938 -0.1
    endloop
  endfacet
  facet normal 0 0 -1
    outer loop
      vertex 89.662 56.388 -0.1
      vertex 92.837 53.086 -0.1
      vertex 89.662 54.864 -0.1
    endloop
  endfacet
  facet normal 0 0 -1
    outer loop
      vertex 88.265 57.785 -0.1
      vertex 89.662 56.388 -0.1
      vertex 87.2236 57.785 -0.1
    endloop
  endfacet
  facet normal 0 0 -1
    outer loop
      vertex 88.138 54.864 -0.1
      vertex 85.9536 57.785 -0.1
      vertex 88.138 56.388 -0.1
    endloop
  endfacet
  facet normal -0 0 -1
    outer loop
      vertex 97.3379 65.0443 -0.1
      vertex 133.388 86.454 -0.1
      vertex 97.3379 64.6938 -0.1
    endloop
  endfacet
  facet normal 0 0 -1
    outer loop
      vertex 107.112 33.401 -0.1
      vertex 99.6188 38.481 -0.1
      vertex 107.112 35.179 -0.1
    endloop
  endfacet
  facet normal 0 0 -1
    outer loop
      vertex 92.837 54.864 -0.1
      vertex 94.488 53.086 -0.1
      vertex 91.313 54.864 -0.1
    endloop
  endfacet
  facet normal 0 0 -1
    outer loop
      vertex 93.4466 30.0228 -0.1
      vertex 133.388 20.48 -0.1
      vertex 92.1766 30.0228 -0.1
    endloop
  endfacet
  facet normal 0 0 -1
    outer loop
      vertex 61.7474 33.1724 -0.1
      vertex 42.0878 38.0746 -0.1
      vertex 23.9268 43.3578 -0.1
    endloop
  endfacet
  facet normal 0 0 -1
    outer loop
      vertex 85.9244 31.3347 -0.1
      vertex 92.1766 30.0228 -0.1
      vertex 133.388 20.48 -0.1
    endloop
  endfacet
  facet normal 0 0 -1
    outer loop
      vertex 92.1766 32.1564 -0.1
      vertex 83.9181 34.9405 -0.1
      vertex 84.1375 35.2425 -0.1
    endloop
  endfacet
  facet normal 0 0 -1
    outer loop
      vertex 85.5256 31.3347 -0.1
      vertex 83.82 31.9786 -0.1
      vertex 83.82 33.2486 -0.1
    endloop
  endfacet
  facet normal 0 0 -1
    outer loop
      vertex 88.138 54.864 -0.1
      vertex 85.09 57.785 -0.1
      vertex 85.9536 57.785 -0.1
    endloop
  endfacet
  facet normal 0 0 -1
    outer loop
      vertex 84.1375 44.4373 -0.1
      vertex 95.6818 38.5318 -0.1
      vertex 83.9181 44.1353 -0.1
    endloop
  endfacet
  facet normal 0 0 -1
    outer loop
      vertex 81.5975 37.1475 -0.1
      vertex 82.2325 35.2425 -0.1
      vertex 82.2931 35.0559 -0.1
    endloop
  endfacet
  facet normal 0 0 -1
    outer loop
      vertex 77.7875 35.2425 -0.1
      vertex 78.8381 34.9405 -0.1
      vertex 77.5681 34.9405 -0.1
    endloop
  endfacet
  facet normal 0 0 -1
    outer loop
      vertex 67.5386 44.3738 -0.1
      vertex 68.453 43.307 -0.1
      vertex 67.5386 42.545 -0.1
    endloop
  endfacet
  facet normal 0 0 -1
    outer loop
      vertex 36.449 59.8678 -0.1
      vertex 75.9431 44.2507 -0.1
      vertex 92.3925 37.1475 -0.1
    endloop
  endfacet
  facet normal 0 0 -1
    outer loop
      vertex 95.6818 37.2618 -0.1
      vertex 82.8675 44.4373 -0.1
      vertex 83.5631 44.2507 -0.1
    endloop
  endfacet
  facet normal 0 0 -1
    outer loop
      vertex 77.2131 44.2507 -0.1
      vertex 95.6818 36.3982 -0.1
      vertex 76.5175 44.4373 -0.1
    endloop
  endfacet
  facet normal 0 0 -1
    outer loop
      vertex 93.0275 37.1475 -0.1
      vertex 95.6818 35.1282 -0.1
      vertex 93.0275 35.2425 -0.1
    endloop
  endfacet
  facet normal 0 0 -1
    outer loop
      vertex 98.0948 30.861 -0.1
      vertex 95.6818 32.1818 -0.1
      vertex 96.9518 32.1818 -0.1
    endloop
  endfacet
  facet normal 0 0 -1
    outer loop
      vertex 98.0948 30.861 -0.1
      vertex 96.9518 32.1818 -0.1
      vertex 98.0948 32.639 -0.1
    endloop
  endfacet
  facet normal 0 0 -1
    outer loop
      vertex 38.227 51.5112 -0.1
      vertex 41.2496 49.6062 -0.1
      vertex 38.227 50.2412 -0.1
    endloop
  endfacet
  facet normal -0 -0 -1
    outer loop
      vertex 81.5975 46.3423 -0.1
      vertex 81.3781 46.6443 -0.1
      vertex 82.2325 46.3423 -0.1
    endloop
  endfacet
  facet normal -0 -0 -1
    outer loop
      vertex 91.7575 46.3423 -0.1
      vertex 91.5381 46.6443 -0.1
      vertex 92.3925 46.3423 -0.1
    endloop
  endfacet
  facet normal 0 0 -1
    outer loop
      vertex 96.9518 36.3982 -0.1
      vertex 98.0948 35.179 -0.1
      vertex 96.9518 35.1282 -0.1
    endloop
  endfacet
  facet normal 0 0 -1
    outer loop
      vertex 98.0948 33.401 -0.1
      vertex 95.6818 35.1282 -0.1
      vertex 96.9518 35.1282 -0.1
    endloop
  endfacet
  facet normal 0 0 -1
    outer loop
      vertex 98.0948 35.941 -0.1
      vertex 79.0575 44.4373 -0.1
      vertex 79.7531 44.2507 -0.1
    endloop
  endfacet
  facet normal 0 -0 -1
    outer loop
      vertex 92.3925 37.1475 -0.1
      vertex 75.9431 44.2507 -0.1
      vertex 92.4531 37.3341 -0.1
    endloop
  endfacet
  facet normal -0 0 -1
    outer loop
      vertex 92.3925 37.1475 -0.1
      vertex 92.4531 37.3341 -0.1
      vertex 92.4531 37.1475 -0.1
    endloop
  endfacet
  facet normal 0 0 -1
    outer loop
      vertex 92.3925 44.4373 -0.1
      vertex 91.7575 46.3423 -0.1
      vertex 92.3925 46.3423 -0.1
    endloop
  endfacet
  facet normal 0 0 -1
    outer loop
      vertex 68.707 61.722 -0.1
      vertex 69.85 60.8076 -0.1
      vertex 69.85 59.944 -0.1
    endloop
  endfacet
  facet normal -0 0 -1
    outer loop
      vertex 88.6714 61.595 -0.1
      vertex 94.0384 64.0944 -0.1
      vertex 89.9414 61.595 -0.1
    endloop
  endfacet
  facet normal 0 0 -1
    outer loop
      vertex 86.0425 44.1198 -0.1
      vertex 85.4075 44.4373 -0.1
      vertex 85.4075 46.3423 -0.1
    endloop
  endfacet
  facet normal 0 0 -1
    outer loop
      vertex 59.69 65.024 -0.1
      vertex 62.0522 62.8904 -0.1
      vertex 58.42 65.024 -0.1
    endloop
  endfacet
  facet normal 0 0 -1
    outer loop
      vertex 107.112 30.861 -0.1
      vertex 133.388 20.48 -0.1
      vertex 99.6188 33.401 -0.1
    endloop
  endfacet
  facet normal -0 -0 -1
    outer loop
      vertex 91.7575 37.1475 -0.1
      vertex 91.5381 37.4495 -0.1
      vertex 92.3925 37.1475 -0.1
    endloop
  endfacet
  facet normal 0 0 -1
    outer loop
      vertex 92.1766 32.1564 -0.1
      vertex 87.3125 34.925 -0.1
      vertex 92.1766 33.4264 -0.1
    endloop
  endfacet
  facet normal 0 0 -1
    outer loop
      vertex 99.6696 48.006 -0.1
      vertex 99.6696 47.244 -0.1
      vertex 98.1456 48.006 -0.1
    endloop
  endfacet
  facet normal 0 0 -1
    outer loop
      vertex 89.7636 47.625 -0.1
      vertex 91.1831 46.5289 -0.1
      vertex 91.1831 46.3423 -0.1
    endloop
  endfacet
  facet normal 0 0 -1
    outer loop
      vertex 122.271 30.6894 -0.1
      vertex 109.88 42.9514 -0.1
      vertex 122.271 31.2866 -0.1
    endloop
  endfacet
  facet normal 0 0 -1
    outer loop
      vertex 89.7636 47.625 -0.1
      vertex 91.1831 46.3423 -0.1
      vertex 91.1225 46.3423 -0.1
    endloop
  endfacet
  facet normal -0 -0 -1
    outer loop
      vertex 86.7245 33.4353 -0.1
      vertex 81.3781 34.9405 -0.1
      vertex 87.1233 33.4353 -0.1
    endloop
  endfacet
  facet normal -0 0 -1
    outer loop
      vertex 96.4387 64.6938 -0.1
      vertex 97.3379 65.0443 -0.1
      vertex 97.3379 64.6938 -0.1
    endloop
  endfacet
  facet normal 0 0 -1
    outer loop
      vertex 109.88 42.9514 -0.1
      vertex 122.271 30.6894 -0.1
      vertex 111.709 40.2336 -0.1
    endloop
  endfacet
  facet normal 0 0 -1
    outer loop
      vertex 96.4387 64.0944 -0.1
      vertex 90.805 61.595 -0.1
      vertex 96.4387 64.6938 -0.1
    endloop
  endfacet
  facet normal 0 0 -1
    outer loop
      vertex 93.98 57.785 -0.1
      vertex 94.488 56.388 -0.1
      vertex 92.71 57.785 -0.1
    endloop
  endfacet
  facet normal 0 0 -1
    outer loop
      vertex 93.98 59.055 -0.1
      vertex 94.8436 57.785 -0.1
      vertex 93.98 57.785 -0.1
    endloop
  endfacet
  facet normal 0 0 -1
    outer loop
      vertex 111.709 36.83 -0.1
      vertex 133.388 20.48 -0.1
      vertex 110.439 36.83 -0.1
    endloop
  endfacet
  facet normal -0 0 -1
    outer loop
      vertex 97.3379 64.0944 -0.1
      vertex 133.388 86.454 -0.1
      vertex 94.3864 61.595 -0.1
    endloop
  endfacet
  facet normal -0 0 -1
    outer loop
      vertex 96.52 61.595 -0.1
      vertex 133.388 86.454 -0.1
      vertex 97.5614 61.595 -0.1
    endloop
  endfacet
  facet normal -0 0 -1
    outer loop
      vertex 97.3379 64.6938 -0.1
      vertex 133.388 86.454 -0.1
      vertex 97.3379 64.0944 -0.1
    endloop
  endfacet
  facet normal 0 -0 -1
    outer loop
      vertex 91.6686 59.055 -0.1
      vertex 90.3986 59.055 -0.1
      vertex 93.1164 60.325 -0.1
    endloop
  endfacet
  facet normal 0 -0 -1
    outer loop
      vertex 92.71 59.055 -0.1
      vertex 91.6686 59.055 -0.1
      vertex 94.3864 60.325 -0.1
    endloop
  endfacet
  facet normal 0 0 -1
    outer loop
      vertex 95.25 60.325 -0.1
      vertex 94.3864 60.325 -0.1
      vertex 95.25 61.595 -0.1
    endloop
  endfacet
  facet normal 0 0 -1
    outer loop
      vertex 94.3864 60.325 -0.1
      vertex 91.6686 59.055 -0.1
      vertex 93.1164 60.325 -0.1
    endloop
  endfacet
  facet normal -0 0 -1
    outer loop
      vertex 97.155 59.055 -0.1
      vertex 99.695 60.325 -0.1
      vertex 98.425 59.055 -0.1
    endloop
  endfacet
  facet normal 0 0 -1
    outer loop
      vertex 87.63 60.325 -0.1
      vertex 85.09 59.055 -0.1
      vertex 86.36 60.325 -0.1
    endloop
  endfacet
  facet normal 0 0 -1
    outer loop
      vertex 96.4387 65.6438 -0.1
      vertex 94.9376 65.0443 -0.1
      vertex 96.4387 65.9943 -0.1
    endloop
  endfacet
  facet normal 0 0 -1
    outer loop
      vertex 88.6714 60.325 -0.1
      vertex 87.63 60.325 -0.1
      vertex 88.6714 61.595 -0.1
    endloop
  endfacet
  facet normal -0 0 -1
    outer loop
      vertex 97.3379 65.6438 -0.1
      vertex 133.388 86.454 -0.1
      vertex 97.3379 65.0443 -0.1
    endloop
  endfacet
  facet normal 0 0 -1
    outer loop
      vertex 100.965 60.325 -0.1
      vertex 99.2886 59.055 -0.1
      vertex 98.425 59.055 -0.1
    endloop
  endfacet
  facet normal 0 0 -1
    outer loop
      vertex 88.6714 60.325 -0.1
      vertex 85.9536 59.055 -0.1
      vertex 87.63 60.325 -0.1
    endloop
  endfacet
  facet normal 0 0 -1
    outer loop
      vertex 94.9376 64.0944 -0.1
      vertex 89.9414 61.595 -0.1
      vertex 94.0384 64.0944 -0.1
    endloop
  endfacet
  facet normal 0 0 -1
    outer loop
      vertex 84.7725 35.2425 -0.1
      vertex 84.1375 37.1475 -0.1
      vertex 84.7725 37.1475 -0.1
    endloop
  endfacet
  facet normal 0 -0 -1
    outer loop
      vertex 86.6775 37.1475 -0.1
      vertex 86.4581 37.4495 -0.1
      vertex 87.3125 37.465 -0.1
    endloop
  endfacet
  facet normal 0 0 -1
    outer loop
      vertex 94.0384 65.0443 -0.1
      vertex 87.63 61.595 -0.1
      vertex 86.36 61.595 -0.1
    endloop
  endfacet
  facet normal 0 0 -1
    outer loop
      vertex 94.9376 65.0443 -0.1
      vertex 94.0384 64.6938 -0.1
      vertex 94.0384 65.0443 -0.1
    endloop
  endfacet
  facet normal 0 0 -1
    outer loop
      vertex 84.2264 61.595 -0.1
      vertex 88.4479 64.0944 -0.1
      vertex 94.0384 66.5937 -0.1
    endloop
  endfacet
  facet normal 0 0 -1
    outer loop
      vertex 94.0384 65.9943 -0.1
      vertex 85.4964 61.595 -0.1
      vertex 84.2264 61.595 -0.1
    endloop
  endfacet
  facet normal 0 -0 -1
    outer loop
      vertex 86.36 61.595 -0.1
      vertex 85.4964 61.595 -0.1
      vertex 94.0384 65.9943 -0.1
    endloop
  endfacet
  facet normal 0 0 -1
    outer loop
      vertex 107.163 42.926 -0.1
      vertex 99.6696 52.324 -0.1
      vertex 107.163 44.704 -0.1
    endloop
  endfacet
  facet normal 0 0 -1
    outer loop
      vertex 87.3125 34.925 -0.1
      vertex 86.6775 37.1475 -0.1
      vertex 87.3125 37.465 -0.1
    endloop
  endfacet
  facet normal 0 0 -1
    outer loop
      vertex 99.6188 35.179 -0.1
      vertex 96.9518 36.3982 -0.1
      vertex 98.0948 35.941 -0.1
    endloop
  endfacet
  facet normal -0 -0 -1
    outer loop
      vertex 94.488 53.086 -0.1
      vertex 92.837 56.388 -0.1
      vertex 96.012 53.086 -0.1
    endloop
  endfacet
  facet normal 0 0 -1
    outer loop
      vertex 94.9376 65.9943 -0.1
      vertex 94.0384 65.6438 -0.1
      vertex 94.0384 65.9943 -0.1
    endloop
  endfacet
  facet normal 0 0 -1
    outer loop
      vertex 89.535 59.055 -0.1
      vertex 91.313 56.388 -0.1
      vertex 89.535 57.785 -0.1
    endloop
  endfacet
  facet normal 0 0 -1
    outer loop
      vertex 94.488 51.562 -0.1
      vertex 92.837 53.086 -0.1
      vertex 91.313 54.864 -0.1
    endloop
  endfacet
  facet normal 0 0 -1
    outer loop
      vertex 108.687 42.926 -0.1
      vertex 110.439 40.2336 -0.1
      vertex 107.163 42.926 -0.1
    endloop
  endfacet
  facet normal 0 0 -1
    outer loop
      vertex 98.1456 48.006 -0.1
      vertex 96.012 51.562 -0.1
      vertex 98.1456 49.784 -0.1
    endloop
  endfacet
  facet normal 0 0 -1
    outer loop
      vertex 111.709 38.9636 -0.1
      vertex 111.709 38.1 -0.1
      vertex 110.439 38.9636 -0.1
    endloop
  endfacet
  facet normal 0 0 -1
    outer loop
      vertex 89.535 59.055 -0.1
      vertex 90.3986 57.785 -0.1
      vertex 91.313 56.388 -0.1
    endloop
  endfacet
  facet normal 0 0 -1
    outer loop
      vertex 95.6818 30.0482 -0.1
      vertex 133.388 20.48 -0.1
      vertex 93.4466 30.0228 -0.1
    endloop
  endfacet
  facet normal 0 0 -1
    outer loop
      vertex 91.6686 59.055 -0.1
      vertex 92.71 57.785 -0.1
      vertex 91.6686 57.785 -0.1
    endloop
  endfacet
  facet normal 0 0 -1
    outer loop
      vertex 111.76 67.945 -0.1
      vertex 109.626 67.056 -0.1
      vertex 110.896 67.945 -0.1
    endloop
  endfacet
  facet normal 0 0 -1
    outer loop
      vertex 95.6818 36.3982 -0.1
      vertex 77.2131 44.2507 -0.1
      vertex 77.5681 44.1353 -0.1
    endloop
  endfacet
  facet normal 0 0 -1
    outer loop
      vertex 95.25 60.325 -0.1
      vertex 92.71 59.055 -0.1
      vertex 94.3864 60.325 -0.1
    endloop
  endfacet
  facet normal 0 0 -1
    outer loop
      vertex 95.6818 33.4518 -0.1
      vertex 91.5381 34.9405 -0.1
      vertex 91.7575 35.2425 -0.1
    endloop
  endfacet
  facet normal -0 0 -1
    outer loop
      vertex 93.1164 61.595 -0.1
      vertex 97.3379 64.0944 -0.1
      vertex 94.3864 61.595 -0.1
    endloop
  endfacet
  facet normal 0 0 -1
    outer loop
      vertex 108.687 47.244 -0.1
      vertex 109.88 45.085 -0.1
      vertex 108.687 45.466 -0.1
    endloop
  endfacet
  facet normal -0 0 -1
    outer loop
      vertex 95.25 61.595 -0.1
      vertex 133.388 86.454 -0.1
      vertex 96.52 61.595 -0.1
    endloop
  endfacet
  facet normal 0 0 -1
    outer loop
      vertex 98.425 59.055 -0.1
      vertex 99.2886 59.055 -0.1
      vertex 98.425 57.785 -0.1
    endloop
  endfacet
  facet normal 0 0 -1
    outer loop
      vertex 109.626 67.945 -0.1
      vertex 100.965 61.595 -0.1
      vertex 99.695 61.595 -0.1
    endloop
  endfacet
  facet normal 0 0 -1
    outer loop
      vertex 94.3864 61.595 -0.1
      vertex 95.25 61.595 -0.1
      vertex 94.3864 60.325 -0.1
    endloop
  endfacet
  facet normal 0 -0 -1
    outer loop
      vertex 93.98 59.055 -0.1
      vertex 92.71 59.055 -0.1
      vertex 95.25 60.325 -0.1
    endloop
  endfacet
  facet normal 0 -0 -1
    outer loop
      vertex 94.8436 59.055 -0.1
      vertex 93.98 59.055 -0.1
      vertex 96.52 60.325 -0.1
    endloop
  endfacet
  facet normal 0 0 -1
    outer loop
      vertex 97.5614 60.325 -0.1
      vertex 96.52 60.325 -0.1
      vertex 97.5614 61.595 -0.1
    endloop
  endfacet
  facet normal 0 0 -1
    outer loop
      vertex 96.52 60.325 -0.1
      vertex 93.98 59.055 -0.1
      vertex 95.25 60.325 -0.1
    endloop
  endfacet
  facet normal -0 -0 -1
    outer loop
      vertex 95.6818 31.3182 -0.1
      vertex 93.4466 32.1564 -0.1
      vertex 96.9518 31.3182 -0.1
    endloop
  endfacet
  facet normal 0 0 -1
    outer loop
      vertex 82.55 31.9786 -0.1
      vertex 75.8825 34.925 -0.1
      vertex 82.55 33.2486 -0.1
    endloop
  endfacet
  facet normal 0 -0 -1
    outer loop
      vertex 88.6431 46.5289 -0.1
      vertex 87.63 47.625 -0.1
      vertex 88.9981 46.6443 -0.1
    endloop
  endfacet
  facet normal -0 -0 -1
    outer loop
      vertex 58.42 62.0776 -0.1
      vertex 57.5818 62.8904 -0.1
      vertex 59.69 62.0776 -0.1
    endloop
  endfacet
  facet normal 0 0 -1
    outer loop
      vertex 92.4531 44.2507 -0.1
      vertex 92.3925 44.4373 -0.1
      vertex 92.4531 44.4373 -0.1
    endloop
  endfacet
  facet normal -0 0 -1
    outer loop
      vertex 94.9376 64.6938 -0.1
      vertex 96.4387 65.0443 -0.1
      vertex 94.9376 64.0944 -0.1
    endloop
  endfacet
  facet normal 0 0 -1
    outer loop
      vertex 84.7725 44.4373 -0.1
      vertex 84.1375 46.3423 -0.1
      vertex 84.7725 46.3423 -0.1
    endloop
  endfacet
  facet normal -0 -0 -1
    outer loop
      vertex 96.9518 40.7924 -0.1
      vertex 90.4875 44.4373 -0.1
      vertex 98.0948 40.259 -0.1
    endloop
  endfacet
  facet normal 0 0 -1
    outer loop
      vertex 87.63 47.625 -0.1
      vertex 88.5825 46.3423 -0.1
      vertex 86.36 47.625 -0.1
    endloop
  endfacet
  facet normal 0 0 -1
    outer loop
      vertex 87.63 47.625 -0.1
      vertex 88.6431 46.3423 -0.1
      vertex 88.5825 46.3423 -0.1
    endloop
  endfacet
  facet normal 0 0 -1
    outer loop
      vertex 77.1525 35.2425 -0.1
      vertex 76.5175 37.465 -0.1
      vertex 77.1525 37.1475 -0.1
    endloop
  endfacet
  facet normal 0 -0 -1
    outer loop
      vertex 78.4831 46.5289 -0.1
      vertex 57.277 56.896 -0.1
      vertex 78.8381 46.6443 -0.1
    endloop
  endfacet
  facet normal 0 0 -1
    outer loop
      vertex 99.6188 35.179 -0.1
      vertex 107.112 30.861 -0.1
      vertex 99.6188 33.401 -0.1
    endloop
  endfacet
  facet normal 0 0 -1
    outer loop
      vertex 67.183 56.896 -0.1
      vertex 65.405 59.944 -0.1
      vertex 67.183 58.42 -0.1
    endloop
  endfacet
  facet normal 0 0 -1
    outer loop
      vertex 52.705 60.8076 -0.1
      vertex 50.5968 62.8904 -0.1
      vertex 52.705 62.0776 -0.1
    endloop
  endfacet
  facet normal 0 0 -1
    outer loop
      vertex 53.975 66.294 -0.1
      vertex 56.3118 64.1604 -0.1
      vertex 53.975 65.024 -0.1
    endloop
  endfacet
  facet normal 0 -0 -1
    outer loop
      vertex 82.2931 46.5289 -0.1
      vertex 62.992 56.896 -0.1
      vertex 82.6481 46.6443 -0.1
    endloop
  endfacet
  facet normal 0 0 -1
    outer loop
      vertex 84.8331 46.5289 -0.1
      vertex 59.69 60.8076 -0.1
      vertex 73.98 52.7863 -0.1
    endloop
  endfacet
  facet normal 0 0 -1
    outer loop
      vertex 50.5968 65.024 -0.1
      vertex 31.242 76.454 -0.1
      vertex 30.891 76.9371 -0.1
    endloop
  endfacet
  facet normal -0 0 -1
    outer loop
      vertex 111.277 55.2958 -0.1
      vertex 112.547 56.1594 -0.1
      vertex 112.547 55.2958 -0.1
    endloop
  endfacet
  facet normal 0 0 -1
    outer loop
      vertex 96.9518 43.8658 -0.1
      vertex 98.1456 42.926 -0.1
      vertex 95.6818 43.8658 -0.1
    endloop
  endfacet
  facet normal 0 0 -1
    outer loop
      vertex 99.6696 45.466 -0.1
      vertex 99.6696 44.704 -0.1
      vertex 98.1456 45.466 -0.1
    endloop
  endfacet
  facet normal 0 0 -1
    outer loop
      vertex 95.6818 43.8658 -0.1
      vertex 93.0275 46.3423 -0.1
      vertex 92.8081 46.6443 -0.1
    endloop
  endfacet
  facet normal 0 0 -1
    outer loop
      vertex 79.06 52.7863 -0.1
      vertex 71.12 58.674 -0.1
      vertex 73.98 57.1856 -0.1
    endloop
  endfacet
  facet normal 0 0 -1
    outer loop
      vertex 89.7636 47.625 -0.1
      vertex 91.1225 46.3423 -0.1
      vertex 90.2681 46.6443 -0.1
    endloop
  endfacet
  facet normal 0 0 -1
    outer loop
      vertex 84.963 51.562 -0.1
      vertex 71.12 62.0776 -0.1
      vertex 73.98 60.4063 -0.1
    endloop
  endfacet
  facet normal -0 -0 -1
    outer loop
      vertex 73.98 58.3844 -0.1
      vertex 71.12 60.8076 -0.1
      vertex 75.88 58.3844 -0.1
    endloop
  endfacet
  facet normal 0 0 -1
    outer loop
      vertex 109.626 65.786 -0.1
      vertex 100.965 60.325 -0.1
      vertex 109.626 67.056 -0.1
    endloop
  endfacet
  facet normal 0 0 -1
    outer loop
      vertex 95.6818 45.9994 -0.1
      vertex 88.138 51.562 -0.1
      vertex 89.662 51.562 -0.1
    endloop
  endfacet
  facet normal 0 0 -1
    outer loop
      vertex 84.963 51.562 -0.1
      vertex 73.98 60.4063 -0.1
      vertex 84.963 53.086 -0.1
    endloop
  endfacet
  facet normal 0 0 -1
    outer loop
      vertex 89.662 53.086 -0.1
      vertex 91.313 51.562 -0.1
      vertex 89.662 51.562 -0.1
    endloop
  endfacet
  facet normal 0 0 -1
    outer loop
      vertex 88.138 51.562 -0.1
      vertex 84.963 54.864 -0.1
      vertex 88.138 53.086 -0.1
    endloop
  endfacet
  facet normal 0 0 -1
    outer loop
      vertex 99.6696 47.244 -0.1
      vertex 107.112 40.259 -0.1
      vertex 99.6696 45.466 -0.1
    endloop
  endfacet
  facet normal 0 0 -1
    outer loop
      vertex 89.9414 61.595 -0.1
      vertex 90.805 61.595 -0.1
      vertex 89.9414 60.325 -0.1
    endloop
  endfacet
  facet normal 0 0 -1
    outer loop
      vertex 90.805 60.325 -0.1
      vertex 88.265 59.055 -0.1
      vertex 89.9414 60.325 -0.1
    endloop
  endfacet
  facet normal 0 0 -1
    outer loop
      vertex 93.1164 60.325 -0.1
      vertex 90.3986 59.055 -0.1
      vertex 92.075 60.325 -0.1
    endloop
  endfacet
  facet normal 0 0 -1
    outer loop
      vertex 93.1164 60.325 -0.1
      vertex 92.075 60.325 -0.1
      vertex 93.1164 61.595 -0.1
    endloop
  endfacet
  facet normal 0 0 -1
    outer loop
      vertex 92.075 61.595 -0.1
      vertex 93.1164 61.595 -0.1
      vertex 92.075 60.325 -0.1
    endloop
  endfacet
  facet normal -0 0 -1
    outer loop
      vertex 92.075 61.595 -0.1
      vertex 96.4387 64.0944 -0.1
      vertex 93.1164 61.595 -0.1
    endloop
  endfacet
  facet normal 0 0 -1
    outer loop
      vertex 97.3379 64.0944 -0.1
      vertex 93.1164 61.595 -0.1
      vertex 96.4387 64.0944 -0.1
    endloop
  endfacet
  facet normal -0 0 -1
    outer loop
      vertex 97.3379 66.5937 -0.1
      vertex 133.388 86.454 -0.1
      vertex 97.3379 65.9943 -0.1
    endloop
  endfacet
  facet normal 0 -0 -1
    outer loop
      vertex 94.9376 64.6938 -0.1
      vertex 94.9376 65.0443 -0.1
      vertex 96.4387 65.6438 -0.1
    endloop
  endfacet
  facet normal 0 0 -1
    outer loop
      vertex 96.4387 65.0443 -0.1
      vertex 94.9376 64.6938 -0.1
      vertex 96.4387 65.6438 -0.1
    endloop
  endfacet
  facet normal 0 0 -1
    outer loop
      vertex 99.6188 33.401 -0.1
      vertex 133.388 20.48 -0.1
      vertex 98.0948 33.401 -0.1
    endloop
  endfacet
  facet normal 0 0 -1
    outer loop
      vertex 90.805 60.325 -0.1
      vertex 89.9414 60.325 -0.1
      vertex 90.805 61.595 -0.1
    endloop
  endfacet
  facet normal 0 0 -1
    outer loop
      vertex 94.0384 65.0443 -0.1
      vertex 86.36 61.595 -0.1
      vertex 94.0384 65.6438 -0.1
    endloop
  endfacet
  facet normal 0 0 -1
    outer loop
      vertex 96.4387 65.9943 -0.1
      vertex 94.9376 65.6438 -0.1
      vertex 96.4387 66.5937 -0.1
    endloop
  endfacet
  facet normal -0 -0 -1
    outer loop
      vertex 87.3125 37.465 -0.1
      vertex 62.865 46.99 -0.1
      vertex 87.9475 37.465 -0.1
    endloop
  endfacet
  facet normal -0 -0 -1
    outer loop
      vertex 87.3125 46.3423 -0.1
      vertex 75.88 52.7863 -0.1
      vertex 87.3731 46.3423 -0.1
    endloop
  endfacet
  facet normal 0 0 -1
    outer loop
      vertex 94.0384 64.0944 -0.1
      vertex 88.6714 61.595 -0.1
      vertex 94.0384 64.6938 -0.1
    endloop
  endfacet
  facet normal -0 0 -1
    outer loop
      vertex 94.0384 65.6438 -0.1
      vertex 94.9376 65.9943 -0.1
      vertex 94.9376 65.6438 -0.1
    endloop
  endfacet
  facet normal -0 0 -1
    outer loop
      vertex 94.9376 65.9943 -0.1
      vertex 96.4387 66.5937 -0.1
      vertex 94.9376 65.6438 -0.1
    endloop
  endfacet
  facet normal 0 -0 -1
    outer loop
      vertex 96.1136 57.785 -0.1
      vertex 96.1136 59.055 -0.1
      vertex 97.155 59.055 -0.1
    endloop
  endfacet
  facet normal 0 0 -1
    outer loop
      vertex 111.15 44.2214 -0.1
      vertex 133.388 20.48 -0.1
      vertex 122.839 31.4711 -0.1
    endloop
  endfacet
  facet normal 0 0 -1
    outer loop
      vertex 107.163 47.244 -0.1
      vertex 96.1136 57.785 -0.1
      vertex 97.155 57.785 -0.1
    endloop
  endfacet
  facet normal -0 0 -1
    outer loop
      vertex 97.5614 61.595 -0.1
      vertex 118.715 75.9906 -0.1
      vertex 98.8314 61.595 -0.1
    endloop
  endfacet
  facet normal 0 0 -1
    outer loop
      vertex 107.163 48.006 -0.1
      vertex 97.155 57.785 -0.1
      vertex 98.425 57.785 -0.1
    endloop
  endfacet
  facet normal 0 0 -1
    outer loop
      vertex 110.896 65.786 -0.1
      vertex 100.559 57.785 -0.1
      vertex 109.626 65.786 -0.1
    endloop
  endfacet
  facet normal -0 -0 -1
    outer loop
      vertex 107.112 35.179 -0.1
      vertex 107.112 35.941 -0.1
      vertex 108.636 35.179 -0.1
    endloop
  endfacet
  facet normal 0 0 -1
    outer loop
      vertex 97.5614 61.595 -0.1
      vertex 133.388 86.454 -0.1
      vertex 118.715 75.9906 -0.1
    endloop
  endfacet
  facet normal 0 0 -1
    outer loop
      vertex 96.52 61.595 -0.1
      vertex 97.5614 61.595 -0.1
      vertex 96.52 60.325 -0.1
    endloop
  endfacet
  facet normal 0 -0 -1
    outer loop
      vertex 96.1136 59.055 -0.1
      vertex 94.8436 59.055 -0.1
      vertex 97.5614 60.325 -0.1
    endloop
  endfacet
  facet normal -0 0 -1
    outer loop
      vertex 98.8314 61.595 -0.1
      vertex 109.626 69.215 -0.1
      vertex 99.695 61.595 -0.1
    endloop
  endfacet
  facet normal 0 -0 -1
    outer loop
      vertex 97.155 59.055 -0.1
      vertex 96.1136 59.055 -0.1
      vertex 98.8314 60.325 -0.1
    endloop
  endfacet
  facet normal 0 0 -1
    outer loop
      vertex 98.8314 60.325 -0.1
      vertex 96.1136 59.055 -0.1
      vertex 97.5614 60.325 -0.1
    endloop
  endfacet
  facet normal 0 0 -1
    outer loop
      vertex 118.715 75.3934 -0.1
      vertex 109.626 69.215 -0.1
      vertex 118.715 75.9906 -0.1
    endloop
  endfacet
  facet normal -0 -0 -1
    outer loop
      vertex 39.2176 63.3222 -0.1
      vertex 37.465 64.77 -0.1
      vertex 41.8084 63.3222 -0.1
    endloop
  endfacet
  facet normal 0 0 -1
    outer loop
      vertex 108.636 35.941 -0.1
      vertex 133.388 20.48 -0.1
      vertex 108.636 35.179 -0.1
    endloop
  endfacet
  facet normal -0 -0 -1
    outer loop
      vertex 92.1766 33.4264 -0.1
      vertex 88.6431 35.0559 -0.1
      vertex 93.4466 33.4264 -0.1
    endloop
  endfacet
  facet normal 0 0 -1
    outer loop
      vertex 85.1881 46.6443 -0.1
      vertex 73.98 52.7863 -0.1
      vertex 75.88 52.7863 -0.1
    endloop
  endfacet
  facet normal 0 0 -1
    outer loop
      vertex 92.4531 37.3341 -0.1
      vertex 76.2981 44.1353 -0.1
      vertex 76.5175 44.4373 -0.1
    endloop
  endfacet
  facet normal 0 0 -1
    outer loop
      vertex 40.3606 51.7652 -0.1
      vertex 42.5196 50.8762 -0.1
      vertex 39.0906 51.7652 -0.1
    endloop
  endfacet
  facet normal 0 0 -1
    outer loop
      vertex 98.0948 40.259 -0.1
      vertex 95.6818 41.656 -0.1
      vertex 96.9518 41.656 -0.1
    endloop
  endfacet
  facet normal 0 0 -1
    outer loop
      vertex 98.0948 37.719 -0.1
      vertex 96.9518 38.5318 -0.1
      vertex 95.6818 39.5224 -0.1
    endloop
  endfacet
  facet normal 0 0 -1
    outer loop
      vertex 77.7875 46.3423 -0.1
      vertex 78.4225 44.4373 -0.1
      vertex 77.7875 44.4373 -0.1
    endloop
  endfacet
  facet normal 0 0 -1
    outer loop
      vertex 82.8675 46.3423 -0.1
      vertex 83.5025 44.4373 -0.1
      vertex 83.5631 44.2507 -0.1
    endloop
  endfacet
  facet normal -0 -0 -1
    outer loop
      vertex 43.4086 53.0352 -0.1
      vertex 41.2496 53.8988 -0.1
      vertex 44.6786 53.0352 -0.1
    endloop
  endfacet
  facet normal 0 0 -1
    outer loop
      vertex 98.0948 35.941 -0.1
      vertex 95.6818 37.2618 -0.1
      vertex 96.9518 37.2618 -0.1
    endloop
  endfacet
  facet normal 0 0 -1
    outer loop
      vertex 75.88 53.9852 -0.1
      vertex 87.3731 46.3423 -0.1
      vertex 75.88 52.7863 -0.1
    endloop
  endfacet
  facet normal 0 0 -1
    outer loop
      vertex 95.6818 45.1358 -0.1
      vertex 86.487 51.562 -0.1
      vertex 88.138 51.562 -0.1
    endloop
  endfacet
  facet normal -0 -0 -1
    outer loop
      vertex 83.5025 37.1475 -0.1
      vertex 82.6481 37.4495 -0.1
      vertex 83.5631 37.1475 -0.1
    endloop
  endfacet
  facet normal 0 0 -1
    outer loop
      vertex 98.0948 38.481 -0.1
      vertex 96.9518 40.7924 -0.1
      vertex 98.0948 40.259 -0.1
    endloop
  endfacet
  facet normal -0 -0 -1
    outer loop
      vertex 95.6818 47.2694 -0.1
      vertex 91.313 51.562 -0.1
      vertex 96.9518 47.2694 -0.1
    endloop
  endfacet
  facet normal 0 0 -1
    outer loop
      vertex 91.1831 44.2507 -0.1
      vertex 91.1225 44.4373 -0.1
      vertex 91.1831 44.4373 -0.1
    endloop
  endfacet
  facet normal 0 0 -1
    outer loop
      vertex 96.9518 47.2694 -0.1
      vertex 98.1456 45.466 -0.1
      vertex 96.9518 45.9994 -0.1
    endloop
  endfacet
  facet normal 0 0 -1
    outer loop
      vertex 94.488 54.864 -0.1
      vertex 92.837 56.388 -0.1
      vertex 91.6686 57.785 -0.1
    endloop
  endfacet
  facet normal -0 0 -1
    outer loop
      vertex 69.0372 66.294 -0.1
      vertex 133.388 86.454 -0.1
      vertex 69.85 66.294 -0.1
    endloop
  endfacet
  facet normal 0 0 -1
    outer loop
      vertex 86.487 56.388 -0.1
      vertex 88.138 54.864 -0.1
      vertex 89.662 53.086 -0.1
    endloop
  endfacet
  facet normal 0 0 -1
    outer loop
      vertex 89.662 56.388 -0.1
      vertex 91.313 54.864 -0.1
      vertex 92.837 53.086 -0.1
    endloop
  endfacet
  facet normal 0 0 -1
    outer loop
      vertex 98.1456 45.466 -0.1
      vertex 96.9518 47.2694 -0.1
      vertex 98.1456 47.244 -0.1
    endloop
  endfacet
  facet normal 0 0 -1
    outer loop
      vertex 92.1766 30.0228 -0.1
      vertex 86.7245 31.3347 -0.1
      vertex 87.1233 31.3347 -0.1
    endloop
  endfacet
  facet normal 0 0 -1
    outer loop
      vertex 76.3524 30.3784 -0.1
      vertex 133.388 20.48 -0.1
      vertex 75.438 30.2514 -0.1
    endloop
  endfacet
  facet normal 0 0 -1
    outer loop
      vertex 108.687 44.704 -0.1
      vertex 111.709 40.2336 -0.1
      vertex 108.687 42.926 -0.1
    endloop
  endfacet
  facet normal 0 0 -1
    outer loop
      vertex 87.5487 65.0443 -0.1
      vertex 86.0476 65.0443 -0.1
      vertex 87.5487 65.6438 -0.1
    endloop
  endfacet
  facet normal 0 0 -1
    outer loop
      vertex 96.9518 47.2694 -0.1
      vertex 91.313 51.562 -0.1
      vertex 92.837 51.562 -0.1
    endloop
  endfacet
  facet normal 0 0 -1
    outer loop
      vertex 98.1456 48.006 -0.1
      vertex 94.488 51.562 -0.1
      vertex 96.012 51.562 -0.1
    endloop
  endfacet
  facet normal 0 0 -1
    outer loop
      vertex 95.6818 36.3982 -0.1
      vertex 77.7875 44.4373 -0.1
      vertex 78.4831 44.2507 -0.1
    endloop
  endfacet
  facet normal 0 0 -1
    outer loop
      vertex 91.313 51.562 -0.1
      vertex 88.138 54.864 -0.1
      vertex 91.313 53.086 -0.1
    endloop
  endfacet
  facet normal -0 -0 -1
    outer loop
      vertex 96.012 53.086 -0.1
      vertex 94.488 54.864 -0.1
      vertex 98.1456 52.324 -0.1
    endloop
  endfacet
  facet normal 0 0 -1
    outer loop
      vertex 113.03 67.945 -0.1
      vertex 110.896 67.056 -0.1
      vertex 111.76 67.945 -0.1
    endloop
  endfacet
  facet normal 0 0 -1
    outer loop
      vertex 108.636 30.861 -0.1
      vertex 133.388 20.48 -0.1
      vertex 107.112 30.861 -0.1
    endloop
  endfacet
  facet normal 0 0 -1
    outer loop
      vertex 92.1766 32.1564 -0.1
      vertex 85.1881 34.9405 -0.1
      vertex 85.4075 35.2425 -0.1
    endloop
  endfacet
  facet normal 0 0 -1
    outer loop
      vertex 92.1766 30.0228 -0.1
      vertex 88.3247 31.3347 -0.1
      vertex 92.1766 31.2928 -0.1
    endloop
  endfacet
  facet normal 0 0 -1
    outer loop
      vertex 96.012 54.864 -0.1
      vertex 98.1456 52.324 -0.1
      vertex 94.488 54.864 -0.1
    endloop
  endfacet
  facet normal 0 0 -1
    outer loop
      vertex 94.8436 57.785 -0.1
      vertex 96.012 56.388 -0.1
      vertex 93.98 57.785 -0.1
    endloop
  endfacet
  facet normal 0 0 -1
    outer loop
      vertex 94.488 54.864 -0.1
      vertex 92.71 57.785 -0.1
      vertex 94.488 56.388 -0.1
    endloop
  endfacet
  facet normal 0 0 -1
    outer loop
      vertex 99.6188 30.861 -0.1
      vertex 133.388 20.48 -0.1
      vertex 98.0948 30.861 -0.1
    endloop
  endfacet
  facet normal 0 0 -1
    outer loop
      vertex 109.626 67.056 -0.1
      vertex 100.965 60.325 -0.1
      vertex 100.965 61.595 -0.1
    endloop
  endfacet
  facet normal 0 0 -1
    outer loop
      vertex 108.687 48.006 -0.1
      vertex 108.687 47.244 -0.1
      vertex 107.163 48.006 -0.1
    endloop
  endfacet
  facet normal 0 0 -1
    outer loop
      vertex 107.163 49.784 -0.1
      vertex 99.2886 57.785 -0.1
      vertex 100.559 57.785 -0.1
    endloop
  endfacet
  facet normal 0 0 -1
    outer loop
      vertex 110.896 67.056 -0.1
      vertex 111.76 67.056 -0.1
      vertex 110.896 65.786 -0.1
    endloop
  endfacet
  facet normal 0 0 -1
    outer loop
      vertex 111.76 67.945 -0.1
      vertex 110.896 67.945 -0.1
      vertex 111.76 69.215 -0.1
    endloop
  endfacet
  facet normal 0 0 -1
    outer loop
      vertex 109.626 67.945 -0.1
      vertex 99.695 61.595 -0.1
      vertex 109.626 69.215 -0.1
    endloop
  endfacet
  facet normal 0 0 -1
    outer loop
      vertex 109.88 44.2214 -0.1
      vertex 108.687 45.466 -0.1
      vertex 109.88 45.085 -0.1
    endloop
  endfacet
  facet normal 0 0 -1
    outer loop
      vertex 99.6188 35.179 -0.1
      vertex 98.0948 35.941 -0.1
      vertex 99.6188 35.941 -0.1
    endloop
  endfacet
  facet normal 0 0 -1
    outer loop
      vertex 99.2886 57.785 -0.1
      vertex 98.425 57.785 -0.1
      vertex 99.2886 59.055 -0.1
    endloop
  endfacet
  facet normal 0 0 -1
    outer loop
      vertex 97.155 57.785 -0.1
      vertex 96.1136 57.785 -0.1
      vertex 97.155 59.055 -0.1
    endloop
  endfacet
  facet normal 0 0 -1
    outer loop
      vertex 51.562 58.42 -0.1
      vertex 75.9431 46.5289 -0.1
      vertex 75.8825 46.3423 -0.1
    endloop
  endfacet
  facet normal -0 -0 -1
    outer loop
      vertex 98.0948 40.259 -0.1
      vertex 96.9518 41.656 -0.1
      vertex 99.6188 40.259 -0.1
    endloop
  endfacet
  facet normal 0 0 -1
    outer loop
      vertex 81.5975 46.3423 -0.1
      vertex 82.2325 44.4373 -0.1
      vertex 82.2931 44.2507 -0.1
    endloop
  endfacet
  facet normal 0 0 -1
    outer loop
      vertex 115.421 44.6608 -0.1
      vertex 115.382 44.7802 -0.1
      vertex 115.421 44.7802 -0.1
    endloop
  endfacet
  facet normal 0 0 -1
    outer loop
      vertex 61.468 60.198 -0.1
      vertex 64.135 58.674 -0.1
      vertex 67.183 56.896 -0.1
    endloop
  endfacet
  facet normal 0 0 -1
    outer loop
      vertex 86.6775 35.2425 -0.1
      vertex 87.3125 34.925 -0.1
      vertex 86.4581 34.9405 -0.1
    endloop
  endfacet
  facet normal -0 -0 -1
    outer loop
      vertex 108.636 32.639 -0.1
      vertex 107.112 33.401 -0.1
      vertex 133.388 20.48 -0.1
    endloop
  endfacet
  facet normal 0 0 -1
    outer loop
      vertex 84.8331 46.5289 -0.1
      vertex 62.992 58.42 -0.1
      vertex 59.69 60.8076 -0.1
    endloop
  endfacet
  facet normal 0 0 -1
    outer loop
      vertex 92.837 53.086 -0.1
      vertex 98.1456 48.006 -0.1
      vertex 92.837 51.562 -0.1
    endloop
  endfacet
  facet normal 0 0 -1
    outer loop
      vertex 92.1766 32.1564 -0.1
      vertex 86.4581 34.9405 -0.1
      vertex 87.3125 34.925 -0.1
    endloop
  endfacet
  facet normal 0 0 -1
    outer loop
      vertex 69.85 60.8076 -0.1
      vertex 68.707 61.722 -0.1
      vertex 67.7672 62.8904 -0.1
    endloop
  endfacet
  facet normal 0 0 -1
    outer loop
      vertex 93.0275 35.2425 -0.1
      vertex 133.388 20.48 -0.1
      vertex 99.6188 32.639 -0.1
    endloop
  endfacet
  facet normal 0 0 -1
    outer loop
      vertex 67.183 60.198 -0.1
      vertex 65.405 62.0776 -0.1
      vertex 65.405 62.8904 -0.1
    endloop
  endfacet
  facet normal -0 0 -1
    outer loop
      vertex 99.2886 59.055 -0.1
      vertex 100.965 60.325 -0.1
      vertex 100.559 59.055 -0.1
    endloop
  endfacet
  facet normal 0 0 -1
    outer loop
      vertex 122.535 44.7802 -0.1
      vertex 122.291 46.6598 -0.1
      vertex 122.535 46.6598 -0.1
    endloop
  endfacet
  facet normal 0 0 -1
    outer loop
      vertex 86.487 53.086 -0.1
      vertex 80.96 57.1856 -0.1
      vertex 84.963 54.864 -0.1
    endloop
  endfacet
  facet normal 0 0 -1
    outer loop
      vertex 111.277 54.0258 -0.1
      vertex 108.687 50.546 -0.1
      vertex 111.277 55.2958 -0.1
    endloop
  endfacet
  facet normal 0 0 -1
    outer loop
      vertex 99.6696 50.546 -0.1
      vertex 99.6696 49.784 -0.1
      vertex 98.1456 50.546 -0.1
    endloop
  endfacet
  facet normal 0 0 -1
    outer loop
      vertex 86.487 56.388 -0.1
      vertex 89.662 53.086 -0.1
      vertex 86.487 54.864 -0.1
    endloop
  endfacet
  facet normal 0 0 -1
    outer loop
      vertex 88.138 51.562 -0.1
      vertex 86.487 53.086 -0.1
      vertex 84.963 54.864 -0.1
    endloop
  endfacet
  facet normal 0 0 -1
    outer loop
      vertex 99.6696 49.784 -0.1
      vertex 107.163 42.926 -0.1
      vertex 99.6696 48.006 -0.1
    endloop
  endfacet
  facet normal 0 0 -1
    outer loop
      vertex 111.709 38.1 -0.1
      vertex 133.388 20.48 -0.1
      vertex 111.709 36.83 -0.1
    endloop
  endfacet
  facet normal 0 0 -1
    outer loop
      vertex 118.339 41.91 -0.1
      vertex 117.089 44.7802 -0.1
      vertex 118.339 43.18 -0.1
    endloop
  endfacet
  facet normal 0 0 -1
    outer loop
      vertex 98.1456 50.546 -0.1
      vertex 96.012 53.086 -0.1
      vertex 98.1456 52.324 -0.1
    endloop
  endfacet
  facet normal 0 0 -1
    outer loop
      vertex 107.112 38.481 -0.1
      vertex 99.6696 45.466 -0.1
      vertex 107.112 40.259 -0.1
    endloop
  endfacet
  facet normal 0 0 -1
    outer loop
      vertex 91.313 54.864 -0.1
      vertex 89.535 57.785 -0.1
      vertex 91.313 56.388 -0.1
    endloop
  endfacet
  facet normal 0 0 -1
    outer loop
      vertex 109.626 65.786 -0.1
      vertex 100.559 59.055 -0.1
      vertex 100.965 60.325 -0.1
    endloop
  endfacet
  facet normal -0 -0 -1
    outer loop
      vertex 95.6818 33.4518 -0.1
      vertex 91.7575 35.2425 -0.1
      vertex 96.9518 33.4518 -0.1
    endloop
  endfacet
  facet normal 0 0 -1
    outer loop
      vertex 97.5614 60.325 -0.1
      vertex 94.8436 59.055 -0.1
      vertex 96.52 60.325 -0.1
    endloop
  endfacet
  facet normal 0 0 -1
    outer loop
      vertex 108.687 49.784 -0.1
      vertex 111.15 46.355 -0.1
      vertex 108.687 48.006 -0.1
    endloop
  endfacet
  facet normal 0 0 -1
    outer loop
      vertex 107.163 45.466 -0.1
      vertex 96.012 56.388 -0.1
      vertex 96.1136 57.785 -0.1
    endloop
  endfacet
  facet normal -0 0 -1
    outer loop
      vertex 94.0384 64.6938 -0.1
      vertex 94.9376 65.0443 -0.1
      vertex 94.9376 64.6938 -0.1
    endloop
  endfacet
  facet normal 0 0 -1
    outer loop
      vertex 123.19 30.988 -0.1
      vertex 133.388 20.48 -0.1
      vertex 122.839 30.5049 -0.1
    endloop
  endfacet
  facet normal 0 0 -1
    outer loop
      vertex 107.163 50.546 -0.1
      vertex 100.559 57.785 -0.1
      vertex 107.163 52.324 -0.1
    endloop
  endfacet
  facet normal 0 -0 -1
    outer loop
      vertex 119.322 46.7792 -0.1
      vertex 116.949 51.445 -0.1
      vertex 119.549 46.853 -0.1
    endloop
  endfacet
  facet normal 0 0 -1
    outer loop
      vertex 107.163 48.006 -0.1
      vertex 98.425 57.785 -0.1
      vertex 99.2886 57.785 -0.1
    endloop
  endfacet
  facet normal 0 0 -1
    outer loop
      vertex 108.687 45.466 -0.1
      vertex 109.88 44.2214 -0.1
      vertex 108.687 44.704 -0.1
    endloop
  endfacet
  facet normal -0 0 -1
    outer loop
      vertex 109.626 69.215 -0.1
      vertex 118.715 75.3934 -0.1
      vertex 110.896 69.215 -0.1
    endloop
  endfacet
  facet normal 0 0 -1
    outer loop
      vertex 113.03 67.945 -0.1
      vertex 111.76 67.056 -0.1
      vertex 110.896 67.056 -0.1
    endloop
  endfacet
  facet normal 0 0 -1
    outer loop
      vertex 108.687 50.546 -0.1
      vertex 108.687 49.784 -0.1
      vertex 107.163 50.546 -0.1
    endloop
  endfacet
  facet normal 0 0 -1
    outer loop
      vertex 116.205 43.18 -0.1
      vertex 115.648 44.587 -0.1
      vertex 115.788 44.7802 -0.1
    endloop
  endfacet
  facet normal 0 -0 -1
    outer loop
      vertex 111.277 57.4294 -0.1
      vertex 107.163 52.324 -0.1
      vertex 133.388 86.454 -0.1
    endloop
  endfacet
  facet normal 0 0 -1
    outer loop
      vertex 107.163 48.006 -0.1
      vertex 99.2886 57.785 -0.1
      vertex 107.163 49.784 -0.1
    endloop
  endfacet
  facet normal -0 -0 -1
    outer loop
      vertex 110.439 38.1 -0.1
      vertex 110.439 38.9636 -0.1
      vertex 111.709 38.1 -0.1
    endloop
  endfacet
  facet normal -0 0 -1
    outer loop
      vertex 112.547 57.4294 -0.1
      vertex 133.388 86.454 -0.1
      vertex 112.547 56.1594 -0.1
    endloop
  endfacet
  facet normal 0 0 -1
    outer loop
      vertex 110.896 69.215 -0.1
      vertex 111.76 69.215 -0.1
      vertex 110.896 67.945 -0.1
    endloop
  endfacet
  facet normal 0 -0 -1
    outer loop
      vertex 107.163 52.324 -0.1
      vertex 100.559 57.785 -0.1
      vertex 110.896 65.786 -0.1
    endloop
  endfacet
  facet normal -0 -0 -1
    outer loop
      vertex 112.065 45.4406 -0.1
      vertex 112.065 46.3042 -0.1
      vertex 113.335 45.4406 -0.1
    endloop
  endfacet
  facet normal -0 -0 -1
    outer loop
      vertex 119.04 46.6598 -0.1
      vertex 116.439 51.6382 -0.1
      vertex 119.283 46.6598 -0.1
    endloop
  endfacet
  facet normal 0 0 -1
    outer loop
      vertex 96.9518 33.4518 -0.1
      vertex 92.4531 35.0559 -0.1
      vertex 92.8081 34.9405 -0.1
    endloop
  endfacet
  facet normal 0 0 -1
    outer loop
      vertex 108.687 48.006 -0.1
      vertex 109.88 46.355 -0.1
      vertex 108.687 47.244 -0.1
    endloop
  endfacet
  facet normal -0 -0 -1
    outer loop
      vertex 109.88 44.2214 -0.1
      vertex 109.88 45.085 -0.1
      vertex 111.15 44.2214 -0.1
    endloop
  endfacet
  facet normal -0 0 -1
    outer loop
      vertex 100.559 59.055 -0.1
      vertex 109.626 65.786 -0.1
      vertex 100.559 57.785 -0.1
    endloop
  endfacet
  facet normal 0 0 -1
    outer loop
      vertex 107.112 30.861 -0.1
      vertex 99.6188 35.179 -0.1
      vertex 99.6188 35.941 -0.1
    endloop
  endfacet
  facet normal 0 0 -1
    outer loop
      vertex 110.896 67.945 -0.1
      vertex 109.626 67.056 -0.1
      vertex 100.965 61.595 -0.1
    endloop
  endfacet
  facet normal 0 0 -1
    outer loop
      vertex 109.88 42.9514 -0.1
      vertex 108.687 44.704 -0.1
      vertex 109.88 44.2214 -0.1
    endloop
  endfacet
  facet normal 0 0 -1
    outer loop
      vertex 122.839 30.5049 -0.1
      vertex 133.388 20.48 -0.1
      vertex 122.271 30.6894 -0.1
    endloop
  endfacet
  facet normal -0 -0 -1
    outer loop
      vertex 107.163 49.784 -0.1
      vertex 107.163 50.546 -0.1
      vertex 108.687 49.784 -0.1
    endloop
  endfacet
  facet normal -0 -0 -1
    outer loop
      vertex 109.88 46.355 -0.1
      vertex 108.687 48.006 -0.1
      vertex 111.15 46.355 -0.1
    endloop
  endfacet
  facet normal 0 0 -1
    outer loop
      vertex 116.205 43.18 -0.1
      vertex 115.788 44.7802 -0.1
      vertex 116.071 44.6608 -0.1
    endloop
  endfacet
  facet normal 0 0 -1
    outer loop
      vertex 111.15 45.085 -0.1
      vertex 116.078 39.243 -0.1
      vertex 111.15 44.2214 -0.1
    endloop
  endfacet
  facet normal 0 0 -1
    outer loop
      vertex 119.283 75.2089 -0.1
      vertex 111.76 69.215 -0.1
      vertex 110.896 69.215 -0.1
    endloop
  endfacet
  facet normal 0 0 -1
    outer loop
      vertex 109.88 45.085 -0.1
      vertex 108.687 47.244 -0.1
      vertex 109.88 46.355 -0.1
    endloop
  endfacet
  facet normal 0 0 -1
    outer loop
      vertex 111.15 46.355 -0.1
      vertex 112.065 44.1706 -0.1
      vertex 111.15 45.085 -0.1
    endloop
  endfacet
  facet normal 0 0 -1
    outer loop
      vertex 110.439 38.1 -0.1
      vertex 108.636 40.259 -0.1
      vertex 110.439 38.9636 -0.1
    endloop
  endfacet
  facet normal 0 0 -1
    outer loop
      vertex 116.078 39.243 -0.1
      vertex 133.388 20.48 -0.1
      vertex 111.15 44.2214 -0.1
    endloop
  endfacet
  facet normal 0 0 -1
    outer loop
      vertex 111.709 38.9636 -0.1
      vertex 133.388 20.48 -0.1
      vertex 111.709 38.1 -0.1
    endloop
  endfacet
  facet normal 0 0 -1
    outer loop
      vertex 112.065 45.4406 -0.1
      vertex 111.15 46.355 -0.1
      vertex 108.687 49.784 -0.1
    endloop
  endfacet
  facet normal -0 -0 -1
    outer loop
      vertex 96.9518 47.2694 -0.1
      vertex 92.837 51.562 -0.1
      vertex 98.1456 47.244 -0.1
    endloop
  endfacet
  facet normal 0 0 -1
    outer loop
      vertex 95.6818 45.9994 -0.1
      vertex 89.662 51.562 -0.1
      vertex 95.6818 47.2694 -0.1
    endloop
  endfacet
  facet normal 0 0 -1
    outer loop
      vertex 96.9518 45.9994 -0.1
      vertex 98.1456 44.704 -0.1
      vertex 96.9518 45.1358 -0.1
    endloop
  endfacet
  facet normal -0 -0 -1
    outer loop
      vertex 107.163 44.704 -0.1
      vertex 107.163 45.466 -0.1
      vertex 108.687 44.704 -0.1
    endloop
  endfacet
  facet normal -0 -0 -1
    outer loop
      vertex 98.1456 49.784 -0.1
      vertex 98.1456 50.546 -0.1
      vertex 99.6696 49.784 -0.1
    endloop
  endfacet
  facet normal 0 0 -1
    outer loop
      vertex 91.313 51.562 -0.1
      vertex 89.662 53.086 -0.1
      vertex 88.138 54.864 -0.1
    endloop
  endfacet
  facet normal 0 0 -1
    outer loop
      vertex 95.6818 39.5224 -0.1
      vertex 86.6775 44.1198 -0.1
      vertex 87.3731 44.2507 -0.1
    endloop
  endfacet
  facet normal 0 0 -1
    outer loop
      vertex 94.488 51.562 -0.1
      vertex 91.313 54.864 -0.1
      vertex 94.488 53.086 -0.1
    endloop
  endfacet
  facet normal 0 0 -1
    outer loop
      vertex 96.012 53.086 -0.1
      vertex 98.1456 50.546 -0.1
      vertex 96.012 51.562 -0.1
    endloop
  endfacet
  facet normal 0 0 -1
    outer loop
      vertex 99.6696 48.006 -0.1
      vertex 108.636 40.259 -0.1
      vertex 99.6696 47.244 -0.1
    endloop
  endfacet
  facet normal 0 0 -1
    outer loop
      vertex 110.439 38.9636 -0.1
      vertex 107.163 42.926 -0.1
      vertex 110.439 40.2336 -0.1
    endloop
  endfacet
  facet normal 0 0 -1
    outer loop
      vertex 98.0948 30.861 -0.1
      vertex 96.9518 31.3182 -0.1
      vertex 95.6818 32.1818 -0.1
    endloop
  endfacet
  facet normal 0 -0 -1
    outer loop
      vertex 108.687 50.546 -0.1
      vertex 108.687 52.324 -0.1
      vertex 111.277 55.2958 -0.1
    endloop
  endfacet
  facet normal -0 0 -1
    outer loop
      vertex 113.03 67.945 -0.1
      vertex 133.388 86.454 -0.1
      vertex 113.03 67.056 -0.1
    endloop
  endfacet
  facet normal 0 -0 -1
    outer loop
      vertex 108.687 49.784 -0.1
      vertex 108.687 50.546 -0.1
      vertex 111.277 54.0258 -0.1
    endloop
  endfacet
  facet normal 0 -0 -1
    outer loop
      vertex 112.065 47.5742 -0.1
      vertex 108.687 49.784 -0.1
      vertex 112.547 54.0258 -0.1
    endloop
  endfacet
  facet normal 0 0 -1
    outer loop
      vertex 115.421 51.5188 -0.1
      vertex 115.382 51.6382 -0.1
      vertex 115.421 51.6382 -0.1
    endloop
  endfacet
  facet normal -0 0 -1
    outer loop
      vertex 111.277 57.4294 -0.1
      vertex 133.388 86.454 -0.1
      vertex 112.547 57.4294 -0.1
    endloop
  endfacet
  facet normal 0 -0 -1
    outer loop
      vertex 108.687 52.324 -0.1
      vertex 107.163 52.324 -0.1
      vertex 111.277 57.4294 -0.1
    endloop
  endfacet
  facet normal 0 0 -1
    outer loop
      vertex 111.277 55.2958 -0.1
      vertex 108.687 52.324 -0.1
      vertex 111.277 56.1594 -0.1
    endloop
  endfacet
  facet normal 0 0 -1
    outer loop
      vertex 108.687 52.324 -0.1
      vertex 111.277 57.4294 -0.1
      vertex 111.277 56.1594 -0.1
    endloop
  endfacet
  facet normal 0 0 -1
    outer loop
      vertex 112.547 56.1594 -0.1
      vertex 111.277 55.2958 -0.1
      vertex 111.277 56.1594 -0.1
    endloop
  endfacet
  facet normal 0 0 -1
    outer loop
      vertex 112.547 54.0258 -0.1
      vertex 108.687 49.784 -0.1
      vertex 111.277 54.0258 -0.1
    endloop
  endfacet
  facet normal -0 0 -1
    outer loop
      vertex 111.76 67.056 -0.1
      vertex 113.03 67.945 -0.1
      vertex 113.03 67.056 -0.1
    endloop
  endfacet
  facet normal -0 0 -1
    outer loop
      vertex 113.03 69.215 -0.1
      vertex 133.388 86.454 -0.1
      vertex 113.03 67.945 -0.1
    endloop
  endfacet
  facet normal 0 0 -1
    outer loop
      vertex 107.163 52.324 -0.1
      vertex 110.896 65.786 -0.1
      vertex 111.76 65.786 -0.1
    endloop
  endfacet
  facet normal -0 0 -1
    outer loop
      vertex 111.76 69.215 -0.1
      vertex 119.283 75.2089 -0.1
      vertex 113.03 69.215 -0.1
    endloop
  endfacet
  facet normal 0 0 -1
    outer loop
      vertex 107.163 52.324 -0.1
      vertex 111.76 65.786 -0.1
      vertex 113.03 65.786 -0.1
    endloop
  endfacet
  facet normal 0 0 -1
    outer loop
      vertex 107.163 52.324 -0.1
      vertex 113.03 65.786 -0.1
      vertex 133.388 86.454 -0.1
    endloop
  endfacet
  facet normal -0 0 -1
    outer loop
      vertex 113.03 67.056 -0.1
      vertex 133.388 86.454 -0.1
      vertex 113.03 65.786 -0.1
    endloop
  endfacet
  facet normal -0 0 -1
    outer loop
      vertex 119.283 75.2089 -0.1
      vertex 133.388 86.454 -0.1
      vertex 113.03 69.215 -0.1
    endloop
  endfacet
  facet normal -0 -0 -1
    outer loop
      vertex 98.0948 35.179 -0.1
      vertex 96.9518 36.3982 -0.1
      vertex 99.6188 35.179 -0.1
    endloop
  endfacet
  facet normal -0 0 -1
    outer loop
      vertex 119.283 76.1751 -0.1
      vertex 133.388 86.454 -0.1
      vertex 119.634 75.692 -0.1
    endloop
  endfacet
  facet normal 0 0 -1
    outer loop
      vertex 100.965 60.325 -0.1
      vertex 98.425 59.055 -0.1
      vertex 99.695 60.325 -0.1
    endloop
  endfacet
  facet normal 0 -0 -1
    outer loop
      vertex 116.205 43.18 -0.1
      vertex 116.071 44.6608 -0.1
      vertex 116.298 44.587 -0.1
    endloop
  endfacet
  facet normal 0 0 -1
    outer loop
      vertex 111.76 65.786 -0.1
      vertex 110.896 65.786 -0.1
      vertex 111.76 67.056 -0.1
    endloop
  endfacet
  facet normal 0 0 -1
    outer loop
      vertex 110.896 67.945 -0.1
      vertex 100.965 61.595 -0.1
      vertex 109.626 67.945 -0.1
    endloop
  endfacet
  facet normal 0 0 -1
    outer loop
      vertex 112.065 45.4406 -0.1
      vertex 108.687 49.784 -0.1
      vertex 112.065 46.3042 -0.1
    endloop
  endfacet
  facet normal 0 0 -1
    outer loop
      vertex 113.335 44.1706 -0.1
      vertex 116.078 40.767 -0.1
      vertex 112.065 44.1706 -0.1
    endloop
  endfacet
  facet normal 0 0 -1
    outer loop
      vertex 112.065 44.1706 -0.1
      vertex 111.15 46.355 -0.1
      vertex 112.065 45.4406 -0.1
    endloop
  endfacet
  facet normal -0 -0 -1
    outer loop
      vertex 110.439 40.2336 -0.1
      vertex 108.687 42.926 -0.1
      vertex 111.709 40.2336 -0.1
    endloop
  endfacet
  facet normal -0 0 -1
    outer loop
      vertex 112.065 47.5742 -0.1
      vertex 112.547 54.0258 -0.1
      vertex 113.335 47.5742 -0.1
    endloop
  endfacet
  facet normal 0 0 -1
    outer loop
      vertex 113.335 46.3042 -0.1
      vertex 113.335 45.4406 -0.1
      vertex 112.065 46.3042 -0.1
    endloop
  endfacet
  facet normal 0 0 -1
    outer loop
      vertex 113.894 55.8546 -0.1
      vertex 112.547 54.0258 -0.1
      vertex 112.547 55.2958 -0.1
    endloop
  endfacet
  facet normal 0 0 -1
    outer loop
      vertex 112.065 46.3042 -0.1
      vertex 108.687 49.784 -0.1
      vertex 112.065 47.5742 -0.1
    endloop
  endfacet
  facet normal 0 0 -1
    outer loop
      vertex 117.372 44.6608 -0.1
      vertex 118.339 43.18 -0.1
      vertex 117.089 44.7802 -0.1
    endloop
  endfacet
  facet normal 0 0 -1
    outer loop
      vertex 117.475 41.91 -0.1
      vertex 119.38 39.243 -0.1
      vertex 117.602 40.767 -0.1
    endloop
  endfacet
  facet normal 0 0 -1
    outer loop
      vertex 114.732 44.577 -0.1
      vertex 113.335 47.5742 -0.1
      vertex 114.732 46.863 -0.1
    endloop
  endfacet
  facet normal 0 0 -1
    outer loop
      vertex 114.732 44.577 -0.1
      vertex 113.335 46.3042 -0.1
      vertex 113.335 47.5742 -0.1
    endloop
  endfacet
  facet normal 0 0 -1
    outer loop
      vertex 114.732 46.863 -0.1
      vertex 113.335 47.5742 -0.1
      vertex 112.547 54.0258 -0.1
    endloop
  endfacet
  facet normal 0 0 -1
    outer loop
      vertex 113.894 55.8546 -0.1
      vertex 112.547 55.2958 -0.1
      vertex 113.894 57.3786 -0.1
    endloop
  endfacet
  facet normal 0 0 -1
    outer loop
      vertex 114.732 53.5178 -0.1
      vertex 112.547 54.0258 -0.1
      vertex 113.894 55.8546 -0.1
    endloop
  endfacet
  facet normal 0 0 -1
    outer loop
      vertex 115.138 53.5178 -0.1
      vertex 115.382 51.6382 -0.1
      vertex 115.138 51.6382 -0.1
    endloop
  endfacet
  facet normal 0 -0 -1
    outer loop
      vertex 115.382 53.5178 -0.1
      vertex 113.894 55.8546 -0.1
      vertex 115.418 55.8546 -0.1
    endloop
  endfacet
  facet normal 0 -0 -1
    outer loop
      vertex 117.196 57.3786 -0.1
      vertex 115.418 55.8546 -0.1
      vertex 133.388 86.454 -0.1
    endloop
  endfacet
  facet normal 0 -0 -1
    outer loop
      vertex 115.418 55.8546 -0.1
      vertex 115.418 57.3786 -0.1
      vertex 133.388 86.454 -0.1
    endloop
  endfacet
  facet normal 0 0 -1
    outer loop
      vertex 118.339 41.91 -0.1
      vertex 117.475 43.18 -0.1
      vertex 116.439 44.7802 -0.1
    endloop
  endfacet
  facet normal 0 0 -1
    outer loop
      vertex 115.138 46.863 -0.1
      vertex 114.732 46.863 -0.1
      vertex 112.547 54.0258 -0.1
    endloop
  endfacet
  facet normal 0 0 -1
    outer loop
      vertex 114.771 51.5188 -0.1
      vertex 114.732 51.6382 -0.1
      vertex 114.771 51.6382 -0.1
    endloop
  endfacet
  facet normal 0 0 -1
    outer loop
      vertex 115.382 46.6598 -0.1
      vertex 115.138 46.863 -0.1
      vertex 112.547 54.0258 -0.1
    endloop
  endfacet
  facet normal 0 0 -1
    outer loop
      vertex 114.732 51.6382 -0.1
      vertex 112.547 54.0258 -0.1
      vertex 114.732 53.5178 -0.1
    endloop
  endfacet
  facet normal 0 0 -1
    outer loop
      vertex 114.771 53.6372 -0.1
      vertex 114.732 53.5178 -0.1
      vertex 113.894 55.8546 -0.1
    endloop
  endfacet
  facet normal 0 0 -1
    outer loop
      vertex 114.771 51.5188 -0.1
      vertex 112.547 54.0258 -0.1
      vertex 114.732 51.6382 -0.1
    endloop
  endfacet
  facet normal 0 0 -1
    outer loop
      vertex 117.333 46.6598 -0.1
      vertex 112.547 54.0258 -0.1
      vertex 114.771 51.5188 -0.1
    endloop
  endfacet
  facet normal 0 0 -1
    outer loop
      vertex 118.672 44.6608 -0.1
      vertex 118.633 44.7802 -0.1
      vertex 118.672 44.7802 -0.1
    endloop
  endfacet
  facet normal 0 0 -1
    outer loop
      vertex 117.983 46.6598 -0.1
      vertex 114.998 51.445 -0.1
      vertex 115.138 51.6382 -0.1
    endloop
  endfacet
  facet normal 0 0 -1
    outer loop
      vertex 114.771 53.5178 -0.1
      vertex 114.732 53.5178 -0.1
      vertex 114.771 53.6372 -0.1
    endloop
  endfacet
  facet normal 0 0 -1
    outer loop
      vertex 116.071 51.5188 -0.1
      vertex 116.032 51.6382 -0.1
      vertex 116.071 51.6382 -0.1
    endloop
  endfacet
  facet normal 0 0 -1
    outer loop
      vertex 115.382 44.7802 -0.1
      vertex 115.138 46.863 -0.1
      vertex 115.382 46.6598 -0.1
    endloop
  endfacet
  facet normal 0 0 -1
    outer loop
      vertex 115.138 53.5178 -0.1
      vertex 114.998 53.711 -0.1
      vertex 113.894 55.8546 -0.1
    endloop
  endfacet
  facet normal 0 0 -1
    outer loop
      vertex 119.609 41.91 -0.1
      vertex 119.38 40.767 -0.1
      vertex 118.339 41.91 -0.1
    endloop
  endfacet
  facet normal 0 0 -1
    outer loop
      vertex 114.998 53.711 -0.1
      vertex 114.771 53.6372 -0.1
      vertex 113.894 55.8546 -0.1
    endloop
  endfacet
  facet normal 0 0 -1
    outer loop
      vertex 115.421 46.7792 -0.1
      vertex 115.382 46.6598 -0.1
      vertex 112.547 54.0258 -0.1
    endloop
  endfacet
  facet normal 0 0 -1
    outer loop
      vertex 115.421 44.6608 -0.1
      vertex 115.138 44.577 -0.1
      vertex 115.382 44.7802 -0.1
    endloop
  endfacet
  facet normal 0 0 -1
    outer loop
      vertex 116.439 44.7802 -0.1
      vertex 117.475 43.18 -0.1
      vertex 116.298 44.587 -0.1
    endloop
  endfacet
  facet normal 0 0 -1
    outer loop
      vertex 119.973 44.6608 -0.1
      vertex 133.388 20.48 -0.1
      vertex 119.69 44.7802 -0.1
    endloop
  endfacet
  facet normal 0 0 -1
    outer loop
      vertex 116.205 43.18 -0.1
      vertex 115.138 44.577 -0.1
      vertex 115.421 44.6608 -0.1
    endloop
  endfacet
  facet normal 0 0 -1
    outer loop
      vertex 119.69 46.6598 -0.1
      vertex 119.934 44.7802 -0.1
      vertex 119.69 44.7802 -0.1
    endloop
  endfacet
  facet normal -0 0 -1
    outer loop
      vertex 118.72 57.3786 -0.1
      vertex 120.65 59.9186 -0.1
      vertex 118.72 55.8546 -0.1
    endloop
  endfacet
  facet normal 0 0 -1
    outer loop
      vertex 118.389 46.6598 -0.1
      vertex 115.648 51.445 -0.1
      vertex 115.788 51.6382 -0.1
    endloop
  endfacet
  facet normal 0 0 -1
    outer loop
      vertex 115.421 46.6598 -0.1
      vertex 115.382 46.6598 -0.1
      vertex 115.421 46.7792 -0.1
    endloop
  endfacet
  facet normal 0 0 -1
    outer loop
      vertex 116.032 46.6598 -0.1
      vertex 115.788 46.6598 -0.1
      vertex 112.547 54.0258 -0.1
    endloop
  endfacet
  facet normal -0 -0 -1
    outer loop
      vertex 115.138 53.5178 -0.1
      vertex 113.894 55.8546 -0.1
      vertex 115.382 53.5178 -0.1
    endloop
  endfacet
  facet normal 0 0 -1
    outer loop
      vertex 115.788 46.6598 -0.1
      vertex 115.648 46.853 -0.1
      vertex 112.547 54.0258 -0.1
    endloop
  endfacet
  facet normal 0 0 -1
    outer loop
      vertex 115.382 51.6382 -0.1
      vertex 115.138 53.5178 -0.1
      vertex 115.382 53.5178 -0.1
    endloop
  endfacet
  facet normal 0 0 -1
    outer loop
      vertex 115.648 46.853 -0.1
      vertex 115.421 46.7792 -0.1
      vertex 112.547 54.0258 -0.1
    endloop
  endfacet
  facet normal 0 0 -1
    outer loop
      vertex 115.421 53.6372 -0.1
      vertex 115.382 53.5178 -0.1
      vertex 115.418 55.8546 -0.1
    endloop
  endfacet
  facet normal 0 0 -1
    outer loop
      vertex 115.421 51.5188 -0.1
      vertex 115.138 51.6382 -0.1
      vertex 115.382 51.6382 -0.1
    endloop
  endfacet
  facet normal 0 0 -1
    outer loop
      vertex 119.609 43.18 -0.1
      vertex 120.904 40.767 -0.1
      vertex 119.609 41.91 -0.1
    endloop
  endfacet
  facet normal 0 0 -1
    outer loop
      vertex 118.022 46.7792 -0.1
      vertex 115.138 51.6382 -0.1
      vertex 115.421 51.5188 -0.1
    endloop
  endfacet
  facet normal 0 0 -1
    outer loop
      vertex 115.648 51.445 -0.1
      vertex 118.389 46.6598 -0.1
      vertex 118.249 46.853 -0.1
    endloop
  endfacet
  facet normal 0 0 -1
    outer loop
      vertex 117.372 51.5188 -0.1
      vertex 117.333 51.6382 -0.1
      vertex 117.372 51.6382 -0.1
    endloop
  endfacet
  facet normal 0 0 -1
    outer loop
      vertex 119.04 46.6598 -0.1
      vertex 119.283 44.7802 -0.1
      vertex 119.04 44.7802 -0.1
    endloop
  endfacet
  facet normal 0 0 -1
    outer loop
      vertex 115.421 53.5178 -0.1
      vertex 115.382 53.5178 -0.1
      vertex 115.421 53.6372 -0.1
    endloop
  endfacet
  facet normal 0 0 -1
    outer loop
      vertex 116.032 53.5178 -0.1
      vertex 115.788 53.5178 -0.1
      vertex 115.418 55.8546 -0.1
    endloop
  endfacet
  facet normal 0 0 -1
    outer loop
      vertex 116.032 44.7802 -0.1
      vertex 115.788 46.6598 -0.1
      vertex 116.032 46.6598 -0.1
    endloop
  endfacet
  facet normal 0 0 -1
    outer loop
      vertex 115.788 53.5178 -0.1
      vertex 115.648 53.711 -0.1
      vertex 115.418 55.8546 -0.1
    endloop
  endfacet
  facet normal 0 0 -1
    outer loop
      vertex 115.648 53.711 -0.1
      vertex 115.421 53.6372 -0.1
      vertex 115.418 55.8546 -0.1
    endloop
  endfacet
  facet normal 0 0 -1
    outer loop
      vertex 116.439 46.6598 -0.1
      vertex 116.683 44.7802 -0.1
      vertex 116.439 44.7802 -0.1
    endloop
  endfacet
  facet normal 0 0 -1
    outer loop
      vertex 116.071 46.7792 -0.1
      vertex 116.032 46.6598 -0.1
      vertex 112.547 54.0258 -0.1
    endloop
  endfacet
  facet normal 0 0 -1
    outer loop
      vertex 116.071 44.6608 -0.1
      vertex 115.788 44.7802 -0.1
      vertex 116.032 44.7802 -0.1
    endloop
  endfacet
  facet normal 0 0 -1
    outer loop
      vertex 116.071 51.5188 -0.1
      vertex 118.633 46.6598 -0.1
      vertex 115.788 51.6382 -0.1
    endloop
  endfacet
  facet normal 0 0 -1
    outer loop
      vertex 118.339 41.91 -0.1
      vertex 116.439 44.7802 -0.1
      vertex 116.721 44.6608 -0.1
    endloop
  endfacet
  facet normal 0 0 -1
    outer loop
      vertex 116.071 44.6608 -0.1
      vertex 116.032 44.7802 -0.1
      vertex 116.071 44.7802 -0.1
    endloop
  endfacet
  facet normal 0 0 -1
    outer loop
      vertex 116.071 46.6598 -0.1
      vertex 116.032 46.6598 -0.1
      vertex 116.071 46.7792 -0.1
    endloop
  endfacet
  facet normal 0 0 -1
    outer loop
      vertex 116.683 46.6598 -0.1
      vertex 116.439 46.6598 -0.1
      vertex 112.547 54.0258 -0.1
    endloop
  endfacet
  facet normal 0 0 -1
    outer loop
      vertex 116.032 51.6382 -0.1
      vertex 115.788 53.5178 -0.1
      vertex 116.032 53.5178 -0.1
    endloop
  endfacet
  facet normal 0 0 -1
    outer loop
      vertex 116.439 46.6598 -0.1
      vertex 116.298 46.853 -0.1
      vertex 112.547 54.0258 -0.1
    endloop
  endfacet
  facet normal 0 0 -1
    outer loop
      vertex 116.298 46.853 -0.1
      vertex 116.071 46.7792 -0.1
      vertex 112.547 54.0258 -0.1
    endloop
  endfacet
  facet normal 0 0 -1
    outer loop
      vertex 120.584 51.6382 -0.1
      vertex 120.34 53.721 -0.1
      vertex 120.584 53.5178 -0.1
    endloop
  endfacet
  facet normal 0 0 -1
    outer loop
      vertex 116.071 53.6372 -0.1
      vertex 116.032 53.5178 -0.1
      vertex 115.418 55.8546 -0.1
    endloop
  endfacet
  facet normal 0 0 -1
    outer loop
      vertex 116.439 51.6382 -0.1
      vertex 119.04 46.6598 -0.1
      vertex 118.899 46.853 -0.1
    endloop
  endfacet
  facet normal 0 0 -1
    outer loop
      vertex 117.089 51.6382 -0.1
      vertex 119.549 46.853 -0.1
      vertex 116.949 51.445 -0.1
    endloop
  endfacet
  facet normal 0 0 -1
    outer loop
      vertex 116.032 51.6382 -0.1
      vertex 116.071 51.5188 -0.1
      vertex 115.788 51.6382 -0.1
    endloop
  endfacet
  facet normal 0 0 -1
    outer loop
      vertex 116.078 40.767 -0.1
      vertex 113.335 44.1706 -0.1
      vertex 113.335 45.4406 -0.1
    endloop
  endfacet
  facet normal 0 0 -1
    outer loop
      vertex 116.439 53.5178 -0.1
      vertex 116.298 53.711 -0.1
      vertex 115.418 55.8546 -0.1
    endloop
  endfacet
  facet normal 0 -0 -1
    outer loop
      vertex 116.078 40.767 -0.1
      vertex 113.335 45.4406 -0.1
      vertex 116.205 41.91 -0.1
    endloop
  endfacet
  facet normal 0 0 -1
    outer loop
      vertex 116.298 53.711 -0.1
      vertex 116.071 53.6372 -0.1
      vertex 115.418 55.8546 -0.1
    endloop
  endfacet
  facet normal 0 0 -1
    outer loop
      vertex 116.205 43.18 -0.1
      vertex 115.421 44.6608 -0.1
      vertex 115.648 44.587 -0.1
    endloop
  endfacet
  facet normal 0 0 -1
    outer loop
      vertex 116.071 53.5178 -0.1
      vertex 116.032 53.5178 -0.1
      vertex 116.071 53.6372 -0.1
    endloop
  endfacet
  facet normal -0 0 -1
    outer loop
      vertex 113.894 57.3786 -0.1
      vertex 133.388 86.454 -0.1
      vertex 115.418 57.3786 -0.1
    endloop
  endfacet
  facet normal 0 0 -1
    outer loop
      vertex 116.078 39.243 -0.1
      vertex 111.15 45.085 -0.1
      vertex 112.065 44.1706 -0.1
    endloop
  endfacet
  facet normal 0 0 -1
    outer loop
      vertex 111.15 45.085 -0.1
      vertex 111.15 44.2214 -0.1
      vertex 109.88 45.085 -0.1
    endloop
  endfacet
  facet normal -0 0 -1
    outer loop
      vertex 109.626 67.056 -0.1
      vertex 111.76 67.945 -0.1
      vertex 110.896 67.056 -0.1
    endloop
  endfacet
  facet normal 0 0 -1
    outer loop
      vertex 119.38 39.243 -0.1
      vertex 133.388 20.48 -0.1
      vertex 117.602 40.767 -0.1
    endloop
  endfacet
  facet normal 0 0 -1
    outer loop
      vertex 117.475 41.91 -0.1
      vertex 117.602 40.767 -0.1
      vertex 116.205 41.91 -0.1
    endloop
  endfacet
  facet normal 0 0 -1
    outer loop
      vertex 116.205 41.91 -0.1
      vertex 113.335 45.4406 -0.1
      vertex 113.335 46.3042 -0.1
    endloop
  endfacet
  facet normal -0 0 -1
    outer loop
      vertex 116.205 43.18 -0.1
      vertex 116.298 44.587 -0.1
      vertex 117.475 43.18 -0.1
    endloop
  endfacet
  facet normal 0 0 -1
    outer loop
      vertex 116.205 41.91 -0.1
      vertex 114.732 44.577 -0.1
      vertex 115.138 44.577 -0.1
    endloop
  endfacet
  facet normal 0 0 -1
    outer loop
      vertex 116.205 41.91 -0.1
      vertex 115.138 44.577 -0.1
      vertex 116.205 43.18 -0.1
    endloop
  endfacet
  facet normal 0 0 -1
    outer loop
      vertex 120.99 53.5178 -0.1
      vertex 121.234 51.6382 -0.1
      vertex 120.99 51.6382 -0.1
    endloop
  endfacet
  facet normal 0 0 -1
    outer loop
      vertex 119.38 39.243 -0.1
      vertex 117.475 41.91 -0.1
      vertex 118.339 41.91 -0.1
    endloop
  endfacet
  facet normal 0 0 -1
    outer loop
      vertex 116.721 46.7792 -0.1
      vertex 116.683 46.6598 -0.1
      vertex 112.547 54.0258 -0.1
    endloop
  endfacet
  facet normal 0 0 -1
    outer loop
      vertex 119.69 46.6598 -0.1
      vertex 117.089 51.6382 -0.1
      vertex 117.372 51.5188 -0.1
    endloop
  endfacet
  facet normal 0 0 -1
    outer loop
      vertex 118.899 44.587 -0.1
      vertex 119.609 43.18 -0.1
      vertex 118.672 44.6608 -0.1
    endloop
  endfacet
  facet normal 0 0 -1
    outer loop
      vertex 116.721 44.6608 -0.1
      vertex 116.683 44.7802 -0.1
      vertex 116.721 44.7802 -0.1
    endloop
  endfacet
  facet normal 0 0 -1
    outer loop
      vertex 116.683 44.7802 -0.1
      vertex 116.721 44.6608 -0.1
      vertex 116.439 44.7802 -0.1
    endloop
  endfacet
  facet normal 0 0 -1
    outer loop
      vertex 116.721 46.6598 -0.1
      vertex 116.683 46.6598 -0.1
      vertex 116.721 46.7792 -0.1
    endloop
  endfacet
  facet normal 0 0 -1
    outer loop
      vertex 121.273 44.6608 -0.1
      vertex 133.388 20.48 -0.1
      vertex 120.99 44.577 -0.1
    endloop
  endfacet
  facet normal -0 -0 -1
    outer loop
      vertex 116.439 53.5178 -0.1
      vertex 115.418 55.8546 -0.1
      vertex 116.683 53.5178 -0.1
    endloop
  endfacet
  facet normal 0 0 -1
    outer loop
      vertex 117.089 46.6598 -0.1
      vertex 116.949 46.853 -0.1
      vertex 112.547 54.0258 -0.1
    endloop
  endfacet
  facet normal 0 0 -1
    outer loop
      vertex 116.683 51.6382 -0.1
      vertex 116.439 53.5178 -0.1
      vertex 116.683 53.5178 -0.1
    endloop
  endfacet
  facet normal 0 0 -1
    outer loop
      vertex 116.949 46.853 -0.1
      vertex 116.721 46.7792 -0.1
      vertex 112.547 54.0258 -0.1
    endloop
  endfacet
  facet normal 0 0 -1
    outer loop
      vertex 117.599 51.445 -0.1
      vertex 119.973 46.7792 -0.1
      vertex 119.973 46.6598 -0.1
    endloop
  endfacet
  facet normal 0 0 -1
    outer loop
      vertex 117.983 44.7802 -0.1
      vertex 118.022 44.6608 -0.1
      vertex 117.739 44.7802 -0.1
    endloop
  endfacet
  facet normal 0 0 -1
    outer loop
      vertex 116.949 51.445 -0.1
      vertex 119.322 46.7792 -0.1
      vertex 116.721 51.5188 -0.1
    endloop
  endfacet
  facet normal 0 0 -1
    outer loop
      vertex 116.721 51.5188 -0.1
      vertex 116.683 51.6382 -0.1
      vertex 116.721 51.6382 -0.1
    endloop
  endfacet
  facet normal 0 0 -1
    outer loop
      vertex 117.475 43.18 -0.1
      vertex 118.339 41.91 -0.1
      vertex 117.475 41.91 -0.1
    endloop
  endfacet
  facet normal 0 0 -1
    outer loop
      vertex 117.333 44.7802 -0.1
      vertex 117.089 46.6598 -0.1
      vertex 117.333 46.6598 -0.1
    endloop
  endfacet
  facet normal -0 0 -1
    outer loop
      vertex 117.196 57.3786 -0.1
      vertex 133.388 86.454 -0.1
      vertex 118.72 57.3786 -0.1
    endloop
  endfacet
  facet normal 0 0 -1
    outer loop
      vertex 119.934 44.7802 -0.1
      vertex 119.69 46.6598 -0.1
      vertex 119.934 46.6598 -0.1
    endloop
  endfacet
  facet normal 0 -0 -1
    outer loop
      vertex 116.683 53.5178 -0.1
      vertex 115.418 55.8546 -0.1
      vertex 116.721 53.6372 -0.1
    endloop
  endfacet
  facet normal 0 0 -1
    outer loop
      vertex 116.721 53.5178 -0.1
      vertex 116.683 53.5178 -0.1
      vertex 116.721 53.6372 -0.1
    endloop
  endfacet
  facet normal 0 -0 -1
    outer loop
      vertex 118.022 46.7792 -0.1
      vertex 115.648 51.445 -0.1
      vertex 118.249 46.853 -0.1
    endloop
  endfacet
  facet normal 0 0 -1
    outer loop
      vertex 118.72 55.8546 -0.1
      vertex 116.721 53.6372 -0.1
      vertex 117.196 55.8546 -0.1
    endloop
  endfacet
  facet normal 0 -0 -1
    outer loop
      vertex 116.721 53.6372 -0.1
      vertex 115.418 55.8546 -0.1
      vertex 117.196 57.3786 -0.1
    endloop
  endfacet
  facet normal 0 0 -1
    outer loop
      vertex 118.72 55.8546 -0.1
      vertex 117.089 53.5178 -0.1
      vertex 116.949 53.711 -0.1
    endloop
  endfacet
  facet normal 0 0 -1
    outer loop
      vertex 116.721 53.6372 -0.1
      vertex 117.196 57.3786 -0.1
      vertex 117.196 55.8546 -0.1
    endloop
  endfacet
  facet normal 0 0 -1
    outer loop
      vertex 118.72 55.8546 -0.1
      vertex 116.949 53.711 -0.1
      vertex 116.721 53.6372 -0.1
    endloop
  endfacet
  facet normal 0 -0 -1
    outer loop
      vertex 117.372 53.6372 -0.1
      vertex 117.089 53.5178 -0.1
      vertex 118.72 55.8546 -0.1
    endloop
  endfacet
  facet normal 0 0 -1
    outer loop
      vertex 120.584 44.577 -0.1
      vertex 133.388 20.48 -0.1
      vertex 120.34 44.7802 -0.1
    endloop
  endfacet
  facet normal 0 0 -1
    outer loop
      vertex 117.372 46.7792 -0.1
      vertex 117.333 46.6598 -0.1
      vertex 114.771 51.5188 -0.1
    endloop
  endfacet
  facet normal 0 0 -1
    outer loop
      vertex 122.291 44.7802 -0.1
      vertex 133.388 20.48 -0.1
      vertex 122.15 44.587 -0.1
    endloop
  endfacet
  facet normal 0 0 -1
    outer loop
      vertex 117.372 44.6608 -0.1
      vertex 117.333 44.7802 -0.1
      vertex 117.372 44.7802 -0.1
    endloop
  endfacet
  facet normal 0 0 -1
    outer loop
      vertex 120.904 39.243 -0.1
      vertex 133.388 20.48 -0.1
      vertex 119.38 39.243 -0.1
    endloop
  endfacet
  facet normal 0 0 -1
    outer loop
      vertex 121.273 44.6608 -0.1
      vertex 121.234 44.7802 -0.1
      vertex 121.273 44.7802 -0.1
    endloop
  endfacet
  facet normal 0 0 -1
    outer loop
      vertex 117.333 44.7802 -0.1
      vertex 117.372 44.6608 -0.1
      vertex 117.089 44.7802 -0.1
    endloop
  endfacet
  facet normal 0 0 -1
    outer loop
      vertex 117.089 46.6598 -0.1
      vertex 117.333 44.7802 -0.1
      vertex 117.089 44.7802 -0.1
    endloop
  endfacet
  facet normal 0 0 -1
    outer loop
      vertex 117.599 51.445 -0.1
      vertex 119.973 46.6598 -0.1
      vertex 119.934 46.6598 -0.1
    endloop
  endfacet
  facet normal 0 0 -1
    outer loop
      vertex 114.998 51.445 -0.1
      vertex 117.599 46.853 -0.1
      vertex 114.771 51.5188 -0.1
    endloop
  endfacet
  facet normal 0 0 -1
    outer loop
      vertex 116.071 51.5188 -0.1
      vertex 118.672 46.7792 -0.1
      vertex 118.672 46.6598 -0.1
    endloop
  endfacet
  facet normal 0 0 -1
    outer loop
      vertex 114.998 51.445 -0.1
      vertex 117.739 46.6598 -0.1
      vertex 117.599 46.853 -0.1
    endloop
  endfacet
  facet normal 0 0 -1
    outer loop
      vertex 117.333 51.6382 -0.1
      vertex 117.089 53.5178 -0.1
      vertex 117.333 53.5178 -0.1
    endloop
  endfacet
  facet normal 0 0 -1
    outer loop
      vertex 117.372 46.6598 -0.1
      vertex 117.333 46.6598 -0.1
      vertex 117.372 46.7792 -0.1
    endloop
  endfacet
  facet normal 0 0 -1
    outer loop
      vertex 118.022 51.5188 -0.1
      vertex 117.983 51.6382 -0.1
      vertex 118.022 51.6382 -0.1
    endloop
  endfacet
  facet normal 0 0 -1
    outer loop
      vertex 117.372 51.5188 -0.1
      vertex 117.089 51.6382 -0.1
      vertex 117.333 51.6382 -0.1
    endloop
  endfacet
  facet normal 0 0 -1
    outer loop
      vertex 117.089 53.5178 -0.1
      vertex 117.333 51.6382 -0.1
      vertex 117.089 51.6382 -0.1
    endloop
  endfacet
  facet normal 0 0 -1
    outer loop
      vertex 117.599 51.445 -0.1
      vertex 119.934 46.6598 -0.1
      vertex 117.372 51.5188 -0.1
    endloop
  endfacet
  facet normal 0 0 -1
    outer loop
      vertex 120.34 46.6598 -0.1
      vertex 120.584 44.577 -0.1
      vertex 120.34 44.7802 -0.1
    endloop
  endfacet
  facet normal 0 -0 -1
    outer loop
      vertex 121.273 46.7792 -0.1
      vertex 119.322 51.5188 -0.1
      vertex 121.5 46.853 -0.1
    endloop
  endfacet
  facet normal 0 0 -1
    outer loop
      vertex 118.022 44.6608 -0.1
      vertex 117.983 44.7802 -0.1
      vertex 118.022 44.7802 -0.1
    endloop
  endfacet
  facet normal 0 0 -1
    outer loop
      vertex 118.022 46.7792 -0.1
      vertex 115.421 51.5188 -0.1
      vertex 115.648 51.445 -0.1
    endloop
  endfacet
  facet normal 0 -0 -1
    outer loop
      vertex 117.983 53.5178 -0.1
      vertex 117.739 53.5178 -0.1
      vertex 118.72 55.8546 -0.1
    endloop
  endfacet
  facet normal -0 -0 -1
    outer loop
      vertex 117.739 46.6598 -0.1
      vertex 114.998 51.445 -0.1
      vertex 117.983 46.6598 -0.1
    endloop
  endfacet
  facet normal 0 -0 -1
    outer loop
      vertex 117.739 53.5178 -0.1
      vertex 117.599 53.711 -0.1
      vertex 118.72 55.8546 -0.1
    endloop
  endfacet
  facet normal 0 -0 -1
    outer loop
      vertex 117.333 53.5178 -0.1
      vertex 117.089 53.5178 -0.1
      vertex 117.372 53.6372 -0.1
    endloop
  endfacet
  facet normal 0 0 -1
    outer loop
      vertex 117.372 53.5178 -0.1
      vertex 117.333 53.5178 -0.1
      vertex 117.372 53.6372 -0.1
    endloop
  endfacet
  facet normal 0 0 -1
    outer loop
      vertex 119.973 44.6608 -0.1
      vertex 119.934 44.7802 -0.1
      vertex 119.973 44.7802 -0.1
    endloop
  endfacet
  facet normal 0 0 -1
    outer loop
      vertex 117.372 53.6372 -0.1
      vertex 118.72 55.8546 -0.1
      vertex 117.599 53.711 -0.1
    endloop
  endfacet
  facet normal 0 0 -1
    outer loop
      vertex 118.389 46.6598 -0.1
      vertex 118.633 44.7802 -0.1
      vertex 118.389 44.7802 -0.1
    endloop
  endfacet
  facet normal 0 0 -1
    outer loop
      vertex 118.022 46.6598 -0.1
      vertex 117.983 46.6598 -0.1
      vertex 115.138 51.6382 -0.1
    endloop
  endfacet
  facet normal 0 0 -1
    outer loop
      vertex 120.34 44.7802 -0.1
      vertex 133.388 20.48 -0.1
      vertex 120.2 44.587 -0.1
    endloop
  endfacet
  facet normal 0 0 -1
    outer loop
      vertex 118.72 57.3786 -0.1
      vertex 133.388 86.454 -0.1
      vertex 120.65 59.9186 -0.1
    endloop
  endfacet
  facet normal 0 0 -1
    outer loop
      vertex 118.633 44.7802 -0.1
      vertex 118.389 46.6598 -0.1
      vertex 118.633 46.6598 -0.1
    endloop
  endfacet
  facet normal 0 0 -1
    outer loop
      vertex 119.322 44.6608 -0.1
      vertex 119.283 44.7802 -0.1
      vertex 119.322 44.7802 -0.1
    endloop
  endfacet
  facet normal 0 0 -1
    outer loop
      vertex 118.022 46.6598 -0.1
      vertex 115.138 51.6382 -0.1
      vertex 118.022 46.7792 -0.1
    endloop
  endfacet
  facet normal 0 0 -1
    outer loop
      vertex 119.322 46.6598 -0.1
      vertex 116.721 51.5188 -0.1
      vertex 119.322 46.7792 -0.1
    endloop
  endfacet
  facet normal 0 0 -1
    outer loop
      vertex 119.283 44.7802 -0.1
      vertex 119.322 44.6608 -0.1
      vertex 119.04 44.7802 -0.1
    endloop
  endfacet
  facet normal 0 0 -1
    outer loop
      vertex 116.721 51.5188 -0.1
      vertex 119.283 46.6598 -0.1
      vertex 116.439 51.6382 -0.1
    endloop
  endfacet
  facet normal 0 0 -1
    outer loop
      vertex 117.983 51.6382 -0.1
      vertex 117.739 53.5178 -0.1
      vertex 117.983 53.5178 -0.1
    endloop
  endfacet
  facet normal 0 0 -1
    outer loop
      vertex 118.633 51.6382 -0.1
      vertex 118.672 51.5188 -0.1
      vertex 118.389 51.6382 -0.1
    endloop
  endfacet
  facet normal 0 0 -1
    outer loop
      vertex 118.672 46.7792 -0.1
      vertex 116.071 51.5188 -0.1
      vertex 116.298 51.445 -0.1
    endloop
  endfacet
  facet normal 0 0 -1
    outer loop
      vertex 118.672 51.5188 -0.1
      vertex 118.633 51.6382 -0.1
      vertex 118.672 51.6382 -0.1
    endloop
  endfacet
  facet normal 0 -0 -1
    outer loop
      vertex 118.022 53.6372 -0.1
      vertex 117.983 53.5178 -0.1
      vertex 118.72 55.8546 -0.1
    endloop
  endfacet
  facet normal 0 0 -1
    outer loop
      vertex 118.022 51.5188 -0.1
      vertex 117.739 51.6382 -0.1
      vertex 117.983 51.6382 -0.1
    endloop
  endfacet
  facet normal 0 0 -1
    outer loop
      vertex 121.273 46.7792 -0.1
      vertex 119.04 51.6382 -0.1
      vertex 119.322 51.5188 -0.1
    endloop
  endfacet
  facet normal 0 0 -1
    outer loop
      vertex 120.34 46.6598 -0.1
      vertex 117.739 51.6382 -0.1
      vertex 118.022 51.5188 -0.1
    endloop
  endfacet
  facet normal 0 0 -1
    outer loop
      vertex 117.983 44.7802 -0.1
      vertex 117.739 46.6598 -0.1
      vertex 117.983 46.6598 -0.1
    endloop
  endfacet
  facet normal 0 0 -1
    outer loop
      vertex 119.04 51.6382 -0.1
      vertex 121.234 46.6598 -0.1
      vertex 118.899 51.445 -0.1
    endloop
  endfacet
  facet normal 0 -0 -1
    outer loop
      vertex 118.633 53.5178 -0.1
      vertex 118.389 53.5178 -0.1
      vertex 118.72 55.8546 -0.1
    endloop
  endfacet
  facet normal 0 0 -1
    outer loop
      vertex 118.339 43.18 -0.1
      vertex 117.372 44.6608 -0.1
      vertex 117.599 44.587 -0.1
    endloop
  endfacet
  facet normal 0 -0 -1
    outer loop
      vertex 118.389 53.5178 -0.1
      vertex 118.249 53.711 -0.1
      vertex 118.72 55.8546 -0.1
    endloop
  endfacet
  facet normal 0 0 -1
    outer loop
      vertex 118.339 43.18 -0.1
      vertex 117.599 44.587 -0.1
      vertex 117.739 44.7802 -0.1
    endloop
  endfacet
  facet normal 0 -0 -1
    outer loop
      vertex 118.249 53.711 -0.1
      vertex 118.022 53.6372 -0.1
      vertex 118.72 55.8546 -0.1
    endloop
  endfacet
  facet normal 0 -0 -1
    outer loop
      vertex 118.339 43.18 -0.1
      vertex 118.249 44.587 -0.1
      vertex 118.389 44.7802 -0.1
    endloop
  endfacet
  facet normal 0 0 -1
    outer loop
      vertex 118.022 53.5178 -0.1
      vertex 117.983 53.5178 -0.1
      vertex 118.022 53.6372 -0.1
    endloop
  endfacet
  facet normal 0 0 -1
    outer loop
      vertex 116.683 44.7802 -0.1
      vertex 116.439 46.6598 -0.1
      vertex 116.683 46.6598 -0.1
    endloop
  endfacet
  facet normal 0 0 -1
    outer loop
      vertex 116.071 51.5188 -0.1
      vertex 118.672 46.6598 -0.1
      vertex 118.633 46.6598 -0.1
    endloop
  endfacet
  facet normal 0 0 -1
    outer loop
      vertex 119.38 39.243 -0.1
      vertex 118.339 41.91 -0.1
      vertex 119.38 40.767 -0.1
    endloop
  endfacet
  facet normal 0 0 -1
    outer loop
      vertex 118.339 41.91 -0.1
      vertex 116.949 44.587 -0.1
      vertex 117.089 44.7802 -0.1
    endloop
  endfacet
  facet normal 0 0 -1
    outer loop
      vertex 117.739 46.6598 -0.1
      vertex 117.983 44.7802 -0.1
      vertex 117.739 44.7802 -0.1
    endloop
  endfacet
  facet normal 0 0 -1
    outer loop
      vertex 117.739 53.5178 -0.1
      vertex 117.983 51.6382 -0.1
      vertex 117.739 51.6382 -0.1
    endloop
  endfacet
  facet normal 0 0 -1
    outer loop
      vertex 133.388 20.48 -0.1
      vertex 119.609 43.18 -0.1
      vertex 118.899 44.587 -0.1
    endloop
  endfacet
  facet normal 0 0 -1
    outer loop
      vertex 118.633 44.7802 -0.1
      vertex 118.672 44.6608 -0.1
      vertex 118.389 44.7802 -0.1
    endloop
  endfacet
  facet normal 0 -0 -1
    outer loop
      vertex 118.672 46.7792 -0.1
      vertex 116.298 51.445 -0.1
      vertex 118.899 46.853 -0.1
    endloop
  endfacet
  facet normal 0 0 -1
    outer loop
      vertex 115.788 53.5178 -0.1
      vertex 116.032 51.6382 -0.1
      vertex 115.788 51.6382 -0.1
    endloop
  endfacet
  facet normal 0 0 -1
    outer loop
      vertex 118.633 51.6382 -0.1
      vertex 118.389 53.5178 -0.1
      vertex 118.633 53.5178 -0.1
    endloop
  endfacet
  facet normal 0 0 -1
    outer loop
      vertex 123.185 51.6382 -0.1
      vertex 122.941 53.5178 -0.1
      vertex 123.185 53.5178 -0.1
    endloop
  endfacet
  facet normal 0 0 -1
    outer loop
      vertex 119.283 51.6382 -0.1
      vertex 119.04 53.5178 -0.1
      vertex 119.283 53.5178 -0.1
    endloop
  endfacet
  facet normal 0 0 -1
    outer loop
      vertex 119.04 53.5178 -0.1
      vertex 119.283 51.6382 -0.1
      vertex 119.04 51.6382 -0.1
    endloop
  endfacet
  facet normal 0 -0 -1
    outer loop
      vertex 118.672 53.6372 -0.1
      vertex 118.633 53.5178 -0.1
      vertex 118.72 55.8546 -0.1
    endloop
  endfacet
  facet normal -0 -0 -1
    outer loop
      vertex 119.69 46.6598 -0.1
      vertex 117.372 51.5188 -0.1
      vertex 119.934 46.6598 -0.1
    endloop
  endfacet
  facet normal 0 0 -1
    outer loop
      vertex 121.234 44.7802 -0.1
      vertex 121.273 44.6608 -0.1
      vertex 120.99 44.577 -0.1
    endloop
  endfacet
  facet normal 0 0 -1
    outer loop
      vertex 119.609 43.18 -0.1
      vertex 133.388 20.48 -0.1
      vertex 120.904 40.767 -0.1
    endloop
  endfacet
  facet normal 0 0 -1
    outer loop
      vertex 121.884 51.6382 -0.1
      vertex 121.641 53.5178 -0.1
      vertex 121.884 53.5178 -0.1
    endloop
  endfacet
  facet normal -0 0 -1
    outer loop
      vertex 118.339 43.18 -0.1
      vertex 118.672 44.6608 -0.1
      vertex 119.609 43.18 -0.1
    endloop
  endfacet
  facet normal 0 0 -1
    outer loop
      vertex 119.283 53.5178 -0.1
      vertex 119.04 53.5178 -0.1
      vertex 118.72 55.8546 -0.1
    endloop
  endfacet
  facet normal 0 0 -1
    outer loop
      vertex 118.715 75.9906 -0.1
      vertex 133.388 86.454 -0.1
      vertex 119.283 76.1751 -0.1
    endloop
  endfacet
  facet normal 0 0 -1
    outer loop
      vertex 119.04 53.5178 -0.1
      vertex 118.899 53.711 -0.1
      vertex 118.72 55.8546 -0.1
    endloop
  endfacet
  facet normal 0 0 -1
    outer loop
      vertex 119.283 75.2089 -0.1
      vertex 110.896 69.215 -0.1
      vertex 118.715 75.3934 -0.1
    endloop
  endfacet
  facet normal 0 0 -1
    outer loop
      vertex 118.899 53.711 -0.1
      vertex 118.672 53.6372 -0.1
      vertex 118.72 55.8546 -0.1
    endloop
  endfacet
  facet normal -0 0 -1
    outer loop
      vertex 119.634 75.692 -0.1
      vertex 133.388 86.454 -0.1
      vertex 119.283 75.2089 -0.1
    endloop
  endfacet
  facet normal 0 0 -1
    outer loop
      vertex 118.672 53.5178 -0.1
      vertex 118.633 53.5178 -0.1
      vertex 118.672 53.6372 -0.1
    endloop
  endfacet
  facet normal 0 0 -1
    outer loop
      vertex 98.8314 61.595 -0.1
      vertex 99.695 61.595 -0.1
      vertex 98.8314 60.325 -0.1
    endloop
  endfacet
  facet normal 0 -0 -1
    outer loop
      vertex 109.626 69.215 -0.1
      vertex 98.8314 61.595 -0.1
      vertex 118.715 75.9906 -0.1
    endloop
  endfacet
  facet normal 0 0 -1
    outer loop
      vertex 99.695 60.325 -0.1
      vertex 97.155 59.055 -0.1
      vertex 98.8314 60.325 -0.1
    endloop
  endfacet
  facet normal 0 0 -1
    outer loop
      vertex 99.695 60.325 -0.1
      vertex 98.8314 60.325 -0.1
      vertex 99.695 61.595 -0.1
    endloop
  endfacet
  facet normal -0 -0 -1
    outer loop
      vertex 122.291 46.6598 -0.1
      vertex 120.623 51.5188 -0.1
      vertex 122.535 46.6598 -0.1
    endloop
  endfacet
  facet normal -0 -0 -1
    outer loop
      vertex 96.9518 33.4518 -0.1
      vertex 92.8081 34.9405 -0.1
      vertex 99.6188 32.639 -0.1
    endloop
  endfacet
  facet normal -0 -0 -1
    outer loop
      vertex 98.0948 32.639 -0.1
      vertex 96.9518 33.4518 -0.1
      vertex 99.6188 32.639 -0.1
    endloop
  endfacet
  facet normal 0 0 -1
    outer loop
      vertex 119.322 46.6598 -0.1
      vertex 119.283 46.6598 -0.1
      vertex 116.721 51.5188 -0.1
    endloop
  endfacet
  facet normal 0 0 -1
    outer loop
      vertex 118.389 53.5178 -0.1
      vertex 118.633 51.6382 -0.1
      vertex 118.389 51.6382 -0.1
    endloop
  endfacet
  facet normal 0 0 -1
    outer loop
      vertex 119.549 44.587 -0.1
      vertex 133.388 20.48 -0.1
      vertex 119.322 44.6608 -0.1
    endloop
  endfacet
  facet normal -0 0 -1
    outer loop
      vertex 116.078 40.767 -0.1
      vertex 116.205 41.91 -0.1
      vertex 117.602 40.767 -0.1
    endloop
  endfacet
  facet normal 0 0 -1
    outer loop
      vertex 121.641 44.7802 -0.1
      vertex 133.388 20.48 -0.1
      vertex 121.5 44.587 -0.1
    endloop
  endfacet
  facet normal 0 0 -1
    outer loop
      vertex 117.602 40.767 -0.1
      vertex 133.388 20.48 -0.1
      vertex 117.602 39.243 -0.1
    endloop
  endfacet
  facet normal 0 0 -1
    outer loop
      vertex 118.389 51.6382 -0.1
      vertex 120.584 46.863 -0.1
      vertex 118.249 51.445 -0.1
    endloop
  endfacet
  facet normal 0 0 -1
    outer loop
      vertex 116.683 51.6382 -0.1
      vertex 116.721 51.5188 -0.1
      vertex 116.439 51.6382 -0.1
    endloop
  endfacet
  facet normal 0 0 -1
    outer loop
      vertex 119.69 53.5178 -0.1
      vertex 119.934 51.435 -0.1
      vertex 119.69 51.6382 -0.1
    endloop
  endfacet
  facet normal 0 0 -1
    outer loop
      vertex 120.99 51.6382 -0.1
      vertex 122.941 46.6598 -0.1
      vertex 122.801 46.853 -0.1
    endloop
  endfacet
  facet normal 0 0 -1
    outer loop
      vertex 122.573 51.5188 -0.1
      vertex 133.388 20.48 -0.1
      vertex 122.291 51.6382 -0.1
    endloop
  endfacet
  facet normal 0 0 -1
    outer loop
      vertex 119.322 53.6372 -0.1
      vertex 119.283 53.5178 -0.1
      vertex 118.72 55.8546 -0.1
    endloop
  endfacet
  facet normal 0 0 -1
    outer loop
      vertex 119.283 51.6382 -0.1
      vertex 119.322 51.5188 -0.1
      vertex 119.04 51.6382 -0.1
    endloop
  endfacet
  facet normal 0 0 -1
    outer loop
      vertex 122.801 44.587 -0.1
      vertex 133.388 20.48 -0.1
      vertex 122.573 44.6608 -0.1
    endloop
  endfacet
  facet normal 0 0 -1
    outer loop
      vertex 119.322 51.5188 -0.1
      vertex 119.283 51.6382 -0.1
      vertex 119.322 51.6382 -0.1
    endloop
  endfacet
  facet normal 0 0 -1
    outer loop
      vertex 119.549 51.445 -0.1
      vertex 121.641 46.6598 -0.1
      vertex 121.5 46.853 -0.1
    endloop
  endfacet
  facet normal 0 0 -1
    outer loop
      vertex 120.99 51.6382 -0.1
      vertex 122.801 46.853 -0.1
      vertex 120.85 51.445 -0.1
    endloop
  endfacet
  facet normal -0 -0 -1
    outer loop
      vertex 119.549 53.711 -0.1
      vertex 118.72 55.8546 -0.1
      vertex 119.69 53.5178 -0.1
    endloop
  endfacet
  facet normal 0 0 -1
    outer loop
      vertex 119.322 53.5178 -0.1
      vertex 119.283 53.5178 -0.1
      vertex 119.322 53.6372 -0.1
    endloop
  endfacet
  facet normal 0 0 -1
    outer loop
      vertex 121.92 56.515 -0.1
      vertex 119.69 53.5178 -0.1
      vertex 120.65 56.515 -0.1
    endloop
  endfacet
  facet normal -0 0 -1
    outer loop
      vertex 119.38 40.767 -0.1
      vertex 119.609 41.91 -0.1
      vertex 120.904 40.767 -0.1
    endloop
  endfacet
  facet normal 0 0 -1
    outer loop
      vertex 120.904 40.767 -0.1
      vertex 133.388 20.48 -0.1
      vertex 120.904 39.243 -0.1
    endloop
  endfacet
  facet normal 0 0 -1
    outer loop
      vertex 119.549 53.711 -0.1
      vertex 119.322 53.6372 -0.1
      vertex 118.72 55.8546 -0.1
    endloop
  endfacet
  facet normal 0 0 -1
    outer loop
      vertex 119.973 46.7792 -0.1
      vertex 117.599 51.445 -0.1
      vertex 117.739 51.6382 -0.1
    endloop
  endfacet
  facet normal 0 0 -1
    outer loop
      vertex 115.788 46.6598 -0.1
      vertex 116.032 44.7802 -0.1
      vertex 115.788 44.7802 -0.1
    endloop
  endfacet
  facet normal 0 0 -1
    outer loop
      vertex 118.339 41.91 -0.1
      vertex 116.721 44.6608 -0.1
      vertex 116.949 44.587 -0.1
    endloop
  endfacet
  facet normal 0 0 -1
    outer loop
      vertex 116.205 41.91 -0.1
      vertex 113.335 46.3042 -0.1
      vertex 114.732 44.577 -0.1
    endloop
  endfacet
  facet normal -0 -0 -1
    outer loop
      vertex 118.389 46.6598 -0.1
      vertex 115.788 51.6382 -0.1
      vertex 118.633 46.6598 -0.1
    endloop
  endfacet
  facet normal 0 0 -1
    outer loop
      vertex 119.69 44.7802 -0.1
      vertex 133.388 20.48 -0.1
      vertex 119.549 44.587 -0.1
    endloop
  endfacet
  facet normal 0 0 -1
    outer loop
      vertex 120.34 46.6598 -0.1
      vertex 118.022 51.5188 -0.1
      vertex 118.249 51.445 -0.1
    endloop
  endfacet
  facet normal 0 0 -1
    outer loop
      vertex 117.089 51.6382 -0.1
      vertex 119.69 46.6598 -0.1
      vertex 119.549 46.853 -0.1
    endloop
  endfacet
  facet normal 0 0 -1
    outer loop
      vertex 116.439 51.6382 -0.1
      vertex 118.899 46.853 -0.1
      vertex 116.298 51.445 -0.1
    endloop
  endfacet
  facet normal 0 0 -1
    outer loop
      vertex 120.2 44.587 -0.1
      vertex 133.388 20.48 -0.1
      vertex 119.973 44.6608 -0.1
    endloop
  endfacet
  facet normal 0 0 -1
    outer loop
      vertex 119.934 44.7802 -0.1
      vertex 119.973 44.6608 -0.1
      vertex 119.69 44.7802 -0.1
    endloop
  endfacet
  facet normal -0 -0 -1
    outer loop
      vertex 120.2 46.853 -0.1
      vertex 117.739 51.6382 -0.1
      vertex 120.34 46.6598 -0.1
    endloop
  endfacet
  facet normal 0 0 -1
    outer loop
      vertex 119.934 51.435 -0.1
      vertex 119.69 53.5178 -0.1
      vertex 119.934 53.721 -0.1
    endloop
  endfacet
  facet normal 0 0 -1
    outer loop
      vertex 120.34 53.721 -0.1
      vertex 120.584 51.6382 -0.1
      vertex 120.34 51.435 -0.1
    endloop
  endfacet
  facet normal 0 0 -1
    outer loop
      vertex 121.884 46.6598 -0.1
      vertex 119.69 51.6382 -0.1
      vertex 119.934 51.435 -0.1
    endloop
  endfacet
  facet normal 0 0 -1
    outer loop
      vertex 120.34 51.435 -0.1
      vertex 122.291 46.6598 -0.1
      vertex 122.15 46.853 -0.1
    endloop
  endfacet
  facet normal 0 0 -1
    outer loop
      vertex 120.584 46.863 -0.1
      vertex 118.389 51.6382 -0.1
      vertex 118.672 51.5188 -0.1
    endloop
  endfacet
  facet normal 0 0 -1
    outer loop
      vertex 121.234 44.7802 -0.1
      vertex 120.99 46.863 -0.1
      vertex 121.234 46.6598 -0.1
    endloop
  endfacet
  facet normal 0 0 -1
    outer loop
      vertex 116.439 53.5178 -0.1
      vertex 116.683 51.6382 -0.1
      vertex 116.439 51.6382 -0.1
    endloop
  endfacet
  facet normal 0 0 -1
    outer loop
      vertex 121.234 51.6382 -0.1
      vertex 121.273 51.5188 -0.1
      vertex 120.99 51.6382 -0.1
    endloop
  endfacet
  facet normal 0 0 -1
    outer loop
      vertex 120.623 51.5188 -0.1
      vertex 120.584 51.6382 -0.1
      vertex 120.623 51.6382 -0.1
    endloop
  endfacet
  facet normal 0 0 -1
    outer loop
      vertex 122.941 44.7802 -0.1
      vertex 133.388 20.48 -0.1
      vertex 122.801 44.587 -0.1
    endloop
  endfacet
  facet normal 0 0 -1
    outer loop
      vertex 121.923 44.6608 -0.1
      vertex 133.388 20.48 -0.1
      vertex 121.641 44.7802 -0.1
    endloop
  endfacet
  facet normal 0 0 -1
    outer loop
      vertex 121.923 44.6608 -0.1
      vertex 121.884 44.7802 -0.1
      vertex 121.923 44.7802 -0.1
    endloop
  endfacet
  facet normal 0 0 -1
    outer loop
      vertex 120.584 46.863 -0.1
      vertex 118.672 51.5188 -0.1
      vertex 118.899 51.445 -0.1
    endloop
  endfacet
  facet normal 0 -0 -1
    outer loop
      vertex 121.273 53.6372 -0.1
      vertex 120.99 53.5178 -0.1
      vertex 133.388 86.454 -0.1
    endloop
  endfacet
  facet normal -0 0 -1
    outer loop
      vertex 121.92 59.9186 -0.1
      vertex 133.388 86.454 -0.1
      vertex 121.92 58.6486 -0.1
    endloop
  endfacet
  facet normal 0 -0 -1
    outer loop
      vertex 120.99 53.5178 -0.1
      vertex 120.85 53.711 -0.1
      vertex 133.388 86.454 -0.1
    endloop
  endfacet
  facet normal 0 -0 -1
    outer loop
      vertex 120.584 53.5178 -0.1
      vertex 120.34 53.721 -0.1
      vertex 120.623 53.6372 -0.1
    endloop
  endfacet
  facet normal 0 0 -1
    outer loop
      vertex 120.623 53.5178 -0.1
      vertex 120.584 53.5178 -0.1
      vertex 120.623 53.6372 -0.1
    endloop
  endfacet
  facet normal -0 0 -1
    outer loop
      vertex 120.65 57.785 -0.1
      vertex 121.92 58.6486 -0.1
      vertex 121.92 57.785 -0.1
    endloop
  endfacet
  facet normal -0 0 -1
    outer loop
      vertex 120.65 59.9186 -0.1
      vertex 133.388 86.454 -0.1
      vertex 121.92 59.9186 -0.1
    endloop
  endfacet
  facet normal 0 -0 -1
    outer loop
      vertex 119.69 53.5178 -0.1
      vertex 118.72 55.8546 -0.1
      vertex 120.65 57.785 -0.1
    endloop
  endfacet
  facet normal 0 0 -1
    outer loop
      vertex 119.69 53.5178 -0.1
      vertex 120.65 57.785 -0.1
      vertex 120.65 56.515 -0.1
    endloop
  endfacet
  facet normal 0 0 -1
    outer loop
      vertex 121.92 56.515 -0.1
      vertex 119.934 53.721 -0.1
      vertex 119.69 53.5178 -0.1
    endloop
  endfacet
  facet normal -0 0 -1
    outer loop
      vertex 121.92 58.6486 -0.1
      vertex 133.388 86.454 -0.1
      vertex 121.92 57.785 -0.1
    endloop
  endfacet
  facet normal 0 0 -1
    outer loop
      vertex 120.85 53.711 -0.1
      vertex 121.92 56.515 -0.1
      vertex 133.388 86.454 -0.1
    endloop
  endfacet
  facet normal 0 0 -1
    outer loop
      vertex 120.65 58.6486 -0.1
      vertex 118.72 55.8546 -0.1
      vertex 120.65 59.9186 -0.1
    endloop
  endfacet
  facet normal -0 -0 -1
    outer loop
      vertex 117.089 46.6598 -0.1
      vertex 112.547 54.0258 -0.1
      vertex 117.333 46.6598 -0.1
    endloop
  endfacet
  facet normal 0 0 -1
    outer loop
      vertex 121.92 58.6486 -0.1
      vertex 120.65 57.785 -0.1
      vertex 120.65 58.6486 -0.1
    endloop
  endfacet
  facet normal 0 0 -1
    outer loop
      vertex 120.65 57.785 -0.1
      vertex 118.72 55.8546 -0.1
      vertex 120.65 58.6486 -0.1
    endloop
  endfacet
  facet normal 0 0 -1
    outer loop
      vertex 123.591 46.6598 -0.1
      vertex 133.388 20.48 -0.1
      vertex 123.591 44.7802 -0.1
    endloop
  endfacet
  facet normal -0 0 -1
    outer loop
      vertex 121.92 57.785 -0.1
      vertex 133.388 86.454 -0.1
      vertex 121.92 56.515 -0.1
    endloop
  endfacet
  facet normal 0 0 -1
    outer loop
      vertex 121.92 56.515 -0.1
      vertex 120.623 53.6372 -0.1
      vertex 120.34 53.721 -0.1
    endloop
  endfacet
  facet normal 0 0 -1
    outer loop
      vertex 121.92 56.515 -0.1
      vertex 120.34 53.721 -0.1
      vertex 119.934 53.721 -0.1
    endloop
  endfacet
  facet normal 0 0 -1
    outer loop
      vertex 118.339 43.18 -0.1
      vertex 117.739 44.7802 -0.1
      vertex 118.022 44.6608 -0.1
    endloop
  endfacet
  facet normal 0 0 -1
    outer loop
      vertex 121.273 46.7792 -0.1
      vertex 121.234 46.6598 -0.1
      vertex 119.04 51.6382 -0.1
    endloop
  endfacet
  facet normal 0 0 -1
    outer loop
      vertex 122.941 46.6598 -0.1
      vertex 123.185 44.7802 -0.1
      vertex 122.941 44.7802 -0.1
    endloop
  endfacet
  facet normal 0 0 -1
    outer loop
      vertex 122.573 46.6598 -0.1
      vertex 120.623 51.5188 -0.1
      vertex 122.573 46.7792 -0.1
    endloop
  endfacet
  facet normal 0 0 -1
    outer loop
      vertex 120.99 46.863 -0.1
      vertex 121.234 44.7802 -0.1
      vertex 120.99 44.577 -0.1
    endloop
  endfacet
  facet normal 0 0 -1
    outer loop
      vertex 120.584 51.6382 -0.1
      vertex 120.623 51.5188 -0.1
      vertex 120.34 51.435 -0.1
    endloop
  endfacet
  facet normal 0 0 -1
    outer loop
      vertex 121.5 44.587 -0.1
      vertex 133.388 20.48 -0.1
      vertex 121.273 44.6608 -0.1
    endloop
  endfacet
  facet normal 0 0 -1
    outer loop
      vertex 119.04 44.7802 -0.1
      vertex 133.388 20.48 -0.1
      vertex 118.899 44.587 -0.1
    endloop
  endfacet
  facet normal 0 -0 -1
    outer loop
      vertex 120.34 46.6598 -0.1
      vertex 118.249 51.445 -0.1
      vertex 120.584 46.863 -0.1
    endloop
  endfacet
  facet normal 0 0 -1
    outer loop
      vertex 122.573 44.6608 -0.1
      vertex 122.535 44.7802 -0.1
      vertex 122.573 44.7802 -0.1
    endloop
  endfacet
  facet normal 0 0 -1
    outer loop
      vertex 121.234 51.6382 -0.1
      vertex 120.99 53.5178 -0.1
      vertex 121.234 53.5178 -0.1
    endloop
  endfacet
  facet normal 0 0 -1
    outer loop
      vertex 121.273 46.6598 -0.1
      vertex 121.234 46.6598 -0.1
      vertex 121.273 46.7792 -0.1
    endloop
  endfacet
  facet normal 0 0 -1
    outer loop
      vertex 121.273 51.5188 -0.1
      vertex 121.234 51.6382 -0.1
      vertex 121.273 51.6382 -0.1
    endloop
  endfacet
  facet normal 0 0 -1
    outer loop
      vertex 121.5 51.445 -0.1
      vertex 123.185 46.6598 -0.1
      vertex 121.273 51.5188 -0.1
    endloop
  endfacet
  facet normal 0 0 -1
    outer loop
      vertex 120.623 53.6372 -0.1
      vertex 121.92 56.515 -0.1
      vertex 120.85 53.711 -0.1
    endloop
  endfacet
  facet normal 0 0 -1
    outer loop
      vertex 121.923 51.5188 -0.1
      vertex 123.591 46.6598 -0.1
      vertex 123.451 46.853 -0.1
    endloop
  endfacet
  facet normal 0 -0 -1
    outer loop
      vertex 121.923 53.6372 -0.1
      vertex 121.641 53.5178 -0.1
      vertex 133.388 86.454 -0.1
    endloop
  endfacet
  facet normal 0 0 -1
    outer loop
      vertex 121.641 46.6598 -0.1
      vertex 119.549 51.445 -0.1
      vertex 119.69 51.6382 -0.1
    endloop
  endfacet
  facet normal 0 -0 -1
    outer loop
      vertex 121.641 53.5178 -0.1
      vertex 121.5 53.711 -0.1
      vertex 133.388 86.454 -0.1
    endloop
  endfacet
  facet normal 0 -0 -1
    outer loop
      vertex 121.234 53.5178 -0.1
      vertex 120.99 53.5178 -0.1
      vertex 121.273 53.6372 -0.1
    endloop
  endfacet
  facet normal 0 0 -1
    outer loop
      vertex 121.273 53.5178 -0.1
      vertex 121.234 53.5178 -0.1
      vertex 121.273 53.6372 -0.1
    endloop
  endfacet
  facet normal 0 0 -1
    outer loop
      vertex 121.884 44.7802 -0.1
      vertex 121.641 46.6598 -0.1
      vertex 121.884 46.6598 -0.1
    endloop
  endfacet
  facet normal 0 0 -1
    outer loop
      vertex 121.273 53.6372 -0.1
      vertex 133.388 86.454 -0.1
      vertex 121.5 53.711 -0.1
    endloop
  endfacet
  facet normal 0 -0 -1
    outer loop
      vertex 121.923 46.7792 -0.1
      vertex 120.34 51.435 -0.1
      vertex 122.15 46.853 -0.1
    endloop
  endfacet
  facet normal 0 0 -1
    outer loop
      vertex 121.923 46.7792 -0.1
      vertex 121.884 46.6598 -0.1
      vertex 119.934 51.435 -0.1
    endloop
  endfacet
  facet normal 0 0 -1
    outer loop
      vertex 119.549 51.445 -0.1
      vertex 121.5 46.853 -0.1
      vertex 119.322 51.5188 -0.1
    endloop
  endfacet
  facet normal 0 0 -1
    outer loop
      vertex 121.641 46.6598 -0.1
      vertex 121.884 44.7802 -0.1
      vertex 121.641 44.7802 -0.1
    endloop
  endfacet
  facet normal 0 0 -1
    outer loop
      vertex 120.584 44.577 -0.1
      vertex 120.34 46.6598 -0.1
      vertex 120.584 46.863 -0.1
    endloop
  endfacet
  facet normal 0 0 -1
    outer loop
      vertex 123.224 46.7792 -0.1
      vertex 121.5 51.445 -0.1
      vertex 121.641 51.6382 -0.1
    endloop
  endfacet
  facet normal 0 0 -1
    outer loop
      vertex 118.339 43.18 -0.1
      vertex 118.389 44.7802 -0.1
      vertex 118.672 44.6608 -0.1
    endloop
  endfacet
  facet normal 0 0 -1
    outer loop
      vertex 118.339 43.18 -0.1
      vertex 118.022 44.6608 -0.1
      vertex 118.249 44.587 -0.1
    endloop
  endfacet
  facet normal 0 0 -1
    outer loop
      vertex 122.573 44.6608 -0.1
      vertex 133.388 20.48 -0.1
      vertex 122.291 44.7802 -0.1
    endloop
  endfacet
  facet normal 0 -0 -1
    outer loop
      vertex 119.973 46.7792 -0.1
      vertex 117.739 51.6382 -0.1
      vertex 120.2 46.853 -0.1
    endloop
  endfacet
  facet normal 0 0 -1
    outer loop
      vertex 121.923 46.6598 -0.1
      vertex 121.884 46.6598 -0.1
      vertex 121.923 46.7792 -0.1
    endloop
  endfacet
  facet normal 0 -0 -1
    outer loop
      vertex 122.573 46.7792 -0.1
      vertex 120.85 51.445 -0.1
      vertex 122.801 46.853 -0.1
    endloop
  endfacet
  facet normal 0 0 -1
    outer loop
      vertex 121.641 53.5178 -0.1
      vertex 121.884 51.6382 -0.1
      vertex 121.641 51.6382 -0.1
    endloop
  endfacet
  facet normal 0 0 -1
    outer loop
      vertex 122.15 51.445 -0.1
      vertex 133.388 20.48 -0.1
      vertex 121.923 51.5188 -0.1
    endloop
  endfacet
  facet normal -0 -0 -1
    outer loop
      vertex 121.641 46.6598 -0.1
      vertex 119.69 51.6382 -0.1
      vertex 121.884 46.6598 -0.1
    endloop
  endfacet
  facet normal 0 0 -1
    outer loop
      vertex 133.388 20.48 -0.1
      vertex 122.15 51.445 -0.1
      vertex 122.291 51.6382 -0.1
    endloop
  endfacet
  facet normal 0 0 -1
    outer loop
      vertex 122.573 51.5188 -0.1
      vertex 122.535 51.6382 -0.1
      vertex 122.573 51.6382 -0.1
    endloop
  endfacet
  facet normal 0 -0 -1
    outer loop
      vertex 122.573 53.6372 -0.1
      vertex 122.291 53.5178 -0.1
      vertex 133.388 86.454 -0.1
    endloop
  endfacet
  facet normal 0 0 -1
    outer loop
      vertex 122.271 31.2866 -0.1
      vertex 111.15 42.9514 -0.1
      vertex 111.15 44.2214 -0.1
    endloop
  endfacet
  facet normal 0 -0 -1
    outer loop
      vertex 122.291 53.5178 -0.1
      vertex 122.15 53.711 -0.1
      vertex 133.388 86.454 -0.1
    endloop
  endfacet
  facet normal 0 -0 -1
    outer loop
      vertex 121.884 53.5178 -0.1
      vertex 121.641 53.5178 -0.1
      vertex 121.923 53.6372 -0.1
    endloop
  endfacet
  facet normal 0 0 -1
    outer loop
      vertex 121.923 53.5178 -0.1
      vertex 121.884 53.5178 -0.1
      vertex 121.923 53.6372 -0.1
    endloop
  endfacet
  facet normal 0 0 -1
    outer loop
      vertex 121.923 53.6372 -0.1
      vertex 133.388 86.454 -0.1
      vertex 122.15 53.711 -0.1
    endloop
  endfacet
  facet normal 0 0 -1
    outer loop
      vertex 107.163 49.784 -0.1
      vertex 100.559 57.785 -0.1
      vertex 107.163 50.546 -0.1
    endloop
  endfacet
  facet normal 0 0 -1
    outer loop
      vertex 96.1136 57.785 -0.1
      vertex 96.012 56.388 -0.1
      vertex 94.8436 57.785 -0.1
    endloop
  endfacet
  facet normal 0 0 -1
    outer loop
      vertex 95.6818 36.3982 -0.1
      vertex 77.5681 44.1353 -0.1
      vertex 77.7875 44.4373 -0.1
    endloop
  endfacet
  facet normal 0 0 -1
    outer loop
      vertex 108.687 44.704 -0.1
      vertex 109.88 42.9514 -0.1
      vertex 111.709 40.2336 -0.1
    endloop
  endfacet
  facet normal 0 0 -1
    outer loop
      vertex 110.439 38.9636 -0.1
      vertex 99.6696 48.006 -0.1
      vertex 107.163 42.926 -0.1
    endloop
  endfacet
  facet normal 0 0 -1
    outer loop
      vertex 107.163 45.466 -0.1
      vertex 96.1136 57.785 -0.1
      vertex 107.163 47.244 -0.1
    endloop
  endfacet
  facet normal 0 0 -1
    outer loop
      vertex 111.709 40.2336 -0.1
      vertex 133.388 20.48 -0.1
      vertex 111.709 38.9636 -0.1
    endloop
  endfacet
  facet normal 0 0 -1
    outer loop
      vertex 133.388 20.48 -0.1
      vertex 123.19 30.988 -0.1
      vertex 122.839 31.4711 -0.1
    endloop
  endfacet
  facet normal 0 0 -1
    outer loop
      vertex 121.5 51.445 -0.1
      vertex 123.224 46.7792 -0.1
      vertex 123.224 46.6598 -0.1
    endloop
  endfacet
  facet normal 0 0 -1
    outer loop
      vertex 122.573 46.6598 -0.1
      vertex 122.535 46.6598 -0.1
      vertex 120.623 51.5188 -0.1
    endloop
  endfacet
  facet normal 0 0 -1
    outer loop
      vertex 122.291 46.6598 -0.1
      vertex 122.535 44.7802 -0.1
      vertex 122.291 44.7802 -0.1
    endloop
  endfacet
  facet normal 0 0 -1
    outer loop
      vertex 119.283 44.7802 -0.1
      vertex 119.04 46.6598 -0.1
      vertex 119.283 46.6598 -0.1
    endloop
  endfacet
  facet normal 0 0 -1
    outer loop
      vertex 121.923 46.7792 -0.1
      vertex 119.934 51.435 -0.1
      vertex 120.34 51.435 -0.1
    endloop
  endfacet
  facet normal 0 0 -1
    outer loop
      vertex 123.591 44.7802 -0.1
      vertex 133.388 20.48 -0.1
      vertex 123.451 44.587 -0.1
    endloop
  endfacet
  facet normal 0 0 -1
    outer loop
      vertex 122.535 44.7802 -0.1
      vertex 122.573 44.6608 -0.1
      vertex 122.291 44.7802 -0.1
    endloop
  endfacet
  facet normal -0 -0 -1
    outer loop
      vertex 120.584 46.863 -0.1
      vertex 118.899 51.445 -0.1
      vertex 120.99 46.863 -0.1
    endloop
  endfacet
  facet normal 0 -0 -1
    outer loop
      vertex 123.224 46.7792 -0.1
      vertex 121.641 51.6382 -0.1
      vertex 123.451 46.853 -0.1
    endloop
  endfacet
  facet normal 0 0 -1
    outer loop
      vertex 121.884 44.7802 -0.1
      vertex 121.923 44.6608 -0.1
      vertex 121.641 44.7802 -0.1
    endloop
  endfacet
  facet normal 0 0 -1
    outer loop
      vertex 122.535 51.6382 -0.1
      vertex 122.291 53.5178 -0.1
      vertex 122.535 53.5178 -0.1
    endloop
  endfacet
  facet normal 0 0 -1
    outer loop
      vertex 120.85 51.445 -0.1
      vertex 122.573 46.7792 -0.1
      vertex 120.623 51.5188 -0.1
    endloop
  endfacet
  facet normal 0 0 -1
    outer loop
      vertex 122.941 53.5178 -0.1
      vertex 123.185 51.6382 -0.1
      vertex 122.941 51.6382 -0.1
    endloop
  endfacet
  facet normal 0 0 -1
    outer loop
      vertex 122.291 53.5178 -0.1
      vertex 122.535 51.6382 -0.1
      vertex 122.291 51.6382 -0.1
    endloop
  endfacet
  facet normal 0 0 -1
    outer loop
      vertex 123.224 44.6608 -0.1
      vertex 133.388 20.48 -0.1
      vertex 122.941 44.7802 -0.1
    endloop
  endfacet
  facet normal 0 0 -1
    outer loop
      vertex 122.291 46.6598 -0.1
      vertex 120.34 51.435 -0.1
      vertex 120.623 51.5188 -0.1
    endloop
  endfacet
  facet normal 0 0 -1
    outer loop
      vertex 122.535 51.6382 -0.1
      vertex 122.573 51.5188 -0.1
      vertex 122.291 51.6382 -0.1
    endloop
  endfacet
  facet normal 0 0 -1
    outer loop
      vertex 122.801 51.445 -0.1
      vertex 133.388 20.48 -0.1
      vertex 122.573 51.5188 -0.1
    endloop
  endfacet
  facet normal 0 -0 -1
    outer loop
      vertex 122.271 31.2866 -0.1
      vertex 111.15 44.2214 -0.1
      vertex 122.839 31.4711 -0.1
    endloop
  endfacet
  facet normal 0 0 -1
    outer loop
      vertex 123.224 51.5188 -0.1
      vertex 133.388 20.48 -0.1
      vertex 122.941 51.6382 -0.1
    endloop
  endfacet
  facet normal 0 0 -1
    outer loop
      vertex 123.185 51.6382 -0.1
      vertex 123.224 51.5188 -0.1
      vertex 122.941 51.6382 -0.1
    endloop
  endfacet
  facet normal 0 0 -1
    outer loop
      vertex 122.573 53.6372 -0.1
      vertex 133.388 86.454 -0.1
      vertex 122.801 53.711 -0.1
    endloop
  endfacet
  facet normal 0 -0 -1
    outer loop
      vertex 123.185 53.5178 -0.1
      vertex 122.941 53.5178 -0.1
      vertex 133.388 86.454 -0.1
    endloop
  endfacet
  facet normal 0 0 -1
    outer loop
      vertex 122.941 46.6598 -0.1
      vertex 120.99 51.6382 -0.1
      vertex 121.273 51.5188 -0.1
    endloop
  endfacet
  facet normal 0 -0 -1
    outer loop
      vertex 122.941 53.5178 -0.1
      vertex 122.801 53.711 -0.1
      vertex 133.388 86.454 -0.1
    endloop
  endfacet
  facet normal 0 -0 -1
    outer loop
      vertex 122.535 53.5178 -0.1
      vertex 122.291 53.5178 -0.1
      vertex 122.573 53.6372 -0.1
    endloop
  endfacet
  facet normal 0 0 -1
    outer loop
      vertex 122.573 53.5178 -0.1
      vertex 122.535 53.5178 -0.1
      vertex 122.573 53.6372 -0.1
    endloop
  endfacet
  facet normal 0 0 -1
    outer loop
      vertex 121.5 51.445 -0.1
      vertex 123.224 46.6598 -0.1
      vertex 123.185 46.6598 -0.1
    endloop
  endfacet
  facet normal 0 0 -1
    outer loop
      vertex 121.923 51.5188 -0.1
      vertex 121.884 51.6382 -0.1
      vertex 121.923 51.6382 -0.1
    endloop
  endfacet
  facet normal 0 0 -1
    outer loop
      vertex 123.185 44.7802 -0.1
      vertex 123.224 44.6608 -0.1
      vertex 122.941 44.7802 -0.1
    endloop
  endfacet
  facet normal 0 0 -1
    outer loop
      vertex 120.99 44.577 -0.1
      vertex 133.388 20.48 -0.1
      vertex 120.584 44.577 -0.1
    endloop
  endfacet
  facet normal 0 0 -1
    outer loop
      vertex 123.224 44.6608 -0.1
      vertex 123.185 44.7802 -0.1
      vertex 123.224 44.7802 -0.1
    endloop
  endfacet
  facet normal 0 0 -1
    outer loop
      vertex 123.451 44.587 -0.1
      vertex 133.388 20.48 -0.1
      vertex 123.224 44.6608 -0.1
    endloop
  endfacet
  facet normal 0 0 -1
    outer loop
      vertex 122.15 44.587 -0.1
      vertex 133.388 20.48 -0.1
      vertex 121.923 44.6608 -0.1
    endloop
  endfacet
  facet normal 0 0 -1
    outer loop
      vertex 122.941 51.6382 -0.1
      vertex 133.388 20.48 -0.1
      vertex 122.801 51.445 -0.1
    endloop
  endfacet
  facet normal 0 0 -1
    outer loop
      vertex 121.884 51.6382 -0.1
      vertex 121.923 51.5188 -0.1
      vertex 121.641 51.6382 -0.1
    endloop
  endfacet
  facet normal 0 0 -1
    outer loop
      vertex 133.388 20.48 -0.1
      vertex 123.591 46.6598 -0.1
      vertex 121.923 51.5188 -0.1
    endloop
  endfacet
  facet normal 0 0 -1
    outer loop
      vertex 123.591 51.6382 -0.1
      vertex 133.388 20.48 -0.1
      vertex 123.451 51.445 -0.1
    endloop
  endfacet
  facet normal 0 0 -1
    outer loop
      vertex 121.923 51.5188 -0.1
      vertex 123.451 46.853 -0.1
      vertex 121.641 51.6382 -0.1
    endloop
  endfacet
  facet normal -0 -0 -1
    outer loop
      vertex 120.99 46.863 -0.1
      vertex 118.899 51.445 -0.1
      vertex 121.234 46.6598 -0.1
    endloop
  endfacet
  facet normal 0 0 -1
    outer loop
      vertex 123.224 51.5188 -0.1
      vertex 123.185 51.6382 -0.1
      vertex 123.224 51.6382 -0.1
    endloop
  endfacet
  facet normal 0 -0 -1
    outer loop
      vertex 123.224 53.6372 -0.1
      vertex 123.185 53.5178 -0.1
      vertex 133.388 86.454 -0.1
    endloop
  endfacet
  facet normal 0 0 -1
    outer loop
      vertex 123.185 44.7802 -0.1
      vertex 122.941 46.6598 -0.1
      vertex 123.185 46.6598 -0.1
    endloop
  endfacet
  facet normal -0 -0 -1
    outer loop
      vertex 122.941 46.6598 -0.1
      vertex 121.273 51.5188 -0.1
      vertex 123.185 46.6598 -0.1
    endloop
  endfacet
  facet normal 0 0 -1
    outer loop
      vertex 123.451 51.445 -0.1
      vertex 133.388 20.48 -0.1
      vertex 123.224 51.5188 -0.1
    endloop
  endfacet
  facet normal 0 0 -1
    outer loop
      vertex 123.591 53.5178 -0.1
      vertex 133.388 20.48 -0.1
      vertex 123.591 51.6382 -0.1
    endloop
  endfacet
  facet normal 0 0 -1
    outer loop
      vertex 133.388 20.48 -0.1
      vertex 123.591 53.5178 -0.1
      vertex 133.388 86.454 -0.1
    endloop
  endfacet
  facet normal 0 -0 -1
    outer loop
      vertex 123.591 53.5178 -0.1
      vertex 123.451 53.711 -0.1
      vertex 133.388 86.454 -0.1
    endloop
  endfacet
  facet normal 0 -0 -1
    outer loop
      vertex 123.451 53.711 -0.1
      vertex 123.224 53.6372 -0.1
      vertex 133.388 86.454 -0.1
    endloop
  endfacet
  facet normal 0 0 -1
    outer loop
      vertex 123.224 53.5178 -0.1
      vertex 123.185 53.5178 -0.1
      vertex 123.224 53.6372 -0.1
    endloop
  endfacet
  facet normal 0 0 -1
    outer loop
      vertex 85.4075 44.4373 -0.1
      vertex 96.9518 38.5318 -0.1
      vertex 85.1881 44.1353 -0.1
    endloop
  endfacet
  facet normal 0 0 -1
    outer loop
      vertex 36.3982 47.5742 -0.1
      vertex 59.055 40.4114 -0.1
      vertex 36.3982 46.3042 -0.1
    endloop
  endfacet
  facet normal 0 0 -1
    outer loop
      vertex 36.3982 47.5742 -0.1
      vertex 60.325 40.4114 -0.1
      vertex 59.055 40.4114 -0.1
    endloop
  endfacet
  facet normal 0 0 -1
    outer loop
      vertex 37.465 69.596 -0.1
      vertex 39.243 66.929 -0.1
      vertex 37.465 67.564 -0.1
    endloop
  endfacet
  facet normal 0 0 -1
    outer loop
      vertex 44.6786 53.0352 -0.1
      vertex 59.4614 46.99 -0.1
      vertex 44.6786 51.7652 -0.1
    endloop
  endfacet
  facet normal 0 0 -1
    outer loop
      vertex 66.1162 42.545 -0.1
      vertex 60.7314 45.72 -0.1
      vertex 61.595 45.72 -0.1
    endloop
  endfacet
  facet normal 0 0 -1
    outer loop
      vertex 59.4614 45.72 -0.1
      vertex 57.912 46.863 -0.1
      vertex 59.4614 46.99 -0.1
    endloop
  endfacet
  facet normal 0 -0 -1
    outer loop
      vertex 86.1031 37.3341 -0.1
      vertex 67.5386 44.3738 -0.1
      vertex 86.4581 37.4495 -0.1
    endloop
  endfacet
  facet normal 0 0 -1
    outer loop
      vertex 60.7314 46.99 -0.1
      vertex 61.595 45.72 -0.1
      vertex 60.7314 45.72 -0.1
    endloop
  endfacet
  facet normal 0 0 -1
    outer loop
      vertex 40.3606 53.8988 -0.1
      vertex 42.5196 53.0352 -0.1
      vertex 39.0906 53.8988 -0.1
    endloop
  endfacet
  facet normal 0 0 -1
    outer loop
      vertex 58.42 65.024 -0.1
      vertex 57.5818 66.294 -0.1
      vertex 58.42 66.294 -0.1
    endloop
  endfacet
  facet normal 0 0 -1
    outer loop
      vertex 79.7531 37.1475 -0.1
      vertex 78.8381 37.4495 -0.1
      vertex 79.7531 37.3341 -0.1
    endloop
  endfacet
  facet normal -0 -0 -1
    outer loop
      vertex 78.8381 37.4495 -0.1
      vertex 62.9666 42.545 -0.1
      vertex 79.7531 37.3341 -0.1
    endloop
  endfacet
  facet normal 0 0 -1
    outer loop
      vertex 66.1162 42.545 -0.1
      vertex 80.1081 37.4495 -0.1
      vertex 79.7531 37.3341 -0.1
    endloop
  endfacet
  facet normal 0 0 -1
    outer loop
      vertex 95.6818 33.4518 -0.1
      vertex 90.4875 35.2425 -0.1
      vertex 91.1831 35.0559 -0.1
    endloop
  endfacet
  facet normal 0 0 -1
    outer loop
      vertex 81.5975 37.1475 -0.1
      vertex 82.2931 35.0559 -0.1
      vertex 81.5975 35.2425 -0.1
    endloop
  endfacet
  facet normal 0 0 -1
    outer loop
      vertex 66.1162 42.545 -0.1
      vertex 79.7531 37.3341 -0.1
      vertex 62.9666 42.545 -0.1
    endloop
  endfacet
  facet normal 0 -0 -1
    outer loop
      vertex 78.4831 37.3341 -0.1
      vertex 62.9666 42.545 -0.1
      vertex 78.8381 37.4495 -0.1
    endloop
  endfacet
  facet normal 0 0 -1
    outer loop
      vertex 82.2931 37.1475 -0.1
      vertex 66.1162 42.545 -0.1
      vertex 68.453 41.783 -0.1
    endloop
  endfacet
  facet normal 0 0 -1
    outer loop
      vertex 62.9666 42.545 -0.1
      vertex 69.977 40.005 -0.1
      vertex 61.5442 42.545 -0.1
    endloop
  endfacet
  facet normal 0 1 0
    outer loop
      vertex 14.511 86.454 -0.1
      vertex 14.511 86.454 0.1
      vertex 133.388 86.454 -0.1
    endloop
  endfacet
  facet normal 0 1 0
    outer loop
      vertex 133.388 86.454 -0.1
      vertex 14.511 86.454 0.1
      vertex 133.388 86.454 0.1
    endloop
  endfacet
  facet normal 0 -0 1
    outer loop
      vertex 40.8178 30.099 0.1
      vertex 14.511 20.48 0.1
      vertex 133.388 20.48 0.1
    endloop
  endfacet
  facet normal 0 -0 1
    outer loop
      vertex 51.8668 66.294 0.1
      vertex 51.8668 65.024 0.1
      vertex 52.705 65.024 0.1
    endloop
  endfacet
  facet normal 0 0 1
    outer loop
      vertex 98.0948 35.941 0.1
      vertex 98.0948 37.719 0.1
      vertex 96.9518 37.2618 0.1
    endloop
  endfacet
  facet normal 0 -0 1
    outer loop
      vertex 14.511 86.454 0.1
      vertex 14.511 20.48 0.1
      vertex 23.876 49.2252 0.1
    endloop
  endfacet
  facet normal 0 0 1
    outer loop
      vertex 14.511 86.454 0.1
      vertex 23.876 49.2252 0.1
      vertex 23.876 50.4952 0.1
    endloop
  endfacet
  facet normal 0 0 1
    outer loop
      vertex 97.3379 64.0944 0.1
      vertex 96.4387 64.0944 0.1
      vertex 93.1164 61.595 0.1
    endloop
  endfacet
  facet normal 0 -0 1
    outer loop
      vertex 23.876 51.3588 0.1
      vertex 23.876 50.4952 0.1
      vertex 25.146 50.4952 0.1
    endloop
  endfacet
  facet normal 0 0 1
    outer loop
      vertex 35.1282 46.3042 0.1
      vertex 25.146 50.4952 0.1
      vertex 25.146 49.2252 0.1
    endloop
  endfacet
  facet normal 0 0 1
    outer loop
      vertex 14.511 86.454 0.1
      vertex 23.876 50.4952 0.1
      vertex 23.876 51.3588 0.1
    endloop
  endfacet
  facet normal 0 0 1
    outer loop
      vertex 23.876 52.6288 0.1
      vertex 25.146 52.6288 0.1
      vertex 14.511 86.454 0.1
    endloop
  endfacet
  facet normal 0 0 1
    outer loop
      vertex 14.511 86.454 0.1
      vertex 23.876 51.3588 0.1
      vertex 23.876 52.6288 0.1
    endloop
  endfacet
  facet normal 0 0 1
    outer loop
      vertex 68.453 41.783 0.1
      vertex 68.453 43.307 0.1
      vertex 67.5386 42.545 0.1
    endloop
  endfacet
  facet normal 0 0 1
    outer loop
      vertex 95.6818 39.5224 0.1
      vertex 87.9475 44.4373 0.1
      vertex 87.7281 44.1353 0.1
    endloop
  endfacet
  facet normal 0 -0 1
    outer loop
      vertex 23.876 49.2252 0.1
      vertex 14.511 20.48 0.1
      vertex 23.9268 43.3578 0.1
    endloop
  endfacet
  facet normal 0 0 1
    outer loop
      vertex 25.4508 46.6598 0.1
      vertex 23.9268 46.6598 0.1
      vertex 25.4508 44.8818 0.1
    endloop
  endfacet
  facet normal 0 0 1
    outer loop
      vertex 23.876 49.2252 0.1
      vertex 23.9268 43.3578 0.1
      vertex 23.9268 44.8818 0.1
    endloop
  endfacet
  facet normal 0 0 1
    outer loop
      vertex 78.4831 37.3341 0.1
      vertex 78.8381 37.4495 0.1
      vertex 62.9666 42.545 0.1
    endloop
  endfacet
  facet normal 0 -0 1
    outer loop
      vertex 23.9268 46.6598 0.1
      vertex 23.9268 44.8818 0.1
      vertex 25.4508 44.8818 0.1
    endloop
  endfacet
  facet normal 0 0 1
    outer loop
      vertex 23.876 49.2252 0.1
      vertex 23.9268 44.8818 0.1
      vertex 23.9268 46.6598 0.1
    endloop
  endfacet
  facet normal 0 0 1
    outer loop
      vertex 23.9268 48.1838 0.1
      vertex 25.4508 48.1838 0.1
      vertex 23.876 49.2252 0.1
    endloop
  endfacet
  facet normal 0 0 1
    outer loop
      vertex 23.876 49.2252 0.1
      vertex 23.9268 46.6598 0.1
      vertex 23.9268 48.1838 0.1
    endloop
  endfacet
  facet normal 0 0 1
    outer loop
      vertex 35.1282 44.1706 0.1
      vertex 35.1282 45.4406 0.1
      vertex 25.4508 46.6598 0.1
    endloop
  endfacet
  facet normal 0 -0 1
    outer loop
      vertex 75.88 53.9852 0.1
      vertex 75.88 52.7863 0.1
      vertex 87.3731 46.3423 0.1
    endloop
  endfacet
  facet normal 0 -0 1
    outer loop
      vertex 23.9268 43.3578 0.1
      vertex 14.511 20.48 0.1
      vertex 30.323 35.2614 0.1
    endloop
  endfacet
  facet normal 0 -0 1
    outer loop
      vertex 31.242 35.56 0.1
      vertex 30.891 35.0769 0.1
      vertex 133.388 20.48 0.1
    endloop
  endfacet
  facet normal 0 0 1
    outer loop
      vertex 23.9268 43.3578 0.1
      vertex 30.323 35.2614 0.1
      vertex 30.323 35.8586 0.1
    endloop
  endfacet
  facet normal -0 -0 1
    outer loop
      vertex 40.8178 34.671 0.1
      vertex 30.891 36.0431 0.1
      vertex 133.388 20.48 0.1
    endloop
  endfacet
  facet normal 0 0 1
    outer loop
      vertex 23.9268 43.3578 0.1
      vertex 30.323 35.8586 0.1
      vertex 30.891 36.0431 0.1
    endloop
  endfacet
  facet normal 0 -0 1
    outer loop
      vertex 30.323 35.2614 0.1
      vertex 14.511 20.48 0.1
      vertex 30.891 35.0769 0.1
    endloop
  endfacet
  facet normal 0 0 1
    outer loop
      vertex 86.0425 44.1198 0.1
      vertex 85.4075 46.3423 0.1
      vertex 85.4075 44.4373 0.1
    endloop
  endfacet
  facet normal 0 0 1
    outer loop
      vertex 14.511 86.454 0.1
      vertex 25.146 52.6288 0.1
      vertex 30.323 76.1554 0.1
    endloop
  endfacet
  facet normal 0 -0 1
    outer loop
      vertex 97.3379 64.0944 0.1
      vertex 94.3864 61.595 0.1
      vertex 133.388 86.454 0.1
    endloop
  endfacet
  facet normal 0 0 1
    outer loop
      vertex 14.511 86.454 0.1
      vertex 30.323 76.1554 0.1
      vertex 30.323 76.7526 0.1
    endloop
  endfacet
  facet normal 0 0 1
    outer loop
      vertex 14.511 86.454 0.1
      vertex 30.323 76.7526 0.1
      vertex 30.891 76.9371 0.1
    endloop
  endfacet
  facet normal 0 0 1
    outer loop
      vertex 52.705 62.8904 0.1
      vertex 52.705 64.1604 0.1
      vertex 51.8668 64.1604 0.1
    endloop
  endfacet
  facet normal 0 0 1
    outer loop
      vertex 73.98 57.1856 0.1
      vertex 73.98 58.3844 0.1
      vertex 71.12 59.944 0.1
    endloop
  endfacet
  facet normal 0 0 1
    outer loop
      vertex 50.038 60.198 0.1
      vertex 51.562 58.42 0.1
      vertex 55.753 56.896 0.1
    endloop
  endfacet
  facet normal 0 -0 1
    outer loop
      vertex 30.323 76.1554 0.1
      vertex 25.146 52.6288 0.1
      vertex 34.671 62.738 0.1
    endloop
  endfacet
  facet normal 0 0 1
    outer loop
      vertex 61.468 56.896 0.1
      vertex 59.69 58.674 0.1
      vertex 58.42 58.674 0.1
    endloop
  endfacet
  facet normal 0 0 1
    outer loop
      vertex 30.323 76.1554 0.1
      vertex 34.671 62.738 0.1
      vertex 34.671 64.77 0.1
    endloop
  endfacet
  facet normal 0 -0 1
    outer loop
      vertex 34.671 67.564 0.1
      vertex 34.671 64.77 0.1
      vertex 37.465 64.77 0.1
    endloop
  endfacet
  facet normal 0 0 1
    outer loop
      vertex 51.562 58.42 0.1
      vertex 75.8825 46.3423 0.1
      vertex 75.9431 46.3423 0.1
    endloop
  endfacet
  facet normal 0 0 1
    outer loop
      vertex 30.323 76.1554 0.1
      vertex 34.671 64.77 0.1
      vertex 34.671 67.564 0.1
    endloop
  endfacet
  facet normal 0 0 1
    outer loop
      vertex 30.323 76.1554 0.1
      vertex 34.671 69.596 0.1
      vertex 37.465 69.596 0.1
    endloop
  endfacet
  facet normal 0 0 1
    outer loop
      vertex 98.0948 38.481 0.1
      vertex 96.9518 40.7924 0.1
      vertex 96.9518 39.5224 0.1
    endloop
  endfacet
  facet normal 0 -0 1
    outer loop
      vertex 34.671 62.738 0.1
      vertex 25.146 52.6288 0.1
      vertex 34.8234 50.2412 0.1
    endloop
  endfacet
  facet normal 0 0 1
    outer loop
      vertex 34.671 62.738 0.1
      vertex 34.8234 50.2412 0.1
      vertex 34.8234 51.5112 0.1
    endloop
  endfacet
  facet normal 0 -0 1
    outer loop
      vertex 34.958 52.3418 0.1
      vertex 34.8234 51.5112 0.1
      vertex 36.0934 51.5112 0.1
    endloop
  endfacet
  facet normal 0 0 1
    outer loop
      vertex 76.5175 46.3423 0.1
      vertex 77.1525 46.3423 0.1
      vertex 76.2981 46.6443 0.1
    endloop
  endfacet
  facet normal 0 -0 1
    outer loop
      vertex 35.5422 52.3418 0.1
      vertex 34.958 52.3418 0.1
      vertex 36.0934 51.5112 0.1
    endloop
  endfacet
  facet normal 0 0 1
    outer loop
      vertex 34.671 62.738 0.1
      vertex 34.8234 51.5112 0.1
      vertex 34.925 56.5658 0.1
    endloop
  endfacet
  facet normal 0 0 1
    outer loop
      vertex 34.671 62.738 0.1
      vertex 34.925 56.5658 0.1
      vertex 34.925 58.0898 0.1
    endloop
  endfacet
  facet normal 0 0 1
    outer loop
      vertex 44.6786 55.1688 0.1
      vertex 89.8525 37.1475 0.1
      vertex 89.9131 37.1475 0.1
    endloop
  endfacet
  facet normal 0 -0 1
    outer loop
      vertex 81.1784 31.9024 0.1
      vertex 81.1784 30.3784 0.1
      vertex 82.55 31.115 0.1
    endloop
  endfacet
  facet normal 0 0 1
    outer loop
      vertex 39.2176 59.6138 0.1
      vertex 34.671 62.738 0.1
      vertex 36.449 61.3918 0.1
    endloop
  endfacet
  facet normal 0 0 1
    outer loop
      vertex 59.055 41.275 0.1
      vertex 59.055 42.545 0.1
      vertex 57.912 42.037 0.1
    endloop
  endfacet
  facet normal 0 0 1
    outer loop
      vertex 34.671 62.738 0.1
      vertex 34.925 58.0898 0.1
      vertex 34.925 59.8678 0.1
    endloop
  endfacet
  facet normal 0 0 1
    outer loop
      vertex 34.925 61.3918 0.1
      vertex 36.449 61.3918 0.1
      vertex 34.671 62.738 0.1
    endloop
  endfacet
  facet normal 0 0 1
    outer loop
      vertex 35.1282 47.5742 0.1
      vertex 36.3982 47.5742 0.1
      vertex 25.146 50.4952 0.1
    endloop
  endfacet
  facet normal 0 0 1
    outer loop
      vertex 87.9259 31.3347 0.1
      vertex 87.9259 33.4353 0.1
      vertex 87.1233 33.4353 0.1
    endloop
  endfacet
  facet normal 0 -0 1
    outer loop
      vertex 35.5422 55.0926 0.1
      vertex 35.5422 53.0022 0.1
      vertex 36.0934 51.5112 0.1
    endloop
  endfacet
  facet normal 0 0 1
    outer loop
      vertex 95.6818 36.3982 0.1
      vertex 96.9518 36.3982 0.1
      vertex 79.0575 44.4373 0.1
    endloop
  endfacet
  facet normal 0 0 1
    outer loop
      vertex 78.4225 35.2425 0.1
      vertex 78.4225 37.1475 0.1
      vertex 77.7875 37.1475 0.1
    endloop
  endfacet
  facet normal 0 -0 1
    outer loop
      vertex 34.925 56.5658 0.1
      vertex 34.8234 51.5112 0.1
      vertex 34.958 52.3418 0.1
    endloop
  endfacet
  facet normal 0 0 1
    outer loop
      vertex 34.925 56.5658 0.1
      vertex 34.958 52.3418 0.1
      vertex 34.958 53.0022 0.1
    endloop
  endfacet
  facet normal 0 0 1
    outer loop
      vertex 35.1282 45.4406 0.1
      vertex 36.3982 45.4406 0.1
      vertex 25.4508 48.1838 0.1
    endloop
  endfacet
  facet normal 0 -0 1
    outer loop
      vertex 34.958 55.0926 0.1
      vertex 34.958 53.0022 0.1
      vertex 35.5422 53.0022 0.1
    endloop
  endfacet
  facet normal 0 -0 1
    outer loop
      vertex 35.5422 53.0022 0.1
      vertex 35.5422 52.3418 0.1
      vertex 36.0934 51.5112 0.1
    endloop
  endfacet
  facet normal 0 0 1
    outer loop
      vertex 34.925 56.5658 0.1
      vertex 34.958 53.0022 0.1
      vertex 34.958 55.0926 0.1
    endloop
  endfacet
  facet normal 0 0 1
    outer loop
      vertex 34.958 55.753 0.1
      vertex 35.5422 55.753 0.1
      vertex 34.925 56.5658 0.1
    endloop
  endfacet
  facet normal 0 0 1
    outer loop
      vertex 34.925 56.5658 0.1
      vertex 34.958 55.0926 0.1
      vertex 34.958 55.753 0.1
    endloop
  endfacet
  facet normal 0 -0 1
    outer loop
      vertex 36.3982 45.4406 0.1
      vertex 36.3982 44.1706 0.1
      vertex 59.055 39.1414 0.1
    endloop
  endfacet
  facet normal 0 0 1
    outer loop
      vertex 35.5422 55.0926 0.1
      vertex 34.958 55.0926 0.1
      vertex 35.5422 53.0022 0.1
    endloop
  endfacet
  facet normal 0 0 1
    outer loop
      vertex 36.449 59.8678 0.1
      vertex 34.925 59.8678 0.1
      vertex 36.449 58.0898 0.1
    endloop
  endfacet
  facet normal 0 -0 1
    outer loop
      vertex 25.4508 46.6598 0.1
      vertex 25.4508 44.8818 0.1
      vertex 35.1282 44.1706 0.1
    endloop
  endfacet
  facet normal 0 0 1
    outer loop
      vertex 79.06 52.7863 0.1
      vertex 69.85 58.674 0.1
      vertex 67.183 60.198 0.1
    endloop
  endfacet
  facet normal 0 -0 1
    outer loop
      vertex 25.4508 48.1838 0.1
      vertex 25.4508 46.6598 0.1
      vertex 35.1282 45.4406 0.1
    endloop
  endfacet
  facet normal 0 0 1
    outer loop
      vertex 66.1162 42.545 0.1
      vertex 79.7531 37.3341 0.1
      vertex 80.1081 37.4495 0.1
    endloop
  endfacet
  facet normal 0 0 1
    outer loop
      vertex 23.876 49.2252 0.1
      vertex 25.4508 48.1838 0.1
      vertex 36.3982 45.4406 0.1
    endloop
  endfacet
  facet normal 0 -0 1
    outer loop
      vertex 66.1162 42.545 0.1
      vertex 62.9666 42.545 0.1
      vertex 79.7531 37.3341 0.1
    endloop
  endfacet
  facet normal 0 0 1
    outer loop
      vertex 62.9666 44.3738 0.1
      vertex 60.7314 45.72 0.1
      vertex 59.4614 45.72 0.1
    endloop
  endfacet
  facet normal 0 -0 1
    outer loop
      vertex 25.146 49.2252 0.1
      vertex 23.876 49.2252 0.1
      vertex 35.1282 46.3042 0.1
    endloop
  endfacet
  facet normal 0 -0 1
    outer loop
      vertex 77.5681 34.9405 0.1
      vertex 76.5175 34.925 0.1
      vertex 83.82 33.2486 0.1
    endloop
  endfacet
  facet normal 0 -0 1
    outer loop
      vertex 25.146 51.3588 0.1
      vertex 25.146 50.4952 0.1
      vertex 36.3982 47.5742 0.1
    endloop
  endfacet
  facet normal 0 0 1
    outer loop
      vertex 79.7531 37.1475 0.1
      vertex 79.7531 37.3341 0.1
      vertex 78.8381 37.4495 0.1
    endloop
  endfacet
  facet normal 0 0 1
    outer loop
      vertex 39.0906 53.8988 0.1
      vertex 39.0906 55.1688 0.1
      vertex 37.5412 55.753 0.1
    endloop
  endfacet
  facet normal 0 0 1
    outer loop
      vertex 39.0906 53.8988 0.1
      vertex 37.5412 55.753 0.1
      vertex 37.5412 55.0926 0.1
    endloop
  endfacet
  facet normal 0 0 1
    outer loop
      vertex 35.9562 55.753 0.1
      vertex 36.5404 55.753 0.1
      vertex 36.449 56.5658 0.1
    endloop
  endfacet
  facet normal 0 -0 1
    outer loop
      vertex 85.4075 37.1475 0.1
      vertex 85.4075 35.2425 0.1
      vertex 86.1031 35.0559 0.1
    endloop
  endfacet
  facet normal 0 -0 1
    outer loop
      vertex 36.5404 55.0926 0.1
      vertex 36.0934 51.5112 0.1
      vertex 36.957 52.3418 0.1
    endloop
  endfacet
  facet normal 0 -0 1
    outer loop
      vertex 85.9244 31.3347 0.1
      vertex 85.5256 31.3347 0.1
      vertex 133.388 20.48 0.1
    endloop
  endfacet
  facet normal 0 0 1
    outer loop
      vertex 36.5404 55.0926 0.1
      vertex 36.957 52.3418 0.1
      vertex 36.957 53.0022 0.1
    endloop
  endfacet
  facet normal 0 0 1
    outer loop
      vertex 36.5404 55.0926 0.1
      vertex 36.957 53.0022 0.1
      vertex 37.5412 53.0022 0.1
    endloop
  endfacet
  facet normal 0 0 1
    outer loop
      vertex 39.0906 53.8988 0.1
      vertex 37.5412 55.0926 0.1
      vertex 36.957 55.0926 0.1
    endloop
  endfacet
  facet normal 0 -0 1
    outer loop
      vertex 36.5404 55.753 0.1
      vertex 36.5404 55.0926 0.1
      vertex 36.957 55.0926 0.1
    endloop
  endfacet
  facet normal 0 0 1
    outer loop
      vertex 36.957 50.2412 0.1
      vertex 36.957 51.5112 0.1
      vertex 36.0934 51.5112 0.1
    endloop
  endfacet
  facet normal 0 0 1
    outer loop
      vertex 36.449 56.5658 0.1
      vertex 36.5404 55.753 0.1
      vertex 36.957 55.753 0.1
    endloop
  endfacet
  facet normal 0 -0 1
    outer loop
      vertex 40.3606 55.1688 0.1
      vertex 40.3606 53.8988 0.1
      vertex 41.2496 53.8988 0.1
    endloop
  endfacet
  facet normal 0 0 1
    outer loop
      vertex 36.449 56.5658 0.1
      vertex 36.957 55.753 0.1
      vertex 37.5412 55.753 0.1
    endloop
  endfacet
  facet normal 0 -0 1
    outer loop
      vertex 76.5175 46.3423 0.1
      vertex 76.5175 44.4373 0.1
      vertex 77.2131 44.2507 0.1
    endloop
  endfacet
  facet normal 0 0 1
    outer loop
      vertex 87.9475 46.3423 0.1
      vertex 88.6431 44.2507 0.1
      vertex 88.5825 44.4373 0.1
    endloop
  endfacet
  facet normal 0 0 1
    outer loop
      vertex 34.925 59.8678 0.1
      vertex 34.925 61.3918 0.1
      vertex 34.671 62.738 0.1
    endloop
  endfacet
  facet normal 0 0 1
    outer loop
      vertex 36.957 52.3418 0.1
      vertex 36.0934 51.5112 0.1
      vertex 36.957 51.5112 0.1
    endloop
  endfacet
  facet normal 0 0 1
    outer loop
      vertex 41.2496 50.8762 0.1
      vertex 39.0906 51.7652 0.1
      vertex 36.957 52.3418 0.1
    endloop
  endfacet
  facet normal 0 -0 1
    outer loop
      vertex 36.957 52.3418 0.1
      vertex 36.957 51.5112 0.1
      vertex 38.227 51.5112 0.1
    endloop
  endfacet
  facet normal 0 0 1
    outer loop
      vertex 95.6818 35.1282 0.1
      vertex 92.8081 37.4495 0.1
      vertex 93.0275 37.1475 0.1
    endloop
  endfacet
  facet normal 0 -0 1
    outer loop
      vertex 37.5412 52.3418 0.1
      vertex 36.957 52.3418 0.1
      vertex 39.0906 51.7652 0.1
    endloop
  endfacet
  facet normal 0 0 1
    outer loop
      vertex 36.5404 55.0926 0.1
      vertex 37.5412 53.0022 0.1
      vertex 39.0906 53.0352 0.1
    endloop
  endfacet
  facet normal 0 0 1
    outer loop
      vertex 36.5404 55.0926 0.1
      vertex 39.0906 53.0352 0.1
      vertex 40.3606 53.0352 0.1
    endloop
  endfacet
  facet normal 0 0 1
    outer loop
      vertex 64.135 58.674 0.1
      vertex 62.992 60.198 0.1
      vertex 61.468 60.198 0.1
    endloop
  endfacet
  facet normal 0 -0 1
    outer loop
      vertex 44.6786 51.7652 0.1
      vertex 43.4086 51.7652 0.1
      vertex 57.912 46.863 0.1
    endloop
  endfacet
  facet normal 0 0 1
    outer loop
      vertex 36.5404 55.0926 0.1
      vertex 40.3606 53.0352 0.1
      vertex 39.0906 53.8988 0.1
    endloop
  endfacet
  facet normal 0 -0 1
    outer loop
      vertex 38.227 51.5112 0.1
      vertex 38.227 50.2412 0.1
      vertex 41.2496 49.6062 0.1
    endloop
  endfacet
  facet normal 0 0 1
    outer loop
      vertex 44.6786 53.8988 0.1
      vertex 62.865 46.99 0.1
      vertex 88.6431 37.3341 0.1
    endloop
  endfacet
  facet normal 0 -0 1
    outer loop
      vertex 36.449 58.0898 0.1
      vertex 36.449 56.5658 0.1
      vertex 40.3606 55.1688 0.1
    endloop
  endfacet
  facet normal 0 0 1
    outer loop
      vertex 79.0575 46.3423 0.1
      vertex 79.7531 44.2507 0.1
      vertex 79.6925 44.4373 0.1
    endloop
  endfacet
  facet normal 0 -0 1
    outer loop
      vertex 36.449 61.3918 0.1
      vertex 36.449 59.8678 0.1
      vertex 39.2176 59.6138 0.1
    endloop
  endfacet
  facet normal 0 -0 1
    outer loop
      vertex 40.767 66.929 0.1
      vertex 40.767 65.405 0.1
      vertex 42.545 65.405 0.1
    endloop
  endfacet
  facet normal 0 -0 1
    outer loop
      vertex 50.038 60.198 0.1
      vertex 48.9204 59.6138 0.1
      vertex 51.562 58.42 0.1
    endloop
  endfacet
  facet normal 0 -0 1
    outer loop
      vertex 39.243 65.405 0.1
      vertex 37.465 64.77 0.1
      vertex 41.8084 63.3222 0.1
    endloop
  endfacet
  facet normal 0 0 1
    outer loop
      vertex 50.038 61.722 0.1
      vertex 51.562 61.722 0.1
      vertex 48.9204 63.3222 0.1
    endloop
  endfacet
  facet normal 0 0 1
    outer loop
      vertex 98.0948 37.719 0.1
      vertex 98.0948 38.481 0.1
      vertex 95.6818 39.5224 0.1
    endloop
  endfacet
  facet normal 0 -0 1
    outer loop
      vertex 37.465 67.564 0.1
      vertex 37.465 64.77 0.1
      vertex 39.243 65.405 0.1
    endloop
  endfacet
  facet normal 0 -0 1
    outer loop
      vertex 87.1233 33.4353 0.1
      vertex 87.1233 31.3347 0.1
      vertex 87.9259 31.3347 0.1
    endloop
  endfacet
  facet normal 0 -0 1
    outer loop
      vertex 36.0934 51.5112 0.1
      vertex 36.0934 50.2412 0.1
      vertex 36.957 50.2412 0.1
    endloop
  endfacet
  facet normal 0 0 1
    outer loop
      vertex 51.562 58.42 0.1
      vertex 77.1525 46.3423 0.1
      vertex 77.2131 46.3423 0.1
    endloop
  endfacet
  facet normal 0 -0 1
    outer loop
      vertex 42.0878 30.099 0.1
      vertex 40.8178 30.099 0.1
      vertex 133.388 20.48 0.1
    endloop
  endfacet
  facet normal 0 -0 1
    outer loop
      vertex 30.891 35.0769 0.1
      vertex 14.511 20.48 0.1
      vertex 40.8178 30.099 0.1
    endloop
  endfacet
  facet normal 0 -0 1
    outer loop
      vertex 42.0878 33.401 0.1
      vertex 42.0878 32.131 0.1
      vertex 133.388 20.48 0.1
    endloop
  endfacet
  facet normal 0 0 1
    outer loop
      vertex 30.891 35.0769 0.1
      vertex 40.8178 30.099 0.1
      vertex 40.8178 31.369 0.1
    endloop
  endfacet
  facet normal 0 0 1
    outer loop
      vertex 40.8178 32.131 0.1
      vertex 42.0878 31.369 0.1
      vertex 133.388 20.48 0.1
    endloop
  endfacet
  facet normal 0 0 1
    outer loop
      vertex 30.891 35.0769 0.1
      vertex 40.8178 31.369 0.1
      vertex 42.0878 31.369 0.1
    endloop
  endfacet
  facet normal 0 -0 1
    outer loop
      vertex 42.0878 32.131 0.1
      vertex 40.8178 32.131 0.1
      vertex 133.388 20.48 0.1
    endloop
  endfacet
  facet normal 0 0 1
    outer loop
      vertex 30.891 35.0769 0.1
      vertex 42.0878 31.369 0.1
      vertex 40.8178 32.131 0.1
    endloop
  endfacet
  facet normal 0 -0 1
    outer loop
      vertex 75.438 30.2514 0.1
      vertex 74.168 30.2514 0.1
      vertex 133.388 20.48 0.1
    endloop
  endfacet
  facet normal 0 0 1
    outer loop
      vertex 30.891 35.0769 0.1
      vertex 40.8178 32.131 0.1
      vertex 40.8178 33.401 0.1
    endloop
  endfacet
  facet normal 0 0 1
    outer loop
      vertex 30.891 35.0769 0.1
      vertex 42.0878 33.401 0.1
      vertex 133.388 20.48 0.1
    endloop
  endfacet
  facet normal 0 0 1
    outer loop
      vertex 30.891 35.0769 0.1
      vertex 40.8178 33.401 0.1
      vertex 42.0878 33.401 0.1
    endloop
  endfacet
  facet normal 0 -0 1
    outer loop
      vertex 42.0878 34.671 0.1
      vertex 40.8178 34.671 0.1
      vertex 133.388 20.48 0.1
    endloop
  endfacet
  facet normal 0 0 1
    outer loop
      vertex 23.9268 43.3578 0.1
      vertex 30.891 36.0431 0.1
      vertex 40.8178 34.671 0.1
    endloop
  endfacet
  facet normal 0 0 1
    outer loop
      vertex 76.3524 31.9024 0.1
      vertex 77.8764 31.9024 0.1
      vertex 75.438 32.385 0.1
    endloop
  endfacet
  facet normal 0 0 1
    outer loop
      vertex 23.9268 43.3578 0.1
      vertex 40.8178 34.671 0.1
      vertex 40.8178 35.941 0.1
    endloop
  endfacet
  facet normal 0 0 1
    outer loop
      vertex 23.9268 43.3578 0.1
      vertex 40.8178 35.941 0.1
      vertex 42.0878 35.941 0.1
    endloop
  endfacet
  facet normal -0 -0 1
    outer loop
      vertex 74.168 30.2514 0.1
      vertex 42.0878 34.671 0.1
      vertex 133.388 20.48 0.1
    endloop
  endfacet
  facet normal 0 -0 1
    outer loop
      vertex 77.8764 31.9024 0.1
      vertex 77.8764 30.3784 0.1
      vertex 79.6544 30.3784 0.1
    endloop
  endfacet
  facet normal 0 0 1
    outer loop
      vertex 23.9268 43.3578 0.1
      vertex 42.0878 35.941 0.1
      vertex 40.8178 36.8046 0.1
    endloop
  endfacet
  facet normal 0 0 1
    outer loop
      vertex 23.9268 43.3578 0.1
      vertex 40.8178 36.8046 0.1
      vertex 40.8178 38.0746 0.1
    endloop
  endfacet
  facet normal 0 0 1
    outer loop
      vertex 75.8825 34.925 0.1
      vertex 75.8825 37.465 0.1
      vertex 69.977 38.481 0.1
    endloop
  endfacet
  facet normal 0 0 1
    outer loop
      vertex 23.9268 43.3578 0.1
      vertex 40.8178 38.0746 0.1
      vertex 42.0878 38.0746 0.1
    endloop
  endfacet
  facet normal 0 0 1
    outer loop
      vertex 36.449 56.5658 0.1
      vertex 35.5422 55.753 0.1
      vertex 35.9562 55.753 0.1
    endloop
  endfacet
  facet normal 0 0 1
    outer loop
      vertex 36.957 52.3418 0.1
      vertex 38.227 51.5112 0.1
      vertex 41.2496 50.8762 0.1
    endloop
  endfacet
  facet normal 0 0 1
    outer loop
      vertex 39.0906 53.8988 0.1
      vertex 36.957 55.0926 0.1
      vertex 36.5404 55.0926 0.1
    endloop
  endfacet
  facet normal 0 -0 1
    outer loop
      vertex 63.3222 64.1604 0.1
      vertex 63.3222 62.8904 0.1
      vertex 64.135 64.1604 0.1
    endloop
  endfacet
  facet normal 0 0 1
    outer loop
      vertex 39.0906 53.8988 0.1
      vertex 40.3606 53.0352 0.1
      vertex 41.2496 53.0352 0.1
    endloop
  endfacet
  facet normal 0 -0 1
    outer loop
      vertex 41.2496 53.8988 0.1
      vertex 40.3606 53.8988 0.1
      vertex 43.4086 53.0352 0.1
    endloop
  endfacet
  facet normal 0 -0 1
    outer loop
      vertex 59.4614 45.72 0.1
      vertex 57.912 45.339 0.1
      vertex 61.5442 44.3738 0.1
    endloop
  endfacet
  facet normal 0 0 1
    outer loop
      vertex 87.3125 37.465 0.1
      vertex 87.9475 37.465 0.1
      vertex 62.865 46.99 0.1
    endloop
  endfacet
  facet normal 0 0 1
    outer loop
      vertex 61.595 46.99 0.1
      vertex 62.865 46.99 0.1
      vertex 44.6786 53.8988 0.1
    endloop
  endfacet
  facet normal 0 0 1
    outer loop
      vertex 36.449 58.0898 0.1
      vertex 40.3606 55.1688 0.1
      vertex 41.2496 55.1688 0.1
    endloop
  endfacet
  facet normal 0 0 1
    outer loop
      vertex 36.449 58.0898 0.1
      vertex 41.2496 55.1688 0.1
      vertex 42.5196 55.1688 0.1
    endloop
  endfacet
  facet normal 0 0 1
    outer loop
      vertex 95.6818 37.2618 0.1
      vertex 81.3781 44.1353 0.1
      vertex 81.0231 44.2507 0.1
    endloop
  endfacet
  facet normal 0 -0 1
    outer loop
      vertex 42.5196 50.8762 0.1
      vertex 42.5196 49.6062 0.1
      vertex 43.3832 49.6062 0.1
    endloop
  endfacet
  facet normal 0 0 1
    outer loop
      vertex 69.85 66.294 0.1
      vertex 71.12 66.294 0.1
      vertex 133.388 86.454 0.1
    endloop
  endfacet
  facet normal 0 0 1
    outer loop
      vertex 59.055 39.1414 0.1
      vertex 36.3982 46.3042 0.1
      vertex 35.1282 46.3042 0.1
    endloop
  endfacet
  facet normal 0 0 1
    outer loop
      vertex 37.465 69.596 0.1
      vertex 40.767 66.929 0.1
      vertex 42.545 66.929 0.1
    endloop
  endfacet
  facet normal 0 0 1
    outer loop
      vertex 30.323 76.1554 0.1
      vertex 37.465 69.596 0.1
      vertex 44.069 66.929 0.1
    endloop
  endfacet
  facet normal 0 0 1
    outer loop
      vertex 96.9518 45.9994 0.1
      vertex 95.6818 45.9994 0.1
      vertex 96.9518 45.1358 0.1
    endloop
  endfacet
  facet normal 0 0 1
    outer loop
      vertex 59.69 62.0776 0.1
      vertex 59.69 62.8904 0.1
      vertex 58.42 62.8904 0.1
    endloop
  endfacet
  facet normal 0 -0 1
    outer loop
      vertex 40.3606 53.0352 0.1
      vertex 40.3606 51.7652 0.1
      vertex 41.2496 51.7652 0.1
    endloop
  endfacet
  facet normal 0 0 1
    outer loop
      vertex 95.6818 41.656 0.1
      vertex 93.0275 44.4373 0.1
      vertex 92.8081 44.1353 0.1
    endloop
  endfacet
  facet normal 0 0 1
    outer loop
      vertex 85.1881 46.6443 0.1
      vertex 86.0425 46.6598 0.1
      vertex 75.88 52.7863 0.1
    endloop
  endfacet
  facet normal 0 -0 1
    outer loop
      vertex 42.5196 51.7652 0.1
      vertex 41.2496 51.7652 0.1
      vertex 44.6532 50.8762 0.1
    endloop
  endfacet
  facet normal 0 0 1
    outer loop
      vertex 56.388 46.863 0.1
      vertex 43.4086 51.7652 0.1
      vertex 42.5196 51.7652 0.1
    endloop
  endfacet
  facet normal 0 -0 1
    outer loop
      vertex 77.1525 35.2425 0.1
      vertex 76.5175 34.925 0.1
      vertex 77.2131 35.0559 0.1
    endloop
  endfacet
  facet normal 0 -0 1
    outer loop
      vertex 40.3606 53.8988 0.1
      vertex 39.0906 53.8988 0.1
      vertex 42.5196 53.0352 0.1
    endloop
  endfacet
  facet normal -0 -0 1
    outer loop
      vertex 77.2131 44.2507 0.1
      vertex 76.5175 44.4373 0.1
      vertex 95.6818 36.3982 0.1
    endloop
  endfacet
  facet normal 0 0 1
    outer loop
      vertex 64.135 58.674 0.1
      vertex 64.135 59.944 0.1
      vertex 62.992 60.198 0.1
    endloop
  endfacet
  facet normal 0 0 1
    outer loop
      vertex 43.4086 51.7652 0.1
      vertex 43.4086 53.0352 0.1
      vertex 42.5196 53.0352 0.1
    endloop
  endfacet
  facet normal 0 0 1
    outer loop
      vertex 52.705 60.8076 0.1
      vertex 53.975 59.944 0.1
      vertex 57.277 58.42 0.1
    endloop
  endfacet
  facet normal 0 0 1
    outer loop
      vertex 90.3986 59.055 0.1
      vertex 91.6686 59.055 0.1
      vertex 93.1164 60.325 0.1
    endloop
  endfacet
  facet normal 0 0 1
    outer loop
      vertex 87.7281 46.6443 0.1
      vertex 88.5825 46.3423 0.1
      vertex 86.36 47.625 0.1
    endloop
  endfacet
  facet normal 0 0 1
    outer loop
      vertex 50.038 60.198 0.1
      vertex 55.753 56.896 0.1
      vertex 52.705 58.674 0.1
    endloop
  endfacet
  facet normal 0 0 1
    outer loop
      vertex 36.449 58.0898 0.1
      vertex 42.5196 55.1688 0.1
      vertex 43.4086 55.1688 0.1
    endloop
  endfacet
  facet normal 0 -0 1
    outer loop
      vertex 36.449 59.8678 0.1
      vertex 36.449 58.0898 0.1
      vertex 44.6786 55.1688 0.1
    endloop
  endfacet
  facet normal 0 -0 1
    outer loop
      vertex 44.069 66.929 0.1
      vertex 44.069 65.405 0.1
      vertex 48.9204 63.3222 0.1
    endloop
  endfacet
  facet normal 0 0 1
    outer loop
      vertex 42.545 65.405 0.1
      vertex 42.545 66.929 0.1
      vertex 40.767 66.929 0.1
    endloop
  endfacet
  facet normal 0 0 1
    outer loop
      vertex 41.2496 49.6062 0.1
      vertex 41.2496 50.8762 0.1
      vertex 38.227 51.5112 0.1
    endloop
  endfacet
  facet normal 0 0 1
    outer loop
      vertex 52.705 60.8076 0.1
      vertex 52.705 62.0776 0.1
      vertex 50.5968 62.8904 0.1
    endloop
  endfacet
  facet normal 0 -0 1
    outer loop
      vertex 99.6696 47.244 0.1
      vertex 99.6696 45.466 0.1
      vertex 107.112 40.259 0.1
    endloop
  endfacet
  facet normal 0 0 1
    outer loop
      vertex 57.277 58.42 0.1
      vertex 79.7531 46.3423 0.1
      vertex 79.7531 46.5289 0.1
    endloop
  endfacet
  facet normal 0 -0 1
    outer loop
      vertex 52.705 60.8076 0.1
      vertex 52.705 59.944 0.1
      vertex 53.975 59.944 0.1
    endloop
  endfacet
  facet normal 0 0 1
    outer loop
      vertex 43.3832 49.6062 0.1
      vertex 43.3832 50.8762 0.1
      vertex 42.5196 50.8762 0.1
    endloop
  endfacet
  facet normal 0 0 1
    outer loop
      vertex 78.4831 46.5289 0.1
      vertex 78.8381 46.6443 0.1
      vertex 57.277 56.896 0.1
    endloop
  endfacet
  facet normal 0 0 1
    outer loop
      vertex 59.055 39.1414 0.1
      vertex 35.1282 46.3042 0.1
      vertex 23.876 49.2252 0.1
    endloop
  endfacet
  facet normal 0 0 1
    outer loop
      vertex 34.671 67.564 0.1
      vertex 34.671 69.596 0.1
      vertex 30.323 76.1554 0.1
    endloop
  endfacet
  facet normal 0 0 1
    outer loop
      vertex 52.705 62.0776 0.1
      vertex 53.975 62.0776 0.1
      vertex 51.8668 62.8904 0.1
    endloop
  endfacet
  facet normal 0 -0 1
    outer loop
      vertex 53.975 62.0776 0.1
      vertex 53.975 60.8076 0.1
      vertex 55.753 60.198 0.1
    endloop
  endfacet
  facet normal 0 -0 1
    outer loop
      vertex 52.705 62.8904 0.1
      vertex 51.8668 62.8904 0.1
      vertex 53.975 62.0776 0.1
    endloop
  endfacet
  facet normal 0 -0 1
    outer loop
      vertex 111.709 40.2336 0.1
      vertex 111.709 38.9636 0.1
      vertex 133.388 20.48 0.1
    endloop
  endfacet
  facet normal -0 -0 1
    outer loop
      vertex 55.753 60.198 0.1
      vertex 53.975 60.8076 0.1
      vertex 58.42 58.674 0.1
    endloop
  endfacet
  facet normal 0 0 1
    outer loop
      vertex 53.975 62.0776 0.1
      vertex 53.975 62.8904 0.1
      vertex 52.705 62.8904 0.1
    endloop
  endfacet
  facet normal 0 0 1
    outer loop
      vertex 87.3731 44.2507 0.1
      vertex 87.3731 44.4373 0.1
      vertex 87.3125 44.4373 0.1
    endloop
  endfacet
  facet normal 0 0 1
    outer loop
      vertex 30.323 76.1554 0.1
      vertex 44.069 66.929 0.1
      vertex 50.5968 64.1604 0.1
    endloop
  endfacet
  facet normal 0 0 1
    outer loop
      vertex 85.5256 31.3347 0.1
      vertex 83.82 33.2486 0.1
      vertex 83.82 31.9786 0.1
    endloop
  endfacet
  facet normal 0 0 1
    outer loop
      vertex 30.323 76.1554 0.1
      vertex 50.5968 64.1604 0.1
      vertex 51.8668 64.1604 0.1
    endloop
  endfacet
  facet normal 0 0 1
    outer loop
      vertex 57.277 61.722 0.1
      vertex 56.3118 62.8904 0.1
      vertex 53.975 64.1604 0.1
    endloop
  endfacet
  facet normal 0 0 1
    outer loop
      vertex 30.323 76.1554 0.1
      vertex 51.8668 64.1604 0.1
      vertex 50.5968 65.024 0.1
    endloop
  endfacet
  facet normal 0 0 1
    outer loop
      vertex 55.753 56.896 0.1
      vertex 55.753 58.42 0.1
      vertex 53.975 58.674 0.1
    endloop
  endfacet
  facet normal 0 0 1
    outer loop
      vertex 14.511 86.454 0.1
      vertex 30.891 76.9371 0.1
      vertex 50.5968 66.294 0.1
    endloop
  endfacet
  facet normal 0 -0 1
    outer loop
      vertex 89.2175 37.1475 0.1
      vertex 89.2175 35.2425 0.1
      vertex 89.9131 35.0559 0.1
    endloop
  endfacet
  facet normal 0 0 1
    outer loop
      vertex 133.388 86.454 0.1
      vertex 14.511 86.454 0.1
      vertex 51.8668 66.294 0.1
    endloop
  endfacet
  facet normal 0 0 1
    outer loop
      vertex 79.06 53.9852 0.1
      vertex 75.88 57.1856 0.1
      vertex 73.98 57.1856 0.1
    endloop
  endfacet
  facet normal 0 0 1
    outer loop
      vertex 50.5968 65.024 0.1
      vertex 50.5968 66.294 0.1
      vertex 30.891 76.9371 0.1
    endloop
  endfacet
  facet normal 0 0 1
    outer loop
      vertex 98.1456 44.704 0.1
      vertex 99.6696 44.704 0.1
      vertex 98.1456 45.466 0.1
    endloop
  endfacet
  facet normal 0 0 1
    outer loop
      vertex 82.2931 46.5289 0.1
      vertex 82.6481 46.6443 0.1
      vertex 62.992 56.896 0.1
    endloop
  endfacet
  facet normal 0 0 1
    outer loop
      vertex 42.545 66.929 0.1
      vertex 44.069 66.929 0.1
      vertex 37.465 69.596 0.1
    endloop
  endfacet
  facet normal 0 -0 1
    outer loop
      vertex 62.9666 44.3738 0.1
      vertex 62.9666 42.545 0.1
      vertex 66.1162 42.545 0.1
    endloop
  endfacet
  facet normal 0 0 1
    outer loop
      vertex 84.8331 46.5289 0.1
      vertex 73.98 52.7863 0.1
      vertex 59.69 60.8076 0.1
    endloop
  endfacet
  facet normal 0 0 1
    outer loop
      vertex 56.3118 62.8904 0.1
      vertex 56.3118 64.1604 0.1
      vertex 53.975 65.024 0.1
    endloop
  endfacet
  facet normal 0 0 1
    outer loop
      vertex 50.5968 65.024 0.1
      vertex 30.891 75.9709 0.1
      vertex 30.323 76.1554 0.1
    endloop
  endfacet
  facet normal -0 -0 1
    outer loop
      vertex 92.4531 35.0559 0.1
      vertex 91.7575 35.2425 0.1
      vertex 96.9518 33.4518 0.1
    endloop
  endfacet
  facet normal -0 0 1
    outer loop
      vertex 87.5487 65.0443 0.1
      vertex 87.5487 65.6438 0.1
      vertex 86.0476 65.0443 0.1
    endloop
  endfacet
  facet normal 0 0 1
    outer loop
      vertex 50.5968 65.024 0.1
      vertex 31.242 76.454 0.1
      vertex 30.891 75.9709 0.1
    endloop
  endfacet
  facet normal 0 0 1
    outer loop
      vertex 52.705 65.024 0.1
      vertex 53.975 64.1604 0.1
      vertex 56.3118 62.8904 0.1
    endloop
  endfacet
  facet normal 0 0 1
    outer loop
      vertex 88.5825 35.2425 0.1
      vertex 88.5825 37.1475 0.1
      vertex 87.9475 37.465 0.1
    endloop
  endfacet
  facet normal 0 0 1
    outer loop
      vertex 55.753 58.42 0.1
      vertex 57.277 58.42 0.1
      vertex 53.975 59.944 0.1
    endloop
  endfacet
  facet normal 0 -0 1
    outer loop
      vertex 62.992 58.42 0.1
      vertex 62.992 56.896 0.1
      vertex 83.5025 46.3423 0.1
    endloop
  endfacet
  facet normal 0 -0 1
    outer loop
      vertex 51.8668 65.024 0.1
      vertex 50.5968 65.024 0.1
      vertex 52.705 64.1604 0.1
    endloop
  endfacet
  facet normal 0 -0 1
    outer loop
      vertex 77.7875 37.1475 0.1
      vertex 77.7875 35.2425 0.1
      vertex 78.4225 35.2425 0.1
    endloop
  endfacet
  facet normal 0 -0 1
    outer loop
      vertex 59.69 62.0776 0.1
      vertex 59.69 60.8076 0.1
      vertex 61.468 60.198 0.1
    endloop
  endfacet
  facet normal 0 0 1
    outer loop
      vertex 57.277 56.896 0.1
      vertex 78.4831 46.3423 0.1
      vertex 78.4831 46.5289 0.1
    endloop
  endfacet
  facet normal 0 0 1
    outer loop
      vertex 133.388 86.454 0.1
      vertex 51.8668 66.294 0.1
      vertex 52.705 66.294 0.1
    endloop
  endfacet
  facet normal 0 0 1
    outer loop
      vertex 65.405 64.1604 0.1
      vertex 69.85 65.024 0.1
      vertex 69.0372 65.024 0.1
    endloop
  endfacet
  facet normal 0 0 1
    outer loop
      vertex 133.388 86.454 0.1
      vertex 52.705 66.294 0.1
      vertex 53.975 66.294 0.1
    endloop
  endfacet
  facet normal 0 0 1
    outer loop
      vertex 107.112 35.179 0.1
      vertex 108.636 35.179 0.1
      vertex 107.112 35.941 0.1
    endloop
  endfacet
  facet normal 0 -0 1
    outer loop
      vertex 108.636 33.401 0.1
      vertex 107.112 33.401 0.1
      vertex 133.388 20.48 0.1
    endloop
  endfacet
  facet normal 0 0 1
    outer loop
      vertex 82.2931 46.3423 0.1
      vertex 82.2931 46.5289 0.1
      vertex 61.468 56.896 0.1
    endloop
  endfacet
  facet normal 0 0 1
    outer loop
      vertex 99.6188 37.719 0.1
      vertex 107.112 32.639 0.1
      vertex 107.112 33.401 0.1
    endloop
  endfacet
  facet normal 0 0 1
    outer loop
      vertex 60.7314 46.99 0.1
      vertex 61.595 46.99 0.1
      vertex 42.5196 53.8988 0.1
    endloop
  endfacet
  facet normal 0 0 1
    outer loop
      vertex 52.705 58.674 0.1
      vertex 51.562 60.198 0.1
      vertex 50.038 60.198 0.1
    endloop
  endfacet
  facet normal 0 -0 1
    outer loop
      vertex 99.6188 40.259 0.1
      vertex 99.6188 38.481 0.1
      vertex 107.112 35.179 0.1
    endloop
  endfacet
  facet normal 0 0 1
    outer loop
      vertex 61.5442 42.545 0.1
      vertex 38.227 50.2412 0.1
      vertex 36.957 50.2412 0.1
    endloop
  endfacet
  facet normal 0 0 1
    outer loop
      vertex 73.98 52.7863 0.1
      vertex 73.98 53.9852 0.1
      vertex 68.707 56.896 0.1
    endloop
  endfacet
  facet normal 0 0 1
    outer loop
      vertex 84.8331 46.5289 0.1
      vertex 85.1881 46.6443 0.1
      vertex 73.98 52.7863 0.1
    endloop
  endfacet
  facet normal 0 0 1
    outer loop
      vertex 75.8825 37.465 0.1
      vertex 76.5175 37.465 0.1
      vertex 69.977 40.005 0.1
    endloop
  endfacet
  facet normal 0 0 1
    outer loop
      vertex 64.135 59.944 0.1
      vertex 65.405 59.944 0.1
      vertex 64.135 60.8076 0.1
    endloop
  endfacet
  facet normal 0 -0 1
    outer loop
      vertex 57.5818 66.294 0.1
      vertex 57.5818 65.024 0.1
      vertex 58.42 66.294 0.1
    endloop
  endfacet
  facet normal 0 0 1
    outer loop
      vertex 56.388 46.863 0.1
      vertex 57.912 46.863 0.1
      vertex 43.4086 51.7652 0.1
    endloop
  endfacet
  facet normal 0 0 1
    outer loop
      vertex 92.1766 32.1564 0.1
      vertex 87.3125 34.925 0.1
      vertex 86.4581 34.9405 0.1
    endloop
  endfacet
  facet normal 0 -0 1
    outer loop
      vertex 68.707 58.42 0.1
      vertex 68.707 56.896 0.1
      vertex 73.98 53.9852 0.1
    endloop
  endfacet
  facet normal 0 0 1
    outer loop
      vertex 56.3118 66.294 0.1
      vertex 53.975 66.294 0.1
      vertex 56.3118 65.024 0.1
    endloop
  endfacet
  facet normal 0 0 1
    outer loop
      vertex 133.388 86.454 0.1
      vertex 53.975 66.294 0.1
      vertex 56.3118 66.294 0.1
    endloop
  endfacet
  facet normal -0 -0 1
    outer loop
      vertex 86.1031 35.0559 0.1
      vertex 85.4075 35.2425 0.1
      vertex 86.4581 34.9405 0.1
    endloop
  endfacet
  facet normal 0 0 1
    outer loop
      vertex 133.388 86.454 0.1
      vertex 56.3118 66.294 0.1
      vertex 57.5818 66.294 0.1
    endloop
  endfacet
  facet normal 0 0 1
    outer loop
      vertex 84.8331 35.0559 0.1
      vertex 84.8331 35.2425 0.1
      vertex 84.7725 35.2425 0.1
    endloop
  endfacet
  facet normal 0 0 1
    outer loop
      vertex 85.4075 44.4373 0.1
      vertex 96.9518 38.5318 0.1
      vertex 86.0425 44.1198 0.1
    endloop
  endfacet
  facet normal 0 0 1
    outer loop
      vertex 25.146 51.3588 0.1
      vertex 36.3982 47.5742 0.1
      vertex 56.388 42.037 0.1
    endloop
  endfacet
  facet normal -0 -0 1
    outer loop
      vertex 34.8234 50.2412 0.1
      vertex 25.146 52.6288 0.1
      vertex 56.388 43.561 0.1
    endloop
  endfacet
  facet normal 0 -0 1
    outer loop
      vertex 36.0934 50.2412 0.1
      vertex 34.8234 50.2412 0.1
      vertex 57.912 43.561 0.1
    endloop
  endfacet
  facet normal 0 0 1
    outer loop
      vertex 86.1031 37.3341 0.1
      vertex 86.4581 37.4495 0.1
      vertex 67.5386 44.3738 0.1
    endloop
  endfacet
  facet normal 0 -0 1
    outer loop
      vertex 42.5196 55.1688 0.1
      vertex 42.5196 53.8988 0.1
      vertex 43.4086 53.8988 0.1
    endloop
  endfacet
  facet normal 0 0 1
    outer loop
      vertex 42.5196 51.7652 0.1
      vertex 44.6532 50.8762 0.1
      vertex 56.388 46.863 0.1
    endloop
  endfacet
  facet normal 0 0 1
    outer loop
      vertex 62.992 58.42 0.1
      vertex 84.7725 46.3423 0.1
      vertex 84.8331 46.3423 0.1
    endloop
  endfacet
  facet normal 0 -0 1
    outer loop
      vertex 42.5196 53.0352 0.1
      vertex 42.5196 51.7652 0.1
      vertex 43.4086 51.7652 0.1
    endloop
  endfacet
  facet normal 0 0 1
    outer loop
      vertex 82.6481 46.6443 0.1
      vertex 83.5025 46.3423 0.1
      vertex 62.992 56.896 0.1
    endloop
  endfacet
  facet normal 0 0 1
    outer loop
      vertex 86.4581 37.4495 0.1
      vertex 87.3125 37.465 0.1
      vertex 67.5386 44.3738 0.1
    endloop
  endfacet
  facet normal 0 -0 1
    outer loop
      vertex 88.5825 35.2425 0.1
      vertex 87.9475 34.925 0.1
      vertex 88.6431 35.0559 0.1
    endloop
  endfacet
  facet normal 0 -0 1
    outer loop
      vertex 59.69 60.8076 0.1
      vertex 58.42 60.8076 0.1
      vertex 62.992 58.42 0.1
    endloop
  endfacet
  facet normal 0 -0 1
    outer loop
      vertex 59.69 59.944 0.1
      vertex 59.69 58.674 0.1
      vertex 61.468 58.42 0.1
    endloop
  endfacet
  facet normal 0 0 1
    outer loop
      vertex 52.705 65.024 0.1
      vertex 52.705 66.294 0.1
      vertex 51.8668 66.294 0.1
    endloop
  endfacet
  facet normal 0 0 1
    outer loop
      vertex 50.5968 62.8904 0.1
      vertex 50.5968 64.1604 0.1
      vertex 44.069 66.929 0.1
    endloop
  endfacet
  facet normal 0 0 1
    outer loop
      vertex 58.42 62.0776 0.1
      vertex 59.69 62.0776 0.1
      vertex 57.5818 62.8904 0.1
    endloop
  endfacet
  facet normal 0 0 1
    outer loop
      vertex 57.277 58.42 0.1
      vertex 79.6925 46.3423 0.1
      vertex 79.7531 46.3423 0.1
    endloop
  endfacet
  facet normal 0 0 1
    outer loop
      vertex 52.705 58.674 0.1
      vertex 52.705 59.944 0.1
      vertex 51.562 60.198 0.1
    endloop
  endfacet
  facet normal 0 0 1
    outer loop
      vertex 51.8668 64.1604 0.1
      vertex 52.705 64.1604 0.1
      vertex 50.5968 65.024 0.1
    endloop
  endfacet
  facet normal 0 0 1
    outer loop
      vertex 61.468 61.722 0.1
      vertex 59.69 64.1604 0.1
      vertex 59.69 62.8904 0.1
    endloop
  endfacet
  facet normal 0 0 1
    outer loop
      vertex 88.9981 46.6443 0.1
      vertex 89.8525 46.3423 0.1
      vertex 87.63 47.625 0.1
    endloop
  endfacet
  facet normal 0 -0 1
    outer loop
      vertex 53.975 66.294 0.1
      vertex 53.975 65.024 0.1
      vertex 56.3118 64.1604 0.1
    endloop
  endfacet
  facet normal 0 0 1
    outer loop
      vertex 59.69 66.294 0.1
      vertex 62.0522 66.294 0.1
      vertex 133.388 86.454 0.1
    endloop
  endfacet
  facet normal 0 0 1
    outer loop
      vertex 107.163 47.244 0.1
      vertex 108.687 47.244 0.1
      vertex 107.163 48.006 0.1
    endloop
  endfacet
  facet normal 0 -0 1
    outer loop
      vertex 57.5818 65.024 0.1
      vertex 56.3118 65.024 0.1
      vertex 58.42 64.1604 0.1
    endloop
  endfacet
  facet normal 0 -0 1
    outer loop
      vertex 58.42 65.024 0.1
      vertex 57.5818 65.024 0.1
      vertex 59.69 64.1604 0.1
    endloop
  endfacet
  facet normal 0 -0 1
    outer loop
      vertex 62.992 61.722 0.1
      vertex 62.992 60.198 0.1
      vertex 64.135 59.944 0.1
    endloop
  endfacet
  facet normal 0 0 1
    outer loop
      vertex 59.69 65.024 0.1
      vertex 58.42 65.024 0.1
      vertex 59.69 64.1604 0.1
    endloop
  endfacet
  facet normal 0 -0 1
    outer loop
      vertex 59.69 66.294 0.1
      vertex 59.69 65.024 0.1
      vertex 62.0522 66.294 0.1
    endloop
  endfacet
  facet normal 0 -0 1
    outer loop
      vertex 93.4466 33.4264 0.1
      vertex 93.4466 32.1564 0.1
      vertex 96.9518 31.3182 0.1
    endloop
  endfacet
  facet normal 0 0 1
    outer loop
      vertex 133.388 86.454 0.1
      vertex 57.5818 66.294 0.1
      vertex 58.42 66.294 0.1
    endloop
  endfacet
  facet normal 0 0 1
    outer loop
      vertex 78.8381 37.4495 0.1
      vertex 79.7531 37.3341 0.1
      vertex 62.9666 42.545 0.1
    endloop
  endfacet
  facet normal 0 0 1
    outer loop
      vertex 133.388 86.454 0.1
      vertex 58.42 66.294 0.1
      vertex 59.69 66.294 0.1
    endloop
  endfacet
  facet normal 0 0 1
    outer loop
      vertex 62.0522 65.024 0.1
      vertex 59.69 65.024 0.1
      vertex 59.69 64.1604 0.1
    endloop
  endfacet
  facet normal 0 0 1
    outer loop
      vertex 82.55 33.2486 0.1
      vertex 76.5175 34.925 0.1
      vertex 75.8825 34.925 0.1
    endloop
  endfacet
  facet normal 0 0 1
    outer loop
      vertex 57.912 46.863 0.1
      vertex 59.4614 46.99 0.1
      vertex 44.6786 51.7652 0.1
    endloop
  endfacet
  facet normal 0 0 1
    outer loop
      vertex 25.146 51.3588 0.1
      vertex 23.876 51.3588 0.1
      vertex 25.146 50.4952 0.1
    endloop
  endfacet
  facet normal 0 0 1
    outer loop
      vertex 88.6431 37.1475 0.1
      vertex 88.6431 37.3341 0.1
      vertex 87.9475 37.465 0.1
    endloop
  endfacet
  facet normal -0 -0 1
    outer loop
      vertex 56.388 42.037 0.1
      vertex 36.3982 47.5742 0.1
      vertex 59.055 41.275 0.1
    endloop
  endfacet
  facet normal 0 0 1
    outer loop
      vertex 56.388 43.561 0.1
      vertex 57.912 43.561 0.1
      vertex 34.8234 50.2412 0.1
    endloop
  endfacet
  facet normal 0 0 1
    outer loop
      vertex 77.2131 37.3341 0.1
      vertex 77.5681 37.4495 0.1
      vertex 69.977 40.005 0.1
    endloop
  endfacet
  facet normal 0 -0 1
    outer loop
      vertex 69.977 40.005 0.1
      vertex 69.977 38.481 0.1
      vertex 75.8825 37.465 0.1
    endloop
  endfacet
  facet normal 0 0 1
    outer loop
      vertex 98.8314 61.595 0.1
      vertex 99.695 61.595 0.1
      vertex 109.626 69.215 0.1
    endloop
  endfacet
  facet normal 0 0 1
    outer loop
      vertex 85.4075 46.3423 0.1
      vertex 86.0425 46.6598 0.1
      vertex 85.1881 46.6443 0.1
    endloop
  endfacet
  facet normal 0 0 1
    outer loop
      vertex 80.3275 46.3423 0.1
      vertex 80.9625 46.3423 0.1
      vertex 80.1081 46.6443 0.1
    endloop
  endfacet
  facet normal 0 -0 1
    outer loop
      vertex 62.865 46.99 0.1
      vertex 62.865 45.72 0.1
      vertex 67.5386 44.3738 0.1
    endloop
  endfacet
  facet normal 0 0 1
    outer loop
      vertex 68.453 40.005 0.1
      vertex 69.977 40.005 0.1
      vertex 61.5442 42.545 0.1
    endloop
  endfacet
  facet normal 0 0 1
    outer loop
      vertex 52.705 60.8076 0.1
      vertex 50.5968 62.8904 0.1
      vertex 51.562 61.722 0.1
    endloop
  endfacet
  facet normal 0 0 1
    outer loop
      vertex 51.562 61.722 0.1
      vertex 50.5968 62.8904 0.1
      vertex 48.9204 63.3222 0.1
    endloop
  endfacet
  facet normal 0 0 1
    outer loop
      vertex 83.82 33.2486 0.1
      vertex 78.8381 34.9405 0.1
      vertex 77.5681 34.9405 0.1
    endloop
  endfacet
  facet normal 0 0 1
    outer loop
      vertex 89.2175 37.1475 0.1
      vertex 89.9131 35.0559 0.1
      vertex 89.8525 35.2425 0.1
    endloop
  endfacet
  facet normal 0 -0 1
    outer loop
      vertex 93.0275 46.3423 0.1
      vertex 93.0275 44.4373 0.1
      vertex 95.6818 42.926 0.1
    endloop
  endfacet
  facet normal 0 0 1
    outer loop
      vertex 89.9131 44.2507 0.1
      vertex 89.9131 44.4373 0.1
      vertex 89.8525 44.4373 0.1
    endloop
  endfacet
  facet normal 0 0 1
    outer loop
      vertex 89.9414 61.595 0.1
      vertex 90.805 61.595 0.1
      vertex 94.9376 64.0944 0.1
    endloop
  endfacet
  facet normal 0 0 1
    outer loop
      vertex 118.339 41.91 0.1
      vertex 116.721 44.6608 0.1
      vertex 116.439 44.7802 0.1
    endloop
  endfacet
  facet normal 0 0 1
    outer loop
      vertex 79.6925 44.4373 0.1
      vertex 79.6925 46.3423 0.1
      vertex 79.0575 46.3423 0.1
    endloop
  endfacet
  facet normal 0 -0 1
    outer loop
      vertex 57.277 58.42 0.1
      vertex 57.277 56.896 0.1
      vertex 78.8381 46.6443 0.1
    endloop
  endfacet
  facet normal 0 0 1
    outer loop
      vertex 64.135 60.8076 0.1
      vertex 62.0522 62.8904 0.1
      vertex 62.992 61.722 0.1
    endloop
  endfacet
  facet normal 0 0 1
    outer loop
      vertex 88.4936 47.625 0.1
      vertex 88.4936 48.895 0.1
      vertex 87.63 48.895 0.1
    endloop
  endfacet
  facet normal 0 0 1
    outer loop
      vertex 61.468 61.722 0.1
      vertex 62.992 61.722 0.1
      vertex 59.69 64.1604 0.1
    endloop
  endfacet
  facet normal 0 -0 1
    outer loop
      vertex 90.4875 37.1475 0.1
      vertex 90.4875 35.2425 0.1
      vertex 91.1831 35.0559 0.1
    endloop
  endfacet
  facet normal 0 -0 1
    outer loop
      vertex 36.957 50.2412 0.1
      vertex 36.0934 50.2412 0.1
      vertex 61.5442 42.545 0.1
    endloop
  endfacet
  facet normal 0 -0 1
    outer loop
      vertex 41.2496 51.7652 0.1
      vertex 40.3606 51.7652 0.1
      vertex 43.3832 50.8762 0.1
    endloop
  endfacet
  facet normal 0 0 1
    outer loop
      vertex 68.453 38.481 0.1
      vertex 68.453 40.005 0.1
      vertex 60.325 42.545 0.1
    endloop
  endfacet
  facet normal 0 0 1
    outer loop
      vertex 59.69 59.944 0.1
      vertex 62.992 58.42 0.1
      vertex 58.42 60.8076 0.1
    endloop
  endfacet
  facet normal 0 0 1
    outer loop
      vertex 81.5975 46.3423 0.1
      vertex 82.2931 44.2507 0.1
      vertex 82.2325 44.4373 0.1
    endloop
  endfacet
  facet normal 0 0 1
    outer loop
      vertex 34.925 58.0898 0.1
      vertex 36.449 58.0898 0.1
      vertex 34.925 59.8678 0.1
    endloop
  endfacet
  facet normal 0 0 1
    outer loop
      vertex 88.138 51.562 0.1
      vertex 88.138 53.086 0.1
      vertex 84.963 54.864 0.1
    endloop
  endfacet
  facet normal 0 -0 1
    outer loop
      vertex 87.9475 46.3423 0.1
      vertex 87.9475 44.4373 0.1
      vertex 88.6431 44.2507 0.1
    endloop
  endfacet
  facet normal 0 -0 1
    outer loop
      vertex 42.5196 53.8988 0.1
      vertex 41.2496 53.8988 0.1
      vertex 44.6786 53.0352 0.1
    endloop
  endfacet
  facet normal -0 -0 1
    outer loop
      vertex 61.468 56.896 0.1
      vertex 52.705 60.8076 0.1
      vertex 81.3781 46.6443 0.1
    endloop
  endfacet
  facet normal 0 0 1
    outer loop
      vertex 95.6818 33.4518 0.1
      vertex 91.1831 35.0559 0.1
      vertex 90.4875 35.2425 0.1
    endloop
  endfacet
  facet normal 0 -0 1
    outer loop
      vertex 83.82 29.845 0.1
      vertex 82.55 29.845 0.1
      vertex 133.388 20.48 0.1
    endloop
  endfacet
  facet normal 0 -0 1
    outer loop
      vertex 42.0878 36.8046 0.1
      vertex 40.8178 36.8046 0.1
      vertex 61.7474 33.1724 0.1
    endloop
  endfacet
  facet normal 0 0 1
    outer loop
      vertex 84.1375 37.1475 0.1
      vertex 84.7725 37.1475 0.1
      vertex 83.9181 37.4495 0.1
    endloop
  endfacet
  facet normal 0 0 1
    outer loop
      vertex 96.9518 33.4518 0.1
      vertex 92.8081 34.9405 0.1
      vertex 92.4531 35.0559 0.1
    endloop
  endfacet
  facet normal 0 0 1
    outer loop
      vertex 66.1162 44.3738 0.1
      vertex 67.5386 44.3738 0.1
      vertex 62.865 45.72 0.1
    endloop
  endfacet
  facet normal 0 0 1
    outer loop
      vertex 62.0522 64.1604 0.1
      vertex 59.69 64.1604 0.1
      vertex 62.0522 62.8904 0.1
    endloop
  endfacet
  facet normal 0 0 1
    outer loop
      vertex 63.3222 65.024 0.1
      vertex 59.69 64.1604 0.1
      vertex 62.0522 64.1604 0.1
    endloop
  endfacet
  facet normal 0 0 1
    outer loop
      vertex 65.405 65.024 0.1
      vertex 62.0522 64.1604 0.1
      vertex 63.3222 64.1604 0.1
    endloop
  endfacet
  facet normal -0 -0 1
    outer loop
      vertex 110.439 36.83 0.1
      vertex 108.636 37.719 0.1
      vertex 133.388 20.48 0.1
    endloop
  endfacet
  facet normal 0 0 1
    outer loop
      vertex 63.3222 66.294 0.1
      vertex 64.135 66.294 0.1
      vertex 133.388 86.454 0.1
    endloop
  endfacet
  facet normal 0 -0 1
    outer loop
      vertex 63.3222 66.294 0.1
      vertex 63.3222 65.024 0.1
      vertex 64.135 66.294 0.1
    endloop
  endfacet
  facet normal 0 0 1
    outer loop
      vertex 67.7672 66.294 0.1
      vertex 69.0372 66.294 0.1
      vertex 133.388 86.454 0.1
    endloop
  endfacet
  facet normal 0 0 1
    outer loop
      vertex 64.135 65.024 0.1
      vertex 63.3222 65.024 0.1
      vertex 62.0522 64.1604 0.1
    endloop
  endfacet
  facet normal 0 0 1
    outer loop
      vertex 86.0425 35.2425 0.1
      vertex 86.0425 37.1475 0.1
      vertex 85.4075 37.1475 0.1
    endloop
  endfacet
  facet normal 0 0 1
    outer loop
      vertex 86.36 48.895 0.1
      vertex 87.63 48.895 0.1
      vertex 80.96 52.7863 0.1
    endloop
  endfacet
  facet normal 0 0 1
    outer loop
      vertex 57.277 58.42 0.1
      vertex 78.8381 46.6443 0.1
      vertex 79.6925 46.3423 0.1
    endloop
  endfacet
  facet normal 0 -0 1
    outer loop
      vertex 108.636 37.719 0.1
      vertex 108.636 35.941 0.1
      vertex 133.388 20.48 0.1
    endloop
  endfacet
  facet normal 0 0 1
    outer loop
      vertex 93.4466 33.4264 0.1
      vertex 89.2175 35.2425 0.1
      vertex 88.9981 34.9405 0.1
    endloop
  endfacet
  facet normal 0 0 1
    outer loop
      vertex 85.1881 46.6443 0.1
      vertex 75.88 52.7863 0.1
      vertex 73.98 52.7863 0.1
    endloop
  endfacet
  facet normal 0 -0 1
    outer loop
      vertex 63.3222 62.8904 0.1
      vertex 62.0522 62.8904 0.1
      vertex 64.135 62.0776 0.1
    endloop
  endfacet
  facet normal 0 -0 1
    outer loop
      vertex 64.135 62.8904 0.1
      vertex 63.3222 62.8904 0.1
      vertex 65.405 62.0776 0.1
    endloop
  endfacet
  facet normal 0 0 1
    outer loop
      vertex 69.85 58.674 0.1
      vertex 69.85 59.944 0.1
      vertex 68.707 60.198 0.1
    endloop
  endfacet
  facet normal 0 0 1
    outer loop
      vertex 65.405 62.8904 0.1
      vertex 64.135 62.8904 0.1
      vertex 65.405 62.0776 0.1
    endloop
  endfacet
  facet normal -0 -0 1
    outer loop
      vertex 116.949 51.445 0.1
      vertex 116.721 51.5188 0.1
      vertex 119.322 46.7792 0.1
    endloop
  endfacet
  facet normal -0 0 1
    outer loop
      vertex 62.0522 65.024 0.1
      vertex 62.0522 66.294 0.1
      vertex 59.69 65.024 0.1
    endloop
  endfacet
  facet normal 0 0 1
    outer loop
      vertex 67.7672 65.024 0.1
      vertex 64.135 64.1604 0.1
      vertex 65.405 64.1604 0.1
    endloop
  endfacet
  facet normal 0 -0 1
    outer loop
      vertex 67.5386 42.545 0.1
      vertex 66.1162 42.545 0.1
      vertex 68.453 41.783 0.1
    endloop
  endfacet
  facet normal 0 0 1
    outer loop
      vertex 65.405 66.294 0.1
      vertex 67.7672 66.294 0.1
      vertex 133.388 86.454 0.1
    endloop
  endfacet
  facet normal 0 -0 1
    outer loop
      vertex 65.405 66.294 0.1
      vertex 65.405 65.024 0.1
      vertex 67.7672 66.294 0.1
    endloop
  endfacet
  facet normal 0 -0 1
    outer loop
      vertex 97.3379 65.6438 0.1
      vertex 97.3379 65.0443 0.1
      vertex 133.388 86.454 0.1
    endloop
  endfacet
  facet normal 0 0 1
    outer loop
      vertex 93.4466 33.4264 0.1
      vertex 96.9518 31.3182 0.1
      vertex 95.6818 32.1818 0.1
    endloop
  endfacet
  facet normal 0 0 1
    outer loop
      vertex 133.388 86.454 0.1
      vertex 64.135 66.294 0.1
      vertex 65.405 66.294 0.1
    endloop
  endfacet
  facet normal 0 -0 1
    outer loop
      vertex 69.0372 66.294 0.1
      vertex 69.0372 65.024 0.1
      vertex 69.85 66.294 0.1
    endloop
  endfacet
  facet normal 0 0 1
    outer loop
      vertex 88.5825 44.4373 0.1
      vertex 88.5825 46.3423 0.1
      vertex 87.9475 46.3423 0.1
    endloop
  endfacet
  facet normal -0 -0 1
    outer loop
      vertex 98.0948 33.401 0.1
      vertex 93.0275 35.2425 0.1
      vertex 133.388 20.48 0.1
    endloop
  endfacet
  facet normal 0 0 1
    outer loop
      vertex 69.977 43.307 0.1
      vertex 84.8331 37.1475 0.1
      vertex 84.8331 37.3341 0.1
    endloop
  endfacet
  facet normal 0 0 1
    outer loop
      vertex 88.6431 46.5289 0.1
      vertex 88.9981 46.6443 0.1
      vertex 87.63 47.625 0.1
    endloop
  endfacet
  facet normal 0 0 1
    outer loop
      vertex 80.1081 37.4495 0.1
      vertex 80.3275 37.1475 0.1
      vertex 80.9625 37.1475 0.1
    endloop
  endfacet
  facet normal 0 0 1
    outer loop
      vertex 61.7474 33.1724 0.1
      vertex 23.9268 43.3578 0.1
      vertex 42.0878 38.0746 0.1
    endloop
  endfacet
  facet normal 0 0 1
    outer loop
      vertex 87.63 48.895 0.1
      vertex 88.4936 48.895 0.1
      vertex 80.96 53.9852 0.1
    endloop
  endfacet
  facet normal 0 0 1
    outer loop
      vertex 86.36 47.625 0.1
      vertex 86.36 48.895 0.1
      vertex 79.06 52.7863 0.1
    endloop
  endfacet
  facet normal 0 0 1
    outer loop
      vertex 95.6818 39.5224 0.1
      vertex 88.9981 44.1353 0.1
      vertex 88.6431 44.2507 0.1
    endloop
  endfacet
  facet normal 0 0 1
    outer loop
      vertex 65.405 64.1604 0.1
      vertex 67.7672 64.1604 0.1
      vertex 69.85 65.024 0.1
    endloop
  endfacet
  facet normal 0 0 1
    outer loop
      vertex 67.7672 62.8904 0.1
      vertex 65.405 62.0776 0.1
      vertex 67.183 61.722 0.1
    endloop
  endfacet
  facet normal 0 0 1
    outer loop
      vertex 71.12 62.8904 0.1
      vertex 67.183 61.722 0.1
      vertex 68.707 61.722 0.1
    endloop
  endfacet
  facet normal 0 0 1
    outer loop
      vertex 92.837 53.086 0.1
      vertex 98.1456 48.006 0.1
      vertex 94.488 51.562 0.1
    endloop
  endfacet
  facet normal 0 0 1
    outer loop
      vertex 69.0372 62.8904 0.1
      vertex 67.7672 62.8904 0.1
      vertex 67.183 61.722 0.1
    endloop
  endfacet
  facet normal 0 0 1
    outer loop
      vertex 67.7672 65.024 0.1
      vertex 65.405 65.024 0.1
      vertex 63.3222 64.1604 0.1
    endloop
  endfacet
  facet normal -0 0 1
    outer loop
      vertex 64.135 65.024 0.1
      vertex 64.135 66.294 0.1
      vertex 63.3222 65.024 0.1
    endloop
  endfacet
  facet normal 0 -0 1
    outer loop
      vertex 65.405 64.1604 0.1
      vertex 65.405 62.8904 0.1
      vertex 67.7672 64.1604 0.1
    endloop
  endfacet
  facet normal 0 0 1
    outer loop
      vertex 74.168 30.2514 0.1
      vertex 40.8178 36.8046 0.1
      vertex 42.0878 35.941 0.1
    endloop
  endfacet
  facet normal 0 0 1
    outer loop
      vertex 69.85 62.8904 0.1
      vertex 69.0372 62.8904 0.1
      vertex 67.183 61.722 0.1
    endloop
  endfacet
  facet normal 0 0 1
    outer loop
      vertex 68.453 40.005 0.1
      vertex 61.5442 42.545 0.1
      vertex 57.912 43.561 0.1
    endloop
  endfacet
  facet normal 0 0 1
    outer loop
      vertex 69.0372 66.294 0.1
      vertex 69.85 66.294 0.1
      vertex 133.388 86.454 0.1
    endloop
  endfacet
  facet normal 0 -0 1
    outer loop
      vertex 71.12 66.294 0.1
      vertex 71.12 65.024 0.1
      vertex 133.388 86.454 0.1
    endloop
  endfacet
  facet normal 0 0 1
    outer loop
      vertex 95.6818 45.9994 0.1
      vertex 89.662 51.562 0.1
      vertex 88.138 51.562 0.1
    endloop
  endfacet
  facet normal 0 0 1
    outer loop
      vertex 67.7672 64.1604 0.1
      vertex 69.0372 64.1604 0.1
      vertex 71.12 65.024 0.1
    endloop
  endfacet
  facet normal 0 0 1
    outer loop
      vertex 63.3222 65.024 0.1
      vertex 62.0522 65.024 0.1
      vertex 59.69 64.1604 0.1
    endloop
  endfacet
  facet normal 0 0 1
    outer loop
      vertex 36.3982 47.5742 0.1
      vertex 59.055 40.4114 0.1
      vertex 60.325 40.4114 0.1
    endloop
  endfacet
  facet normal 0 -0 1
    outer loop
      vertex 36.3982 47.5742 0.1
      vertex 36.3982 46.3042 0.1
      vertex 59.055 40.4114 0.1
    endloop
  endfacet
  facet normal 0 -0 1
    outer loop
      vertex 69.977 41.783 0.1
      vertex 68.453 41.783 0.1
      vertex 82.2931 37.3341 0.1
    endloop
  endfacet
  facet normal 0 0 1
    outer loop
      vertex 80.3275 37.1475 0.1
      vertex 81.0231 35.0559 0.1
      vertex 80.9625 35.2425 0.1
    endloop
  endfacet
  facet normal 0 0 1
    outer loop
      vertex 78.8381 37.4495 0.1
      vertex 79.0575 37.1475 0.1
      vertex 79.6925 37.1475 0.1
    endloop
  endfacet
  facet normal 0 0 1
    outer loop
      vertex 68.453 40.005 0.1
      vertex 57.912 43.561 0.1
      vertex 60.325 42.545 0.1
    endloop
  endfacet
  facet normal 0 0 1
    outer loop
      vertex 57.912 43.561 0.1
      vertex 61.5442 42.545 0.1
      vertex 36.0934 50.2412 0.1
    endloop
  endfacet
  facet normal 0 0 1
    outer loop
      vertex 56.388 45.339 0.1
      vertex 56.388 46.863 0.1
      vertex 44.6532 50.8762 0.1
    endloop
  endfacet
  facet normal 0 0 1
    outer loop
      vertex 84.8331 44.2507 0.1
      vertex 84.8331 44.4373 0.1
      vertex 84.7725 44.4373 0.1
    endloop
  endfacet
  facet normal 0 0 1
    outer loop
      vertex 87.9475 37.465 0.1
      vertex 88.6431 37.3341 0.1
      vertex 62.865 46.99 0.1
    endloop
  endfacet
  facet normal 0 -0 1
    outer loop
      vertex 41.8084 59.6138 0.1
      vertex 39.2176 59.6138 0.1
      vertex 75.8825 44.4373 0.1
    endloop
  endfacet
  facet normal 0 0 1
    outer loop
      vertex 79.0575 44.4373 0.1
      vertex 96.9518 36.3982 0.1
      vertex 98.0948 35.941 0.1
    endloop
  endfacet
  facet normal 0 0 1
    outer loop
      vertex 67.5386 44.3738 0.1
      vertex 68.453 43.307 0.1
      vertex 69.977 43.307 0.1
    endloop
  endfacet
  facet normal 0 0 1
    outer loop
      vertex 95.6818 45.1358 0.1
      vertex 88.138 51.562 0.1
      vertex 86.487 51.562 0.1
    endloop
  endfacet
  facet normal -0 0 1
    outer loop
      vertex 64.135 62.8904 0.1
      vertex 64.135 64.1604 0.1
      vertex 63.3222 62.8904 0.1
    endloop
  endfacet
  facet normal 0 0 1
    outer loop
      vertex 73.98 58.3844 0.1
      vertex 75.88 58.3844 0.1
      vertex 71.12 60.8076 0.1
    endloop
  endfacet
  facet normal 0 0 1
    outer loop
      vertex 75.88 66.0044 0.1
      vertex 79.06 66.0044 0.1
      vertex 133.388 86.454 0.1
    endloop
  endfacet
  facet normal -0 0 1
    outer loop
      vertex 67.7672 65.024 0.1
      vertex 67.7672 66.294 0.1
      vertex 65.405 65.024 0.1
    endloop
  endfacet
  facet normal 0 0 1
    outer loop
      vertex 98.1456 47.244 0.1
      vertex 98.1456 48.006 0.1
      vertex 92.837 51.562 0.1
    endloop
  endfacet
  facet normal 0 0 1
    outer loop
      vertex 68.707 61.722 0.1
      vertex 69.85 59.944 0.1
      vertex 69.85 60.8076 0.1
    endloop
  endfacet
  facet normal 0 0 1
    outer loop
      vertex 71.12 62.8904 0.1
      vertex 69.85 62.8904 0.1
      vertex 67.183 61.722 0.1
    endloop
  endfacet
  facet normal 0 0 1
    outer loop
      vertex 79.6544 30.3784 0.1
      vertex 79.6544 31.9024 0.1
      vertex 77.8764 31.9024 0.1
    endloop
  endfacet
  facet normal 0 -0 1
    outer loop
      vertex 86.487 54.864 0.1
      vertex 84.963 54.864 0.1
      vertex 88.138 53.086 0.1
    endloop
  endfacet
  facet normal 0 0 1
    outer loop
      vertex 92.1766 32.1564 0.1
      vertex 83.9181 34.9405 0.1
      vertex 88.3247 33.4353 0.1
    endloop
  endfacet
  facet normal 0 0 1
    outer loop
      vertex 71.12 64.1604 0.1
      vertex 75.88 64.8056 0.1
      vertex 73.98 64.8056 0.1
    endloop
  endfacet
  facet normal 0 -0 1
    outer loop
      vertex 69.0372 64.1604 0.1
      vertex 69.0372 62.8904 0.1
      vertex 69.85 64.1604 0.1
    endloop
  endfacet
  facet normal 0 0 1
    outer loop
      vertex 74.168 32.385 0.1
      vertex 74.168 33.655 0.1
      vertex 67.3354 39.0144 0.1
    endloop
  endfacet
  facet normal 0 0 1
    outer loop
      vertex 67.7672 65.024 0.1
      vertex 63.3222 64.1604 0.1
      vertex 64.135 64.1604 0.1
    endloop
  endfacet
  facet normal 0 -0 1
    outer loop
      vertex 80.96 66.0044 0.1
      vertex 80.96 64.8056 0.1
      vertex 85.1484 66.5937 0.1
    endloop
  endfacet
  facet normal -0 0 1
    outer loop
      vertex 69.85 62.8904 0.1
      vertex 69.85 64.1604 0.1
      vertex 69.0372 62.8904 0.1
    endloop
  endfacet
  facet normal 0 0 1
    outer loop
      vertex 73.98 52.7863 0.1
      vertex 68.707 56.896 0.1
      vertex 67.183 56.896 0.1
    endloop
  endfacet
  facet normal 0 0 1
    outer loop
      vertex 91.5381 37.4495 0.1
      vertex 92.3925 37.1475 0.1
      vertex 36.449 59.8678 0.1
    endloop
  endfacet
  facet normal 0 0 1
    outer loop
      vertex 82.55 31.9786 0.1
      vertex 82.55 33.2486 0.1
      vertex 75.8825 34.925 0.1
    endloop
  endfacet
  facet normal 0 0 1
    outer loop
      vertex 98.0948 37.719 0.1
      vertex 99.6188 37.719 0.1
      vertex 98.0948 38.481 0.1
    endloop
  endfacet
  facet normal 0 0 1
    outer loop
      vertex 73.98 66.0044 0.1
      vertex 71.12 65.024 0.1
      vertex 69.0372 64.1604 0.1
    endloop
  endfacet
  facet normal 0 0 1
    outer loop
      vertex 65.405 65.024 0.1
      vertex 64.135 65.024 0.1
      vertex 62.0522 64.1604 0.1
    endloop
  endfacet
  facet normal 0 0 1
    outer loop
      vertex 77.2131 46.5289 0.1
      vertex 77.5681 46.6443 0.1
      vertex 55.753 56.896 0.1
    endloop
  endfacet
  facet normal 0 0 1
    outer loop
      vertex 80.3275 35.2425 0.1
      vertex 85.9244 33.4353 0.1
      vertex 81.3781 34.9405 0.1
    endloop
  endfacet
  facet normal -0 0 1
    outer loop
      vertex 58.42 65.024 0.1
      vertex 58.42 66.294 0.1
      vertex 57.5818 65.024 0.1
    endloop
  endfacet
  facet normal 0 0 1
    outer loop
      vertex 65.405 59.944 0.1
      vertex 68.707 58.42 0.1
      vertex 64.135 60.8076 0.1
    endloop
  endfacet
  facet normal 0 0 1
    outer loop
      vertex 56.388 42.037 0.1
      vertex 56.388 43.561 0.1
      vertex 25.146 52.6288 0.1
    endloop
  endfacet
  facet normal 0 -0 1
    outer loop
      vertex 71.12 62.0776 0.1
      vertex 71.12 60.8076 0.1
      vertex 75.88 58.3844 0.1
    endloop
  endfacet
  facet normal 0 0 1
    outer loop
      vertex 84.963 51.562 0.1
      vertex 84.963 53.086 0.1
      vertex 73.98 60.4063 0.1
    endloop
  endfacet
  facet normal 0 -0 1
    outer loop
      vertex 75.88 61.6052 0.1
      vertex 75.88 60.4063 0.1
      vertex 85.1484 64.6938 0.1
    endloop
  endfacet
  facet normal -0 0 1
    outer loop
      vertex 73.98 61.6052 0.1
      vertex 71.12 62.0776 0.1
      vertex 73.98 60.4063 0.1
    endloop
  endfacet
  facet normal 0 0 1
    outer loop
      vertex 79.06 64.8056 0.1
      vertex 71.12 62.0776 0.1
      vertex 73.98 61.6052 0.1
    endloop
  endfacet
  facet normal 0 0 1
    outer loop
      vertex 74.168 30.2514 0.1
      vertex 61.7474 33.1724 0.1
      vertex 40.8178 36.8046 0.1
    endloop
  endfacet
  facet normal 0 0 1
    outer loop
      vertex 85.1484 65.6438 0.1
      vertex 73.98 61.6052 0.1
      vertex 75.88 61.6052 0.1
    endloop
  endfacet
  facet normal 0 -0 1
    outer loop
      vertex 88.4479 64.6938 0.1
      vertex 88.4479 64.0944 0.1
      vertex 133.388 86.454 0.1
    endloop
  endfacet
  facet normal 0 0 1
    outer loop
      vertex 73.98 66.0044 0.1
      vertex 75.88 66.0044 0.1
      vertex 133.388 86.454 0.1
    endloop
  endfacet
  facet normal 0 -0 1
    outer loop
      vertex 77.8764 30.3784 0.1
      vertex 76.3524 30.3784 0.1
      vertex 133.388 20.48 0.1
    endloop
  endfacet
  facet normal 0 0 1
    outer loop
      vertex 69.0372 65.024 0.1
      vertex 67.7672 65.024 0.1
      vertex 65.405 64.1604 0.1
    endloop
  endfacet
  facet normal 0 0 1
    outer loop
      vertex 133.388 86.454 0.1
      vertex 71.12 65.024 0.1
      vertex 73.98 66.0044 0.1
    endloop
  endfacet
  facet normal 0 -0 1
    outer loop
      vertex 75.88 66.0044 0.1
      vertex 75.88 64.8056 0.1
      vertex 79.06 66.0044 0.1
    endloop
  endfacet
  facet normal 0 0 1
    outer loop
      vertex 80.96 66.0044 0.1
      vertex 85.1484 66.5937 0.1
      vertex 133.388 86.454 0.1
    endloop
  endfacet
  facet normal 0 0 1
    outer loop
      vertex 75.88 58.3844 0.1
      vertex 80.96 53.9852 0.1
      vertex 84.963 51.562 0.1
    endloop
  endfacet
  facet normal 0 -0 1
    outer loop
      vertex 75.438 33.655 0.1
      vertex 75.438 32.385 0.1
      vertex 77.8764 31.9024 0.1
    endloop
  endfacet
  facet normal 0 0 1
    outer loop
      vertex 56.388 45.339 0.1
      vertex 44.6532 50.8762 0.1
      vertex 44.6532 49.6062 0.1
    endloop
  endfacet
  facet normal 0 0 1
    outer loop
      vertex 76.3524 31.9024 0.1
      vertex 75.438 32.385 0.1
      vertex 74.168 32.385 0.1
    endloop
  endfacet
  facet normal 0 -0 1
    outer loop
      vertex 75.438 31.5214 0.1
      vertex 75.438 30.2514 0.1
      vertex 76.3524 30.3784 0.1
    endloop
  endfacet
  facet normal 0 0 1
    outer loop
      vertex 86.36 47.625 0.1
      vertex 79.06 52.7863 0.1
      vertex 65.405 60.8076 0.1
    endloop
  endfacet
  facet normal 0 0 1
    outer loop
      vertex 81.1784 31.9024 0.1
      vertex 82.55 31.115 0.1
      vertex 83.82 31.115 0.1
    endloop
  endfacet
  facet normal 0 0 1
    outer loop
      vertex 30.891 36.0431 0.1
      vertex 31.242 35.56 0.1
      vertex 133.388 20.48 0.1
    endloop
  endfacet
  facet normal 0 0 1
    outer loop
      vertex 77.2131 37.1475 0.1
      vertex 77.2131 37.3341 0.1
      vertex 76.5175 37.465 0.1
    endloop
  endfacet
  facet normal 0 0 1
    outer loop
      vertex 61.7474 39.0144 0.1
      vertex 67.3354 39.0144 0.1
      vertex 60.325 40.4114 0.1
    endloop
  endfacet
  facet normal 0 0 1
    outer loop
      vertex 92.1766 32.1564 0.1
      vertex 85.1881 34.9405 0.1
      vertex 84.1375 35.2425 0.1
    endloop
  endfacet
  facet normal 0 0 1
    outer loop
      vertex 79.0575 37.1475 0.1
      vertex 79.7531 35.0559 0.1
      vertex 79.6925 35.2425 0.1
    endloop
  endfacet
  facet normal 0 0 1
    outer loop
      vertex 77.5681 37.4495 0.1
      vertex 77.7875 37.1475 0.1
      vertex 78.4225 37.1475 0.1
    endloop
  endfacet
  facet normal 0 0 1
    outer loop
      vertex 76.3524 30.3784 0.1
      vertex 76.3524 31.9024 0.1
      vertex 75.438 31.5214 0.1
    endloop
  endfacet
  facet normal 0 0 1
    outer loop
      vertex 35.1282 46.3042 0.1
      vertex 35.1282 47.5742 0.1
      vertex 25.146 50.4952 0.1
    endloop
  endfacet
  facet normal 0 0 1
    outer loop
      vertex 95.6818 37.2618 0.1
      vertex 81.5975 44.4373 0.1
      vertex 81.3781 44.1353 0.1
    endloop
  endfacet
  facet normal 0 0 1
    outer loop
      vertex 110.439 36.83 0.1
      vertex 110.439 38.1 0.1
      vertex 108.636 38.481 0.1
    endloop
  endfacet
  facet normal 0 0 1
    outer loop
      vertex 50.038 56.896 0.1
      vertex 50.038 58.42 0.1
      vertex 46.3296 59.6138 0.1
    endloop
  endfacet
  facet normal 0 -0 1
    outer loop
      vertex 96.9518 42.926 0.1
      vertex 96.9518 41.656 0.1
      vertex 99.6188 40.259 0.1
    endloop
  endfacet
  facet normal 0 -0 1
    outer loop
      vertex 99.6188 35.179 0.1
      vertex 99.6188 33.401 0.1
      vertex 107.112 30.861 0.1
    endloop
  endfacet
  facet normal 0 -0 1
    outer loop
      vertex 42.0878 31.369 0.1
      vertex 42.0878 30.099 0.1
      vertex 133.388 20.48 0.1
    endloop
  endfacet
  facet normal 0 0 1
    outer loop
      vertex 78.4831 35.0559 0.1
      vertex 78.4225 35.2425 0.1
      vertex 77.7875 35.2425 0.1
    endloop
  endfacet
  facet normal 0 -0 1
    outer loop
      vertex 41.8084 63.3222 0.1
      vertex 41.8084 59.6138 0.1
      vertex 46.3296 59.6138 0.1
    endloop
  endfacet
  facet normal 0 0 1
    outer loop
      vertex 77.2131 46.3423 0.1
      vertex 77.2131 46.5289 0.1
      vertex 51.562 58.42 0.1
    endloop
  endfacet
  facet normal 0 0 1
    outer loop
      vertex 84.1375 46.3423 0.1
      vertex 84.8331 44.2507 0.1
      vertex 84.7725 44.4373 0.1
    endloop
  endfacet
  facet normal 0 0 1
    outer loop
      vertex 75.9431 44.2507 0.1
      vertex 75.9431 44.4373 0.1
      vertex 75.8825 44.4373 0.1
    endloop
  endfacet
  facet normal 0 -0 1
    outer loop
      vertex 84.1375 46.3423 0.1
      vertex 84.1375 44.4373 0.1
      vertex 84.8331 44.2507 0.1
    endloop
  endfacet
  facet normal 0 0 1
    outer loop
      vertex 95.6818 36.3982 0.1
      vertex 77.5681 44.1353 0.1
      vertex 77.2131 44.2507 0.1
    endloop
  endfacet
  facet normal 0 -0 1
    outer loop
      vertex 99.6696 44.704 0.1
      vertex 99.6696 42.926 0.1
      vertex 107.112 38.481 0.1
    endloop
  endfacet
  facet normal 0 0 1
    outer loop
      vertex 107.112 33.401 0.1
      vertex 107.112 35.179 0.1
      vertex 99.6188 38.481 0.1
    endloop
  endfacet
  facet normal 0 0 1
    outer loop
      vertex 85.5256 33.4353 0.1
      vertex 85.9244 33.4353 0.1
      vertex 80.1081 34.9405 0.1
    endloop
  endfacet
  facet normal 0 0 1
    outer loop
      vertex 88.3247 33.4353 0.1
      vertex 83.9181 34.9405 0.1
      vertex 82.8675 35.2425 0.1
    endloop
  endfacet
  facet normal 0 -0 1
    outer loop
      vertex 81.1784 30.3784 0.1
      vertex 79.6544 30.3784 0.1
      vertex 82.55 29.845 0.1
    endloop
  endfacet
  facet normal 0 0 1
    outer loop
      vertex 75.8825 34.925 0.1
      vertex 69.977 38.481 0.1
      vertex 68.453 38.481 0.1
    endloop
  endfacet
  facet normal 0 0 1
    outer loop
      vertex 60.325 40.4114 0.1
      vertex 59.055 41.275 0.1
      vertex 36.3982 47.5742 0.1
    endloop
  endfacet
  facet normal 0 0 1
    outer loop
      vertex 60.325 40.4114 0.1
      vertex 67.3354 39.0144 0.1
      vertex 59.055 41.275 0.1
    endloop
  endfacet
  facet normal 0 -0 1
    outer loop
      vertex 65.405 60.8076 0.1
      vertex 64.135 60.8076 0.1
      vertex 68.707 58.42 0.1
    endloop
  endfacet
  facet normal 0 0 1
    outer loop
      vertex 66.1162 42.545 0.1
      vertex 66.1162 44.3738 0.1
      vertex 61.595 45.72 0.1
    endloop
  endfacet
  facet normal 0 -0 1
    outer loop
      vertex 77.7875 46.3423 0.1
      vertex 77.7875 44.4373 0.1
      vertex 78.4225 44.4373 0.1
    endloop
  endfacet
  facet normal 0 0 1
    outer loop
      vertex 86.0425 44.1198 0.1
      vertex 86.0425 46.6598 0.1
      vertex 85.4075 46.3423 0.1
    endloop
  endfacet
  facet normal 0 0 1
    outer loop
      vertex 91.1831 35.0559 0.1
      vertex 91.1831 35.2425 0.1
      vertex 91.1225 35.2425 0.1
    endloop
  endfacet
  facet normal 0 -0 1
    outer loop
      vertex 77.7875 35.2425 0.1
      vertex 77.5681 34.9405 0.1
      vertex 78.8381 34.9405 0.1
    endloop
  endfacet
  facet normal 0 0 1
    outer loop
      vertex 85.1484 64.0944 0.1
      vertex 75.88 60.4063 0.1
      vertex 79.06 61.6052 0.1
    endloop
  endfacet
  facet normal 0 0 1
    outer loop
      vertex 82.2325 44.4373 0.1
      vertex 82.2325 46.3423 0.1
      vertex 81.5975 46.3423 0.1
    endloop
  endfacet
  facet normal 0 -0 1
    outer loop
      vertex 80.3275 37.1475 0.1
      vertex 80.3275 35.2425 0.1
      vertex 81.0231 35.0559 0.1
    endloop
  endfacet
  facet normal 0 0 1
    outer loop
      vertex 88.6431 35.0559 0.1
      vertex 93.4466 33.4264 0.1
      vertex 88.9981 34.9405 0.1
    endloop
  endfacet
  facet normal 0 0 1
    outer loop
      vertex 91.7575 37.1475 0.1
      vertex 92.4531 35.0559 0.1
      vertex 92.3925 35.2425 0.1
    endloop
  endfacet
  facet normal 0 -0 1
    outer loop
      vertex 80.96 52.7863 0.1
      vertex 79.06 52.7863 0.1
      vertex 86.36 48.895 0.1
    endloop
  endfacet
  facet normal 0 0 1
    outer loop
      vertex 67.183 56.896 0.1
      vertex 65.405 58.674 0.1
      vertex 64.135 58.674 0.1
    endloop
  endfacet
  facet normal 0 0 1
    outer loop
      vertex 78.4831 35.0559 0.1
      vertex 78.4831 35.2425 0.1
      vertex 78.4225 35.2425 0.1
    endloop
  endfacet
  facet normal 0 0 1
    outer loop
      vertex 77.2131 35.0559 0.1
      vertex 77.2131 35.2425 0.1
      vertex 77.1525 35.2425 0.1
    endloop
  endfacet
  facet normal 0 0 1
    outer loop
      vertex 66.1162 42.545 0.1
      vertex 60.7314 45.72 0.1
      vertex 62.9666 44.3738 0.1
    endloop
  endfacet
  facet normal 0 0 1
    outer loop
      vertex 66.1162 42.545 0.1
      vertex 61.595 45.72 0.1
      vertex 60.7314 45.72 0.1
    endloop
  endfacet
  facet normal 0 0 1
    outer loop
      vertex 77.2131 44.2507 0.1
      vertex 77.2131 44.4373 0.1
      vertex 77.1525 44.4373 0.1
    endloop
  endfacet
  facet normal 0 -0 1
    outer loop
      vertex 79.0575 46.3423 0.1
      vertex 79.0575 44.4373 0.1
      vertex 79.7531 44.2507 0.1
    endloop
  endfacet
  facet normal 0 -0 1
    outer loop
      vertex 46.3296 59.6138 0.1
      vertex 41.8084 59.6138 0.1
      vertex 50.038 56.896 0.1
    endloop
  endfacet
  facet normal 0 -0 1
    outer loop
      vertex 87.9475 34.925 0.1
      vertex 87.3125 34.925 0.1
      vertex 92.1766 33.4264 0.1
    endloop
  endfacet
  facet normal 0 0 1
    outer loop
      vertex 55.753 60.198 0.1
      vertex 53.975 62.8904 0.1
      vertex 53.975 62.0776 0.1
    endloop
  endfacet
  facet normal 0 0 1
    outer loop
      vertex 59.055 39.1414 0.1
      vertex 23.876 49.2252 0.1
      vertex 36.3982 45.4406 0.1
    endloop
  endfacet
  facet normal 0 0 1
    outer loop
      vertex 46.3296 63.3222 0.1
      vertex 44.069 65.405 0.1
      vertex 42.545 65.405 0.1
    endloop
  endfacet
  facet normal 0 -0 1
    outer loop
      vertex 87.3125 44.4373 0.1
      vertex 86.6775 44.1198 0.1
      vertex 87.3731 44.2507 0.1
    endloop
  endfacet
  facet normal 0 -0 1
    outer loop
      vertex 86.6775 46.6598 0.1
      vertex 86.6775 44.1198 0.1
      vertex 87.3125 44.4373 0.1
    endloop
  endfacet
  facet normal 0 -0 1
    outer loop
      vertex 108.636 30.861 0.1
      vertex 107.112 30.861 0.1
      vertex 133.388 20.48 0.1
    endloop
  endfacet
  facet normal 0 0 1
    outer loop
      vertex 42.5196 50.8762 0.1
      vertex 43.3832 50.8762 0.1
      vertex 40.3606 51.7652 0.1
    endloop
  endfacet
  facet normal 0 -0 1
    outer loop
      vertex 96.9518 36.3982 0.1
      vertex 96.9518 35.1282 0.1
      vertex 98.0948 35.179 0.1
    endloop
  endfacet
  facet normal 0 0 1
    outer loop
      vertex 39.2176 63.3222 0.1
      vertex 41.8084 63.3222 0.1
      vertex 37.465 64.77 0.1
    endloop
  endfacet
  facet normal 0 0 1
    outer loop
      vertex 120.34 51.435 0.1
      vertex 122.15 46.853 0.1
      vertex 122.291 46.6598 0.1
    endloop
  endfacet
  facet normal -0 -0 1
    outer loop
      vertex 55.753 56.896 0.1
      vertex 51.562 58.42 0.1
      vertex 77.2131 46.5289 0.1
    endloop
  endfacet
  facet normal 0 -0 1
    outer loop
      vertex 80.3275 46.3423 0.1
      vertex 80.3275 44.4373 0.1
      vertex 81.0231 44.2507 0.1
    endloop
  endfacet
  facet normal 0 0 1
    outer loop
      vertex 98.0948 37.719 0.1
      vertex 95.6818 39.5224 0.1
      vertex 96.9518 38.5318 0.1
    endloop
  endfacet
  facet normal 0 0 1
    outer loop
      vertex 80.3275 46.3423 0.1
      vertex 81.0231 44.2507 0.1
      vertex 80.9625 44.4373 0.1
    endloop
  endfacet
  facet normal 0 -0 1
    outer loop
      vertex 81.5975 35.2425 0.1
      vertex 81.3781 34.9405 0.1
      vertex 87.1233 33.4353 0.1
    endloop
  endfacet
  facet normal 0 0 1
    outer loop
      vertex 59.4614 45.72 0.1
      vertex 59.4614 46.99 0.1
      vertex 57.912 46.863 0.1
    endloop
  endfacet
  facet normal 0 0 1
    outer loop
      vertex 77.5681 46.6443 0.1
      vertex 78.4225 46.3423 0.1
      vertex 55.753 56.896 0.1
    endloop
  endfacet
  facet normal 0 0 1
    outer loop
      vertex 76.5175 37.465 0.1
      vertex 77.1525 37.1475 0.1
      vertex 77.2131 37.1475 0.1
    endloop
  endfacet
  facet normal 0 0 1
    outer loop
      vertex 77.7875 46.3423 0.1
      vertex 78.4225 46.3423 0.1
      vertex 77.5681 46.6443 0.1
    endloop
  endfacet
  facet normal 0 0 1
    outer loop
      vertex 77.5681 37.4495 0.1
      vertex 78.4225 37.1475 0.1
      vertex 78.4831 37.1475 0.1
    endloop
  endfacet
  facet normal 0 0 1
    outer loop
      vertex 78.4831 37.1475 0.1
      vertex 69.977 40.005 0.1
      vertex 77.5681 37.4495 0.1
    endloop
  endfacet
  facet normal 0 0 1
    outer loop
      vertex 69.977 40.005 0.1
      vertex 76.5175 37.465 0.1
      vertex 77.2131 37.3341 0.1
    endloop
  endfacet
  facet normal 0 -0 1
    outer loop
      vertex 107.112 33.401 0.1
      vertex 107.112 32.639 0.1
      vertex 108.636 32.639 0.1
    endloop
  endfacet
  facet normal 0 -0 1
    outer loop
      vertex 91.7575 46.3423 0.1
      vertex 91.7575 44.4373 0.1
      vertex 92.4531 44.2507 0.1
    endloop
  endfacet
  facet normal 0 -0 1
    outer loop
      vertex 81.5975 37.1475 0.1
      vertex 81.5975 35.2425 0.1
      vertex 82.2931 35.0559 0.1
    endloop
  endfacet
  facet normal 0 0 1
    outer loop
      vertex 95.6818 38.5318 0.1
      vertex 84.8331 44.2507 0.1
      vertex 84.1375 44.4373 0.1
    endloop
  endfacet
  facet normal 0 0 1
    outer loop
      vertex 107.163 45.466 0.1
      vertex 98.425 57.785 0.1
      vertex 96.012 56.388 0.1
    endloop
  endfacet
  facet normal 0 -0 1
    outer loop
      vertex 71.12 59.944 0.1
      vertex 71.12 58.674 0.1
      vertex 73.98 57.1856 0.1
    endloop
  endfacet
  facet normal 0 0 1
    outer loop
      vertex 79.7531 35.0559 0.1
      vertex 79.7531 35.2425 0.1
      vertex 79.6925 35.2425 0.1
    endloop
  endfacet
  facet normal 0 0 1
    outer loop
      vertex 77.7875 35.2425 0.1
      vertex 78.8381 34.9405 0.1
      vertex 78.4831 35.0559 0.1
    endloop
  endfacet
  facet normal 0 0 1
    outer loop
      vertex 88.138 53.086 0.1
      vertex 89.662 53.086 0.1
      vertex 86.487 54.864 0.1
    endloop
  endfacet
  facet normal 0 0 1
    outer loop
      vertex 88.6714 60.325 0.1
      vertex 87.63 60.325 0.1
      vertex 85.9536 59.055 0.1
    endloop
  endfacet
  facet normal 0 0 1
    outer loop
      vertex 87.9259 33.4353 0.1
      vertex 88.3247 33.4353 0.1
      vertex 82.6481 34.9405 0.1
    endloop
  endfacet
  facet normal 0 0 1
    outer loop
      vertex 79.7531 46.5289 0.1
      vertex 80.1081 46.6443 0.1
      vertex 57.277 58.42 0.1
    endloop
  endfacet
  facet normal 0 0 1
    outer loop
      vertex 55.753 60.198 0.1
      vertex 55.753 61.722 0.1
      vertex 53.975 62.8904 0.1
    endloop
  endfacet
  facet normal 0 -0 1
    outer loop
      vertex 99.6188 37.719 0.1
      vertex 99.6188 35.941 0.1
      vertex 107.112 32.639 0.1
    endloop
  endfacet
  facet normal 0 0 1
    outer loop
      vertex 98.0948 35.941 0.1
      vertex 96.9518 37.2618 0.1
      vertex 95.6818 37.2618 0.1
    endloop
  endfacet
  facet normal 0 -0 1
    outer loop
      vertex 122.941 46.6598 0.1
      vertex 122.941 44.7802 0.1
      vertex 123.185 44.7802 0.1
    endloop
  endfacet
  facet normal 0 0 1
    outer loop
      vertex 100.965 60.325 0.1
      vertex 99.695 60.325 0.1
      vertex 98.425 59.055 0.1
    endloop
  endfacet
  facet normal 0 0 1
    outer loop
      vertex 51.562 58.42 0.1
      vertex 75.9431 46.3423 0.1
      vertex 75.9431 46.5289 0.1
    endloop
  endfacet
  facet normal -0 -0 1
    outer loop
      vertex 78.4831 44.2507 0.1
      vertex 77.7875 44.4373 0.1
      vertex 78.8381 44.1353 0.1
    endloop
  endfacet
  facet normal 0 0 1
    outer loop
      vertex 79.06 52.7863 0.1
      vertex 71.12 58.674 0.1
      vertex 69.85 58.674 0.1
    endloop
  endfacet
  facet normal 0 -0 1
    outer loop
      vertex 78.4225 44.4373 0.1
      vertex 77.7875 44.4373 0.1
      vertex 78.4831 44.2507 0.1
    endloop
  endfacet
  facet normal 0 0 1
    outer loop
      vertex 82.8675 46.3423 0.1
      vertex 83.5631 44.2507 0.1
      vertex 83.5025 44.4373 0.1
    endloop
  endfacet
  facet normal 0 0 1
    outer loop
      vertex 99.6696 48.006 0.1
      vertex 98.1456 48.006 0.1
      vertex 99.6696 47.244 0.1
    endloop
  endfacet
  facet normal 0 0 1
    outer loop
      vertex 75.88 61.6052 0.1
      vertex 85.1484 64.6938 0.1
      vertex 85.1484 65.0443 0.1
    endloop
  endfacet
  facet normal 0 0 1
    outer loop
      vertex 79.06 57.1856 0.1
      vertex 79.06 58.3844 0.1
      vertex 75.88 60.4063 0.1
    endloop
  endfacet
  facet normal 0 -0 1
    outer loop
      vertex 75.88 60.4063 0.1
      vertex 73.98 60.4063 0.1
      vertex 79.06 57.1856 0.1
    endloop
  endfacet
  facet normal -0 0 1
    outer loop
      vertex 79.06 64.8056 0.1
      vertex 79.06 66.0044 0.1
      vertex 75.88 64.8056 0.1
    endloop
  endfacet
  facet normal 0 0 1
    outer loop
      vertex 79.06 60.4063 0.1
      vertex 75.88 60.4063 0.1
      vertex 79.06 58.3844 0.1
    endloop
  endfacet
  facet normal 0 0 1
    outer loop
      vertex 84.2264 60.325 0.1
      vertex 79.06 58.3844 0.1
      vertex 80.96 58.3844 0.1
    endloop
  endfacet
  facet normal 0 -0 1
    outer loop
      vertex 89.662 53.086 0.1
      vertex 89.662 51.562 0.1
      vertex 91.313 51.562 0.1
    endloop
  endfacet
  facet normal 0 0 1
    outer loop
      vertex 80.96 60.4063 0.1
      vertex 79.06 60.4063 0.1
      vertex 79.06 58.3844 0.1
    endloop
  endfacet
  facet normal 0 0 1
    outer loop
      vertex 79.06 61.6052 0.1
      vertex 75.88 60.4063 0.1
      vertex 79.06 60.4063 0.1
    endloop
  endfacet
  facet normal 0 -0 1
    outer loop
      vertex 86.0476 64.6938 0.1
      vertex 86.0476 64.0944 0.1
      vertex 87.5487 65.0443 0.1
    endloop
  endfacet
  facet normal 0 0 1
    outer loop
      vertex 79.06 64.8056 0.1
      vertex 71.12 62.8904 0.1
      vertex 69.85 62.0776 0.1
    endloop
  endfacet
  facet normal 0 0 1
    outer loop
      vertex 85.1484 64.0944 0.1
      vertex 79.06 61.6052 0.1
      vertex 80.96 61.6052 0.1
    endloop
  endfacet
  facet normal 0 0 1
    outer loop
      vertex 84.2264 61.595 0.1
      vertex 80.96 60.4063 0.1
      vertex 79.06 58.3844 0.1
    endloop
  endfacet
  facet normal 0 0 1
    outer loop
      vertex 79.06 66.0044 0.1
      vertex 80.96 66.0044 0.1
      vertex 133.388 86.454 0.1
    endloop
  endfacet
  facet normal 0 0 1
    outer loop
      vertex 80.96 64.8056 0.1
      vertex 79.06 64.8056 0.1
      vertex 73.98 61.6052 0.1
    endloop
  endfacet
  facet normal 0 -0 1
    outer loop
      vertex 80.3275 44.4373 0.1
      vertex 80.1081 44.1353 0.1
      vertex 95.6818 37.2618 0.1
    endloop
  endfacet
  facet normal 0 0 1
    outer loop
      vertex 87.63 47.625 0.1
      vertex 88.6431 46.3423 0.1
      vertex 88.6431 46.5289 0.1
    endloop
  endfacet
  facet normal 0 0 1
    outer loop
      vertex 95.6818 39.5224 0.1
      vertex 87.7281 44.1353 0.1
      vertex 87.3731 44.2507 0.1
    endloop
  endfacet
  facet normal 0 0 1
    outer loop
      vertex 93.0275 35.2425 0.1
      vertex 99.6188 32.639 0.1
      vertex 133.388 20.48 0.1
    endloop
  endfacet
  facet normal 0 -0 1
    outer loop
      vertex 86.0476 66.5937 0.1
      vertex 86.0476 65.9943 0.1
      vertex 133.388 86.454 0.1
    endloop
  endfacet
  facet normal -0 -0 9.81027e-008
    outer loop
      vertex 82.55 29.845 0.1
      vertex 79.6544 30.3784 0.1
      vertex 133.388 20.48 0.1
    endloop
  endfacet
  facet normal 0 0 1
    outer loop
      vertex 88.6431 37.3341 0.1
      vertex 88.9981 37.4495 0.1
      vertex 44.6786 55.1688 0.1
    endloop
  endfacet
  facet normal 0 -0 1
    outer loop
      vertex 83.82 31.9786 0.1
      vertex 82.55 31.9786 0.1
      vertex 85.5256 31.3347 0.1
    endloop
  endfacet
  facet normal 0 0 1
    outer loop
      vertex 96.4387 64.0944 0.1
      vertex 90.805 61.595 0.1
      vertex 92.075 61.595 0.1
    endloop
  endfacet
  facet normal 0 0 1
    outer loop
      vertex 81.3781 37.4495 0.1
      vertex 82.2325 37.1475 0.1
      vertex 82.2931 37.1475 0.1
    endloop
  endfacet
  facet normal 0 -0 1
    outer loop
      vertex 91.7575 37.1475 0.1
      vertex 91.7575 35.2425 0.1
      vertex 92.4531 35.0559 0.1
    endloop
  endfacet
  facet normal 0 -0 1
    outer loop
      vertex 37.465 64.77 0.1
      vertex 37.465 62.738 0.1
      vertex 39.2176 63.3222 0.1
    endloop
  endfacet
  facet normal 0 0 1
    outer loop
      vertex 84.1375 37.1475 0.1
      vertex 84.8331 35.0559 0.1
      vertex 84.7725 35.2425 0.1
    endloop
  endfacet
  facet normal 0 0 1
    outer loop
      vertex 95.6818 47.2694 0.1
      vertex 96.9518 47.2694 0.1
      vertex 91.313 51.562 0.1
    endloop
  endfacet
  facet normal 0 0 1
    outer loop
      vertex 78.8381 37.4495 0.1
      vertex 79.6925 37.1475 0.1
      vertex 79.7531 37.1475 0.1
    endloop
  endfacet
  facet normal 0 0 1
    outer loop
      vertex 82.8675 37.1475 0.1
      vertex 83.5631 35.0559 0.1
      vertex 83.5025 35.2425 0.1
    endloop
  endfacet
  facet normal 0 0 1
    outer loop
      vertex 61.595 45.72 0.1
      vertex 61.595 46.99 0.1
      vertex 60.7314 46.99 0.1
    endloop
  endfacet
  facet normal 0 0 1
    outer loop
      vertex 87.3125 34.925 0.1
      vertex 87.3125 37.465 0.1
      vertex 86.6775 37.1475 0.1
    endloop
  endfacet
  facet normal 0 0 1
    outer loop
      vertex 81.0231 37.1475 0.1
      vertex 81.0231 37.3341 0.1
      vertex 80.1081 37.4495 0.1
    endloop
  endfacet
  facet normal 0 0 1
    outer loop
      vertex 95.6818 39.5224 0.1
      vertex 95.6818 40.7924 0.1
      vertex 89.2175 44.4373 0.1
    endloop
  endfacet
  facet normal 0 -0 1
    outer loop
      vertex 82.8675 35.2425 0.1
      vertex 82.6481 34.9405 0.1
      vertex 88.3247 33.4353 0.1
    endloop
  endfacet
  facet normal 0 -0 1
    outer loop
      vertex 95.6818 43.8658 0.1
      vertex 95.6818 42.926 0.1
      vertex 96.9518 42.926 0.1
    endloop
  endfacet
  facet normal 0 0 1
    outer loop
      vertex 81.0231 35.0559 0.1
      vertex 81.0231 35.2425 0.1
      vertex 80.9625 35.2425 0.1
    endloop
  endfacet
  facet normal 0 -0 1
    outer loop
      vertex 90.4875 44.4373 0.1
      vertex 90.2681 44.1353 0.1
      vertex 96.9518 40.7924 0.1
    endloop
  endfacet
  facet normal 0 0 1
    outer loop
      vertex 94.9376 65.0443 0.1
      vertex 94.0384 65.0443 0.1
      vertex 94.0384 64.6938 0.1
    endloop
  endfacet
  facet normal 0 -0 1
    outer loop
      vertex 82.55 31.9786 0.1
      vertex 81.1784 31.9024 0.1
      vertex 133.388 20.48 0.1
    endloop
  endfacet
  facet normal 0 -0 1
    outer loop
      vertex 67.3354 39.0144 0.1
      vertex 67.3354 33.1724 0.1
      vertex 74.168 32.385 0.1
    endloop
  endfacet
  facet normal 0 0 1
    outer loop
      vertex 36.957 55.0926 0.1
      vertex 36.957 55.753 0.1
      vertex 36.5404 55.753 0.1
    endloop
  endfacet
  facet normal 0 0 1
    outer loop
      vertex 88.3247 33.4353 0.1
      vertex 93.4466 31.2928 0.1
      vertex 92.1766 32.1564 0.1
    endloop
  endfacet
  facet normal 0 -0 1
    outer loop
      vertex 51.8668 62.8904 0.1
      vertex 50.5968 62.8904 0.1
      vertex 52.705 62.0776 0.1
    endloop
  endfacet
  facet normal 0 0 1
    outer loop
      vertex 107.112 35.941 0.1
      vertex 95.6818 43.8658 0.1
      vertex 96.9518 42.926 0.1
    endloop
  endfacet
  facet normal 0 0 1
    outer loop
      vertex 39.243 66.929 0.1
      vertex 40.767 66.929 0.1
      vertex 37.465 69.596 0.1
    endloop
  endfacet
  facet normal 0 0 1
    outer loop
      vertex 69.977 41.783 0.1
      vertex 82.6481 37.4495 0.1
      vertex 83.5631 37.1475 0.1
    endloop
  endfacet
  facet normal 0 0 1
    outer loop
      vertex 81.0231 46.5289 0.1
      vertex 52.705 60.8076 0.1
      vertex 57.277 58.42 0.1
    endloop
  endfacet
  facet normal -0 -0 1
    outer loop
      vertex 95.6818 35.1282 0.1
      vertex 93.0275 35.2425 0.1
      vertex 98.0948 33.401 0.1
    endloop
  endfacet
  facet normal 0 0 1
    outer loop
      vertex 95.6818 39.5224 0.1
      vertex 87.3731 44.2507 0.1
      vertex 86.6775 44.1198 0.1
    endloop
  endfacet
  facet normal 0 0 1
    outer loop
      vertex 89.2175 37.1475 0.1
      vertex 89.8525 37.1475 0.1
      vertex 88.9981 37.4495 0.1
    endloop
  endfacet
  facet normal 0 0 1
    outer loop
      vertex 96.9518 38.5318 0.1
      vertex 95.6818 39.5224 0.1
      vertex 86.0425 44.1198 0.1
    endloop
  endfacet
  facet normal -0 -0 1
    outer loop
      vertex 79.7531 44.2507 0.1
      vertex 79.0575 44.4373 0.1
      vertex 80.1081 44.1353 0.1
    endloop
  endfacet
  facet normal 0 0 1
    outer loop
      vertex 95.6818 37.2618 0.1
      vertex 82.6481 44.1353 0.1
      vertex 82.2931 44.2507 0.1
    endloop
  endfacet
  facet normal 0 0 1
    outer loop
      vertex 37.465 67.564 0.1
      vertex 34.671 67.564 0.1
      vertex 37.465 64.77 0.1
    endloop
  endfacet
  facet normal 0 0 1
    outer loop
      vertex 82.55 31.9786 0.1
      vertex 75.8825 34.925 0.1
      vertex 75.438 33.655 0.1
    endloop
  endfacet
  facet normal 0 -0 1
    outer loop
      vertex 82.8675 46.3423 0.1
      vertex 82.8675 44.4373 0.1
      vertex 83.5631 44.2507 0.1
    endloop
  endfacet
  facet normal 0 0 1
    outer loop
      vertex 81.3781 37.4495 0.1
      vertex 81.5975 37.1475 0.1
      vertex 82.2325 37.1475 0.1
    endloop
  endfacet
  facet normal 0 0 1
    outer loop
      vertex 80.1081 37.4495 0.1
      vertex 80.9625 37.1475 0.1
      vertex 81.0231 37.1475 0.1
    endloop
  endfacet
  facet normal 0 0 1
    outer loop
      vertex 41.2496 53.8988 0.1
      vertex 41.2496 55.1688 0.1
      vertex 40.3606 55.1688 0.1
    endloop
  endfacet
  facet normal 0 0 1
    outer loop
      vertex 39.0906 51.7652 0.1
      vertex 39.0906 53.0352 0.1
      vertex 37.5412 53.0022 0.1
    endloop
  endfacet
  facet normal 0 -0 1
    outer loop
      vertex 82.8675 37.1475 0.1
      vertex 82.8675 35.2425 0.1
      vertex 83.5631 35.0559 0.1
    endloop
  endfacet
  facet normal 0 0 1
    outer loop
      vertex 39.0906 51.7652 0.1
      vertex 37.5412 53.0022 0.1
      vertex 37.5412 52.3418 0.1
    endloop
  endfacet
  facet normal 0 0 1
    outer loop
      vertex 82.2931 37.1475 0.1
      vertex 66.1162 42.545 0.1
      vertex 81.3781 37.4495 0.1
    endloop
  endfacet
  facet normal 0 0 1
    outer loop
      vertex 61.468 56.896 0.1
      vertex 58.42 58.674 0.1
      vertex 53.975 60.8076 0.1
    endloop
  endfacet
  facet normal 0 0 1
    outer loop
      vertex 82.2931 35.0559 0.1
      vertex 82.2931 35.2425 0.1
      vertex 82.2325 35.2425 0.1
    endloop
  endfacet
  facet normal 0 0 1
    outer loop
      vertex 79.0575 46.3423 0.1
      vertex 79.6925 46.3423 0.1
      vertex 78.8381 46.6443 0.1
    endloop
  endfacet
  facet normal 0 0 1
    outer loop
      vertex 67.3354 39.0144 0.1
      vertex 75.438 33.655 0.1
      vertex 75.8825 34.925 0.1
    endloop
  endfacet
  facet normal 0 -0 1
    outer loop
      vertex 77.2131 35.0559 0.1
      vertex 76.5175 34.925 0.1
      vertex 77.5681 34.9405 0.1
    endloop
  endfacet
  facet normal 0 0 1
    outer loop
      vertex 81.0231 44.2507 0.1
      vertex 81.0231 44.4373 0.1
      vertex 80.9625 44.4373 0.1
    endloop
  endfacet
  facet normal 0 0 1
    outer loop
      vertex 51.562 61.722 0.1
      vertex 52.705 59.944 0.1
      vertex 52.705 60.8076 0.1
    endloop
  endfacet
  facet normal 0 -0 1
    outer loop
      vertex 42.0878 35.941 0.1
      vertex 42.0878 34.671 0.1
      vertex 74.168 30.2514 0.1
    endloop
  endfacet
  facet normal 0 0 1
    outer loop
      vertex 67.183 58.42 0.1
      vertex 68.707 58.42 0.1
      vertex 65.405 59.944 0.1
    endloop
  endfacet
  facet normal -0 -0 1
    outer loop
      vertex 74.168 32.385 0.1
      vertex 67.3354 33.1724 0.1
      vertex 76.3524 31.9024 0.1
    endloop
  endfacet
  facet normal 0 0 1
    outer loop
      vertex 88.6431 44.2507 0.1
      vertex 88.6431 44.4373 0.1
      vertex 88.5825 44.4373 0.1
    endloop
  endfacet
  facet normal 0 0 1
    outer loop
      vertex 95.6818 38.5318 0.1
      vertex 96.9518 38.5318 0.1
      vertex 85.1881 44.1353 0.1
    endloop
  endfacet
  facet normal 0 -0 1
    outer loop
      vertex 53.975 60.8076 0.1
      vertex 52.705 60.8076 0.1
      vertex 61.468 56.896 0.1
    endloop
  endfacet
  facet normal 0 0 1
    outer loop
      vertex 95.6818 41.656 0.1
      vertex 95.6818 42.926 0.1
      vertex 93.0275 44.4373 0.1
    endloop
  endfacet
  facet normal 0 -0 1
    outer loop
      vertex 115.138 46.863 0.1
      vertex 115.138 44.577 0.1
      vertex 115.382 44.7802 0.1
    endloop
  endfacet
  facet normal 0 0 1
    outer loop
      vertex 82.6481 34.9405 0.1
      vertex 82.2931 35.0559 0.1
      vertex 81.5975 35.2425 0.1
    endloop
  endfacet
  facet normal 0 0 1
    outer loop
      vertex 39.243 65.405 0.1
      vertex 39.243 66.929 0.1
      vertex 37.465 67.564 0.1
    endloop
  endfacet
  facet normal 0 -0 1
    outer loop
      vertex 93.0275 37.1475 0.1
      vertex 93.0275 35.2425 0.1
      vertex 95.6818 35.1282 0.1
    endloop
  endfacet
  facet normal 0 0 1
    outer loop
      vertex 86.7245 33.4353 0.1
      vertex 87.1233 33.4353 0.1
      vertex 81.3781 34.9405 0.1
    endloop
  endfacet
  facet normal 0 0 1
    outer loop
      vertex 98.0948 35.179 0.1
      vertex 99.6188 35.179 0.1
      vertex 96.9518 36.3982 0.1
    endloop
  endfacet
  facet normal 0 0 1
    outer loop
      vertex 41.2496 50.8762 0.1
      vertex 42.5196 50.8762 0.1
      vertex 39.0906 51.7652 0.1
    endloop
  endfacet
  facet normal 0 0 1
    outer loop
      vertex 42.5196 53.0352 0.1
      vertex 43.4086 53.0352 0.1
      vertex 40.3606 53.8988 0.1
    endloop
  endfacet
  facet normal 0 0 1
    outer loop
      vertex 82.2931 37.3341 0.1
      vertex 82.6481 37.4495 0.1
      vertex 69.977 41.783 0.1
    endloop
  endfacet
  facet normal 0 0 1
    outer loop
      vertex 41.2496 51.7652 0.1
      vertex 41.2496 53.0352 0.1
      vertex 40.3606 53.0352 0.1
    endloop
  endfacet
  facet normal 0 0 1
    outer loop
      vertex 81.0231 46.3423 0.1
      vertex 81.0231 46.5289 0.1
      vertex 57.277 58.42 0.1
    endloop
  endfacet
  facet normal 0 -0 1
    outer loop
      vertex 67.5386 44.3738 0.1
      vertex 67.5386 42.545 0.1
      vertex 68.453 43.307 0.1
    endloop
  endfacet
  facet normal 0 0 1
    outer loop
      vertex 68.453 38.481 0.1
      vertex 60.325 42.545 0.1
      vertex 67.3354 39.0144 0.1
    endloop
  endfacet
  facet normal 0 0 1
    outer loop
      vertex 83.5025 37.1475 0.1
      vertex 83.5631 37.1475 0.1
      vertex 82.6481 37.4495 0.1
    endloop
  endfacet
  facet normal 0 0 1
    outer loop
      vertex 93.0275 46.3423 0.1
      vertex 95.6818 42.926 0.1
      vertex 95.6818 43.8658 0.1
    endloop
  endfacet
  facet normal 0 0 1
    outer loop
      vertex 83.5631 37.1475 0.1
      vertex 83.5631 37.3341 0.1
      vertex 69.977 41.783 0.1
    endloop
  endfacet
  facet normal 0 -0 1
    outer loop
      vertex 96.9518 45.9994 0.1
      vertex 96.9518 45.1358 0.1
      vertex 98.1456 44.704 0.1
    endloop
  endfacet
  facet normal 0 0 1
    outer loop
      vertex 75.8825 44.4373 0.1
      vertex 51.562 58.42 0.1
      vertex 51.562 56.896 0.1
    endloop
  endfacet
  facet normal 0 0 1
    outer loop
      vertex 98.0948 32.639 0.1
      vertex 99.6188 32.639 0.1
      vertex 96.9518 33.4518 0.1
    endloop
  endfacet
  facet normal 0 0 1
    outer loop
      vertex 56.388 45.339 0.1
      vertex 44.6532 49.6062 0.1
      vertex 43.3832 49.6062 0.1
    endloop
  endfacet
  facet normal 0 0 1
    outer loop
      vertex 58.42 62.8904 0.1
      vertex 58.42 64.1604 0.1
      vertex 57.5818 64.1604 0.1
    endloop
  endfacet
  facet normal 0 0 1
    outer loop
      vertex 75.8825 44.4373 0.1
      vertex 51.562 56.896 0.1
      vertex 50.038 56.896 0.1
    endloop
  endfacet
  facet normal 0 0 1
    outer loop
      vertex 75.8825 44.4373 0.1
      vertex 50.038 56.896 0.1
      vertex 41.8084 59.6138 0.1
    endloop
  endfacet
  facet normal 0 0 1
    outer loop
      vertex 46.3296 63.3222 0.1
      vertex 48.9204 63.3222 0.1
      vertex 44.069 65.405 0.1
    endloop
  endfacet
  facet normal 0 0 1
    outer loop
      vertex 61.468 56.896 0.1
      vertex 82.2325 46.3423 0.1
      vertex 82.2931 46.3423 0.1
    endloop
  endfacet
  facet normal 0 0 1
    outer loop
      vertex 95.6818 33.4518 0.1
      vertex 96.9518 33.4518 0.1
      vertex 91.7575 35.2425 0.1
    endloop
  endfacet
  facet normal 0 0 1
    outer loop
      vertex 84.8331 46.5289 0.1
      vertex 59.69 60.8076 0.1
      vertex 62.992 58.42 0.1
    endloop
  endfacet
  facet normal -0 0 1
    outer loop
      vertex 87.5487 64.0944 0.1
      vertex 87.5487 64.6938 0.1
      vertex 80.96 61.6052 0.1
    endloop
  endfacet
  facet normal 0 0 1
    outer loop
      vertex 82.8675 37.1475 0.1
      vertex 83.5025 37.1475 0.1
      vertex 82.6481 37.4495 0.1
    endloop
  endfacet
  facet normal 0 0 1
    outer loop
      vertex 91.1831 44.2507 0.1
      vertex 98.0948 40.259 0.1
      vertex 95.6818 41.656 0.1
    endloop
  endfacet
  facet normal 0 0 1
    outer loop
      vertex 95.6818 40.7924 0.1
      vertex 89.9131 44.2507 0.1
      vertex 89.2175 44.4373 0.1
    endloop
  endfacet
  facet normal 0 0 1
    outer loop
      vertex 55.753 56.896 0.1
      vertex 53.975 58.674 0.1
      vertex 52.705 58.674 0.1
    endloop
  endfacet
  facet normal 0 0 1
    outer loop
      vertex 55.753 61.722 0.1
      vertex 57.277 61.722 0.1
      vertex 53.975 64.1604 0.1
    endloop
  endfacet
  facet normal 0 -0 1
    outer loop
      vertex 48.9204 63.3222 0.1
      vertex 48.9204 59.6138 0.1
      vertex 50.038 60.198 0.1
    endloop
  endfacet
  facet normal 0 0 1
    outer loop
      vertex 82.55 29.845 0.1
      vertex 82.55 31.115 0.1
      vertex 81.1784 30.3784 0.1
    endloop
  endfacet
  facet normal 0 0 1
    outer loop
      vertex 81.0231 46.5289 0.1
      vertex 81.3781 46.6443 0.1
      vertex 52.705 60.8076 0.1
    endloop
  endfacet
  facet normal 0 0 1
    outer loop
      vertex 75.438 33.655 0.1
      vertex 77.8764 31.9024 0.1
      vertex 79.6544 31.9024 0.1
    endloop
  endfacet
  facet normal 0 0 1
    outer loop
      vertex 75.438 33.655 0.1
      vertex 79.6544 31.9024 0.1
      vertex 81.1784 31.9024 0.1
    endloop
  endfacet
  facet normal 0 0 1
    outer loop
      vertex 89.9131 35.0559 0.1
      vertex 89.9131 35.2425 0.1
      vertex 89.8525 35.2425 0.1
    endloop
  endfacet
  facet normal 0 0 1
    outer loop
      vertex 84.7725 37.1475 0.1
      vertex 84.8331 37.1475 0.1
      vertex 83.9181 37.4495 0.1
    endloop
  endfacet
  facet normal 0 0 1
    outer loop
      vertex 81.1784 31.9024 0.1
      vertex 83.82 31.115 0.1
      vertex 133.388 20.48 0.1
    endloop
  endfacet
  facet normal 0 -0 1
    outer loop
      vertex 83.82 31.115 0.1
      vertex 83.82 29.845 0.1
      vertex 133.388 20.48 0.1
    endloop
  endfacet
  facet normal 0 0 1
    outer loop
      vertex 95.6818 36.3982 0.1
      vertex 78.8381 44.1353 0.1
      vertex 77.7875 44.4373 0.1
    endloop
  endfacet
  facet normal -0 -0 1
    outer loop
      vertex 85.5256 31.3347 0.1
      vertex 82.55 31.9786 0.1
      vertex 133.388 20.48 0.1
    endloop
  endfacet
  facet normal 0 -0 1
    outer loop
      vertex 85.9244 33.4353 0.1
      vertex 85.9244 31.3347 0.1
      vertex 86.7245 31.3347 0.1
    endloop
  endfacet
  facet normal 0 0 1
    outer loop
      vertex 85.9536 59.055 0.1
      vertex 87.2236 59.055 0.1
      vertex 88.6714 60.325 0.1
    endloop
  endfacet
  facet normal -0 0 1
    outer loop
      vertex 97.155 57.785 0.1
      vertex 97.155 59.055 0.1
      vertex 96.1136 57.785 0.1
    endloop
  endfacet
  facet normal 0 -0 1
    outer loop
      vertex 86.6775 35.2425 0.1
      vertex 86.4581 34.9405 0.1
      vertex 87.3125 34.925 0.1
    endloop
  endfacet
  facet normal 0 -0 1
    outer loop
      vertex 85.09 59.055 0.1
      vertex 85.09 57.785 0.1
      vertex 85.9536 59.055 0.1
    endloop
  endfacet
  facet normal 0 -0 1
    outer loop
      vertex 79.0575 37.1475 0.1
      vertex 79.0575 35.2425 0.1
      vertex 79.7531 35.0559 0.1
    endloop
  endfacet
  facet normal 0 0 1
    outer loop
      vertex 82.8675 46.3423 0.1
      vertex 83.5025 46.3423 0.1
      vertex 82.6481 46.6443 0.1
    endloop
  endfacet
  facet normal 0 0 1
    outer loop
      vertex 61.7474 33.1724 0.1
      vertex 42.0878 38.0746 0.1
      vertex 42.0878 36.8046 0.1
    endloop
  endfacet
  facet normal 0 0 1
    outer loop
      vertex 85.4075 37.1475 0.1
      vertex 86.0425 37.1475 0.1
      vertex 85.1881 37.4495 0.1
    endloop
  endfacet
  facet normal 0 0 1
    outer loop
      vertex 43.3832 50.8762 0.1
      vertex 44.6532 50.8762 0.1
      vertex 41.2496 51.7652 0.1
    endloop
  endfacet
  facet normal 0 -0 1
    outer loop
      vertex 87.9475 37.465 0.1
      vertex 87.9475 34.925 0.1
      vertex 88.5825 35.2425 0.1
    endloop
  endfacet
  facet normal 0 -0 1
    outer loop
      vertex 48.9204 59.6138 0.1
      vertex 46.3296 59.6138 0.1
      vertex 50.038 58.42 0.1
    endloop
  endfacet
  facet normal 0 0 1
    outer loop
      vertex 85.5256 31.3347 0.1
      vertex 85.5256 33.4353 0.1
      vertex 83.82 33.2486 0.1
    endloop
  endfacet
  facet normal 0 0 1
    outer loop
      vertex 85.4075 37.1475 0.1
      vertex 86.1031 35.0559 0.1
      vertex 86.0425 35.2425 0.1
    endloop
  endfacet
  facet normal 0 0 1
    outer loop
      vertex 86.1031 37.3341 0.1
      vertex 67.5386 44.3738 0.1
      vertex 69.977 43.307 0.1
    endloop
  endfacet
  facet normal 0 0 1
    outer loop
      vertex 86.0425 37.1475 0.1
      vertex 86.1031 37.1475 0.1
      vertex 85.1881 37.4495 0.1
    endloop
  endfacet
  facet normal 0 0 1
    outer loop
      vertex 91.7575 37.1475 0.1
      vertex 92.3925 37.1475 0.1
      vertex 91.5381 37.4495 0.1
    endloop
  endfacet
  facet normal 0 0 1
    outer loop
      vertex 92.3925 35.2425 0.1
      vertex 92.3925 37.1475 0.1
      vertex 91.7575 37.1475 0.1
    endloop
  endfacet
  facet normal 0 -0 1
    outer loop
      vertex 93.0275 35.2425 0.1
      vertex 92.8081 34.9405 0.1
      vertex 99.6188 32.639 0.1
    endloop
  endfacet
  facet normal 0 0 1
    outer loop
      vertex 75.8825 44.4373 0.1
      vertex 75.8825 46.3423 0.1
      vertex 51.562 58.42 0.1
    endloop
  endfacet
  facet normal 0 0 1
    outer loop
      vertex 79.6925 35.2425 0.1
      vertex 79.6925 37.1475 0.1
      vertex 79.0575 37.1475 0.1
    endloop
  endfacet
  facet normal 0 0 1
    outer loop
      vertex 77.1525 44.4373 0.1
      vertex 77.1525 46.3423 0.1
      vertex 76.5175 46.3423 0.1
    endloop
  endfacet
  facet normal 0 0 1
    outer loop
      vertex 107.112 35.941 0.1
      vertex 107.112 37.719 0.1
      vertex 98.1456 42.926 0.1
    endloop
  endfacet
  facet normal 0 0 1
    outer loop
      vertex 57.277 58.42 0.1
      vertex 80.1081 46.6443 0.1
      vertex 80.9625 46.3423 0.1
    endloop
  endfacet
  facet normal 0 0 1
    outer loop
      vertex 88.4479 64.0944 0.1
      vertex 87.5487 64.0944 0.1
      vertex 80.96 60.4063 0.1
    endloop
  endfacet
  facet normal 0 -0 1
    outer loop
      vertex 62.9666 42.545 0.1
      vertex 61.5442 42.545 0.1
      vertex 69.977 40.005 0.1
    endloop
  endfacet
  facet normal 0 0 1
    outer loop
      vertex 107.112 35.179 0.1
      vertex 107.112 35.941 0.1
      vertex 99.6188 40.259 0.1
    endloop
  endfacet
  facet normal 0 0 1
    outer loop
      vertex 57.912 43.561 0.1
      vertex 59.055 42.545 0.1
      vertex 60.325 42.545 0.1
    endloop
  endfacet
  facet normal 0 0 1
    outer loop
      vertex 55.753 61.722 0.1
      vertex 53.975 64.1604 0.1
      vertex 53.975 62.8904 0.1
    endloop
  endfacet
  facet normal 0 0 1
    outer loop
      vertex 87.3125 46.3423 0.1
      vertex 87.3731 46.3423 0.1
      vertex 75.88 52.7863 0.1
    endloop
  endfacet
  facet normal 0 0 1
    outer loop
      vertex 67.3354 39.0144 0.1
      vertex 60.325 42.545 0.1
      vertex 60.325 41.275 0.1
    endloop
  endfacet
  facet normal 0 0 1
    outer loop
      vertex 62.992 58.42 0.1
      vertex 83.5631 46.3423 0.1
      vertex 83.5631 46.5289 0.1
    endloop
  endfacet
  facet normal -0 0 1
    outer loop
      vertex 85.1484 64.0944 0.1
      vertex 85.1484 64.6938 0.1
      vertex 75.88 60.4063 0.1
    endloop
  endfacet
  facet normal 0 -0 1
    outer loop
      vertex 96.9518 39.5224 0.1
      vertex 95.6818 39.5224 0.1
      vertex 98.0948 38.481 0.1
    endloop
  endfacet
  facet normal 0 0 1
    outer loop
      vertex 81.3781 34.9405 0.1
      vertex 81.0231 35.0559 0.1
      vertex 80.3275 35.2425 0.1
    endloop
  endfacet
  facet normal 0 0 1
    outer loop
      vertex 95.6818 39.5224 0.1
      vertex 89.2175 44.4373 0.1
      vertex 88.9981 44.1353 0.1
    endloop
  endfacet
  facet normal 0 0 1
    outer loop
      vertex 99.6188 38.481 0.1
      vertex 98.0948 38.481 0.1
      vertex 99.6188 37.719 0.1
    endloop
  endfacet
  facet normal 0 0 1
    outer loop
      vertex 56.388 42.037 0.1
      vertex 25.146 52.6288 0.1
      vertex 25.146 51.3588 0.1
    endloop
  endfacet
  facet normal 0 0 1
    outer loop
      vertex 57.277 58.42 0.1
      vertex 80.9625 46.3423 0.1
      vertex 81.0231 46.3423 0.1
    endloop
  endfacet
  facet normal 0 0 1
    outer loop
      vertex 83.82 59.055 0.1
      vertex 80.96 58.3844 0.1
      vertex 83.82 57.785 0.1
    endloop
  endfacet
  facet normal 0 0 1
    outer loop
      vertex 85.4964 60.325 0.1
      vertex 80.96 58.3844 0.1
      vertex 83.82 59.055 0.1
    endloop
  endfacet
  facet normal 0 -0 1
    outer loop
      vertex 85.4964 61.595 0.1
      vertex 85.4964 60.325 0.1
      vertex 86.36 61.595 0.1
    endloop
  endfacet
  facet normal 0 0 1
    outer loop
      vertex 86.36 60.325 0.1
      vertex 83.82 59.055 0.1
      vertex 85.09 59.055 0.1
    endloop
  endfacet
  facet normal 0 0 1
    outer loop
      vertex 94.9376 65.9943 0.1
      vertex 96.4387 66.5937 0.1
      vertex 133.388 86.454 0.1
    endloop
  endfacet
  facet normal 0 0 1
    outer loop
      vertex 110.439 40.2336 0.1
      vertex 111.709 40.2336 0.1
      vertex 108.687 42.926 0.1
    endloop
  endfacet
  facet normal 0 -0 1
    outer loop
      vertex 97.3379 66.5937 0.1
      vertex 97.3379 65.9943 0.1
      vertex 133.388 86.454 0.1
    endloop
  endfacet
  facet normal 0 0 1
    outer loop
      vertex 88.4479 64.0944 0.1
      vertex 80.96 60.4063 0.1
      vertex 84.2264 61.595 0.1
    endloop
  endfacet
  facet normal 0 0 1
    outer loop
      vertex 84.963 53.086 0.1
      vertex 86.487 53.086 0.1
      vertex 80.96 57.1856 0.1
    endloop
  endfacet
  facet normal 0 -0 1
    outer loop
      vertex 94.9376 64.6938 0.1
      vertex 94.9376 64.0944 0.1
      vertex 96.4387 65.0443 0.1
    endloop
  endfacet
  facet normal 0 -0 1
    outer loop
      vertex 94.9376 65.6438 0.1
      vertex 94.9376 65.0443 0.1
      vertex 96.4387 65.9943 0.1
    endloop
  endfacet
  facet normal 0 0 1
    outer loop
      vertex 81.5975 37.1475 0.1
      vertex 82.2931 35.0559 0.1
      vertex 82.2325 35.2425 0.1
    endloop
  endfacet
  facet normal 0 0 1
    outer loop
      vertex 84.8331 37.3341 0.1
      vertex 85.1881 37.4495 0.1
      vertex 69.977 43.307 0.1
    endloop
  endfacet
  facet normal 0 0 1
    outer loop
      vertex 58.42 58.674 0.1
      vertex 58.42 59.944 0.1
      vertex 57.277 60.198 0.1
    endloop
  endfacet
  facet normal 0 -0 1
    outer loop
      vertex 44.6786 53.0352 0.1
      vertex 44.6786 51.7652 0.1
      vertex 59.4614 46.99 0.1
    endloop
  endfacet
  facet normal 0 -0 1
    outer loop
      vertex 60.7314 46.99 0.1
      vertex 60.7314 45.72 0.1
      vertex 61.595 45.72 0.1
    endloop
  endfacet
  facet normal 0 0 1
    outer loop
      vertex 69.977 43.307 0.1
      vertex 86.1031 37.1475 0.1
      vertex 86.1031 37.3341 0.1
    endloop
  endfacet
  facet normal 0 0 1
    outer loop
      vertex 69.977 43.307 0.1
      vertex 85.1881 37.4495 0.1
      vertex 86.1031 37.1475 0.1
    endloop
  endfacet
  facet normal 0 0 1
    outer loop
      vertex 87.3125 34.925 0.1
      vertex 86.6775 37.1475 0.1
      vertex 86.6775 35.2425 0.1
    endloop
  endfacet
  facet normal 0 0 1
    outer loop
      vertex 96.9518 40.7924 0.1
      vertex 98.0948 40.259 0.1
      vertex 90.4875 44.4373 0.1
    endloop
  endfacet
  facet normal 0 0 1
    outer loop
      vertex 78.4225 44.4373 0.1
      vertex 78.4225 46.3423 0.1
      vertex 77.7875 46.3423 0.1
    endloop
  endfacet
  facet normal 0 -0 1
    outer loop
      vertex 69.977 43.307 0.1
      vertex 69.977 41.783 0.1
      vertex 83.5631 37.3341 0.1
    endloop
  endfacet
  facet normal 0 0 1
    outer loop
      vertex 50.5968 65.024 0.1
      vertex 30.891 76.9371 0.1
      vertex 31.242 76.454 0.1
    endloop
  endfacet
  facet normal 0 -0 1
    outer loop
      vertex 86.7245 31.3347 0.1
      vertex 85.9244 31.3347 0.1
      vertex 92.1766 30.0228 0.1
    endloop
  endfacet
  facet normal 0 -0 1
    outer loop
      vertex 57.912 43.561 0.1
      vertex 57.912 42.037 0.1
      vertex 59.055 42.545 0.1
    endloop
  endfacet
  facet normal -0 0 1
    outer loop
      vertex 96.4387 65.6438 0.1
      vertex 96.4387 65.9943 0.1
      vertex 94.9376 65.0443 0.1
    endloop
  endfacet
  facet normal 0 -0 1
    outer loop
      vertex 57.277 61.722 0.1
      vertex 57.277 60.198 0.1
      vertex 58.42 59.944 0.1
    endloop
  endfacet
  facet normal 0 0 1
    outer loop
      vertex 84.8331 46.3423 0.1
      vertex 84.8331 46.5289 0.1
      vertex 62.992 58.42 0.1
    endloop
  endfacet
  facet normal 0 0 1
    outer loop
      vertex 52.705 64.1604 0.1
      vertex 53.975 64.1604 0.1
      vertex 51.8668 65.024 0.1
    endloop
  endfacet
  facet normal 0 0 1
    outer loop
      vertex 86.0425 46.6598 0.1
      vertex 86.6775 46.6598 0.1
      vertex 75.88 52.7863 0.1
    endloop
  endfacet
  facet normal 0 0 1
    outer loop
      vertex 67.183 56.896 0.1
      vertex 65.405 59.944 0.1
      vertex 65.405 58.674 0.1
    endloop
  endfacet
  facet normal -0 -0 1
    outer loop
      vertex 91.1831 44.2507 0.1
      vertex 90.4875 44.4373 0.1
      vertex 98.0948 40.259 0.1
    endloop
  endfacet
  facet normal 0 0 1
    outer loop
      vertex 82.2325 35.2425 0.1
      vertex 82.2325 37.1475 0.1
      vertex 81.5975 37.1475 0.1
    endloop
  endfacet
  facet normal 0 0 1
    outer loop
      vertex 95.6818 35.1282 0.1
      vertex 95.6818 36.3982 0.1
      vertex 92.8081 37.4495 0.1
    endloop
  endfacet
  facet normal 0 0 1
    outer loop
      vertex 95.6818 41.656 0.1
      vertex 91.5381 44.1353 0.1
      vertex 91.1831 44.2507 0.1
    endloop
  endfacet
  facet normal 0 0 1
    outer loop
      vertex 48.9204 63.3222 0.1
      vertex 50.038 60.198 0.1
      vertex 50.038 61.722 0.1
    endloop
  endfacet
  facet normal 0 -0 1
    outer loop
      vertex 96.9518 38.5318 0.1
      vertex 96.9518 37.2618 0.1
      vertex 98.0948 37.719 0.1
    endloop
  endfacet
  facet normal 0 0 1
    outer loop
      vertex 61.468 56.896 0.1
      vertex 81.3781 46.6443 0.1
      vertex 82.2325 46.3423 0.1
    endloop
  endfacet
  facet normal 0 -0 1
    outer loop
      vertex 98.0948 30.861 0.1
      vertex 96.9518 30.0482 0.1
      vertex 133.388 20.48 0.1
    endloop
  endfacet
  facet normal 0 -0 1
    outer loop
      vertex 108.687 42.926 0.1
      vertex 107.163 42.926 0.1
      vertex 110.439 40.2336 0.1
    endloop
  endfacet
  facet normal -0 0 1
    outer loop
      vertex 92.71 57.785 0.1
      vertex 92.71 59.055 0.1
      vertex 91.6686 57.785 0.1
    endloop
  endfacet
  facet normal -0 0 1
    outer loop
      vertex 85.9536 57.785 0.1
      vertex 85.9536 59.055 0.1
      vertex 85.09 57.785 0.1
    endloop
  endfacet
  facet normal 0 -0 1
    outer loop
      vertex 86.487 53.086 0.1
      vertex 86.487 51.562 0.1
      vertex 88.138 51.562 0.1
    endloop
  endfacet
  facet normal -0 -0 1
    outer loop
      vertex 79.06 57.1856 0.1
      vertex 73.98 60.4063 0.1
      vertex 84.963 53.086 0.1
    endloop
  endfacet
  facet normal 0 -0 1
    outer loop
      vertex 93.4466 32.1564 0.1
      vertex 92.1766 32.1564 0.1
      vertex 95.6818 31.3182 0.1
    endloop
  endfacet
  facet normal -0 0 1
    outer loop
      vertex 87.5487 64.6938 0.1
      vertex 87.5487 65.0443 0.1
      vertex 86.0476 64.0944 0.1
    endloop
  endfacet
  facet normal 0 0 1
    outer loop
      vertex 98.1456 44.704 0.1
      vertex 98.1456 45.466 0.1
      vertex 96.9518 45.9994 0.1
    endloop
  endfacet
  facet normal 0 0 1
    outer loop
      vertex 84.963 53.086 0.1
      vertex 80.96 57.1856 0.1
      vertex 79.06 57.1856 0.1
    endloop
  endfacet
  facet normal 0 0 1
    outer loop
      vertex 88.4936 48.895 0.1
      vertex 89.7636 48.895 0.1
      vertex 84.963 51.562 0.1
    endloop
  endfacet
  facet normal 0 -0 1
    outer loop
      vertex 80.96 58.3844 0.1
      vertex 80.96 57.1856 0.1
      vertex 84.963 54.864 0.1
    endloop
  endfacet
  facet normal 0 -0 1
    outer loop
      vertex 88.4479 65.6438 0.1
      vertex 88.4479 65.0443 0.1
      vertex 133.388 86.454 0.1
    endloop
  endfacet
  facet normal -0 -0 1
    outer loop
      vertex 83.82 57.785 0.1
      vertex 80.96 58.3844 0.1
      vertex 84.963 56.388 0.1
    endloop
  endfacet
  facet normal 0 -0 1
    outer loop
      vertex 85.09 57.785 0.1
      vertex 83.82 57.785 0.1
      vertex 86.487 56.388 0.1
    endloop
  endfacet
  facet normal 0 0 1
    outer loop
      vertex 96.9518 47.2694 0.1
      vertex 92.837 51.562 0.1
      vertex 91.313 51.562 0.1
    endloop
  endfacet
  facet normal 0 0 1
    outer loop
      vertex 91.313 53.086 0.1
      vertex 92.837 53.086 0.1
      vertex 89.662 54.864 0.1
    endloop
  endfacet
  facet normal 0 0 1
    outer loop
      vertex 86.0476 64.0944 0.1
      vertex 85.1484 64.0944 0.1
      vertex 80.96 61.6052 0.1
    endloop
  endfacet
  facet normal 0 0 1
    outer loop
      vertex 94.0384 64.6938 0.1
      vertex 94.9376 64.6938 0.1
      vertex 94.9376 65.0443 0.1
    endloop
  endfacet
  facet normal 0 -0 1
    outer loop
      vertex 76.3524 30.3784 0.1
      vertex 75.438 30.2514 0.1
      vertex 133.388 20.48 0.1
    endloop
  endfacet
  facet normal 0 -0 1
    outer loop
      vertex 108.636 35.179 0.1
      vertex 108.636 33.401 0.1
      vertex 133.388 20.48 0.1
    endloop
  endfacet
  facet normal 0 0 1
    outer loop
      vertex 87.5487 65.6438 0.1
      vertex 88.4479 65.6438 0.1
      vertex 88.4479 65.9943 0.1
    endloop
  endfacet
  facet normal 0 0 1
    outer loop
      vertex 87.5487 66.5937 0.1
      vertex 88.4479 66.5937 0.1
      vertex 133.388 86.454 0.1
    endloop
  endfacet
  facet normal 0 0 1
    outer loop
      vertex 85.1484 65.9943 0.1
      vertex 73.98 61.6052 0.1
      vertex 85.1484 65.6438 0.1
    endloop
  endfacet
  facet normal -0 0 1
    outer loop
      vertex 85.1484 65.9943 0.1
      vertex 85.1484 66.5937 0.1
      vertex 80.96 64.8056 0.1
    endloop
  endfacet
  facet normal 0 0 1
    outer loop
      vertex 73.98 64.8056 0.1
      vertex 69.85 64.1604 0.1
      vertex 71.12 64.1604 0.1
    endloop
  endfacet
  facet normal -0 0 1
    outer loop
      vertex 87.5487 65.6438 0.1
      vertex 87.5487 65.9943 0.1
      vertex 86.0476 65.0443 0.1
    endloop
  endfacet
  facet normal 0 0 1
    outer loop
      vertex 85.1484 65.6438 0.1
      vertex 86.0476 65.6438 0.1
      vertex 86.0476 65.9943 0.1
    endloop
  endfacet
  facet normal 0 0 1
    outer loop
      vertex 85.1484 66.5937 0.1
      vertex 86.0476 66.5937 0.1
      vertex 133.388 86.454 0.1
    endloop
  endfacet
  facet normal 0 0 1
    outer loop
      vertex 87.2236 59.055 0.1
      vertex 88.265 59.055 0.1
      vertex 89.9414 60.325 0.1
    endloop
  endfacet
  facet normal 0 -0 1
    outer loop
      vertex 85.4075 44.4373 0.1
      vertex 85.1881 44.1353 0.1
      vertex 96.9518 38.5318 0.1
    endloop
  endfacet
  facet normal 0 -0 1
    outer loop
      vertex 87.2236 59.055 0.1
      vertex 87.2236 57.785 0.1
      vertex 88.265 59.055 0.1
    endloop
  endfacet
  facet normal -0 0 1
    outer loop
      vertex 73.98 64.8056 0.1
      vertex 73.98 66.0044 0.1
      vertex 69.0372 64.1604 0.1
    endloop
  endfacet
  facet normal 0 0 1
    outer loop
      vertex 91.1831 46.5289 0.1
      vertex 91.5381 46.6443 0.1
      vertex 89.7636 47.625 0.1
    endloop
  endfacet
  facet normal 0 0 1
    outer loop
      vertex 95.6818 38.5318 0.1
      vertex 85.1881 44.1353 0.1
      vertex 84.8331 44.2507 0.1
    endloop
  endfacet
  facet normal -0 -0 1
    outer loop
      vertex 92.1766 30.0228 0.1
      vertex 85.9244 31.3347 0.1
      vertex 133.388 20.48 0.1
    endloop
  endfacet
  facet normal 0 0 1
    outer loop
      vertex 88.6431 35.0559 0.1
      vertex 88.6431 35.2425 0.1
      vertex 88.5825 35.2425 0.1
    endloop
  endfacet
  facet normal 0 0 1
    outer loop
      vertex 111.709 38.9636 0.1
      vertex 110.439 38.9636 0.1
      vertex 111.709 38.1 0.1
    endloop
  endfacet
  facet normal 0 0 1
    outer loop
      vertex 87.63 60.325 0.1
      vertex 85.09 59.055 0.1
      vertex 85.9536 59.055 0.1
    endloop
  endfacet
  facet normal 0 -0 1
    outer loop
      vertex 92.075 61.595 0.1
      vertex 92.075 60.325 0.1
      vertex 93.1164 61.595 0.1
    endloop
  endfacet
  facet normal 0 -0 1
    outer loop
      vertex 86.6775 44.1198 0.1
      vertex 86.0425 44.1198 0.1
      vertex 95.6818 39.5224 0.1
    endloop
  endfacet
  facet normal 0 0 1
    outer loop
      vertex 81.0231 37.3341 0.1
      vertex 81.3781 37.4495 0.1
      vertex 66.1162 42.545 0.1
    endloop
  endfacet
  facet normal -0 0 1
    outer loop
      vertex 96.4387 65.0443 0.1
      vertex 96.4387 65.6438 0.1
      vertex 94.9376 64.6938 0.1
    endloop
  endfacet
  facet normal 0 0 1
    outer loop
      vertex 88.6431 37.3341 0.1
      vertex 44.6786 55.1688 0.1
      vertex 44.6786 53.8988 0.1
    endloop
  endfacet
  facet normal 0 -0 1
    outer loop
      vertex 62.865 45.72 0.1
      vertex 61.595 45.72 0.1
      vertex 66.1162 44.3738 0.1
    endloop
  endfacet
  facet normal -0 -0 1
    outer loop
      vertex 84.8331 35.0559 0.1
      vertex 84.1375 35.2425 0.1
      vertex 85.1881 34.9405 0.1
    endloop
  endfacet
  facet normal 0 0 1
    outer loop
      vertex 76.5175 46.3423 0.1
      vertex 77.2131 44.2507 0.1
      vertex 77.1525 44.4373 0.1
    endloop
  endfacet
  facet normal 0 0 1
    outer loop
      vertex 43.4086 53.8988 0.1
      vertex 43.4086 55.1688 0.1
      vertex 42.5196 55.1688 0.1
    endloop
  endfacet
  facet normal 0 0 1
    outer loop
      vertex 43.4086 55.1688 0.1
      vertex 44.6786 55.1688 0.1
      vertex 36.449 58.0898 0.1
    endloop
  endfacet
  facet normal 0 0 1
    outer loop
      vertex 89.2175 46.3423 0.1
      vertex 89.9131 44.2507 0.1
      vertex 89.8525 44.4373 0.1
    endloop
  endfacet
  facet normal 0 0 1
    outer loop
      vertex 35.9562 55.753 0.1
      vertex 35.5422 55.753 0.1
      vertex 35.9562 55.0926 0.1
    endloop
  endfacet
  facet normal -0 -0 1
    outer loop
      vertex 35.9562 55.0926 0.1
      vertex 35.5422 55.753 0.1
      vertex 36.0934 51.5112 0.1
    endloop
  endfacet
  facet normal 0 0 1
    outer loop
      vertex 107.112 33.401 0.1
      vertex 99.6188 38.481 0.1
      vertex 99.6188 37.719 0.1
    endloop
  endfacet
  facet normal 0 0 1
    outer loop
      vertex 75.438 33.655 0.1
      vertex 81.1784 31.9024 0.1
      vertex 82.55 31.9786 0.1
    endloop
  endfacet
  facet normal 0 -0 1
    outer loop
      vertex 79.6544 30.3784 0.1
      vertex 77.8764 30.3784 0.1
      vertex 133.388 20.48 0.1
    endloop
  endfacet
  facet normal 0 0 1
    outer loop
      vertex 66.1162 42.545 0.1
      vertex 80.1081 37.4495 0.1
      vertex 81.0231 37.3341 0.1
    endloop
  endfacet
  facet normal 0 0 1
    outer loop
      vertex 82.2931 37.1475 0.1
      vertex 68.453 41.783 0.1
      vertex 66.1162 42.545 0.1
    endloop
  endfacet
  facet normal 0 0 1
    outer loop
      vertex 98.1456 49.784 0.1
      vertex 99.6696 49.784 0.1
      vertex 98.1456 50.546 0.1
    endloop
  endfacet
  facet normal 0 0 1
    outer loop
      vertex 90.4875 46.3423 0.1
      vertex 91.1831 44.2507 0.1
      vertex 91.1225 44.4373 0.1
    endloop
  endfacet
  facet normal 0 0 1
    outer loop
      vertex 86.487 51.562 0.1
      vertex 89.7636 48.895 0.1
      vertex 95.6818 45.1358 0.1
    endloop
  endfacet
  facet normal 0 -0 1
    outer loop
      vertex 58.42 62.8904 0.1
      vertex 57.5818 62.8904 0.1
      vertex 59.69 62.0776 0.1
    endloop
  endfacet
  facet normal 0 -0 1
    outer loop
      vertex 57.5818 64.1604 0.1
      vertex 57.5818 62.8904 0.1
      vertex 58.42 62.8904 0.1
    endloop
  endfacet
  facet normal 0 0 1
    outer loop
      vertex 58.42 64.1604 0.1
      vertex 59.69 64.1604 0.1
      vertex 57.5818 65.024 0.1
    endloop
  endfacet
  facet normal 0 0 1
    outer loop
      vertex 86.36 60.325 0.1
      vertex 85.4964 60.325 0.1
      vertex 83.82 59.055 0.1
    endloop
  endfacet
  facet normal 0 -0 1
    outer loop
      vertex 65.405 62.0776 0.1
      vertex 65.405 60.8076 0.1
      vertex 67.183 60.198 0.1
    endloop
  endfacet
  facet normal 0 0 1
    outer loop
      vertex 74.168 30.2514 0.1
      vertex 67.3354 33.1724 0.1
      vertex 61.7474 33.1724 0.1
    endloop
  endfacet
  facet normal 0 0 1
    outer loop
      vertex 74.168 30.2514 0.1
      vertex 74.168 31.5214 0.1
      vertex 67.3354 33.1724 0.1
    endloop
  endfacet
  facet normal 0 0 1
    outer loop
      vertex 89.9131 46.5289 0.1
      vertex 90.2681 46.6443 0.1
      vertex 88.4936 47.625 0.1
    endloop
  endfacet
  facet normal 0 0 1
    outer loop
      vertex 64.135 62.0776 0.1
      vertex 65.405 62.0776 0.1
      vertex 63.3222 62.8904 0.1
    endloop
  endfacet
  facet normal 0 0 1
    outer loop
      vertex 94.9376 65.9943 0.1
      vertex 94.0384 65.9943 0.1
      vertex 94.0384 65.6438 0.1
    endloop
  endfacet
  facet normal 0 0 1
    outer loop
      vertex 94.0384 65.9943 0.1
      vertex 85.4964 61.595 0.1
      vertex 86.36 61.595 0.1
    endloop
  endfacet
  facet normal 0 -0 1
    outer loop
      vertex 97.3379 65.9943 0.1
      vertex 97.3379 65.6438 0.1
      vertex 133.388 86.454 0.1
    endloop
  endfacet
  facet normal 0 -0 1
    outer loop
      vertex 99.6188 30.861 0.1
      vertex 98.0948 30.861 0.1
      vertex 133.388 20.48 0.1
    endloop
  endfacet
  facet normal 0 0 1
    outer loop
      vertex 88.3247 33.4353 0.1
      vertex 92.1766 31.2928 0.1
      vertex 93.4466 31.2928 0.1
    endloop
  endfacet
  facet normal 0 0 1
    outer loop
      vertex 67.3354 39.0144 0.1
      vertex 74.168 33.655 0.1
      vertex 75.438 33.655 0.1
    endloop
  endfacet
  facet normal 0 -0 1
    outer loop
      vertex 86.487 51.562 0.1
      vertex 84.963 51.562 0.1
      vertex 89.7636 48.895 0.1
    endloop
  endfacet
  facet normal 0 0 1
    outer loop
      vertex 86.6775 37.1475 0.1
      vertex 87.3125 37.465 0.1
      vertex 86.4581 37.4495 0.1
    endloop
  endfacet
  facet normal 0 -0 1
    outer loop
      vertex 81.5975 46.3423 0.1
      vertex 81.5975 44.4373 0.1
      vertex 82.2931 44.2507 0.1
    endloop
  endfacet
  facet normal 0 -0 1
    outer loop
      vertex 89.2175 46.3423 0.1
      vertex 89.2175 44.4373 0.1
      vertex 89.9131 44.2507 0.1
    endloop
  endfacet
  facet normal 0 0 1
    outer loop
      vertex 80.9625 44.4373 0.1
      vertex 80.9625 46.3423 0.1
      vertex 80.3275 46.3423 0.1
    endloop
  endfacet
  facet normal 0 -0 1
    outer loop
      vertex 90.4875 35.2425 0.1
      vertex 90.2681 34.9405 0.1
      vertex 95.6818 33.4518 0.1
    endloop
  endfacet
  facet normal 0 0 1
    outer loop
      vertex 56.3118 64.1604 0.1
      vertex 57.5818 64.1604 0.1
      vertex 53.975 66.294 0.1
    endloop
  endfacet
  facet normal 0 0 1
    outer loop
      vertex 62.0522 66.294 0.1
      vertex 63.3222 66.294 0.1
      vertex 133.388 86.454 0.1
    endloop
  endfacet
  facet normal 0 -0 1
    outer loop
      vertex 68.707 60.198 0.1
      vertex 67.183 60.198 0.1
      vertex 69.85 58.674 0.1
    endloop
  endfacet
  facet normal -0 0 1
    outer loop
      vertex 86.36 60.325 0.1
      vertex 86.36 61.595 0.1
      vertex 85.4964 60.325 0.1
    endloop
  endfacet
  facet normal 0 0 1
    outer loop
      vertex 86.7245 31.3347 0.1
      vertex 86.7245 33.4353 0.1
      vertex 85.9244 33.4353 0.1
    endloop
  endfacet
  facet normal 0 -0 1
    outer loop
      vertex 57.277 56.896 0.1
      vertex 55.753 56.896 0.1
      vertex 78.4225 46.3423 0.1
    endloop
  endfacet
  facet normal 0 0 1
    outer loop
      vertex 57.277 56.896 0.1
      vertex 78.4225 46.3423 0.1
      vertex 78.4831 46.3423 0.1
    endloop
  endfacet
  facet normal 0 0 1
    outer loop
      vertex 107.163 44.704 0.1
      vertex 108.687 44.704 0.1
      vertex 107.163 45.466 0.1
    endloop
  endfacet
  facet normal 0 0 1
    outer loop
      vertex 99.6696 45.466 0.1
      vertex 98.1456 45.466 0.1
      vertex 99.6696 44.704 0.1
    endloop
  endfacet
  facet normal 0 0 1
    outer loop
      vertex 95.6818 40.7924 0.1
      vertex 96.9518 40.7924 0.1
      vertex 90.2681 44.1353 0.1
    endloop
  endfacet
  facet normal 0 0 1
    outer loop
      vertex 58.42 60.8076 0.1
      vertex 58.42 62.0776 0.1
      vertex 56.3118 62.8904 0.1
    endloop
  endfacet
  facet normal 0 -0 1
    outer loop
      vertex 108.636 35.941 0.1
      vertex 108.636 35.179 0.1
      vertex 133.388 20.48 0.1
    endloop
  endfacet
  facet normal 0 0 1
    outer loop
      vertex 58.42 60.8076 0.1
      vertex 56.3118 62.8904 0.1
      vertex 57.277 61.722 0.1
    endloop
  endfacet
  facet normal 0 0 1
    outer loop
      vertex 83.82 33.2486 0.1
      vertex 85.5256 33.4353 0.1
      vertex 78.8381 34.9405 0.1
    endloop
  endfacet
  facet normal 0 0 1
    outer loop
      vertex 83.5631 46.5289 0.1
      vertex 83.9181 46.6443 0.1
      vertex 62.992 58.42 0.1
    endloop
  endfacet
  facet normal 0 0 1
    outer loop
      vertex 61.468 60.198 0.1
      vertex 59.69 62.8904 0.1
      vertex 59.69 62.0776 0.1
    endloop
  endfacet
  facet normal 0 0 1
    outer loop
      vertex 88.4479 65.0443 0.1
      vertex 87.5487 65.0443 0.1
      vertex 87.5487 64.6938 0.1
    endloop
  endfacet
  facet normal 0 0 1
    outer loop
      vertex 87.5487 64.6938 0.1
      vertex 88.4479 64.6938 0.1
      vertex 88.4479 65.0443 0.1
    endloop
  endfacet
  facet normal -0 0 1
    outer loop
      vertex 69.85 62.0776 0.1
      vertex 71.12 62.8904 0.1
      vertex 68.707 61.722 0.1
    endloop
  endfacet
  facet normal 0 0 1
    outer loop
      vertex 87.5487 64.6938 0.1
      vertex 86.0476 64.0944 0.1
      vertex 80.96 61.6052 0.1
    endloop
  endfacet
  facet normal 0 0 1
    outer loop
      vertex 94.0384 66.5937 0.1
      vertex 88.4479 64.0944 0.1
      vertex 84.2264 61.595 0.1
    endloop
  endfacet
  facet normal 0 -0 1
    outer loop
      vertex 88.4479 65.9943 0.1
      vertex 88.4479 65.6438 0.1
      vertex 133.388 86.454 0.1
    endloop
  endfacet
  facet normal -0 0 1
    outer loop
      vertex 85.1484 65.0443 0.1
      vertex 85.1484 65.6438 0.1
      vertex 75.88 61.6052 0.1
    endloop
  endfacet
  facet normal 0 0 1
    outer loop
      vertex 86.487 53.086 0.1
      vertex 84.963 54.864 0.1
      vertex 80.96 57.1856 0.1
    endloop
  endfacet
  facet normal 0 0 1
    outer loop
      vertex 86.0476 65.0443 0.1
      vertex 85.1484 65.0443 0.1
      vertex 85.1484 64.6938 0.1
    endloop
  endfacet
  facet normal 0 0 1
    outer loop
      vertex 88.138 51.562 0.1
      vertex 84.963 54.864 0.1
      vertex 86.487 53.086 0.1
    endloop
  endfacet
  facet normal 0 0 1
    outer loop
      vertex 79.06 64.8056 0.1
      vertex 69.85 62.0776 0.1
      vertex 71.12 62.0776 0.1
    endloop
  endfacet
  facet normal 0 0 1
    outer loop
      vertex 87.5487 65.0443 0.1
      vertex 86.0476 65.0443 0.1
      vertex 86.0476 64.6938 0.1
    endloop
  endfacet
  facet normal 0 -0 1
    outer loop
      vertex 86.0476 65.9943 0.1
      vertex 86.0476 65.6438 0.1
      vertex 87.5487 66.5937 0.1
    endloop
  endfacet
  facet normal 0 0 1
    outer loop
      vertex 86.0476 65.9943 0.1
      vertex 85.1484 65.9943 0.1
      vertex 85.1484 65.6438 0.1
    endloop
  endfacet
  facet normal 0 0 1
    outer loop
      vertex 73.98 64.8056 0.1
      vertex 69.0372 64.1604 0.1
      vertex 69.85 64.1604 0.1
    endloop
  endfacet
  facet normal 0 0 1
    outer loop
      vertex 133.388 86.454 0.1
      vertex 86.0476 65.9943 0.1
      vertex 87.5487 66.5937 0.1
    endloop
  endfacet
  facet normal 0 0 1
    outer loop
      vertex 85.1484 65.9943 0.1
      vertex 80.96 64.8056 0.1
      vertex 73.98 61.6052 0.1
    endloop
  endfacet
  facet normal 0 -0 1
    outer loop
      vertex 88.4479 66.5937 0.1
      vertex 88.4479 65.9943 0.1
      vertex 133.388 86.454 0.1
    endloop
  endfacet
  facet normal -0 0 1
    outer loop
      vertex 87.5487 65.9943 0.1
      vertex 87.5487 66.5937 0.1
      vertex 86.0476 65.6438 0.1
    endloop
  endfacet
  facet normal 0 0 1
    outer loop
      vertex 92.1766 30.0228 0.1
      vertex 88.3247 31.3347 0.1
      vertex 87.9259 31.3347 0.1
    endloop
  endfacet
  facet normal 0 0 1
    outer loop
      vertex 95.6818 37.2618 0.1
      vertex 95.6818 38.5318 0.1
      vertex 83.9181 44.1353 0.1
    endloop
  endfacet
  facet normal 0 0 1
    outer loop
      vertex 108.687 48.006 0.1
      vertex 107.163 48.006 0.1
      vertex 108.687 47.244 0.1
    endloop
  endfacet
  facet normal 0 0 1
    outer loop
      vertex 75.438 31.5214 0.1
      vertex 76.3524 31.9024 0.1
      vertex 67.3354 33.1724 0.1
    endloop
  endfacet
  facet normal 0 -0 1
    outer loop
      vertex 84.1375 44.4373 0.1
      vertex 83.9181 44.1353 0.1
      vertex 95.6818 38.5318 0.1
    endloop
  endfacet
  facet normal 0 0 1
    outer loop
      vertex 78.4831 37.3341 0.1
      vertex 62.9666 42.545 0.1
      vertex 69.977 40.005 0.1
    endloop
  endfacet
  facet normal 0 0 1
    outer loop
      vertex 95.6818 47.2694 0.1
      vertex 91.313 51.562 0.1
      vertex 89.662 51.562 0.1
    endloop
  endfacet
  facet normal 0 0 1
    outer loop
      vertex 84.963 54.864 0.1
      vertex 84.963 56.388 0.1
      vertex 80.96 58.3844 0.1
    endloop
  endfacet
  facet normal 0 -0 1
    outer loop
      vertex 86.487 56.388 0.1
      vertex 86.487 54.864 0.1
      vertex 89.662 53.086 0.1
    endloop
  endfacet
  facet normal 0 0 1
    outer loop
      vertex 96.9518 47.2694 0.1
      vertex 98.1456 47.244 0.1
      vertex 92.837 51.562 0.1
    endloop
  endfacet
  facet normal 0 0 1
    outer loop
      vertex 97.155 57.785 0.1
      vertex 96.1136 57.785 0.1
      vertex 94.488 56.388 0.1
    endloop
  endfacet
  facet normal 0 -0 1
    outer loop
      vertex 97.3379 64.6938 0.1
      vertex 97.3379 64.0944 0.1
      vertex 133.388 86.454 0.1
    endloop
  endfacet
  facet normal 0 -0 1
    outer loop
      vertex 87.2236 57.785 0.1
      vertex 85.9536 57.785 0.1
      vertex 88.138 56.388 0.1
    endloop
  endfacet
  facet normal 0 0 1
    outer loop
      vertex 91.313 54.864 0.1
      vertex 91.313 56.388 0.1
      vertex 89.662 56.388 0.1
    endloop
  endfacet
  facet normal 0 -0 1
    outer loop
      vertex 88.265 57.785 0.1
      vertex 87.2236 57.785 0.1
      vertex 89.662 56.388 0.1
    endloop
  endfacet
  facet normal 0 0 1
    outer loop
      vertex 94.488 53.086 0.1
      vertex 96.012 53.086 0.1
      vertex 92.837 56.388 0.1
    endloop
  endfacet
  facet normal 0 -0 1
    outer loop
      vertex 89.535 57.785 0.1
      vertex 88.265 57.785 0.1
      vertex 89.662 56.388 0.1
    endloop
  endfacet
  facet normal 0 0 1
    outer loop
      vertex 89.7636 47.625 0.1
      vertex 91.1225 46.3423 0.1
      vertex 91.1831 46.3423 0.1
    endloop
  endfacet
  facet normal 0 0 1
    outer loop
      vertex 107.112 37.719 0.1
      vertex 107.112 38.481 0.1
      vertex 99.6696 42.926 0.1
    endloop
  endfacet
  facet normal 0 0 1
    outer loop
      vertex 89.7636 47.625 0.1
      vertex 91.1831 46.3423 0.1
      vertex 91.1831 46.5289 0.1
    endloop
  endfacet
  facet normal 0 0 1
    outer loop
      vertex 90.3986 57.785 0.1
      vertex 89.535 57.785 0.1
      vertex 89.662 56.388 0.1
    endloop
  endfacet
  facet normal -0 -0 1
    outer loop
      vertex 67.183 60.198 0.1
      vertex 65.405 60.8076 0.1
      vertex 79.06 52.7863 0.1
    endloop
  endfacet
  facet normal 0 -0 1
    outer loop
      vertex 75.88 58.3844 0.1
      vertex 75.88 57.1856 0.1
      vertex 80.96 53.9852 0.1
    endloop
  endfacet
  facet normal -0 0 1
    outer loop
      vertex 67.7672 62.8904 0.1
      vertex 67.7672 64.1604 0.1
      vertex 65.405 62.8904 0.1
    endloop
  endfacet
  facet normal 0 -0 1
    outer loop
      vertex 108.636 38.481 0.1
      vertex 108.636 37.719 0.1
      vertex 110.439 36.83 0.1
    endloop
  endfacet
  facet normal -0 0 1
    outer loop
      vertex 69.85 65.024 0.1
      vertex 69.85 66.294 0.1
      vertex 69.0372 65.024 0.1
    endloop
  endfacet
  facet normal 0 0 1
    outer loop
      vertex 108.636 38.481 0.1
      vertex 107.112 38.481 0.1
      vertex 108.636 37.719 0.1
    endloop
  endfacet
  facet normal 0 -0 1
    outer loop
      vertex 84.1375 37.1475 0.1
      vertex 84.1375 35.2425 0.1
      vertex 84.8331 35.0559 0.1
    endloop
  endfacet
  facet normal 0 0 1
    outer loop
      vertex 61.5442 44.3738 0.1
      vertex 62.9666 44.3738 0.1
      vertex 59.4614 45.72 0.1
    endloop
  endfacet
  facet normal 0 0 1
    outer loop
      vertex 87.9475 46.3423 0.1
      vertex 88.5825 46.3423 0.1
      vertex 87.7281 46.6443 0.1
    endloop
  endfacet
  facet normal 0 -0 1
    outer loop
      vertex 43.4086 53.8988 0.1
      vertex 42.5196 53.8988 0.1
      vertex 61.595 46.99 0.1
    endloop
  endfacet
  facet normal 0 0 1
    outer loop
      vertex 44.069 66.929 0.1
      vertex 48.9204 63.3222 0.1
      vertex 50.5968 62.8904 0.1
    endloop
  endfacet
  facet normal 0 0 1
    outer loop
      vertex 89.9131 37.3341 0.1
      vertex 90.2681 37.4495 0.1
      vertex 44.6786 55.1688 0.1
    endloop
  endfacet
  facet normal 0 0 1
    outer loop
      vertex 84.7725 35.2425 0.1
      vertex 84.7725 37.1475 0.1
      vertex 84.1375 37.1475 0.1
    endloop
  endfacet
  facet normal 0 0 1
    outer loop
      vertex 83.5025 44.4373 0.1
      vertex 83.5025 46.3423 0.1
      vertex 82.8675 46.3423 0.1
    endloop
  endfacet
  facet normal 0 0 1
    outer loop
      vertex 83.5025 35.2425 0.1
      vertex 83.5025 37.1475 0.1
      vertex 82.8675 37.1475 0.1
    endloop
  endfacet
  facet normal 0 0 1
    outer loop
      vertex 67.3354 33.1724 0.1
      vertex 74.168 31.5214 0.1
      vertex 75.438 31.5214 0.1
    endloop
  endfacet
  facet normal 0 0 1
    outer loop
      vertex 60.7314 46.99 0.1
      vertex 42.5196 53.8988 0.1
      vertex 44.6786 53.0352 0.1
    endloop
  endfacet
  facet normal 0 -0 1
    outer loop
      vertex 99.6188 33.401 0.1
      vertex 98.0948 33.401 0.1
      vertex 133.388 20.48 0.1
    endloop
  endfacet
  facet normal 0 0 1
    outer loop
      vertex 62.992 58.42 0.1
      vertex 83.5025 46.3423 0.1
      vertex 83.5631 46.3423 0.1
    endloop
  endfacet
  facet normal 0 0 1
    outer loop
      vertex 64.135 60.8076 0.1
      vertex 64.135 62.0776 0.1
      vertex 62.0522 62.8904 0.1
    endloop
  endfacet
  facet normal 0 -0 1
    outer loop
      vertex 60.325 41.275 0.1
      vertex 59.055 41.275 0.1
      vertex 67.3354 39.0144 0.1
    endloop
  endfacet
  facet normal 0 0 1
    outer loop
      vertex 90.4875 37.1475 0.1
      vertex 91.1831 35.0559 0.1
      vertex 91.1225 35.2425 0.1
    endloop
  endfacet
  facet normal 0 0 1
    outer loop
      vertex 95.6818 39.5224 0.1
      vertex 88.6431 44.2507 0.1
      vertex 87.9475 44.4373 0.1
    endloop
  endfacet
  facet normal 0 0 1
    outer loop
      vertex 95.6818 45.1358 0.1
      vertex 96.9518 45.1358 0.1
      vertex 95.6818 45.9994 0.1
    endloop
  endfacet
  facet normal 0 0 1
    outer loop
      vertex 75.88 53.9852 0.1
      vertex 87.7281 46.6443 0.1
      vertex 86.36 47.625 0.1
    endloop
  endfacet
  facet normal -0 0 1
    outer loop
      vertex 96.4387 64.0944 0.1
      vertex 96.4387 64.6938 0.1
      vertex 90.805 61.595 0.1
    endloop
  endfacet
  facet normal 0 0 1
    outer loop
      vertex 107.112 35.941 0.1
      vertex 98.1456 42.926 0.1
      vertex 95.6818 43.8658 0.1
    endloop
  endfacet
  facet normal 0 0 1
    outer loop
      vertex 81.5975 46.3423 0.1
      vertex 82.2325 46.3423 0.1
      vertex 81.3781 46.6443 0.1
    endloop
  endfacet
  facet normal 0 0 1
    outer loop
      vertex 89.8525 44.4373 0.1
      vertex 89.8525 46.3423 0.1
      vertex 89.2175 46.3423 0.1
    endloop
  endfacet
  facet normal 0 -0 1
    outer loop
      vertex 88.4936 47.625 0.1
      vertex 87.63 47.625 0.1
      vertex 89.8525 46.3423 0.1
    endloop
  endfacet
  facet normal 0 0 1
    outer loop
      vertex 107.112 37.719 0.1
      vertex 108.636 37.719 0.1
      vertex 107.112 38.481 0.1
    endloop
  endfacet
  facet normal -0 -0 1
    outer loop
      vertex 61.468 60.198 0.1
      vertex 59.69 60.8076 0.1
      vertex 67.183 56.896 0.1
    endloop
  endfacet
  facet normal 0 0 1
    outer loop
      vertex 95.6818 41.656 0.1
      vertex 92.4531 44.2507 0.1
      vertex 91.7575 44.4373 0.1
    endloop
  endfacet
  facet normal 0 0 1
    outer loop
      vertex 57.277 61.722 0.1
      vertex 58.42 59.944 0.1
      vertex 58.42 60.8076 0.1
    endloop
  endfacet
  facet normal 0 -0 1
    outer loop
      vertex 95.6818 30.0482 0.1
      vertex 93.4466 30.0228 0.1
      vertex 133.388 20.48 0.1
    endloop
  endfacet
  facet normal 0 -0 1
    outer loop
      vertex 57.5818 62.8904 0.1
      vertex 56.3118 62.8904 0.1
      vertex 58.42 62.0776 0.1
    endloop
  endfacet
  facet normal 0 0 1
    outer loop
      vertex 96.4387 66.5937 0.1
      vertex 97.3379 66.5937 0.1
      vertex 133.388 86.454 0.1
    endloop
  endfacet
  facet normal 0 0 1
    outer loop
      vertex 84.1375 46.3423 0.1
      vertex 84.7725 46.3423 0.1
      vertex 83.9181 46.6443 0.1
    endloop
  endfacet
  facet normal 0 -0 1
    outer loop
      vertex 94.9376 65.9943 0.1
      vertex 94.9376 65.6438 0.1
      vertex 96.4387 66.5937 0.1
    endloop
  endfacet
  facet normal 0 -0 1
    outer loop
      vertex 89.9414 61.595 0.1
      vertex 89.9414 60.325 0.1
      vertex 90.805 61.595 0.1
    endloop
  endfacet
  facet normal 0 0 1
    outer loop
      vertex 95.6818 45.1358 0.1
      vertex 95.6818 45.9994 0.1
      vertex 88.138 51.562 0.1
    endloop
  endfacet
  facet normal 0 -0 1
    outer loop
      vertex 87.63 48.895 0.1
      vertex 87.63 47.625 0.1
      vertex 88.4936 47.625 0.1
    endloop
  endfacet
  facet normal 0 0 1
    outer loop
      vertex 95.6818 40.7924 0.1
      vertex 90.2681 44.1353 0.1
      vertex 89.9131 44.2507 0.1
    endloop
  endfacet
  facet normal 0 -0 1
    outer loop
      vertex 53.975 59.944 0.1
      vertex 53.975 58.674 0.1
      vertex 55.753 58.42 0.1
    endloop
  endfacet
  facet normal 0 0 1
    outer loop
      vertex 44.6786 55.1688 0.1
      vertex 88.9981 37.4495 0.1
      vertex 89.8525 37.1475 0.1
    endloop
  endfacet
  facet normal 0 0 1
    outer loop
      vertex 36.449 59.8678 0.1
      vertex 44.6786 55.1688 0.1
      vertex 90.2681 37.4495 0.1
    endloop
  endfacet
  facet normal 0 0 1
    outer loop
      vertex 93.1164 61.595 0.1
      vertex 94.3864 61.595 0.1
      vertex 97.3379 64.0944 0.1
    endloop
  endfacet
  facet normal 0 -0 1
    outer loop
      vertex 57.912 46.863 0.1
      vertex 57.912 45.339 0.1
      vertex 59.4614 45.72 0.1
    endloop
  endfacet
  facet normal 0 0 1
    outer loop
      vertex 58.42 58.674 0.1
      vertex 57.277 60.198 0.1
      vertex 55.753 60.198 0.1
    endloop
  endfacet
  facet normal 0 0 1
    outer loop
      vertex 83.5631 37.3341 0.1
      vertex 83.9181 37.4495 0.1
      vertex 69.977 43.307 0.1
    endloop
  endfacet
  facet normal 0 0 1
    outer loop
      vertex 98.0948 35.941 0.1
      vertex 80.1081 44.1353 0.1
      vertex 79.0575 44.4373 0.1
    endloop
  endfacet
  facet normal 0 0 1
    outer loop
      vertex 69.977 43.307 0.1
      vertex 83.9181 37.4495 0.1
      vertex 84.8331 37.1475 0.1
    endloop
  endfacet
  facet normal 0 0 1
    outer loop
      vertex 57.5818 64.1604 0.1
      vertex 58.42 64.1604 0.1
      vertex 56.3118 65.024 0.1
    endloop
  endfacet
  facet normal 0 0 1
    outer loop
      vertex 67.183 60.198 0.1
      vertex 67.183 61.722 0.1
      vertex 65.405 62.0776 0.1
    endloop
  endfacet
  facet normal 0 0 1
    outer loop
      vertex 92.1766 32.1564 0.1
      vertex 92.1766 33.4264 0.1
      vertex 87.3125 34.925 0.1
    endloop
  endfacet
  facet normal 0 0 1
    outer loop
      vertex 79.06 52.7863 0.1
      vertex 79.06 53.9852 0.1
      vertex 73.98 57.1856 0.1
    endloop
  endfacet
  facet normal 0 0 1
    outer loop
      vertex 79.06 52.7863 0.1
      vertex 73.98 57.1856 0.1
      vertex 71.12 58.674 0.1
    endloop
  endfacet
  facet normal 0 0 1
    outer loop
      vertex 87.63 60.325 0.1
      vertex 86.36 60.325 0.1
      vertex 85.09 59.055 0.1
    endloop
  endfacet
  facet normal 0 0 1
    outer loop
      vertex 92.1766 32.1564 0.1
      vertex 85.4075 35.2425 0.1
      vertex 85.1881 34.9405 0.1
    endloop
  endfacet
  facet normal 0 0 1
    outer loop
      vertex 98.0948 40.259 0.1
      vertex 96.9518 41.656 0.1
      vertex 95.6818 41.656 0.1
    endloop
  endfacet
  facet normal 0 0 1
    outer loop
      vertex 75.88 53.9852 0.1
      vertex 87.3731 46.3423 0.1
      vertex 87.3731 46.5289 0.1
    endloop
  endfacet
  facet normal 0 0 1
    outer loop
      vertex 98.0948 40.259 0.1
      vertex 99.6188 40.259 0.1
      vertex 96.9518 41.656 0.1
    endloop
  endfacet
  facet normal 0 0 1
    outer loop
      vertex 87.1233 33.4353 0.1
      vertex 82.6481 34.9405 0.1
      vertex 81.5975 35.2425 0.1
    endloop
  endfacet
  facet normal 0 0 1
    outer loop
      vertex 98.1456 42.926 0.1
      vertex 96.9518 45.1358 0.1
      vertex 96.9518 43.8658 0.1
    endloop
  endfacet
  facet normal 0 0 1
    outer loop
      vertex 50.5968 66.294 0.1
      vertex 51.8668 66.294 0.1
      vertex 14.511 86.454 0.1
    endloop
  endfacet
  facet normal 0 0 1
    outer loop
      vertex 61.468 60.198 0.1
      vertex 67.183 56.896 0.1
      vertex 64.135 58.674 0.1
    endloop
  endfacet
  facet normal 0 0 1
    outer loop
      vertex 67.183 56.896 0.1
      vertex 67.183 58.42 0.1
      vertex 65.405 59.944 0.1
    endloop
  endfacet
  facet normal 0 0 1
    outer loop
      vertex 57.5818 64.1604 0.1
      vertex 56.3118 65.024 0.1
      vertex 53.975 66.294 0.1
    endloop
  endfacet
  facet normal 0 0 1
    outer loop
      vertex 91.6686 57.785 0.1
      vertex 90.3986 57.785 0.1
      vertex 89.662 56.388 0.1
    endloop
  endfacet
  facet normal 0 0 1
    outer loop
      vertex 92.075 60.325 0.1
      vertex 90.805 60.325 0.1
      vertex 89.535 59.055 0.1
    endloop
  endfacet
  facet normal 0 -0 1
    outer loop
      vertex 91.6686 59.055 0.1
      vertex 91.6686 57.785 0.1
      vertex 92.71 59.055 0.1
    endloop
  endfacet
  facet normal 0 0 1
    outer loop
      vertex 93.98 59.055 0.1
      vertex 94.8436 59.055 0.1
      vertex 96.52 60.325 0.1
    endloop
  endfacet
  facet normal 0 0 1
    outer loop
      vertex 94.3864 61.595 0.1
      vertex 95.25 61.595 0.1
      vertex 133.388 86.454 0.1
    endloop
  endfacet
  facet normal 0 -0 1
    outer loop
      vertex 94.3864 61.595 0.1
      vertex 94.3864 60.325 0.1
      vertex 95.25 61.595 0.1
    endloop
  endfacet
  facet normal 0 0 1
    outer loop
      vertex 98.0948 35.941 0.1
      vertex 95.6818 37.2618 0.1
      vertex 80.1081 44.1353 0.1
    endloop
  endfacet
  facet normal 0 0 1
    outer loop
      vertex 92.075 61.595 0.1
      vertex 93.1164 61.595 0.1
      vertex 96.4387 64.0944 0.1
    endloop
  endfacet
  facet normal 0 0 1
    outer loop
      vertex 91.313 51.562 0.1
      vertex 88.138 54.864 0.1
      vertex 89.662 53.086 0.1
    endloop
  endfacet
  facet normal 0 0 1
    outer loop
      vertex 62.992 58.42 0.1
      vertex 83.9181 46.6443 0.1
      vertex 84.7725 46.3423 0.1
    endloop
  endfacet
  facet normal 0 0 1
    outer loop
      vertex 36.449 59.8678 0.1
      vertex 90.2681 37.4495 0.1
      vertex 91.1225 37.1475 0.1
    endloop
  endfacet
  facet normal 0 0 1
    outer loop
      vertex 36.449 59.8678 0.1
      vertex 91.1225 37.1475 0.1
      vertex 91.1831 37.1475 0.1
    endloop
  endfacet
  facet normal 0 0 1
    outer loop
      vertex 91.1225 44.4373 0.1
      vertex 91.1225 46.3423 0.1
      vertex 90.4875 46.3423 0.1
    endloop
  endfacet
  facet normal 0 0 1
    outer loop
      vertex 36.449 59.8678 0.1
      vertex 91.1831 37.1475 0.1
      vertex 91.1831 37.3341 0.1
    endloop
  endfacet
  facet normal 0 0 1
    outer loop
      vertex 95.6818 36.3982 0.1
      vertex 79.0575 44.4373 0.1
      vertex 78.8381 44.1353 0.1
    endloop
  endfacet
  facet normal 0 0 1
    outer loop
      vertex 36.449 59.8678 0.1
      vertex 91.1831 37.3341 0.1
      vertex 91.5381 37.4495 0.1
    endloop
  endfacet
  facet normal 0 0 1
    outer loop
      vertex 92.4531 37.3341 0.1
      vertex 76.5175 44.4373 0.1
      vertex 76.2981 44.1353 0.1
    endloop
  endfacet
  facet normal 0 0 1
    outer loop
      vertex 91.7575 46.3423 0.1
      vertex 92.4531 44.2507 0.1
      vertex 92.3925 44.4373 0.1
    endloop
  endfacet
  facet normal 0 0 1
    outer loop
      vertex 92.4531 37.3341 0.1
      vertex 92.8081 37.4495 0.1
      vertex 76.5175 44.4373 0.1
    endloop
  endfacet
  facet normal 0 0 1
    outer loop
      vertex 59.4614 46.99 0.1
      vertex 60.7314 46.99 0.1
      vertex 44.6786 53.0352 0.1
    endloop
  endfacet
  facet normal -0 -0 1
    outer loop
      vertex 107.112 30.861 0.1
      vertex 99.6188 33.401 0.1
      vertex 133.388 20.48 0.1
    endloop
  endfacet
  facet normal 0 0 1
    outer loop
      vertex 61.468 56.896 0.1
      vertex 61.468 58.42 0.1
      vertex 59.69 58.674 0.1
    endloop
  endfacet
  facet normal 0 -0 1
    outer loop
      vertex 96.9518 33.4518 0.1
      vertex 96.9518 32.1818 0.1
      vertex 98.0948 32.639 0.1
    endloop
  endfacet
  facet normal 0 0 1
    outer loop
      vertex 41.2496 53.0352 0.1
      vertex 42.5196 53.0352 0.1
      vertex 39.0906 53.8988 0.1
    endloop
  endfacet
  facet normal 0 0 1
    outer loop
      vertex 91.1831 44.2507 0.1
      vertex 91.1831 44.4373 0.1
      vertex 91.1225 44.4373 0.1
    endloop
  endfacet
  facet normal 0 0 1
    outer loop
      vertex 80.1081 34.9405 0.1
      vertex 79.7531 35.0559 0.1
      vertex 79.0575 35.2425 0.1
    endloop
  endfacet
  facet normal 0 0 1
    outer loop
      vertex 92.1766 32.1564 0.1
      vertex 84.1375 35.2425 0.1
      vertex 83.9181 34.9405 0.1
    endloop
  endfacet
  facet normal 0 -0 1
    outer loop
      vertex 69.85 60.8076 0.1
      vertex 69.85 59.944 0.1
      vertex 71.12 59.944 0.1
    endloop
  endfacet
  facet normal 0 -0 1
    outer loop
      vertex 80.3275 35.2425 0.1
      vertex 80.1081 34.9405 0.1
      vertex 85.9244 33.4353 0.1
    endloop
  endfacet
  facet normal 0 0 1
    outer loop
      vertex 79.06 53.9852 0.1
      vertex 80.96 53.9852 0.1
      vertex 75.88 57.1856 0.1
    endloop
  endfacet
  facet normal 0 0 1
    outer loop
      vertex 95.6818 37.2618 0.1
      vertex 82.2931 44.2507 0.1
      vertex 81.5975 44.4373 0.1
    endloop
  endfacet
  facet normal 0 0 1
    outer loop
      vertex 67.7672 62.8904 0.1
      vertex 65.405 62.8904 0.1
      vertex 65.405 62.0776 0.1
    endloop
  endfacet
  facet normal 0 0 1
    outer loop
      vertex 71.12 60.8076 0.1
      vertex 69.85 60.8076 0.1
      vertex 71.12 59.944 0.1
    endloop
  endfacet
  facet normal 0 0 1
    outer loop
      vertex 92.1766 32.1564 0.1
      vertex 86.4581 34.9405 0.1
      vertex 85.4075 35.2425 0.1
    endloop
  endfacet
  facet normal 0 -0 1
    outer loop
      vertex 71.12 60.8076 0.1
      vertex 71.12 59.944 0.1
      vertex 73.98 58.3844 0.1
    endloop
  endfacet
  facet normal 0 -0 1
    outer loop
      vertex 68.707 61.722 0.1
      vertex 68.707 60.198 0.1
      vertex 69.85 59.944 0.1
    endloop
  endfacet
  facet normal 0 0 1
    outer loop
      vertex 95.6818 43.8658 0.1
      vertex 95.6818 45.1358 0.1
      vertex 92.8081 46.6443 0.1
    endloop
  endfacet
  facet normal 0 0 1
    outer loop
      vertex 62.992 61.722 0.1
      vertex 64.135 59.944 0.1
      vertex 64.135 60.8076 0.1
    endloop
  endfacet
  facet normal 0 0 1
    outer loop
      vertex 86.1031 35.0559 0.1
      vertex 86.1031 35.2425 0.1
      vertex 86.0425 35.2425 0.1
    endloop
  endfacet
  facet normal 0 0 1
    outer loop
      vertex 83.5631 44.2507 0.1
      vertex 83.5631 44.4373 0.1
      vertex 83.5025 44.4373 0.1
    endloop
  endfacet
  facet normal 0 0 1
    outer loop
      vertex 98.1456 47.244 0.1
      vertex 99.6696 47.244 0.1
      vertex 98.1456 48.006 0.1
    endloop
  endfacet
  facet normal 0 0 1
    outer loop
      vertex 94.8436 57.785 0.1
      vertex 93.98 57.785 0.1
      vertex 92.837 56.388 0.1
    endloop
  endfacet
  facet normal 0 0 1
    outer loop
      vertex 88.138 56.388 0.1
      vertex 89.662 56.388 0.1
      vertex 87.2236 57.785 0.1
    endloop
  endfacet
  facet normal 0 -0 1
    outer loop
      vertex 96.012 54.864 0.1
      vertex 94.488 54.864 0.1
      vertex 98.1456 52.324 0.1
    endloop
  endfacet
  facet normal 0 0 1
    outer loop
      vertex 89.7636 47.625 0.1
      vertex 90.2681 46.6443 0.1
      vertex 91.1225 46.3423 0.1
    endloop
  endfacet
  facet normal 0 -0 1
    outer loop
      vertex 108.636 40.259 0.1
      vertex 108.636 38.481 0.1
      vertex 110.439 38.1 0.1
    endloop
  endfacet
  facet normal 0 0 1
    outer loop
      vertex 88.138 54.864 0.1
      vertex 85.9536 57.785 0.1
      vertex 85.09 57.785 0.1
    endloop
  endfacet
  facet normal 0 0 1
    outer loop
      vertex 119.322 46.6598 0.1
      vertex 119.322 46.7792 0.1
      vertex 116.721 51.5188 0.1
    endloop
  endfacet
  facet normal 0 0 1
    outer loop
      vertex 92.71 57.785 0.1
      vertex 89.662 56.388 0.1
      vertex 91.313 56.388 0.1
    endloop
  endfacet
  facet normal 0 0 1
    outer loop
      vertex 94.488 54.864 0.1
      vertex 94.488 56.388 0.1
      vertex 92.837 56.388 0.1
    endloop
  endfacet
  facet normal 0 0 1
    outer loop
      vertex 93.98 57.785 0.1
      vertex 91.313 56.388 0.1
      vertex 92.837 56.388 0.1
    endloop
  endfacet
  facet normal 0 -0 1
    outer loop
      vertex 96.012 53.086 0.1
      vertex 96.012 51.562 0.1
      vertex 98.1456 50.546 0.1
    endloop
  endfacet
  facet normal 0 0 1
    outer loop
      vertex 92.1766 33.4264 0.1
      vertex 88.6431 35.0559 0.1
      vertex 87.9475 34.925 0.1
    endloop
  endfacet
  facet normal 0 0 1
    outer loop
      vertex 92.1766 33.4264 0.1
      vertex 93.4466 33.4264 0.1
      vertex 88.6431 35.0559 0.1
    endloop
  endfacet
  facet normal 0 -0 1
    outer loop
      vertex 60.325 40.4114 0.1
      vertex 60.325 39.1414 0.1
      vertex 61.7474 39.0144 0.1
    endloop
  endfacet
  facet normal 0 0 1
    outer loop
      vertex 61.468 58.42 0.1
      vertex 62.992 58.42 0.1
      vertex 59.69 59.944 0.1
    endloop
  endfacet
  facet normal 0 0 1
    outer loop
      vertex 95.6818 31.3182 0.1
      vertex 96.9518 31.3182 0.1
      vertex 93.4466 32.1564 0.1
    endloop
  endfacet
  facet normal 0 -0 1
    outer loop
      vertex 88.3247 33.4353 0.1
      vertex 88.3247 31.3347 0.1
      vertex 92.1766 31.2928 0.1
    endloop
  endfacet
  facet normal 0 -0 1
    outer loop
      vertex 93.4466 31.2928 0.1
      vertex 93.4466 30.0228 0.1
      vertex 95.6818 30.0482 0.1
    endloop
  endfacet
  facet normal -0 -0 1
    outer loop
      vertex 83.5631 35.0559 0.1
      vertex 82.8675 35.2425 0.1
      vertex 83.9181 34.9405 0.1
    endloop
  endfacet
  facet normal 0 0 1
    outer loop
      vertex 95.6818 33.4518 0.1
      vertex 91.5381 34.9405 0.1
      vertex 91.1831 35.0559 0.1
    endloop
  endfacet
  facet normal 0 0 1
    outer loop
      vertex 83.5631 35.0559 0.1
      vertex 83.5631 35.2425 0.1
      vertex 83.5025 35.2425 0.1
    endloop
  endfacet
  facet normal 0 0 1
    outer loop
      vertex 98.0948 38.481 0.1
      vertex 98.0948 40.259 0.1
      vertex 96.9518 40.7924 0.1
    endloop
  endfacet
  facet normal 0 0 1
    outer loop
      vertex 39.0906 55.1688 0.1
      vertex 40.3606 55.1688 0.1
      vertex 36.449 56.5658 0.1
    endloop
  endfacet
  facet normal -0 -0 1
    outer loop
      vertex 75.9431 44.2507 0.1
      vertex 36.449 59.8678 0.1
      vertex 92.3925 37.1475 0.1
    endloop
  endfacet
  facet normal 0 0 1
    outer loop
      vertex 75.9431 44.2507 0.1
      vertex 92.3925 37.1475 0.1
      vertex 92.4531 37.1475 0.1
    endloop
  endfacet
  facet normal 0 0 1
    outer loop
      vertex 75.9431 44.2507 0.1
      vertex 92.4531 37.1475 0.1
      vertex 92.4531 37.3341 0.1
    endloop
  endfacet
  facet normal 0 0 1
    outer loop
      vertex 95.6818 37.2618 0.1
      vertex 83.5631 44.2507 0.1
      vertex 82.8675 44.4373 0.1
    endloop
  endfacet
  facet normal 0 0 1
    outer loop
      vertex 87.9475 37.465 0.1
      vertex 88.5825 37.1475 0.1
      vertex 88.6431 37.1475 0.1
    endloop
  endfacet
  facet normal 0 0 1
    outer loop
      vertex 62.865 46.99 0.1
      vertex 67.5386 44.3738 0.1
      vertex 87.3125 37.465 0.1
    endloop
  endfacet
  facet normal 0 -0 1
    outer loop
      vertex 99.6696 42.926 0.1
      vertex 98.1456 42.926 0.1
      vertex 107.112 37.719 0.1
    endloop
  endfacet
  facet normal 0 0 1
    outer loop
      vertex 87.63 47.625 0.1
      vertex 88.5825 46.3423 0.1
      vertex 88.6431 46.3423 0.1
    endloop
  endfacet
  facet normal 0 -0 1
    outer loop
      vertex 99.6188 32.639 0.1
      vertex 99.6188 30.861 0.1
      vertex 133.388 20.48 0.1
    endloop
  endfacet
  facet normal 0 -0 1
    outer loop
      vertex 87.63 47.625 0.1
      vertex 86.36 47.625 0.1
      vertex 88.5825 46.3423 0.1
    endloop
  endfacet
  facet normal 0 0 1
    outer loop
      vertex 91.7575 46.3423 0.1
      vertex 92.3925 46.3423 0.1
      vertex 91.5381 46.6443 0.1
    endloop
  endfacet
  facet normal 0 0 1
    outer loop
      vertex 39.0906 55.1688 0.1
      vertex 36.449 56.5658 0.1
      vertex 37.5412 55.753 0.1
    endloop
  endfacet
  facet normal 0 0 1
    outer loop
      vertex 92.4531 44.2507 0.1
      vertex 92.4531 44.4373 0.1
      vertex 92.3925 44.4373 0.1
    endloop
  endfacet
  facet normal 0 -0 1
    outer loop
      vertex 80.96 53.9852 0.1
      vertex 80.96 52.7863 0.1
      vertex 87.63 48.895 0.1
    endloop
  endfacet
  facet normal 0 0 1
    outer loop
      vertex 93.98 57.785 0.1
      vertex 92.71 57.785 0.1
      vertex 91.313 56.388 0.1
    endloop
  endfacet
  facet normal 0 0 1
    outer loop
      vertex 95.6818 41.656 0.1
      vertex 91.7575 44.4373 0.1
      vertex 91.5381 44.1353 0.1
    endloop
  endfacet
  facet normal 0 0 1
    outer loop
      vertex 99.6696 48.006 0.1
      vertex 108.636 40.259 0.1
      vertex 110.439 38.9636 0.1
    endloop
  endfacet
  facet normal 0 0 1
    outer loop
      vertex 69.85 60.8076 0.1
      vertex 69.85 62.0776 0.1
      vertex 68.707 61.722 0.1
    endloop
  endfacet
  facet normal 0 -0 1
    outer loop
      vertex 86.0476 65.6438 0.1
      vertex 86.0476 65.0443 0.1
      vertex 87.5487 65.9943 0.1
    endloop
  endfacet
  facet normal 0 0 1
    outer loop
      vertex 92.8081 46.6443 0.1
      vertex 95.6818 45.1358 0.1
      vertex 89.7636 48.895 0.1
    endloop
  endfacet
  facet normal 0 0 1
    outer loop
      vertex 89.7636 48.895 0.1
      vertex 91.5381 46.6443 0.1
      vertex 92.3925 46.3423 0.1
    endloop
  endfacet
  facet normal -0 0 1
    outer loop
      vertex 94.8436 57.785 0.1
      vertex 94.8436 59.055 0.1
      vertex 93.98 57.785 0.1
    endloop
  endfacet
  facet normal 0 -0 1
    outer loop
      vertex 89.7636 48.895 0.1
      vertex 89.7636 47.625 0.1
      vertex 91.5381 46.6443 0.1
    endloop
  endfacet
  facet normal 0 0 1
    outer loop
      vertex 95.6818 43.8658 0.1
      vertex 92.8081 46.6443 0.1
      vertex 93.0275 46.3423 0.1
    endloop
  endfacet
  facet normal 0 0 1
    outer loop
      vertex 92.4531 46.5289 0.1
      vertex 92.8081 46.6443 0.1
      vertex 89.7636 48.895 0.1
    endloop
  endfacet
  facet normal 0 0 1
    outer loop
      vertex 107.112 40.259 0.1
      vertex 108.636 40.259 0.1
      vertex 99.6696 47.244 0.1
    endloop
  endfacet
  facet normal 0 0 1
    outer loop
      vertex 96.9518 42.926 0.1
      vertex 99.6188 40.259 0.1
      vertex 107.112 35.941 0.1
    endloop
  endfacet
  facet normal 0 0 1
    outer loop
      vertex 75.88 52.7863 0.1
      vertex 86.6775 46.6598 0.1
      vertex 87.3125 46.3423 0.1
    endloop
  endfacet
  facet normal 0 0 1
    outer loop
      vertex 95.6818 41.656 0.1
      vertex 92.8081 44.1353 0.1
      vertex 92.4531 44.2507 0.1
    endloop
  endfacet
  facet normal 0 0 1
    outer loop
      vertex 89.2175 46.3423 0.1
      vertex 89.8525 46.3423 0.1
      vertex 88.9981 46.6443 0.1
    endloop
  endfacet
  facet normal 0 0 1
    outer loop
      vertex 89.8525 35.2425 0.1
      vertex 89.8525 37.1475 0.1
      vertex 89.2175 37.1475 0.1
    endloop
  endfacet
  facet normal -0 0 1
    outer loop
      vertex 94.0384 65.0443 0.1
      vertex 94.0384 65.6438 0.1
      vertex 86.36 61.595 0.1
    endloop
  endfacet
  facet normal 0 0 1
    outer loop
      vertex 93.1164 60.325 0.1
      vertex 92.075 60.325 0.1
      vertex 90.3986 59.055 0.1
    endloop
  endfacet
  facet normal -0 0 1
    outer loop
      vertex 93.1164 60.325 0.1
      vertex 93.1164 61.595 0.1
      vertex 92.075 60.325 0.1
    endloop
  endfacet
  facet normal 0 0 1
    outer loop
      vertex 93.4466 33.4264 0.1
      vertex 90.2681 34.9405 0.1
      vertex 89.9131 35.0559 0.1
    endloop
  endfacet
  facet normal 0 0 1
    outer loop
      vertex 92.71 57.785 0.1
      vertex 91.6686 57.785 0.1
      vertex 89.662 56.388 0.1
    endloop
  endfacet
  facet normal -0 0 1
    outer loop
      vertex 94.0384 64.0944 0.1
      vertex 94.0384 64.6938 0.1
      vertex 88.6714 61.595 0.1
    endloop
  endfacet
  facet normal 0 0 1
    outer loop
      vertex 89.535 59.055 0.1
      vertex 90.3986 59.055 0.1
      vertex 92.075 60.325 0.1
    endloop
  endfacet
  facet normal 0 -0 1
    outer loop
      vertex 108.636 32.639 0.1
      vertex 108.636 30.861 0.1
      vertex 133.388 20.48 0.1
    endloop
  endfacet
  facet normal 0 0 1
    outer loop
      vertex 94.9376 64.0944 0.1
      vertex 94.0384 64.0944 0.1
      vertex 89.9414 61.595 0.1
    endloop
  endfacet
  facet normal 0 0 1
    outer loop
      vertex 96.52 61.595 0.1
      vertex 97.5614 61.595 0.1
      vertex 133.388 86.454 0.1
    endloop
  endfacet
  facet normal 0 -0 1
    outer loop
      vertex 87.63 61.595 0.1
      vertex 87.63 60.325 0.1
      vertex 88.6714 61.595 0.1
    endloop
  endfacet
  facet normal 0 0 1
    outer loop
      vertex 94.0384 65.9943 0.1
      vertex 84.2264 61.595 0.1
      vertex 85.4964 61.595 0.1
    endloop
  endfacet
  facet normal 0 0 1
    outer loop
      vertex 98.425 57.785 0.1
      vertex 97.155 57.785 0.1
      vertex 96.012 56.388 0.1
    endloop
  endfacet
  facet normal 0 0 1
    outer loop
      vertex 96.4387 65.6438 0.1
      vertex 97.3379 65.6438 0.1
      vertex 97.3379 65.9943 0.1
    endloop
  endfacet
  facet normal 0 0 1
    outer loop
      vertex 84.7725 44.4373 0.1
      vertex 84.7725 46.3423 0.1
      vertex 84.1375 46.3423 0.1
    endloop
  endfacet
  facet normal 0 -0 1
    outer loop
      vertex 111.709 38.1 0.1
      vertex 111.709 36.83 0.1
      vertex 133.388 20.48 0.1
    endloop
  endfacet
  facet normal -0 0 1
    outer loop
      vertex 94.0384 65.9943 0.1
      vertex 94.0384 66.5937 0.1
      vertex 84.2264 61.595 0.1
    endloop
  endfacet
  facet normal -0 0 1
    outer loop
      vertex 84.2264 60.325 0.1
      vertex 84.2264 61.595 0.1
      vertex 79.06 58.3844 0.1
    endloop
  endfacet
  facet normal 0 0 1
    outer loop
      vertex 96.4387 65.6438 0.1
      vertex 94.9376 65.0443 0.1
      vertex 94.9376 64.6938 0.1
    endloop
  endfacet
  facet normal 0 0 1
    outer loop
      vertex 97.3379 65.9943 0.1
      vertex 96.4387 65.9943 0.1
      vertex 96.4387 65.6438 0.1
    endloop
  endfacet
  facet normal 0 0 1
    outer loop
      vertex 94.0384 66.5937 0.1
      vertex 94.9376 66.5937 0.1
      vertex 133.388 86.454 0.1
    endloop
  endfacet
  facet normal 0 -0 1
    outer loop
      vertex 112.547 57.4294 0.1
      vertex 112.547 56.1594 0.1
      vertex 133.388 86.454 0.1
    endloop
  endfacet
  facet normal 0 0 1
    outer loop
      vertex 133.388 86.454 0.1
      vertex 88.4479 64.0944 0.1
      vertex 94.0384 66.5937 0.1
    endloop
  endfacet
  facet normal 0 -0 1
    outer loop
      vertex 94.9376 66.5937 0.1
      vertex 94.9376 65.9943 0.1
      vertex 133.388 86.454 0.1
    endloop
  endfacet
  facet normal 0 0 1
    outer loop
      vertex 107.163 45.466 0.1
      vertex 107.163 47.244 0.1
      vertex 98.425 57.785 0.1
    endloop
  endfacet
  facet normal 0 0 1
    outer loop
      vertex 98.1456 48.006 0.1
      vertex 98.1456 49.784 0.1
      vertex 96.012 51.562 0.1
    endloop
  endfacet
  facet normal 0 0 1
    outer loop
      vertex 88.265 59.055 0.1
      vertex 89.535 59.055 0.1
      vertex 90.805 60.325 0.1
    endloop
  endfacet
  facet normal 0 0 1
    outer loop
      vertex 94.8436 59.055 0.1
      vertex 96.1136 59.055 0.1
      vertex 97.5614 60.325 0.1
    endloop
  endfacet
  facet normal 0 0 1
    outer loop
      vertex 98.1456 50.546 0.1
      vertex 98.1456 52.324 0.1
      vertex 96.012 53.086 0.1
    endloop
  endfacet
  facet normal 0 -0 1
    outer loop
      vertex 96.9518 31.3182 0.1
      vertex 96.9518 30.0482 0.1
      vertex 98.0948 30.861 0.1
    endloop
  endfacet
  facet normal 0 0 1
    outer loop
      vertex 108.687 45.466 0.1
      vertex 107.163 45.466 0.1
      vertex 108.687 44.704 0.1
    endloop
  endfacet
  facet normal 0 0 1
    outer loop
      vertex 110.439 38.9636 0.1
      vertex 107.163 42.926 0.1
      vertex 99.6696 48.006 0.1
    endloop
  endfacet
  facet normal 0 0 1
    outer loop
      vertex 92.837 56.388 0.1
      vertex 96.012 53.086 0.1
      vertex 94.488 54.864 0.1
    endloop
  endfacet
  facet normal 0 0 1
    outer loop
      vertex 98.0948 30.861 0.1
      vertex 96.9518 32.1818 0.1
      vertex 95.6818 32.1818 0.1
    endloop
  endfacet
  facet normal 0 0 1
    outer loop
      vertex 94.8436 57.785 0.1
      vertex 92.837 56.388 0.1
      vertex 94.488 56.388 0.1
    endloop
  endfacet
  facet normal -0 -0 1
    outer loop
      vertex 122.839 30.5049 0.1
      vertex 122.271 30.6894 0.1
      vertex 133.388 20.48 0.1
    endloop
  endfacet
  facet normal 0 0 1
    outer loop
      vertex 97.155 57.785 0.1
      vertex 94.488 56.388 0.1
      vertex 96.012 56.388 0.1
    endloop
  endfacet
  facet normal 0 0 1
    outer loop
      vertex 119.934 51.435 0.1
      vertex 121.884 46.6598 0.1
      vertex 121.923 46.6598 0.1
    endloop
  endfacet
  facet normal 0 0 1
    outer loop
      vertex 96.1136 57.785 0.1
      vertex 94.8436 57.785 0.1
      vertex 94.488 56.388 0.1
    endloop
  endfacet
  facet normal 0 0 1
    outer loop
      vertex 95.25 61.595 0.1
      vertex 96.52 61.595 0.1
      vertex 133.388 86.454 0.1
    endloop
  endfacet
  facet normal 0 0 1
    outer loop
      vertex 94.488 51.562 0.1
      vertex 91.313 54.864 0.1
      vertex 92.837 53.086 0.1
    endloop
  endfacet
  facet normal 0 0 1
    outer loop
      vertex 93.4466 33.4264 0.1
      vertex 95.6818 33.4518 0.1
      vertex 90.2681 34.9405 0.1
    endloop
  endfacet
  facet normal 0 -0 1
    outer loop
      vertex 96.1136 59.055 0.1
      vertex 96.1136 57.785 0.1
      vertex 97.155 59.055 0.1
    endloop
  endfacet
  facet normal 0 0 1
    outer loop
      vertex 99.695 60.325 0.1
      vertex 98.8314 60.325 0.1
      vertex 97.155 59.055 0.1
    endloop
  endfacet
  facet normal 0 0 1
    outer loop
      vertex 95.25 60.325 0.1
      vertex 94.3864 60.325 0.1
      vertex 92.71 59.055 0.1
    endloop
  endfacet
  facet normal 0 0 1
    outer loop
      vertex 95.6818 30.0482 0.1
      vertex 95.6818 31.3182 0.1
      vertex 92.1766 32.1564 0.1
    endloop
  endfacet
  facet normal 0 0 1
    outer loop
      vertex 91.6686 59.055 0.1
      vertex 92.71 59.055 0.1
      vertex 94.3864 60.325 0.1
    endloop
  endfacet
  facet normal -0 0 1
    outer loop
      vertex 94.0384 65.6438 0.1
      vertex 94.0384 65.9943 0.1
      vertex 86.36 61.595 0.1
    endloop
  endfacet
  facet normal 0 0 1
    outer loop
      vertex 95.6818 30.0482 0.1
      vertex 92.1766 32.1564 0.1
      vertex 93.4466 31.2928 0.1
    endloop
  endfacet
  facet normal 0 -0 1
    outer loop
      vertex 96.52 61.595 0.1
      vertex 96.52 60.325 0.1
      vertex 97.5614 61.595 0.1
    endloop
  endfacet
  facet normal 0 0 1
    outer loop
      vertex 94.3864 60.325 0.1
      vertex 93.1164 60.325 0.1
      vertex 91.6686 59.055 0.1
    endloop
  endfacet
  facet normal 0 -0 1
    outer loop
      vertex 96.9518 30.0482 0.1
      vertex 95.6818 30.0482 0.1
      vertex 133.388 20.48 0.1
    endloop
  endfacet
  facet normal 0 0 1
    outer loop
      vertex 87.3125 44.4373 0.1
      vertex 87.3125 46.3423 0.1
      vertex 86.6775 46.6598 0.1
    endloop
  endfacet
  facet normal 0 0 1
    outer loop
      vertex 96.9518 33.4518 0.1
      vertex 99.6188 32.639 0.1
      vertex 92.8081 34.9405 0.1
    endloop
  endfacet
  facet normal 0 0 1
    outer loop
      vertex 80.9625 35.2425 0.1
      vertex 80.9625 37.1475 0.1
      vertex 80.3275 37.1475 0.1
    endloop
  endfacet
  facet normal 0 0 1
    outer loop
      vertex 78.4831 37.1475 0.1
      vertex 78.4831 37.3341 0.1
      vertex 69.977 40.005 0.1
    endloop
  endfacet
  facet normal 0 0 1
    outer loop
      vertex 88.4936 47.625 0.1
      vertex 89.9131 46.3423 0.1
      vertex 89.9131 46.5289 0.1
    endloop
  endfacet
  facet normal 0 0 1
    outer loop
      vertex 88.4936 47.625 0.1
      vertex 89.8525 46.3423 0.1
      vertex 89.9131 46.3423 0.1
    endloop
  endfacet
  facet normal 0 0 1
    outer loop
      vertex 92.8081 37.4495 0.1
      vertex 95.6818 36.3982 0.1
      vertex 76.5175 44.4373 0.1
    endloop
  endfacet
  facet normal 0 -0 1
    outer loop
      vertex 40.3606 51.7652 0.1
      vertex 39.0906 51.7652 0.1
      vertex 42.5196 50.8762 0.1
    endloop
  endfacet
  facet normal 0 0 1
    outer loop
      vertex 44.6786 55.1688 0.1
      vertex 89.9131 37.1475 0.1
      vertex 89.9131 37.3341 0.1
    endloop
  endfacet
  facet normal 0 0 1
    outer loop
      vertex 95.6818 37.2618 0.1
      vertex 82.8675 44.4373 0.1
      vertex 82.6481 44.1353 0.1
    endloop
  endfacet
  facet normal 0 -0 1
    outer loop
      vertex 40.767 65.405 0.1
      vertex 39.243 65.405 0.1
      vertex 41.8084 63.3222 0.1
    endloop
  endfacet
  facet normal 0 0 1
    outer loop
      vertex 92.4531 37.3341 0.1
      vertex 76.2981 44.1353 0.1
      vertex 75.9431 44.2507 0.1
    endloop
  endfacet
  facet normal 0 0 1
    outer loop
      vertex 79.7531 44.2507 0.1
      vertex 79.7531 44.4373 0.1
      vertex 79.6925 44.4373 0.1
    endloop
  endfacet
  facet normal 0 0 1
    outer loop
      vertex 75.9431 46.5289 0.1
      vertex 76.2981 46.6443 0.1
      vertex 51.562 58.42 0.1
    endloop
  endfacet
  facet normal 0 -0 1
    outer loop
      vertex 51.8668 64.1604 0.1
      vertex 51.8668 62.8904 0.1
      vertex 52.705 62.8904 0.1
    endloop
  endfacet
  facet normal 0 -0 1
    outer loop
      vertex 90.4875 46.3423 0.1
      vertex 90.4875 44.4373 0.1
      vertex 91.1831 44.2507 0.1
    endloop
  endfacet
  facet normal -0 -0 1
    outer loop
      vertex 116.071 51.5188 0.1
      vertex 115.788 51.6382 0.1
      vertex 118.633 46.6598 0.1
    endloop
  endfacet
  facet normal 0 0 1
    outer loop
      vertex 82.2931 37.1475 0.1
      vertex 82.2931 37.3341 0.1
      vertex 68.453 41.783 0.1
    endloop
  endfacet
  facet normal 0 0 1
    outer loop
      vertex 89.9414 60.325 0.1
      vertex 88.6714 60.325 0.1
      vertex 87.2236 59.055 0.1
    endloop
  endfacet
  facet normal 0 0 1
    outer loop
      vertex 98.1456 42.926 0.1
      vertex 98.1456 44.704 0.1
      vertex 96.9518 45.1358 0.1
    endloop
  endfacet
  facet normal 0 -0 1
    outer loop
      vertex 52.705 65.024 0.1
      vertex 51.8668 65.024 0.1
      vertex 53.975 64.1604 0.1
    endloop
  endfacet
  facet normal 0 0 1
    outer loop
      vertex 58.42 59.944 0.1
      vertex 59.69 59.944 0.1
      vertex 58.42 60.8076 0.1
    endloop
  endfacet
  facet normal 0 0 1
    outer loop
      vertex 87.3731 46.5289 0.1
      vertex 87.7281 46.6443 0.1
      vertex 75.88 53.9852 0.1
    endloop
  endfacet
  facet normal 0 -0 1
    outer loop
      vertex 115.788 53.5178 0.1
      vertex 115.788 51.6382 0.1
      vertex 116.032 51.6382 0.1
    endloop
  endfacet
  facet normal 0 -0 1
    outer loop
      vertex 115.138 53.5178 0.1
      vertex 115.138 51.6382 0.1
      vertex 115.382 51.6382 0.1
    endloop
  endfacet
  facet normal 0 0 1
    outer loop
      vertex 90.805 60.325 0.1
      vertex 89.9414 60.325 0.1
      vertex 88.265 59.055 0.1
    endloop
  endfacet
  facet normal 0 0 1
    outer loop
      vertex 99.6696 50.546 0.1
      vertex 98.1456 50.546 0.1
      vertex 99.6696 49.784 0.1
    endloop
  endfacet
  facet normal 0 0 1
    outer loop
      vertex 95.6818 33.4518 0.1
      vertex 91.7575 35.2425 0.1
      vertex 91.5381 34.9405 0.1
    endloop
  endfacet
  facet normal 0 0 1
    outer loop
      vertex 73.98 52.7863 0.1
      vertex 67.183 56.896 0.1
      vertex 59.69 60.8076 0.1
    endloop
  endfacet
  facet normal 0 0 1
    outer loop
      vertex 71.12 65.024 0.1
      vertex 69.85 65.024 0.1
      vertex 67.7672 64.1604 0.1
    endloop
  endfacet
  facet normal 0 0 1
    outer loop
      vertex 98.1456 49.784 0.1
      vertex 98.1456 50.546 0.1
      vertex 96.012 51.562 0.1
    endloop
  endfacet
  facet normal 0 0 1
    outer loop
      vertex 89.7636 48.895 0.1
      vertex 92.4531 46.3423 0.1
      vertex 92.4531 46.5289 0.1
    endloop
  endfacet
  facet normal 0 0 1
    outer loop
      vertex 89.7636 48.895 0.1
      vertex 92.3925 46.3423 0.1
      vertex 92.4531 46.3423 0.1
    endloop
  endfacet
  facet normal 0 0 1
    outer loop
      vertex 109.88 45.085 0.1
      vertex 109.88 46.355 0.1
      vertex 108.687 47.244 0.1
    endloop
  endfacet
  facet normal 0 -0 1
    outer loop
      vertex 96.9518 47.2694 0.1
      vertex 96.9518 45.9994 0.1
      vertex 98.1456 45.466 0.1
    endloop
  endfacet
  facet normal -0 0 1
    outer loop
      vertex 88.6714 60.325 0.1
      vertex 88.6714 61.595 0.1
      vertex 87.63 60.325 0.1
    endloop
  endfacet
  facet normal 0 0 1
    outer loop
      vertex 98.1456 45.466 0.1
      vertex 98.1456 47.244 0.1
      vertex 96.9518 47.2694 0.1
    endloop
  endfacet
  facet normal 0 0 1
    outer loop
      vertex 107.112 38.481 0.1
      vertex 107.112 40.259 0.1
      vertex 99.6696 45.466 0.1
    endloop
  endfacet
  facet normal 0 0 1
    outer loop
      vertex 107.163 42.926 0.1
      vertex 99.6696 50.546 0.1
      vertex 99.6696 49.784 0.1
    endloop
  endfacet
  facet normal 0 -0 1
    outer loop
      vertex 89.662 54.864 0.1
      vertex 88.138 54.864 0.1
      vertex 91.313 53.086 0.1
    endloop
  endfacet
  facet normal 0 0 1
    outer loop
      vertex 107.163 42.926 0.1
      vertex 107.163 44.704 0.1
      vertex 99.6696 52.324 0.1
    endloop
  endfacet
  facet normal 0 0 1
    outer loop
      vertex 86.36 47.625 0.1
      vertex 68.707 58.42 0.1
      vertex 75.88 53.9852 0.1
    endloop
  endfacet
  facet normal 0 0 1
    outer loop
      vertex 88.6714 61.595 0.1
      vertex 89.9414 61.595 0.1
      vertex 94.0384 64.0944 0.1
    endloop
  endfacet
  facet normal -0 0 1
    outer loop
      vertex 90.3986 57.785 0.1
      vertex 90.3986 59.055 0.1
      vertex 89.535 57.785 0.1
    endloop
  endfacet
  facet normal 0 0 1
    outer loop
      vertex 86.36 47.625 0.1
      vertex 65.405 60.8076 0.1
      vertex 68.707 58.42 0.1
    endloop
  endfacet
  facet normal 0 0 1
    outer loop
      vertex 97.3379 65.0443 0.1
      vertex 96.4387 65.0443 0.1
      vertex 96.4387 64.6938 0.1
    endloop
  endfacet
  facet normal 0 -0 1
    outer loop
      vertex 89.535 59.055 0.1
      vertex 89.535 57.785 0.1
      vertex 90.3986 59.055 0.1
    endloop
  endfacet
  facet normal 0 0 1
    outer loop
      vertex 96.4387 64.6938 0.1
      vertex 97.3379 64.6938 0.1
      vertex 97.3379 65.0443 0.1
    endloop
  endfacet
  facet normal -0 0 1
    outer loop
      vertex 96.4387 65.9943 0.1
      vertex 96.4387 66.5937 0.1
      vertex 94.9376 65.6438 0.1
    endloop
  endfacet
  facet normal 0 0 1
    outer loop
      vertex 85.4964 60.325 0.1
      vertex 84.2264 60.325 0.1
      vertex 80.96 58.3844 0.1
    endloop
  endfacet
  facet normal -0 0 1
    outer loop
      vertex 90.805 60.325 0.1
      vertex 90.805 61.595 0.1
      vertex 89.9414 60.325 0.1
    endloop
  endfacet
  facet normal 0 0 1
    outer loop
      vertex 94.0384 65.0443 0.1
      vertex 86.36 61.595 0.1
      vertex 87.63 61.595 0.1
    endloop
  endfacet
  facet normal 0 -0 1
    outer loop
      vertex 97.3379 65.0443 0.1
      vertex 97.3379 64.6938 0.1
      vertex 133.388 86.454 0.1
    endloop
  endfacet
  facet normal 0 0 1
    outer loop
      vertex 96.4387 64.6938 0.1
      vertex 94.9376 64.0944 0.1
      vertex 90.805 61.595 0.1
    endloop
  endfacet
  facet normal 0 0 1
    outer loop
      vertex 87.63 61.595 0.1
      vertex 88.6714 61.595 0.1
      vertex 94.0384 64.6938 0.1
    endloop
  endfacet
  facet normal -0 0 1
    outer loop
      vertex 94.0384 64.6938 0.1
      vertex 94.0384 65.0443 0.1
      vertex 87.63 61.595 0.1
    endloop
  endfacet
  facet normal 0 0 1
    outer loop
      vertex 94.0384 65.6438 0.1
      vertex 94.9376 65.6438 0.1
      vertex 94.9376 65.9943 0.1
    endloop
  endfacet
  facet normal 0 0 1
    outer loop
      vertex 99.6188 35.179 0.1
      vertex 99.6188 35.941 0.1
      vertex 98.0948 35.941 0.1
    endloop
  endfacet
  facet normal 0 0 1
    outer loop
      vertex 98.0948 33.401 0.1
      vertex 98.0948 35.179 0.1
      vertex 96.9518 35.1282 0.1
    endloop
  endfacet
  facet normal 0 0 1
    outer loop
      vertex 95.6818 37.2618 0.1
      vertex 81.0231 44.2507 0.1
      vertex 80.3275 44.4373 0.1
    endloop
  endfacet
  facet normal 0 0 1
    outer loop
      vertex 97.5614 60.325 0.1
      vertex 96.52 60.325 0.1
      vertex 94.8436 59.055 0.1
    endloop
  endfacet
  facet normal -0 0 1
    outer loop
      vertex 97.5614 60.325 0.1
      vertex 97.5614 61.595 0.1
      vertex 96.52 60.325 0.1
    endloop
  endfacet
  facet normal 0 -0 1
    outer loop
      vertex 117.602 40.767 0.1
      vertex 117.602 39.243 0.1
      vertex 133.388 20.48 0.1
    endloop
  endfacet
  facet normal 0 0 1
    outer loop
      vertex 97.5614 61.595 0.1
      vertex 118.715 75.9906 0.1
      vertex 133.388 86.454 0.1
    endloop
  endfacet
  facet normal 0 0 1
    outer loop
      vertex 96.1136 59.055 0.1
      vertex 97.155 59.055 0.1
      vertex 98.8314 60.325 0.1
    endloop
  endfacet
  facet normal 0 -0 1
    outer loop
      vertex 93.98 59.055 0.1
      vertex 93.98 57.785 0.1
      vertex 94.8436 59.055 0.1
    endloop
  endfacet
  facet normal -0 0 1
    outer loop
      vertex 109.626 69.215 0.1
      vertex 118.715 75.9906 0.1
      vertex 98.8314 61.595 0.1
    endloop
  endfacet
  facet normal 0 0 1
    outer loop
      vertex 96.52 60.325 0.1
      vertex 95.25 60.325 0.1
      vertex 93.98 59.055 0.1
    endloop
  endfacet
  facet normal 0 0 1
    outer loop
      vertex 95.6818 37.2618 0.1
      vertex 83.9181 44.1353 0.1
      vertex 83.5631 44.2507 0.1
    endloop
  endfacet
  facet normal 0 0 1
    outer loop
      vertex 92.3925 44.4373 0.1
      vertex 92.3925 46.3423 0.1
      vertex 91.7575 46.3423 0.1
    endloop
  endfacet
  facet normal 0 0 1
    outer loop
      vertex 43.4086 53.0352 0.1
      vertex 44.6786 53.0352 0.1
      vertex 41.2496 53.8988 0.1
    endloop
  endfacet
  facet normal 0 0 1
    outer loop
      vertex 92.4531 35.0559 0.1
      vertex 92.4531 35.2425 0.1
      vertex 92.3925 35.2425 0.1
    endloop
  endfacet
  facet normal 0 0 1
    outer loop
      vertex 61.595 46.99 0.1
      vertex 44.6786 53.8988 0.1
      vertex 43.4086 53.8988 0.1
    endloop
  endfacet
  facet normal 0 -0 1
    outer loop
      vertex 43.3832 49.6062 0.1
      vertex 42.5196 49.6062 0.1
      vertex 56.388 45.339 0.1
    endloop
  endfacet
  facet normal 0 0 1
    outer loop
      vertex 75.9431 44.2507 0.1
      vertex 75.8825 44.4373 0.1
      vertex 39.2176 59.6138 0.1
    endloop
  endfacet
  facet normal 0 0 1
    outer loop
      vertex 75.9431 44.2507 0.1
      vertex 39.2176 59.6138 0.1
      vertex 36.449 59.8678 0.1
    endloop
  endfacet
  facet normal 0 0 1
    outer loop
      vertex 78.4831 44.2507 0.1
      vertex 78.4831 44.4373 0.1
      vertex 78.4225 44.4373 0.1
    endloop
  endfacet
  facet normal 0 0 1
    outer loop
      vertex 77.1525 35.2425 0.1
      vertex 77.1525 37.1475 0.1
      vertex 76.5175 37.465 0.1
    endloop
  endfacet
  facet normal 0 -0 1
    outer loop
      vertex 80.1081 34.9405 0.1
      vertex 78.8381 34.9405 0.1
      vertex 85.5256 33.4353 0.1
    endloop
  endfacet
  facet normal 0 0 1
    outer loop
      vertex 56.3118 62.8904 0.1
      vertex 53.975 65.024 0.1
      vertex 52.705 65.024 0.1
    endloop
  endfacet
  facet normal 0 -0 1
    outer loop
      vertex 62.992 56.896 0.1
      vertex 61.468 56.896 0.1
      vertex 82.2931 46.5289 0.1
    endloop
  endfacet
  facet normal 0 0 1
    outer loop
      vertex 81.3781 34.9405 0.1
      vertex 85.9244 33.4353 0.1
      vertex 86.7245 33.4353 0.1
    endloop
  endfacet
  facet normal 0 0 1
    outer loop
      vertex 82.2931 44.2507 0.1
      vertex 82.2931 44.4373 0.1
      vertex 82.2325 44.4373 0.1
    endloop
  endfacet
  facet normal 0 0 1
    outer loop
      vertex 87.1233 33.4353 0.1
      vertex 87.9259 33.4353 0.1
      vertex 82.6481 34.9405 0.1
    endloop
  endfacet
  facet normal 0 0 1
    outer loop
      vertex 62.992 61.722 0.1
      vertex 62.0522 62.8904 0.1
      vertex 59.69 64.1604 0.1
    endloop
  endfacet
  facet normal 0 0 1
    outer loop
      vertex 84.963 51.562 0.1
      vertex 71.12 62.0776 0.1
      vertex 75.88 58.3844 0.1
    endloop
  endfacet
  facet normal 0 -0 1
    outer loop
      vertex 88.4479 65.0443 0.1
      vertex 88.4479 64.6938 0.1
      vertex 133.388 86.454 0.1
    endloop
  endfacet
  facet normal 0 0 1
    outer loop
      vertex 94.488 53.086 0.1
      vertex 92.837 56.388 0.1
      vertex 92.837 54.864 0.1
    endloop
  endfacet
  facet normal 0 0 1
    outer loop
      vertex 88.138 54.864 0.1
      vertex 85.09 57.785 0.1
      vertex 86.487 56.388 0.1
    endloop
  endfacet
  facet normal 0 0 1
    outer loop
      vertex 85.1484 64.6938 0.1
      vertex 86.0476 64.6938 0.1
      vertex 86.0476 65.0443 0.1
    endloop
  endfacet
  facet normal 0 0 1
    outer loop
      vertex 84.963 56.388 0.1
      vertex 86.487 56.388 0.1
      vertex 83.82 57.785 0.1
    endloop
  endfacet
  facet normal 0 0 1
    outer loop
      vertex 88.4936 48.895 0.1
      vertex 84.963 51.562 0.1
      vertex 80.96 53.9852 0.1
    endloop
  endfacet
  facet normal 0 -0 1
    outer loop
      vertex 89.7636 47.625 0.1
      vertex 88.4936 47.625 0.1
      vertex 90.2681 46.6443 0.1
    endloop
  endfacet
  facet normal 0 0 1
    outer loop
      vertex 98.1456 52.324 0.1
      vertex 99.6696 52.324 0.1
      vertex 96.012 54.864 0.1
    endloop
  endfacet
  facet normal 0 0 1
    outer loop
      vertex 91.313 51.562 0.1
      vertex 91.313 53.086 0.1
      vertex 88.138 54.864 0.1
    endloop
  endfacet
  facet normal 0 0 1
    outer loop
      vertex 98.1456 48.006 0.1
      vertex 96.012 51.562 0.1
      vertex 94.488 51.562 0.1
    endloop
  endfacet
  facet normal -0 0 1
    outer loop
      vertex 96.4387 64.6938 0.1
      vertex 96.4387 65.0443 0.1
      vertex 94.9376 64.0944 0.1
    endloop
  endfacet
  facet normal 0 0 1
    outer loop
      vertex 88.4479 65.9943 0.1
      vertex 87.5487 65.9943 0.1
      vertex 87.5487 65.6438 0.1
    endloop
  endfacet
  facet normal 0 -0 1
    outer loop
      vertex 92.837 53.086 0.1
      vertex 92.837 51.562 0.1
      vertex 98.1456 48.006 0.1
    endloop
  endfacet
  facet normal 0 -0 1
    outer loop
      vertex 92.837 54.864 0.1
      vertex 91.313 54.864 0.1
      vertex 94.488 53.086 0.1
    endloop
  endfacet
  facet normal 0 0 1
    outer loop
      vertex 100.965 60.325 0.1
      vertex 98.425 59.055 0.1
      vertex 99.2886 59.055 0.1
    endloop
  endfacet
  facet normal 0 0 1
    outer loop
      vertex 96.012 53.086 0.1
      vertex 98.1456 52.324 0.1
      vertex 94.488 54.864 0.1
    endloop
  endfacet
  facet normal 0 0 1
    outer loop
      vertex 92.1766 30.0228 0.1
      vertex 92.1766 31.2928 0.1
      vertex 88.3247 31.3347 0.1
    endloop
  endfacet
  facet normal 0 0 1
    outer loop
      vertex 93.4466 33.4264 0.1
      vertex 89.9131 35.0559 0.1
      vertex 89.2175 35.2425 0.1
    endloop
  endfacet
  facet normal 0 -0 1
    outer loop
      vertex 111.709 38.9636 0.1
      vertex 111.709 38.1 0.1
      vertex 133.388 20.48 0.1
    endloop
  endfacet
  facet normal 0 0 1
    outer loop
      vertex 92.1766 30.0228 0.1
      vertex 87.9259 31.3347 0.1
      vertex 87.1233 31.3347 0.1
    endloop
  endfacet
  facet normal 0 0 1
    outer loop
      vertex 92.1766 30.0228 0.1
      vertex 87.1233 31.3347 0.1
      vertex 86.7245 31.3347 0.1
    endloop
  endfacet
  facet normal 0 -0 1
    outer loop
      vertex 96.012 56.388 0.1
      vertex 96.012 54.864 0.1
      vertex 99.6696 52.324 0.1
    endloop
  endfacet
  facet normal 0 0 1
    outer loop
      vertex 122.573 46.6598 0.1
      vertex 122.573 46.7792 0.1
      vertex 120.623 51.5188 0.1
    endloop
  endfacet
  facet normal 0 -0 1
    outer loop
      vertex 98.8314 61.595 0.1
      vertex 98.8314 60.325 0.1
      vertex 99.695 61.595 0.1
    endloop
  endfacet
  facet normal 0 0 1
    outer loop
      vertex 109.626 67.945 0.1
      vertex 99.695 61.595 0.1
      vertex 100.965 61.595 0.1
    endloop
  endfacet
  facet normal 0 -0 1
    outer loop
      vertex 100.559 59.055 0.1
      vertex 100.559 57.785 0.1
      vertex 109.626 65.786 0.1
    endloop
  endfacet
  facet normal 0 0 1
    outer loop
      vertex 107.112 30.861 0.1
      vertex 107.112 32.639 0.1
      vertex 99.6188 35.941 0.1
    endloop
  endfacet
  facet normal 0 0 1
    outer loop
      vertex 98.0948 33.401 0.1
      vertex 96.9518 35.1282 0.1
      vertex 95.6818 35.1282 0.1
    endloop
  endfacet
  facet normal 0 0 1
    outer loop
      vertex 108.636 35.941 0.1
      vertex 107.112 35.941 0.1
      vertex 108.636 35.179 0.1
    endloop
  endfacet
  facet normal -0 0 1
    outer loop
      vertex 109.626 67.945 0.1
      vertex 109.626 69.215 0.1
      vertex 99.695 61.595 0.1
    endloop
  endfacet
  facet normal 0 -0 1
    outer loop
      vertex 108.687 49.784 0.1
      vertex 108.687 48.006 0.1
      vertex 111.15 46.355 0.1
    endloop
  endfacet
  facet normal -0 0 1
    outer loop
      vertex 118.715 75.3934 0.1
      vertex 118.715 75.9906 0.1
      vertex 109.626 69.215 0.1
    endloop
  endfacet
  facet normal 0 0 1
    outer loop
      vertex 118.715 75.9906 0.1
      vertex 119.283 76.1751 0.1
      vertex 133.388 86.454 0.1
    endloop
  endfacet
  facet normal 0 -0 1
    outer loop
      vertex 98.425 59.055 0.1
      vertex 98.425 57.785 0.1
      vertex 99.2886 59.055 0.1
    endloop
  endfacet
  facet normal 0 0 1
    outer loop
      vertex 95.6818 32.1818 0.1
      vertex 95.6818 33.4518 0.1
      vertex 93.4466 33.4264 0.1
    endloop
  endfacet
  facet normal 0 0 1
    outer loop
      vertex 97.5614 61.595 0.1
      vertex 98.8314 61.595 0.1
      vertex 118.715 75.9906 0.1
    endloop
  endfacet
  facet normal 0 0 1
    outer loop
      vertex 107.112 30.861 0.1
      vertex 99.6188 35.941 0.1
      vertex 99.6188 35.179 0.1
    endloop
  endfacet
  facet normal 0 0 1
    outer loop
      vertex 109.626 67.056 0.1
      vertex 100.965 61.595 0.1
      vertex 100.965 60.325 0.1
    endloop
  endfacet
  facet normal 0 0 1
    outer loop
      vertex 97.155 59.055 0.1
      vertex 98.425 59.055 0.1
      vertex 99.695 60.325 0.1
    endloop
  endfacet
  facet normal 0 0 1
    outer loop
      vertex 90.4875 46.3423 0.1
      vertex 91.1225 46.3423 0.1
      vertex 90.2681 46.6443 0.1
    endloop
  endfacet
  facet normal 0 -0 1
    outer loop
      vertex 79.0575 35.2425 0.1
      vertex 78.8381 34.9405 0.1
      vertex 80.1081 34.9405 0.1
    endloop
  endfacet
  facet normal 0 0 1
    outer loop
      vertex 107.112 33.401 0.1
      vertex 108.636 32.639 0.1
      vertex 133.388 20.48 0.1
    endloop
  endfacet
  facet normal 0 0 1
    outer loop
      vertex 51.562 58.42 0.1
      vertex 76.2981 46.6443 0.1
      vertex 77.1525 46.3423 0.1
    endloop
  endfacet
  facet normal 0 0 1
    outer loop
      vertex 95.6818 36.3982 0.1
      vertex 77.7875 44.4373 0.1
      vertex 77.5681 44.1353 0.1
    endloop
  endfacet
  facet normal 0 0 1
    outer loop
      vertex 50.038 58.42 0.1
      vertex 51.562 58.42 0.1
      vertex 48.9204 59.6138 0.1
    endloop
  endfacet
  facet normal 0 -0 1
    outer loop
      vertex 51.562 61.722 0.1
      vertex 51.562 60.198 0.1
      vertex 52.705 59.944 0.1
    endloop
  endfacet
  facet normal 0 0 1
    outer loop
      vertex 91.1225 35.2425 0.1
      vertex 91.1225 37.1475 0.1
      vertex 90.4875 37.1475 0.1
    endloop
  endfacet
  facet normal 0 0 1
    outer loop
      vertex 90.4875 37.1475 0.1
      vertex 91.1225 37.1475 0.1
      vertex 90.2681 37.4495 0.1
    endloop
  endfacet
  facet normal 0 0 1
    outer loop
      vertex 61.468 60.198 0.1
      vertex 61.468 61.722 0.1
      vertex 59.69 62.8904 0.1
    endloop
  endfacet
  facet normal 0 -0 1
    outer loop
      vertex 96.9518 43.8658 0.1
      vertex 95.6818 43.8658 0.1
      vertex 98.1456 42.926 0.1
    endloop
  endfacet
  facet normal 0 0 1
    outer loop
      vertex 73.98 53.9852 0.1
      vertex 75.88 53.9852 0.1
      vertex 68.707 58.42 0.1
    endloop
  endfacet
  facet normal 0 0 1
    outer loop
      vertex 84.963 51.562 0.1
      vertex 73.98 60.4063 0.1
      vertex 71.12 62.0776 0.1
    endloop
  endfacet
  facet normal 0 -0 1
    outer loop
      vertex 71.12 64.1604 0.1
      vertex 71.12 62.8904 0.1
      vertex 75.88 64.8056 0.1
    endloop
  endfacet
  facet normal 0 0 1
    outer loop
      vertex 79.06 64.8056 0.1
      vertex 75.88 64.8056 0.1
      vertex 71.12 62.8904 0.1
    endloop
  endfacet
  facet normal 0 -0 1
    outer loop
      vertex 80.96 61.6052 0.1
      vertex 80.96 60.4063 0.1
      vertex 87.5487 64.0944 0.1
    endloop
  endfacet
  facet normal 0 0 1
    outer loop
      vertex 95.6818 45.9994 0.1
      vertex 95.6818 47.2694 0.1
      vertex 89.662 51.562 0.1
    endloop
  endfacet
  facet normal 0 0 1
    outer loop
      vertex 94.488 51.562 0.1
      vertex 94.488 53.086 0.1
      vertex 91.313 54.864 0.1
    endloop
  endfacet
  facet normal 0 0 1
    outer loop
      vertex 86.487 56.388 0.1
      vertex 89.662 53.086 0.1
      vertex 88.138 54.864 0.1
    endloop
  endfacet
  facet normal 0 -0 1
    outer loop
      vertex 113.03 67.945 0.1
      vertex 113.03 67.056 0.1
      vertex 133.388 86.454 0.1
    endloop
  endfacet
  facet normal 0 -0 1
    outer loop
      vertex 93.4466 30.0228 0.1
      vertex 92.1766 30.0228 0.1
      vertex 133.388 20.48 0.1
    endloop
  endfacet
  facet normal 0 0 1
    outer loop
      vertex 98.0948 30.861 0.1
      vertex 98.0948 32.639 0.1
      vertex 96.9518 32.1818 0.1
    endloop
  endfacet
  facet normal -0 -0 1
    outer loop
      vertex 123.224 44.6608 0.1
      vertex 122.941 44.7802 0.1
      vertex 133.388 20.48 0.1
    endloop
  endfacet
  facet normal 0 0 1
    outer loop
      vertex 116.205 41.91 0.1
      vertex 115.138 44.577 0.1
      vertex 114.732 44.577 0.1
    endloop
  endfacet
  facet normal -0 0 1
    outer loop
      vertex 99.2886 57.785 0.1
      vertex 99.2886 59.055 0.1
      vertex 98.425 57.785 0.1
    endloop
  endfacet
  facet normal 0 0 1
    outer loop
      vertex 108.687 44.704 0.1
      vertex 111.709 40.2336 0.1
      vertex 109.88 42.9514 0.1
    endloop
  endfacet
  facet normal 0 0 1
    outer loop
      vertex 96.012 56.388 0.1
      vertex 99.6696 52.324 0.1
      vertex 107.163 45.466 0.1
    endloop
  endfacet
  facet normal 0 0 1
    outer loop
      vertex 108.687 50.546 0.1
      vertex 107.163 50.546 0.1
      vertex 108.687 49.784 0.1
    endloop
  endfacet
  facet normal 0 -0 1
    outer loop
      vertex 108.687 48.006 0.1
      vertex 108.687 47.244 0.1
      vertex 109.88 46.355 0.1
    endloop
  endfacet
  facet normal 0 0 1
    outer loop
      vertex 107.163 48.006 0.1
      vertex 107.163 49.784 0.1
      vertex 99.2886 57.785 0.1
    endloop
  endfacet
  facet normal 0 0 1
    outer loop
      vertex 107.163 48.006 0.1
      vertex 99.2886 57.785 0.1
      vertex 98.425 57.785 0.1
    endloop
  endfacet
  facet normal 0 -0 1
    outer loop
      vertex 111.15 45.085 0.1
      vertex 111.15 44.2214 0.1
      vertex 116.078 39.243 0.1
    endloop
  endfacet
  facet normal 0 0 1
    outer loop
      vertex 98.425 57.785 0.1
      vertex 107.163 47.244 0.1
      vertex 107.163 48.006 0.1
    endloop
  endfacet
  facet normal 0 0 1
    outer loop
      vertex 109.626 67.056 0.1
      vertex 110.896 67.056 0.1
      vertex 111.76 67.945 0.1
    endloop
  endfacet
  facet normal 0 -0 1
    outer loop
      vertex 100.559 57.785 0.1
      vertex 99.2886 57.785 0.1
      vertex 107.163 49.784 0.1
    endloop
  endfacet
  facet normal 0 0 1
    outer loop
      vertex 113.335 46.3042 0.1
      vertex 112.065 46.3042 0.1
      vertex 113.335 45.4406 0.1
    endloop
  endfacet
  facet normal 0 -0 1
    outer loop
      vertex 113.03 69.215 0.1
      vertex 113.03 67.945 0.1
      vertex 133.388 86.454 0.1
    endloop
  endfacet
  facet normal 0 0 1
    outer loop
      vertex 107.163 50.546 0.1
      vertex 107.163 52.324 0.1
      vertex 100.559 57.785 0.1
    endloop
  endfacet
  facet normal 0 0 1
    outer loop
      vertex 110.439 38.1 0.1
      vertex 110.439 38.9636 0.1
      vertex 108.636 40.259 0.1
    endloop
  endfacet
  facet normal 0 0 1
    outer loop
      vertex 110.896 65.786 0.1
      vertex 109.626 65.786 0.1
      vertex 100.559 57.785 0.1
    endloop
  endfacet
  facet normal 0 0 1
    outer loop
      vertex 110.896 65.786 0.1
      vertex 100.559 57.785 0.1
      vertex 107.163 52.324 0.1
    endloop
  endfacet
  facet normal 0 0 1
    outer loop
      vertex 111.277 56.1594 0.1
      vertex 107.163 52.324 0.1
      vertex 108.687 52.324 0.1
    endloop
  endfacet
  facet normal 0 0 1
    outer loop
      vertex 111.277 54.0258 0.1
      vertex 108.687 50.546 0.1
      vertex 108.687 49.784 0.1
    endloop
  endfacet
  facet normal 0 0 1
    outer loop
      vertex 111.277 55.2958 0.1
      vertex 108.687 52.324 0.1
      vertex 108.687 50.546 0.1
    endloop
  endfacet
  facet normal 0 0 1
    outer loop
      vertex 116.078 40.767 0.1
      vertex 113.335 45.4406 0.1
      vertex 113.335 44.1706 0.1
    endloop
  endfacet
  facet normal 0 0 1
    outer loop
      vertex 110.896 67.945 0.1
      vertex 100.965 61.595 0.1
      vertex 109.626 67.056 0.1
    endloop
  endfacet
  facet normal 0 0 1
    outer loop
      vertex 109.88 42.9514 0.1
      vertex 109.88 44.2214 0.1
      vertex 108.687 44.704 0.1
    endloop
  endfacet
  facet normal 0 0 1
    outer loop
      vertex 111.76 65.786 0.1
      vertex 110.896 65.786 0.1
      vertex 107.163 52.324 0.1
    endloop
  endfacet
  facet normal 0 0 1
    outer loop
      vertex 112.065 45.4406 0.1
      vertex 112.065 46.3042 0.1
      vertex 108.687 49.784 0.1
    endloop
  endfacet
  facet normal 0 -0 1
    outer loop
      vertex 110.896 69.215 0.1
      vertex 110.896 67.945 0.1
      vertex 111.76 69.215 0.1
    endloop
  endfacet
  facet normal 0 0 1
    outer loop
      vertex 99.6188 35.179 0.1
      vertex 98.0948 35.941 0.1
      vertex 96.9518 36.3982 0.1
    endloop
  endfacet
  facet normal 0 0 1
    outer loop
      vertex 119.283 76.1751 0.1
      vertex 119.634 75.692 0.1
      vertex 133.388 86.454 0.1
    endloop
  endfacet
  facet normal 0 0 1
    outer loop
      vertex 109.88 44.2214 0.1
      vertex 109.88 45.085 0.1
      vertex 108.687 45.466 0.1
    endloop
  endfacet
  facet normal -0 -0 1
    outer loop
      vertex 119.549 44.587 0.1
      vertex 119.322 44.6608 0.1
      vertex 133.388 20.48 0.1
    endloop
  endfacet
  facet normal 0 -0 1
    outer loop
      vertex 110.896 67.056 0.1
      vertex 110.896 65.786 0.1
      vertex 111.76 67.056 0.1
    endloop
  endfacet
  facet normal 0 0 1
    outer loop
      vertex 110.896 67.945 0.1
      vertex 109.626 67.945 0.1
      vertex 100.965 61.595 0.1
    endloop
  endfacet
  facet normal 0 0 1
    outer loop
      vertex 122.271 31.2866 0.1
      vertex 111.15 44.2214 0.1
      vertex 111.15 42.9514 0.1
    endloop
  endfacet
  facet normal 0 0 1
    outer loop
      vertex 109.88 42.9514 0.1
      vertex 111.709 40.2336 0.1
      vertex 122.271 30.6894 0.1
    endloop
  endfacet
  facet normal 0 -0 1
    outer loop
      vertex 123.19 30.988 0.1
      vertex 122.839 30.5049 0.1
      vertex 133.388 20.48 0.1
    endloop
  endfacet
  facet normal 0 -0 1
    outer loop
      vertex 108.687 45.466 0.1
      vertex 108.687 44.704 0.1
      vertex 109.88 44.2214 0.1
    endloop
  endfacet
  facet normal 0 -0 1
    outer loop
      vertex 111.15 46.355 0.1
      vertex 111.15 45.085 0.1
      vertex 112.065 44.1706 0.1
    endloop
  endfacet
  facet normal 0 0 1
    outer loop
      vertex 111.15 45.085 0.1
      vertex 109.88 45.085 0.1
      vertex 111.15 44.2214 0.1
    endloop
  endfacet
  facet normal 0 0 1
    outer loop
      vertex 114.732 44.577 0.1
      vertex 114.732 46.863 0.1
      vertex 113.335 47.5742 0.1
    endloop
  endfacet
  facet normal -0 -0 1
    outer loop
      vertex 116.078 39.243 0.1
      vertex 111.15 44.2214 0.1
      vertex 133.388 20.48 0.1
    endloop
  endfacet
  facet normal 0 -0 1
    outer loop
      vertex 108.687 47.244 0.1
      vertex 108.687 45.466 0.1
      vertex 109.88 45.085 0.1
    endloop
  endfacet
  facet normal 0 0 1
    outer loop
      vertex 112.065 45.4406 0.1
      vertex 113.335 45.4406 0.1
      vertex 112.065 46.3042 0.1
    endloop
  endfacet
  facet normal 0 0 1
    outer loop
      vertex 109.626 65.786 0.1
      vertex 100.965 60.325 0.1
      vertex 100.559 59.055 0.1
    endloop
  endfacet
  facet normal 0 0 1
    outer loop
      vertex 116.078 40.767 0.1
      vertex 117.602 40.767 0.1
      vertex 116.205 41.91 0.1
    endloop
  endfacet
  facet normal 0 0 1
    outer loop
      vertex 110.439 38.9636 0.1
      vertex 110.439 40.2336 0.1
      vertex 107.163 42.926 0.1
    endloop
  endfacet
  facet normal 0 0 1
    outer loop
      vertex 107.112 38.481 0.1
      vertex 99.6696 45.466 0.1
      vertex 99.6696 44.704 0.1
    endloop
  endfacet
  facet normal 0 0 1
    outer loop
      vertex 89.662 56.388 0.1
      vertex 92.837 53.086 0.1
      vertex 91.313 54.864 0.1
    endloop
  endfacet
  facet normal 0 0 1
    outer loop
      vertex 88.138 54.864 0.1
      vertex 88.138 56.388 0.1
      vertex 85.9536 57.785 0.1
    endloop
  endfacet
  facet normal 0 0 1
    outer loop
      vertex 112.547 54.0258 0.1
      vertex 111.277 54.0258 0.1
      vertex 108.687 49.784 0.1
    endloop
  endfacet
  facet normal 0 -0 1
    outer loop
      vertex 99.6696 48.006 0.1
      vertex 99.6696 47.244 0.1
      vertex 108.636 40.259 0.1
    endloop
  endfacet
  facet normal 0 -0 1
    outer loop
      vertex 89.662 56.388 0.1
      vertex 89.662 54.864 0.1
      vertex 92.837 53.086 0.1
    endloop
  endfacet
  facet normal -0 0 1
    outer loop
      vertex 88.265 57.785 0.1
      vertex 88.265 59.055 0.1
      vertex 87.2236 57.785 0.1
    endloop
  endfacet
  facet normal 0 0 1
    outer loop
      vertex 107.163 42.926 0.1
      vertex 99.6696 52.324 0.1
      vertex 99.6696 50.546 0.1
    endloop
  endfacet
  facet normal -0 -0 1
    outer loop
      vertex 122.271 30.6894 0.1
      vertex 111.709 40.2336 0.1
      vertex 133.388 20.48 0.1
    endloop
  endfacet
  facet normal 0 -0 1
    outer loop
      vertex 99.6696 49.784 0.1
      vertex 99.6696 48.006 0.1
      vertex 107.163 42.926 0.1
    endloop
  endfacet
  facet normal 0 0 1
    outer loop
      vertex 111.76 69.215 0.1
      vertex 113.03 69.215 0.1
      vertex 119.283 75.2089 0.1
    endloop
  endfacet
  facet normal 0 -0 1
    outer loop
      vertex 112.547 56.1594 0.1
      vertex 112.547 55.2958 0.1
      vertex 113.894 57.3786 0.1
    endloop
  endfacet
  facet normal -0 0 1
    outer loop
      vertex 111.277 54.0258 0.1
      vertex 111.277 55.2958 0.1
      vertex 108.687 50.546 0.1
    endloop
  endfacet
  facet normal 0 -0 1
    outer loop
      vertex 117.983 51.6382 0.1
      vertex 117.739 51.6382 0.1
      vertex 118.022 51.5188 0.1
    endloop
  endfacet
  facet normal 0 0 1
    outer loop
      vertex 111.277 55.2958 0.1
      vertex 112.547 55.2958 0.1
      vertex 112.547 56.1594 0.1
    endloop
  endfacet
  facet normal 0 0 1
    outer loop
      vertex 111.277 57.4294 0.1
      vertex 107.163 52.324 0.1
      vertex 111.277 56.1594 0.1
    endloop
  endfacet
  facet normal 0 0 1
    outer loop
      vertex 111.76 67.056 0.1
      vertex 113.03 67.056 0.1
      vertex 113.03 67.945 0.1
    endloop
  endfacet
  facet normal 0 0 1
    outer loop
      vertex 133.388 86.454 0.1
      vertex 107.163 52.324 0.1
      vertex 111.277 57.4294 0.1
    endloop
  endfacet
  facet normal -0 0 1
    outer loop
      vertex 111.76 65.786 0.1
      vertex 111.76 67.056 0.1
      vertex 110.896 65.786 0.1
    endloop
  endfacet
  facet normal 0 0 1
    outer loop
      vertex 111.277 57.4294 0.1
      vertex 112.547 57.4294 0.1
      vertex 133.388 86.454 0.1
    endloop
  endfacet
  facet normal 0 0 1
    outer loop
      vertex 112.547 56.1594 0.1
      vertex 113.894 57.3786 0.1
      vertex 133.388 86.454 0.1
    endloop
  endfacet
  facet normal -0 0 1
    outer loop
      vertex 111.76 67.945 0.1
      vertex 111.76 69.215 0.1
      vertex 110.896 67.945 0.1
    endloop
  endfacet
  facet normal 0 0 1
    outer loop
      vertex 113.03 65.786 0.1
      vertex 111.76 65.786 0.1
      vertex 107.163 52.324 0.1
    endloop
  endfacet
  facet normal 0 0 1
    outer loop
      vertex 111.76 67.945 0.1
      vertex 110.896 67.945 0.1
      vertex 109.626 67.056 0.1
    endloop
  endfacet
  facet normal 0 -0 1
    outer loop
      vertex 113.335 44.1706 0.1
      vertex 112.065 44.1706 0.1
      vertex 116.078 40.767 0.1
    endloop
  endfacet
  facet normal 0 0 1
    outer loop
      vertex 113.03 67.945 0.1
      vertex 110.896 67.056 0.1
      vertex 111.76 67.056 0.1
    endloop
  endfacet
  facet normal 0 0 1
    outer loop
      vertex 113.03 67.945 0.1
      vertex 111.76 67.945 0.1
      vertex 110.896 67.056 0.1
    endloop
  endfacet
  facet normal 0 0 1
    outer loop
      vertex 133.388 86.454 0.1
      vertex 113.03 65.786 0.1
      vertex 107.163 52.324 0.1
    endloop
  endfacet
  facet normal 0 0 1
    outer loop
      vertex 112.065 44.1706 0.1
      vertex 112.065 45.4406 0.1
      vertex 111.15 46.355 0.1
    endloop
  endfacet
  facet normal 0 -0 1
    outer loop
      vertex 119.283 75.2089 0.1
      vertex 113.03 69.215 0.1
      vertex 133.388 86.454 0.1
    endloop
  endfacet
  facet normal 0 -0 1
    outer loop
      vertex 111.15 42.9514 0.1
      vertex 109.88 42.9514 0.1
      vertex 122.271 31.2866 0.1
    endloop
  endfacet
  facet normal -0 0 1
    outer loop
      vertex 99.695 60.325 0.1
      vertex 99.695 61.595 0.1
      vertex 98.8314 60.325 0.1
    endloop
  endfacet
  facet normal 0 0 1
    outer loop
      vertex 98.8314 60.325 0.1
      vertex 97.5614 60.325 0.1
      vertex 96.1136 59.055 0.1
    endloop
  endfacet
  facet normal 0 0 1
    outer loop
      vertex 109.626 69.215 0.1
      vertex 110.896 69.215 0.1
      vertex 118.715 75.3934 0.1
    endloop
  endfacet
  facet normal 0 -0 1
    outer loop
      vertex 113.03 67.056 0.1
      vertex 113.03 65.786 0.1
      vertex 133.388 86.454 0.1
    endloop
  endfacet
  facet normal 0 -0 1
    outer loop
      vertex 111.709 36.83 0.1
      vertex 110.439 36.83 0.1
      vertex 133.388 20.48 0.1
    endloop
  endfacet
  facet normal 0 0 1
    outer loop
      vertex 110.439 38.1 0.1
      vertex 111.709 38.1 0.1
      vertex 110.439 38.9636 0.1
    endloop
  endfacet
  facet normal 0 0 1
    outer loop
      vertex 116.205 41.91 0.1
      vertex 116.205 43.18 0.1
      vertex 115.138 44.577 0.1
    endloop
  endfacet
  facet normal 0 0 1
    outer loop
      vertex 108.687 49.784 0.1
      vertex 111.15 46.355 0.1
      vertex 112.065 45.4406 0.1
    endloop
  endfacet
  facet normal 0 0 1
    outer loop
      vertex 116.205 41.91 0.1
      vertex 114.732 44.577 0.1
      vertex 113.335 46.3042 0.1
    endloop
  endfacet
  facet normal 0 0 1
    outer loop
      vertex 112.065 46.3042 0.1
      vertex 112.065 47.5742 0.1
      vertex 108.687 49.784 0.1
    endloop
  endfacet
  facet normal 0 0 1
    outer loop
      vertex 112.065 47.5742 0.1
      vertex 113.335 47.5742 0.1
      vertex 112.547 54.0258 0.1
    endloop
  endfacet
  facet normal 0 0 1
    outer loop
      vertex 112.547 54.0258 0.1
      vertex 108.687 49.784 0.1
      vertex 112.065 47.5742 0.1
    endloop
  endfacet
  facet normal 0 -0 1
    outer loop
      vertex 116.439 44.7802 0.1
      vertex 116.298 44.587 0.1
      vertex 117.475 43.18 0.1
    endloop
  endfacet
  facet normal 0 0 1
    outer loop
      vertex 116.205 43.18 0.1
      vertex 115.648 44.587 0.1
      vertex 115.421 44.6608 0.1
    endloop
  endfacet
  facet normal 0 0 1
    outer loop
      vertex 113.894 57.3786 0.1
      vertex 115.418 57.3786 0.1
      vertex 133.388 86.454 0.1
    endloop
  endfacet
  facet normal -0 0 1
    outer loop
      vertex 111.277 55.2958 0.1
      vertex 111.277 56.1594 0.1
      vertex 108.687 52.324 0.1
    endloop
  endfacet
  facet normal 0 -0 1
    outer loop
      vertex 117.602 39.243 0.1
      vertex 116.078 39.243 0.1
      vertex 133.388 20.48 0.1
    endloop
  endfacet
  facet normal 0 0 1
    outer loop
      vertex 116.205 43.18 0.1
      vertex 115.788 44.7802 0.1
      vertex 115.648 44.587 0.1
    endloop
  endfacet
  facet normal 0 -0 1
    outer loop
      vertex 113.335 47.5742 0.1
      vertex 113.335 46.3042 0.1
      vertex 114.732 44.577 0.1
    endloop
  endfacet
  facet normal 0 0 1
    outer loop
      vertex 118.633 51.6382 0.1
      vertex 118.633 53.5178 0.1
      vertex 118.389 53.5178 0.1
    endloop
  endfacet
  facet normal 0 0 1
    outer loop
      vertex 112.547 54.0258 0.1
      vertex 113.335 47.5742 0.1
      vertex 114.732 46.863 0.1
    endloop
  endfacet
  facet normal 0 0 1
    outer loop
      vertex 112.547 54.0258 0.1
      vertex 114.732 46.863 0.1
      vertex 115.138 46.863 0.1
    endloop
  endfacet
  facet normal 0 0 1
    outer loop
      vertex 116.205 43.18 0.1
      vertex 116.071 44.6608 0.1
      vertex 115.788 44.7802 0.1
    endloop
  endfacet
  facet normal 0 -0 1
    outer loop
      vertex 112.547 55.2958 0.1
      vertex 112.547 54.0258 0.1
      vertex 114.732 51.6382 0.1
    endloop
  endfacet
  facet normal 0 -0 1
    outer loop
      vertex 113.894 55.8546 0.1
      vertex 112.547 55.2958 0.1
      vertex 114.732 53.5178 0.1
    endloop
  endfacet
  facet normal 0 0 1
    outer loop
      vertex 113.894 55.8546 0.1
      vertex 114.732 53.5178 0.1
      vertex 114.771 53.5178 0.1
    endloop
  endfacet
  facet normal 0 0 1
    outer loop
      vertex 113.894 55.8546 0.1
      vertex 114.771 53.5178 0.1
      vertex 114.771 53.6372 0.1
    endloop
  endfacet
  facet normal 0 -0 1
    outer loop
      vertex 116.032 51.6382 0.1
      vertex 115.788 51.6382 0.1
      vertex 116.071 51.5188 0.1
    endloop
  endfacet
  facet normal 0 0 1
    outer loop
      vertex 113.894 55.8546 0.1
      vertex 114.771 53.6372 0.1
      vertex 114.998 53.711 0.1
    endloop
  endfacet
  facet normal 0 0 1
    outer loop
      vertex 113.894 55.8546 0.1
      vertex 114.998 53.711 0.1
      vertex 115.138 53.5178 0.1
    endloop
  endfacet
  facet normal 0 0 1
    outer loop
      vertex 118.022 46.6598 0.1
      vertex 118.022 46.7792 0.1
      vertex 115.138 51.6382 0.1
    endloop
  endfacet
  facet normal 0 -0 1
    outer loop
      vertex 119.609 43.18 0.1
      vertex 119.609 41.91 0.1
      vertex 120.904 40.767 0.1
    endloop
  endfacet
  facet normal -0 -0 1
    outer loop
      vertex 114.732 51.6382 0.1
      vertex 112.547 54.0258 0.1
      vertex 114.771 51.5188 0.1
    endloop
  endfacet
  facet normal 0 0 1
    outer loop
      vertex 117.599 51.445 0.1
      vertex 119.934 46.6598 0.1
      vertex 119.973 46.6598 0.1
    endloop
  endfacet
  facet normal 0 0 1
    outer loop
      vertex 112.547 54.0258 0.1
      vertex 115.138 46.863 0.1
      vertex 115.382 46.6598 0.1
    endloop
  endfacet
  facet normal 0 0 1
    outer loop
      vertex 112.547 54.0258 0.1
      vertex 115.382 46.6598 0.1
      vertex 115.421 46.6598 0.1
    endloop
  endfacet
  facet normal 0 0 1
    outer loop
      vertex 115.382 51.6382 0.1
      vertex 115.382 53.5178 0.1
      vertex 115.138 53.5178 0.1
    endloop
  endfacet
  facet normal 0 0 1
    outer loop
      vertex 112.547 54.0258 0.1
      vertex 115.421 46.6598 0.1
      vertex 115.421 46.7792 0.1
    endloop
  endfacet
  facet normal 0 0 1
    outer loop
      vertex 112.547 54.0258 0.1
      vertex 115.421 46.7792 0.1
      vertex 115.648 46.853 0.1
    endloop
  endfacet
  facet normal 0 0 1
    outer loop
      vertex 112.547 54.0258 0.1
      vertex 115.648 46.853 0.1
      vertex 115.788 46.6598 0.1
    endloop
  endfacet
  facet normal 0 0 1
    outer loop
      vertex 118.339 43.18 0.1
      vertex 118.249 44.587 0.1
      vertex 118.022 44.6608 0.1
    endloop
  endfacet
  facet normal 0 0 1
    outer loop
      vertex 116.683 44.7802 0.1
      vertex 116.683 46.6598 0.1
      vertex 116.439 46.6598 0.1
    endloop
  endfacet
  facet normal 0 -0 1
    outer loop
      vertex 115.382 44.7802 0.1
      vertex 115.138 44.577 0.1
      vertex 115.421 44.6608 0.1
    endloop
  endfacet
  facet normal 0 -0 1
    outer loop
      vertex 119.283 44.7802 0.1
      vertex 119.04 44.7802 0.1
      vertex 119.322 44.6608 0.1
    endloop
  endfacet
  facet normal -0 -0 1
    outer loop
      vertex 120.584 44.577 0.1
      vertex 120.34 44.7802 0.1
      vertex 133.388 20.48 0.1
    endloop
  endfacet
  facet normal 0 0 1
    outer loop
      vertex 114.771 51.5188 0.1
      vertex 114.771 51.6382 0.1
      vertex 114.732 51.6382 0.1
    endloop
  endfacet
  facet normal 0 0 1
    outer loop
      vertex 115.418 55.8546 0.1
      vertex 113.894 55.8546 0.1
      vertex 115.382 53.5178 0.1
    endloop
  endfacet
  facet normal -0 -0 1
    outer loop
      vertex 117.372 44.6608 0.1
      vertex 117.089 44.7802 0.1
      vertex 118.339 43.18 0.1
    endloop
  endfacet
  facet normal 0 -0 1
    outer loop
      vertex 115.418 55.8546 0.1
      vertex 115.382 53.5178 0.1
      vertex 115.421 53.5178 0.1
    endloop
  endfacet
  facet normal 0 0 1
    outer loop
      vertex 115.418 55.8546 0.1
      vertex 115.421 53.5178 0.1
      vertex 115.421 53.6372 0.1
    endloop
  endfacet
  facet normal 0 0 1
    outer loop
      vertex 115.418 55.8546 0.1
      vertex 115.421 53.6372 0.1
      vertex 115.648 53.711 0.1
    endloop
  endfacet
  facet normal 0 0 1
    outer loop
      vertex 115.418 55.8546 0.1
      vertex 115.648 53.711 0.1
      vertex 115.788 53.5178 0.1
    endloop
  endfacet
  facet normal 0 0 1
    outer loop
      vertex 114.998 51.445 0.1
      vertex 117.599 46.853 0.1
      vertex 117.739 46.6598 0.1
    endloop
  endfacet
  facet normal 0 0 1
    outer loop
      vertex 118.339 43.18 0.1
      vertex 118.389 44.7802 0.1
      vertex 118.249 44.587 0.1
    endloop
  endfacet
  facet normal 0 0 1
    outer loop
      vertex 121.923 46.7792 0.1
      vertex 122.15 46.853 0.1
      vertex 120.34 51.435 0.1
    endloop
  endfacet
  facet normal 0 -0 1
    outer loop
      vertex 115.382 51.6382 0.1
      vertex 115.138 51.6382 0.1
      vertex 115.421 51.5188 0.1
    endloop
  endfacet
  facet normal -0 -0 1
    outer loop
      vertex 121.923 51.5188 0.1
      vertex 121.641 51.6382 0.1
      vertex 123.451 46.853 0.1
    endloop
  endfacet
  facet normal 0 0 1
    outer loop
      vertex 116.071 44.6608 0.1
      vertex 116.071 44.7802 0.1
      vertex 116.032 44.7802 0.1
    endloop
  endfacet
  facet normal 0 0 1
    outer loop
      vertex 112.547 54.0258 0.1
      vertex 115.788 46.6598 0.1
      vertex 116.032 46.6598 0.1
    endloop
  endfacet
  facet normal 0 0 1
    outer loop
      vertex 116.032 51.6382 0.1
      vertex 116.032 53.5178 0.1
      vertex 115.788 53.5178 0.1
    endloop
  endfacet
  facet normal 0 0 1
    outer loop
      vertex 112.547 54.0258 0.1
      vertex 116.032 46.6598 0.1
      vertex 116.071 46.6598 0.1
    endloop
  endfacet
  facet normal 0 0 1
    outer loop
      vertex 112.547 54.0258 0.1
      vertex 116.071 46.6598 0.1
      vertex 116.071 46.7792 0.1
    endloop
  endfacet
  facet normal 0 -0 1
    outer loop
      vertex 116.683 51.6382 0.1
      vertex 116.439 51.6382 0.1
      vertex 116.721 51.5188 0.1
    endloop
  endfacet
  facet normal 0 0 1
    outer loop
      vertex 112.547 54.0258 0.1
      vertex 116.071 46.7792 0.1
      vertex 116.298 46.853 0.1
    endloop
  endfacet
  facet normal 0 0 1
    outer loop
      vertex 112.547 54.0258 0.1
      vertex 116.298 46.853 0.1
      vertex 116.439 46.6598 0.1
    endloop
  endfacet
  facet normal 0 0 1
    outer loop
      vertex 116.071 51.5188 0.1
      vertex 118.633 46.6598 0.1
      vertex 118.672 46.6598 0.1
    endloop
  endfacet
  facet normal -0 -0 1
    outer loop
      vertex 116.721 51.5188 0.1
      vertex 116.439 51.6382 0.1
      vertex 119.283 46.6598 0.1
    endloop
  endfacet
  facet normal 0 0 1
    outer loop
      vertex 119.283 51.6382 0.1
      vertex 119.283 53.5178 0.1
      vertex 119.04 53.5178 0.1
    endloop
  endfacet
  facet normal 0 -0 1
    outer loop
      vertex 116.032 44.7802 0.1
      vertex 115.788 44.7802 0.1
      vertex 116.071 44.6608 0.1
    endloop
  endfacet
  facet normal 0 0 1
    outer loop
      vertex 116.078 39.243 0.1
      vertex 116.078 40.767 0.1
      vertex 112.065 44.1706 0.1
    endloop
  endfacet
  facet normal 0 0 1
    outer loop
      vertex 115.418 55.8546 0.1
      vertex 115.788 53.5178 0.1
      vertex 116.032 53.5178 0.1
    endloop
  endfacet
  facet normal 0 0 1
    outer loop
      vertex 117.475 41.91 0.1
      vertex 117.602 40.767 0.1
      vertex 119.38 39.243 0.1
    endloop
  endfacet
  facet normal 0 0 1
    outer loop
      vertex 115.418 55.8546 0.1
      vertex 116.032 53.5178 0.1
      vertex 116.071 53.5178 0.1
    endloop
  endfacet
  facet normal 0 0 1
    outer loop
      vertex 115.418 55.8546 0.1
      vertex 116.071 53.5178 0.1
      vertex 116.071 53.6372 0.1
    endloop
  endfacet
  facet normal 0 -0 1
    outer loop
      vertex 117.739 46.6598 0.1
      vertex 117.739 44.7802 0.1
      vertex 117.983 44.7802 0.1
    endloop
  endfacet
  facet normal 0 0 1
    outer loop
      vertex 115.418 55.8546 0.1
      vertex 116.071 53.6372 0.1
      vertex 116.298 53.711 0.1
    endloop
  endfacet
  facet normal 0 0 1
    outer loop
      vertex 118.339 41.91 0.1
      vertex 116.439 44.7802 0.1
      vertex 117.475 43.18 0.1
    endloop
  endfacet
  facet normal 0 0 1
    outer loop
      vertex 115.418 55.8546 0.1
      vertex 116.298 53.711 0.1
      vertex 116.439 53.5178 0.1
    endloop
  endfacet
  facet normal 0 0 1
    outer loop
      vertex 118.389 46.6598 0.1
      vertex 118.633 46.6598 0.1
      vertex 115.788 51.6382 0.1
    endloop
  endfacet
  facet normal 0 0 1
    outer loop
      vertex 116.032 44.7802 0.1
      vertex 116.032 46.6598 0.1
      vertex 115.788 46.6598 0.1
    endloop
  endfacet
  facet normal 0 0 1
    outer loop
      vertex 116.078 39.243 0.1
      vertex 112.065 44.1706 0.1
      vertex 111.15 45.085 0.1
    endloop
  endfacet
  facet normal 0 0 1
    outer loop
      vertex 119.934 51.435 0.1
      vertex 119.934 53.721 0.1
      vertex 119.69 53.5178 0.1
    endloop
  endfacet
  facet normal 0 -0 1
    outer loop
      vertex 115.788 46.6598 0.1
      vertex 115.788 44.7802 0.1
      vertex 116.032 44.7802 0.1
    endloop
  endfacet
  facet normal 0 0 1
    outer loop
      vertex 107.163 49.784 0.1
      vertex 108.687 49.784 0.1
      vertex 107.163 50.546 0.1
    endloop
  endfacet
  facet normal 0 0 1
    outer loop
      vertex 107.163 49.784 0.1
      vertex 107.163 50.546 0.1
      vertex 100.559 57.785 0.1
    endloop
  endfacet
  facet normal 0 0 1
    outer loop
      vertex 116.078 40.767 0.1
      vertex 116.205 41.91 0.1
      vertex 113.335 45.4406 0.1
    endloop
  endfacet
  facet normal 0 -0 1
    outer loop
      vertex 117.475 43.18 0.1
      vertex 117.475 41.91 0.1
      vertex 118.339 41.91 0.1
    endloop
  endfacet
  facet normal -0 -0 1
    outer loop
      vertex 123.224 51.5188 0.1
      vertex 122.941 51.6382 0.1
      vertex 133.388 20.48 0.1
    endloop
  endfacet
  facet normal -0 0 1
    outer loop
      vertex 113.894 55.8546 0.1
      vertex 113.894 57.3786 0.1
      vertex 112.547 55.2958 0.1
    endloop
  endfacet
  facet normal 0 0 1
    outer loop
      vertex 116.205 41.91 0.1
      vertex 113.335 46.3042 0.1
      vertex 113.335 45.4406 0.1
    endloop
  endfacet
  facet normal 0 0 1
    outer loop
      vertex 116.205 43.18 0.1
      vertex 116.298 44.587 0.1
      vertex 116.071 44.6608 0.1
    endloop
  endfacet
  facet normal 0 -0 1
    outer loop
      vertex 115.421 44.6608 0.1
      vertex 115.138 44.577 0.1
      vertex 116.205 43.18 0.1
    endloop
  endfacet
  facet normal 0 -0 1
    outer loop
      vertex 120.99 44.577 0.1
      vertex 120.584 44.577 0.1
      vertex 133.388 20.48 0.1
    endloop
  endfacet
  facet normal 0 0 1
    outer loop
      vertex 119.934 51.435 0.1
      vertex 121.923 46.6598 0.1
      vertex 121.923 46.7792 0.1
    endloop
  endfacet
  facet normal 0 0 1
    outer loop
      vertex 116.721 51.5188 0.1
      vertex 116.721 51.6382 0.1
      vertex 116.683 51.6382 0.1
    endloop
  endfacet
  facet normal 0 0 1
    outer loop
      vertex 112.547 54.0258 0.1
      vertex 116.439 46.6598 0.1
      vertex 116.683 46.6598 0.1
    endloop
  endfacet
  facet normal 0 0 1
    outer loop
      vertex 112.547 54.0258 0.1
      vertex 116.683 46.6598 0.1
      vertex 116.721 46.6598 0.1
    endloop
  endfacet
  facet normal 0 0 1
    outer loop
      vertex 116.683 51.6382 0.1
      vertex 116.683 53.5178 0.1
      vertex 116.439 53.5178 0.1
    endloop
  endfacet
  facet normal 0 0 1
    outer loop
      vertex 112.547 54.0258 0.1
      vertex 116.721 46.6598 0.1
      vertex 116.721 46.7792 0.1
    endloop
  endfacet
  facet normal 0 -0 1
    outer loop
      vertex 117.983 44.7802 0.1
      vertex 117.739 44.7802 0.1
      vertex 118.022 44.6608 0.1
    endloop
  endfacet
  facet normal 0 0 1
    outer loop
      vertex 112.547 54.0258 0.1
      vertex 116.721 46.7792 0.1
      vertex 116.949 46.853 0.1
    endloop
  endfacet
  facet normal 0 0 1
    outer loop
      vertex 112.547 54.0258 0.1
      vertex 116.949 46.853 0.1
      vertex 117.089 46.6598 0.1
    endloop
  endfacet
  facet normal 0 0 1
    outer loop
      vertex 118.339 43.18 0.1
      vertex 118.672 44.6608 0.1
      vertex 118.389 44.7802 0.1
    endloop
  endfacet
  facet normal 0 -0 1
    outer loop
      vertex 116.439 51.6382 0.1
      vertex 116.298 51.445 0.1
      vertex 118.899 46.853 0.1
    endloop
  endfacet
  facet normal 0 0 1
    outer loop
      vertex 116.439 51.6382 0.1
      vertex 118.899 46.853 0.1
      vertex 119.04 46.6598 0.1
    endloop
  endfacet
  facet normal 0 0 1
    outer loop
      vertex 115.138 53.5178 0.1
      vertex 115.382 53.5178 0.1
      vertex 113.894 55.8546 0.1
    endloop
  endfacet
  facet normal -0 -0 1
    outer loop
      vertex 120.2 44.587 0.1
      vertex 119.973 44.6608 0.1
      vertex 133.388 20.48 0.1
    endloop
  endfacet
  facet normal 0 0 1
    outer loop
      vertex 117.372 44.6608 0.1
      vertex 117.372 44.7802 0.1
      vertex 117.333 44.7802 0.1
    endloop
  endfacet
  facet normal 0 -0 1
    outer loop
      vertex 115.418 57.3786 0.1
      vertex 115.418 55.8546 0.1
      vertex 116.683 53.5178 0.1
    endloop
  endfacet
  facet normal 0 0 1
    outer loop
      vertex 115.418 57.3786 0.1
      vertex 116.683 53.5178 0.1
      vertex 116.721 53.5178 0.1
    endloop
  endfacet
  facet normal 0 0 1
    outer loop
      vertex 115.418 57.3786 0.1
      vertex 116.721 53.5178 0.1
      vertex 116.721 53.6372 0.1
    endloop
  endfacet
  facet normal 0 -0 1
    outer loop
      vertex 119.634 75.692 0.1
      vertex 119.283 75.2089 0.1
      vertex 133.388 86.454 0.1
    endloop
  endfacet
  facet normal 0 0 1
    outer loop
      vertex 115.418 57.3786 0.1
      vertex 116.721 53.6372 0.1
      vertex 116.949 53.711 0.1
    endloop
  endfacet
  facet normal 0 -0 1
    outer loop
      vertex 120.99 46.863 0.1
      vertex 120.99 44.577 0.1
      vertex 121.234 44.7802 0.1
    endloop
  endfacet
  facet normal 0 0 1
    outer loop
      vertex 115.418 57.3786 0.1
      vertex 116.949 53.711 0.1
      vertex 117.089 53.5178 0.1
    endloop
  endfacet
  facet normal 0 0 1
    outer loop
      vertex 118.672 46.7792 0.1
      vertex 118.899 46.853 0.1
      vertex 116.298 51.445 0.1
    endloop
  endfacet
  facet normal 0 0 1
    outer loop
      vertex 119.973 46.7792 0.1
      vertex 120.2 46.853 0.1
      vertex 117.739 51.6382 0.1
    endloop
  endfacet
  facet normal 0 0 1
    outer loop
      vertex 118.672 46.7792 0.1
      vertex 116.298 51.445 0.1
      vertex 116.071 51.5188 0.1
    endloop
  endfacet
  facet normal 0 0 1
    outer loop
      vertex 118.633 44.7802 0.1
      vertex 118.633 46.6598 0.1
      vertex 118.389 46.6598 0.1
    endloop
  endfacet
  facet normal 0 -0 1
    outer loop
      vertex 116.683 44.7802 0.1
      vertex 116.439 44.7802 0.1
      vertex 116.721 44.6608 0.1
    endloop
  endfacet
  facet normal 0 0 1
    outer loop
      vertex 117.196 57.3786 0.1
      vertex 115.418 57.3786 0.1
      vertex 117.196 55.8546 0.1
    endloop
  endfacet
  facet normal 0 0 1
    outer loop
      vertex 133.388 86.454 0.1
      vertex 115.418 57.3786 0.1
      vertex 117.196 57.3786 0.1
    endloop
  endfacet
  facet normal 0 0 1
    outer loop
      vertex 117.089 51.6382 0.1
      vertex 119.549 46.853 0.1
      vertex 119.69 46.6598 0.1
    endloop
  endfacet
  facet normal -0 -0 1
    outer loop
      vertex 114.771 51.5188 0.1
      vertex 112.547 54.0258 0.1
      vertex 117.333 46.6598 0.1
    endloop
  endfacet
  facet normal 0 0 1
    outer loop
      vertex 114.771 51.5188 0.1
      vertex 117.333 46.6598 0.1
      vertex 117.372 46.6598 0.1
    endloop
  endfacet
  facet normal 0 0 1
    outer loop
      vertex 117.089 53.5178 0.1
      vertex 117.333 53.5178 0.1
      vertex 115.418 57.3786 0.1
    endloop
  endfacet
  facet normal 0 0 1
    outer loop
      vertex 114.771 51.5188 0.1
      vertex 117.372 46.6598 0.1
      vertex 117.372 46.7792 0.1
    endloop
  endfacet
  facet normal 0 0 1
    outer loop
      vertex 116.721 44.6608 0.1
      vertex 116.721 44.7802 0.1
      vertex 116.683 44.7802 0.1
    endloop
  endfacet
  facet normal 0 0 1
    outer loop
      vertex 114.732 51.6382 0.1
      vertex 114.732 53.5178 0.1
      vertex 112.547 55.2958 0.1
    endloop
  endfacet
  facet normal 0 -0 1
    outer loop
      vertex 119.04 46.6598 0.1
      vertex 119.04 44.7802 0.1
      vertex 119.283 44.7802 0.1
    endloop
  endfacet
  facet normal 0 -0 1
    outer loop
      vertex 117.089 53.5178 0.1
      vertex 117.089 51.6382 0.1
      vertex 117.333 51.6382 0.1
    endloop
  endfacet
  facet normal 0 -0 1
    outer loop
      vertex 117.333 51.6382 0.1
      vertex 117.089 51.6382 0.1
      vertex 117.372 51.5188 0.1
    endloop
  endfacet
  facet normal 0 -0 1
    outer loop
      vertex 117.089 51.6382 0.1
      vertex 116.949 51.445 0.1
      vertex 119.549 46.853 0.1
    endloop
  endfacet
  facet normal -0 -0 1
    outer loop
      vertex 117.599 51.445 0.1
      vertex 117.372 51.5188 0.1
      vertex 119.934 46.6598 0.1
    endloop
  endfacet
  facet normal -0 -0 1
    outer loop
      vertex 117.196 55.8546 0.1
      vertex 115.418 57.3786 0.1
      vertex 117.333 53.5178 0.1
    endloop
  endfacet
  facet normal 0 0 1
    outer loop
      vertex 117.196 55.8546 0.1
      vertex 117.333 53.5178 0.1
      vertex 117.372 53.5178 0.1
    endloop
  endfacet
  facet normal 0 0 1
    outer loop
      vertex 117.983 44.7802 0.1
      vertex 117.983 46.6598 0.1
      vertex 117.739 46.6598 0.1
    endloop
  endfacet
  facet normal 0 0 1
    outer loop
      vertex 117.196 55.8546 0.1
      vertex 117.372 53.5178 0.1
      vertex 117.372 53.6372 0.1
    endloop
  endfacet
  facet normal 0 -0 1
    outer loop
      vertex 118.389 46.6598 0.1
      vertex 118.389 44.7802 0.1
      vertex 118.633 44.7802 0.1
    endloop
  endfacet
  facet normal 0 0 1
    outer loop
      vertex 117.196 55.8546 0.1
      vertex 117.372 53.6372 0.1
      vertex 117.599 53.711 0.1
    endloop
  endfacet
  facet normal 0 -0 1
    outer loop
      vertex 119.283 51.6382 0.1
      vertex 119.04 51.6382 0.1
      vertex 119.322 51.5188 0.1
    endloop
  endfacet
  facet normal 0 0 1
    outer loop
      vertex 117.196 55.8546 0.1
      vertex 117.599 53.711 0.1
      vertex 117.739 53.5178 0.1
    endloop
  endfacet
  facet normal 0 -0 1
    outer loop
      vertex 119.04 44.7802 0.1
      vertex 118.899 44.587 0.1
      vertex 133.388 20.48 0.1
    endloop
  endfacet
  facet normal -0 -0 1
    outer loop
      vertex 119.973 44.6608 0.1
      vertex 119.69 44.7802 0.1
      vertex 133.388 20.48 0.1
    endloop
  endfacet
  facet normal 0 0 1
    outer loop
      vertex 118.672 44.6608 0.1
      vertex 118.672 44.7802 0.1
      vertex 118.633 44.7802 0.1
    endloop
  endfacet
  facet normal 0 0 1
    outer loop
      vertex 116.439 53.5178 0.1
      vertex 116.683 53.5178 0.1
      vertex 115.418 55.8546 0.1
    endloop
  endfacet
  facet normal 0 0 1
    outer loop
      vertex 117.983 51.6382 0.1
      vertex 117.983 53.5178 0.1
      vertex 117.739 53.5178 0.1
    endloop
  endfacet
  facet normal 0 -0 1
    outer loop
      vertex 115.138 51.6382 0.1
      vertex 114.998 51.445 0.1
      vertex 117.983 46.6598 0.1
    endloop
  endfacet
  facet normal 0 -0 1
    outer loop
      vertex 119.04 51.6382 0.1
      vertex 118.899 51.445 0.1
      vertex 121.234 46.6598 0.1
    endloop
  endfacet
  facet normal 0 0 1
    outer loop
      vertex 115.138 51.6382 0.1
      vertex 117.983 46.6598 0.1
      vertex 118.022 46.6598 0.1
    endloop
  endfacet
  facet normal 0 0 1
    outer loop
      vertex 121.273 51.5188 0.1
      vertex 121.273 51.6382 0.1
      vertex 121.234 51.6382 0.1
    endloop
  endfacet
  facet normal -0 -0 1
    outer loop
      vertex 115.421 51.5188 0.1
      vertex 115.138 51.6382 0.1
      vertex 118.022 46.7792 0.1
    endloop
  endfacet
  facet normal -0 -0 1
    outer loop
      vertex 123.451 44.587 0.1
      vertex 123.224 44.6608 0.1
      vertex 133.388 20.48 0.1
    endloop
  endfacet
  facet normal 0 0 1
    outer loop
      vertex 115.648 51.445 0.1
      vertex 118.249 46.853 0.1
      vertex 118.389 46.6598 0.1
    endloop
  endfacet
  facet normal -0 -0 1
    outer loop
      vertex 118.899 44.587 0.1
      vertex 118.672 44.6608 0.1
      vertex 119.609 43.18 0.1
    endloop
  endfacet
  facet normal 0 -0 1
    outer loop
      vertex 117.739 53.5178 0.1
      vertex 117.739 51.6382 0.1
      vertex 117.983 51.6382 0.1
    endloop
  endfacet
  facet normal 0 -0 1
    outer loop
      vertex 121.273 44.6608 0.1
      vertex 120.99 44.577 0.1
      vertex 133.388 20.48 0.1
    endloop
  endfacet
  facet normal 0 0 1
    outer loop
      vertex 120.584 46.863 0.1
      vertex 120.99 46.863 0.1
      vertex 118.899 51.445 0.1
    endloop
  endfacet
  facet normal 0 0 1
    outer loop
      vertex 118.022 51.5188 0.1
      vertex 118.022 51.6382 0.1
      vertex 117.983 51.6382 0.1
    endloop
  endfacet
  facet normal 0 -0 1
    outer loop
      vertex 120.34 44.7802 0.1
      vertex 120.2 44.587 0.1
      vertex 133.388 20.48 0.1
    endloop
  endfacet
  facet normal 0 -0 1
    outer loop
      vertex 121.884 44.7802 0.1
      vertex 121.641 44.7802 0.1
      vertex 121.923 44.6608 0.1
    endloop
  endfacet
  facet normal -0 -0 1
    outer loop
      vertex 119.322 44.6608 0.1
      vertex 119.04 44.7802 0.1
      vertex 133.388 20.48 0.1
    endloop
  endfacet
  facet normal 0 0 1
    outer loop
      vertex 118.339 43.18 0.1
      vertex 117.599 44.587 0.1
      vertex 117.372 44.6608 0.1
    endloop
  endfacet
  facet normal 0 0 1
    outer loop
      vertex 117.196 55.8546 0.1
      vertex 117.739 53.5178 0.1
      vertex 117.983 53.5178 0.1
    endloop
  endfacet
  facet normal 0 0 1
    outer loop
      vertex 117.196 55.8546 0.1
      vertex 117.983 53.5178 0.1
      vertex 118.022 53.5178 0.1
    endloop
  endfacet
  facet normal 0 0 1
    outer loop
      vertex 119.973 44.6608 0.1
      vertex 119.973 44.7802 0.1
      vertex 119.934 44.7802 0.1
    endloop
  endfacet
  facet normal 0 0 1
    outer loop
      vertex 117.196 55.8546 0.1
      vertex 118.022 53.5178 0.1
      vertex 118.022 53.6372 0.1
    endloop
  endfacet
  facet normal 0 0 1
    outer loop
      vertex 118.72 55.8546 0.1
      vertex 117.196 55.8546 0.1
      vertex 118.249 53.711 0.1
    endloop
  endfacet
  facet normal 0 0 1
    outer loop
      vertex 118.72 55.8546 0.1
      vertex 118.249 53.711 0.1
      vertex 118.389 53.5178 0.1
    endloop
  endfacet
  facet normal 0 -0 1
    outer loop
      vertex 118.633 44.7802 0.1
      vertex 118.389 44.7802 0.1
      vertex 118.672 44.6608 0.1
    endloop
  endfacet
  facet normal 0 0 1
    outer loop
      vertex 121.923 44.6608 0.1
      vertex 121.923 44.7802 0.1
      vertex 121.884 44.7802 0.1
    endloop
  endfacet
  facet normal 0 0 1
    outer loop
      vertex 117.333 44.7802 0.1
      vertex 117.333 46.6598 0.1
      vertex 117.089 46.6598 0.1
    endloop
  endfacet
  facet normal 0 0 1
    outer loop
      vertex 117.089 46.6598 0.1
      vertex 117.333 46.6598 0.1
      vertex 112.547 54.0258 0.1
    endloop
  endfacet
  facet normal 0 0 1
    outer loop
      vertex 118.339 41.91 0.1
      vertex 116.949 44.587 0.1
      vertex 116.721 44.6608 0.1
    endloop
  endfacet
  facet normal 0 0 1
    outer loop
      vertex 119.609 43.18 0.1
      vertex 120.904 40.767 0.1
      vertex 133.388 20.48 0.1
    endloop
  endfacet
  facet normal 0 0 1
    outer loop
      vertex 116.071 51.5188 0.1
      vertex 118.672 46.6598 0.1
      vertex 118.672 46.7792 0.1
    endloop
  endfacet
  facet normal 0 0 1
    outer loop
      vertex 116.071 51.5188 0.1
      vertex 116.071 51.6382 0.1
      vertex 116.032 51.6382 0.1
    endloop
  endfacet
  facet normal 0 0 1
    outer loop
      vertex 118.899 44.587 0.1
      vertex 119.609 43.18 0.1
      vertex 133.388 20.48 0.1
    endloop
  endfacet
  facet normal 0 -0 1
    outer loop
      vertex 118.389 51.6382 0.1
      vertex 118.249 51.445 0.1
      vertex 120.584 46.863 0.1
    endloop
  endfacet
  facet normal 0 0 1
    outer loop
      vertex 118.022 46.7792 0.1
      vertex 118.249 46.853 0.1
      vertex 115.648 51.445 0.1
    endloop
  endfacet
  facet normal 0 0 1
    outer loop
      vertex 115.421 44.6608 0.1
      vertex 115.421 44.7802 0.1
      vertex 115.382 44.7802 0.1
    endloop
  endfacet
  facet normal 0 0 1
    outer loop
      vertex 115.382 44.7802 0.1
      vertex 115.382 46.6598 0.1
      vertex 115.138 46.863 0.1
    endloop
  endfacet
  facet normal 0 0 1
    outer loop
      vertex 120.584 46.863 0.1
      vertex 118.899 51.445 0.1
      vertex 118.672 51.5188 0.1
    endloop
  endfacet
  facet normal 0 -0 1
    outer loop
      vertex 123.591 53.5178 0.1
      vertex 123.591 51.6382 0.1
      vertex 133.388 20.48 0.1
    endloop
  endfacet
  facet normal 0 -0 1
    outer loop
      vertex 123.185 44.7802 0.1
      vertex 122.941 44.7802 0.1
      vertex 123.224 44.6608 0.1
    endloop
  endfacet
  facet normal 0 0 1
    outer loop
      vertex 119.04 51.6382 0.1
      vertex 121.234 46.6598 0.1
      vertex 121.273 46.6598 0.1
    endloop
  endfacet
  facet normal 0 -0 1
    outer loop
      vertex 119.69 44.7802 0.1
      vertex 119.549 44.587 0.1
      vertex 133.388 20.48 0.1
    endloop
  endfacet
  facet normal 0 0 1
    outer loop
      vertex 117.333 51.6382 0.1
      vertex 117.333 53.5178 0.1
      vertex 117.089 53.5178 0.1
    endloop
  endfacet
  facet normal 0 0 1
    outer loop
      vertex 118.022 46.7792 0.1
      vertex 115.648 51.445 0.1
      vertex 115.421 51.5188 0.1
    endloop
  endfacet
  facet normal 0 0 1
    outer loop
      vertex 118.672 51.5188 0.1
      vertex 118.672 51.6382 0.1
      vertex 118.633 51.6382 0.1
    endloop
  endfacet
  facet normal 0 0 1
    outer loop
      vertex 118.72 55.8546 0.1
      vertex 118.389 53.5178 0.1
      vertex 118.633 53.5178 0.1
    endloop
  endfacet
  facet normal 0 0 1
    outer loop
      vertex 118.672 53.6372 0.1
      vertex 118.633 53.5178 0.1
      vertex 118.672 53.5178 0.1
    endloop
  endfacet
  facet normal 0 0 1
    outer loop
      vertex 118.72 55.8546 0.1
      vertex 118.633 53.5178 0.1
      vertex 118.672 53.6372 0.1
    endloop
  endfacet
  facet normal 0 -0 1
    outer loop
      vertex 119.69 53.5178 0.1
      vertex 119.69 51.6382 0.1
      vertex 119.934 51.435 0.1
    endloop
  endfacet
  facet normal 0 0 1
    outer loop
      vertex 119.549 53.711 0.1
      vertex 119.69 53.5178 0.1
      vertex 118.72 55.8546 0.1
    endloop
  endfacet
  facet normal 0 0 1
    outer loop
      vertex 118.72 55.8546 0.1
      vertex 118.899 53.711 0.1
      vertex 119.04 53.5178 0.1
    endloop
  endfacet
  facet normal 0 0 1
    outer loop
      vertex 118.339 41.91 0.1
      vertex 118.339 43.18 0.1
      vertex 117.089 44.7802 0.1
    endloop
  endfacet
  facet normal -0 -0 1
    outer loop
      vertex 119.934 51.435 0.1
      vertex 119.69 51.6382 0.1
      vertex 121.884 46.6598 0.1
    endloop
  endfacet
  facet normal 0 0 1
    outer loop
      vertex 119.609 41.91 0.1
      vertex 118.339 41.91 0.1
      vertex 119.38 40.767 0.1
    endloop
  endfacet
  facet normal 0 -0 1
    outer loop
      vertex 118.389 53.5178 0.1
      vertex 118.389 51.6382 0.1
      vertex 118.633 51.6382 0.1
    endloop
  endfacet
  facet normal -0 -0 1
    outer loop
      vertex 121.923 44.6608 0.1
      vertex 121.641 44.7802 0.1
      vertex 133.388 20.48 0.1
    endloop
  endfacet
  facet normal 0 0 1
    outer loop
      vertex 109.88 44.2214 0.1
      vertex 111.15 44.2214 0.1
      vertex 109.88 45.085 0.1
    endloop
  endfacet
  facet normal -0 0 1
    outer loop
      vertex 95.25 60.325 0.1
      vertex 95.25 61.595 0.1
      vertex 94.3864 60.325 0.1
    endloop
  endfacet
  facet normal 0 0 1
    outer loop
      vertex 92.71 59.055 0.1
      vertex 93.98 59.055 0.1
      vertex 95.25 60.325 0.1
    endloop
  endfacet
  facet normal 0 0 1
    outer loop
      vertex 98.0948 30.861 0.1
      vertex 95.6818 32.1818 0.1
      vertex 96.9518 31.3182 0.1
    endloop
  endfacet
  facet normal 0 0 1
    outer loop
      vertex 122.573 44.6608 0.1
      vertex 122.573 44.7802 0.1
      vertex 122.535 44.7802 0.1
    endloop
  endfacet
  facet normal 0 0 1
    outer loop
      vertex 107.163 44.704 0.1
      vertex 107.163 45.466 0.1
      vertex 99.6696 52.324 0.1
    endloop
  endfacet
  facet normal 0 0 1
    outer loop
      vertex 121.923 46.7792 0.1
      vertex 120.34 51.435 0.1
      vertex 119.934 51.435 0.1
    endloop
  endfacet
  facet normal 0 0 1
    outer loop
      vertex 119.38 39.243 0.1
      vertex 119.38 40.767 0.1
      vertex 118.339 41.91 0.1
    endloop
  endfacet
  facet normal 0 0 1
    outer loop
      vertex 117.372 46.7792 0.1
      vertex 117.599 46.853 0.1
      vertex 114.771 51.5188 0.1
    endloop
  endfacet
  facet normal 0 0 1
    outer loop
      vertex 119.322 46.7792 0.1
      vertex 119.549 46.853 0.1
      vertex 116.949 51.445 0.1
    endloop
  endfacet
  facet normal 0 0 1
    outer loop
      vertex 116.721 51.5188 0.1
      vertex 119.283 46.6598 0.1
      vertex 119.322 46.6598 0.1
    endloop
  endfacet
  facet normal 0 -0 1
    outer loop
      vertex 116.439 53.5178 0.1
      vertex 116.439 51.6382 0.1
      vertex 116.683 51.6382 0.1
    endloop
  endfacet
  facet normal 0 -0 1
    outer loop
      vertex 116.439 46.6598 0.1
      vertex 116.439 44.7802 0.1
      vertex 116.683 44.7802 0.1
    endloop
  endfacet
  facet normal -0 -0 1
    outer loop
      vertex 119.38 39.243 0.1
      vertex 117.602 40.767 0.1
      vertex 133.388 20.48 0.1
    endloop
  endfacet
  facet normal 0 -0 1
    outer loop
      vertex 120.904 40.767 0.1
      vertex 120.904 39.243 0.1
      vertex 133.388 20.48 0.1
    endloop
  endfacet
  facet normal 0 0 1
    outer loop
      vertex 119.973 46.7792 0.1
      vertex 117.739 51.6382 0.1
      vertex 117.599 51.445 0.1
    endloop
  endfacet
  facet normal 0 -0 1
    outer loop
      vertex 117.475 41.91 0.1
      vertex 116.205 41.91 0.1
      vertex 117.602 40.767 0.1
    endloop
  endfacet
  facet normal -0 -0 1
    outer loop
      vertex 114.998 51.445 0.1
      vertex 114.771 51.5188 0.1
      vertex 117.599 46.853 0.1
    endloop
  endfacet
  facet normal 0 0 1
    outer loop
      vertex 115.421 51.5188 0.1
      vertex 115.421 51.6382 0.1
      vertex 115.382 51.6382 0.1
    endloop
  endfacet
  facet normal 0 0 1
    outer loop
      vertex 119.322 51.5188 0.1
      vertex 119.322 51.6382 0.1
      vertex 119.283 51.6382 0.1
    endloop
  endfacet
  facet normal 0 -0 1
    outer loop
      vertex 120.904 39.243 0.1
      vertex 119.38 39.243 0.1
      vertex 133.388 20.48 0.1
    endloop
  endfacet
  facet normal 0 0 1
    outer loop
      vertex 118.72 55.8546 0.1
      vertex 119.04 53.5178 0.1
      vertex 119.283 53.5178 0.1
    endloop
  endfacet
  facet normal 0 0 1
    outer loop
      vertex 119.69 46.6598 0.1
      vertex 117.372 51.5188 0.1
      vertex 117.089 51.6382 0.1
    endloop
  endfacet
  facet normal 0 0 1
    outer loop
      vertex 118.72 55.8546 0.1
      vertex 119.283 53.5178 0.1
      vertex 119.322 53.5178 0.1
    endloop
  endfacet
  facet normal 0 0 1
    outer loop
      vertex 119.69 46.6598 0.1
      vertex 119.934 46.6598 0.1
      vertex 117.372 51.5188 0.1
    endloop
  endfacet
  facet normal 0 0 1
    outer loop
      vertex 118.72 55.8546 0.1
      vertex 119.322 53.5178 0.1
      vertex 119.322 53.6372 0.1
    endloop
  endfacet
  facet normal 0 0 1
    outer loop
      vertex 118.72 55.8546 0.1
      vertex 119.322 53.6372 0.1
      vertex 119.549 53.711 0.1
    endloop
  endfacet
  facet normal 0 -0 1
    outer loop
      vertex 120.99 51.6382 0.1
      vertex 120.85 51.445 0.1
      vertex 122.801 46.853 0.1
    endloop
  endfacet
  facet normal 0 -0 1
    outer loop
      vertex 118.72 57.3786 0.1
      vertex 118.72 55.8546 0.1
      vertex 119.69 53.5178 0.1
    endloop
  endfacet
  facet normal 0 -0 1
    outer loop
      vertex 122.535 51.6382 0.1
      vertex 122.291 51.6382 0.1
      vertex 122.573 51.5188 0.1
    endloop
  endfacet
  facet normal 0 0 1
    outer loop
      vertex 119.04 46.6598 0.1
      vertex 119.283 46.6598 0.1
      vertex 116.439 51.6382 0.1
    endloop
  endfacet
  facet normal 0 -0 1
    outer loop
      vertex 123.591 46.6598 0.1
      vertex 123.591 44.7802 0.1
      vertex 133.388 20.48 0.1
    endloop
  endfacet
  facet normal 0 0 1
    outer loop
      vertex 119.38 39.243 0.1
      vertex 118.339 41.91 0.1
      vertex 117.475 41.91 0.1
    endloop
  endfacet
  facet normal 0 0 1
    outer loop
      vertex 118.672 53.6372 0.1
      vertex 118.899 53.711 0.1
      vertex 118.72 55.8546 0.1
    endloop
  endfacet
  facet normal 0 -0 1
    outer loop
      vertex 121.641 44.7802 0.1
      vertex 121.5 44.587 0.1
      vertex 133.388 20.48 0.1
    endloop
  endfacet
  facet normal 0 -0 1
    outer loop
      vertex 122.535 44.7802 0.1
      vertex 122.291 44.7802 0.1
      vertex 122.573 44.6608 0.1
    endloop
  endfacet
  facet normal 0 0 1
    outer loop
      vertex 116.205 43.18 0.1
      vertex 117.475 43.18 0.1
      vertex 116.298 44.587 0.1
    endloop
  endfacet
  facet normal 0 0 1
    outer loop
      vertex 118.339 43.18 0.1
      vertex 118.022 44.6608 0.1
      vertex 117.739 44.7802 0.1
    endloop
  endfacet
  facet normal 0 0 1
    outer loop
      vertex 117.372 51.5188 0.1
      vertex 117.372 51.6382 0.1
      vertex 117.333 51.6382 0.1
    endloop
  endfacet
  facet normal 0 0 1
    outer loop
      vertex 118.389 46.6598 0.1
      vertex 115.788 51.6382 0.1
      vertex 115.648 51.445 0.1
    endloop
  endfacet
  facet normal 0 0 1
    outer loop
      vertex 118.339 43.18 0.1
      vertex 119.609 43.18 0.1
      vertex 118.672 44.6608 0.1
    endloop
  endfacet
  facet normal 0 -0 1
    outer loop
      vertex 120.34 53.721 0.1
      vertex 120.34 51.435 0.1
      vertex 120.584 51.6382 0.1
    endloop
  endfacet
  facet normal 0 0 1
    outer loop
      vertex 121.5 51.445 0.1
      vertex 123.224 46.6598 0.1
      vertex 123.224 46.7792 0.1
    endloop
  endfacet
  facet normal 0 0 1
    outer loop
      vertex 118.022 53.6372 0.1
      vertex 118.249 53.711 0.1
      vertex 117.196 55.8546 0.1
    endloop
  endfacet
  facet normal 0 0 1
    outer loop
      vertex 120.584 51.6382 0.1
      vertex 120.584 53.5178 0.1
      vertex 120.34 53.721 0.1
    endloop
  endfacet
  facet normal 0 -0 1
    outer loop
      vertex 120.584 51.6382 0.1
      vertex 120.34 51.435 0.1
      vertex 120.623 51.5188 0.1
    endloop
  endfacet
  facet normal 0 0 1
    outer loop
      vertex 117.599 51.445 0.1
      vertex 119.973 46.6598 0.1
      vertex 119.973 46.7792 0.1
    endloop
  endfacet
  facet normal 0 0 1
    outer loop
      vertex 120.584 44.577 0.1
      vertex 120.584 46.863 0.1
      vertex 120.34 46.6598 0.1
    endloop
  endfacet
  facet normal -0 -0 1
    outer loop
      vertex 118.022 51.5188 0.1
      vertex 117.739 51.6382 0.1
      vertex 120.2 46.853 0.1
    endloop
  endfacet
  facet normal 0 0 1
    outer loop
      vertex 118.022 51.5188 0.1
      vertex 120.2 46.853 0.1
      vertex 120.34 46.6598 0.1
    endloop
  endfacet
  facet normal 0 0 1
    outer loop
      vertex 117.196 57.3786 0.1
      vertex 118.72 57.3786 0.1
      vertex 133.388 86.454 0.1
    endloop
  endfacet
  facet normal 0 -0 1
    outer loop
      vertex 121.234 44.7802 0.1
      vertex 120.99 44.577 0.1
      vertex 121.273 44.6608 0.1
    endloop
  endfacet
  facet normal 0 0 1
    outer loop
      vertex 118.72 57.3786 0.1
      vertex 119.69 53.5178 0.1
      vertex 119.934 53.721 0.1
    endloop
  endfacet
  facet normal 0 0 1
    outer loop
      vertex 120.623 53.6372 0.1
      vertex 120.85 53.711 0.1
      vertex 121.92 56.515 0.1
    endloop
  endfacet
  facet normal -0 0 1
    outer loop
      vertex 120.65 56.515 0.1
      vertex 118.72 57.3786 0.1
      vertex 120.34 53.721 0.1
    endloop
  endfacet
  facet normal 0 0 1
    outer loop
      vertex 118.022 44.6608 0.1
      vertex 118.022 44.7802 0.1
      vertex 117.983 44.7802 0.1
    endloop
  endfacet
  facet normal 0 0 1
    outer loop
      vertex 121.234 51.6382 0.1
      vertex 121.234 53.5178 0.1
      vertex 120.99 53.5178 0.1
    endloop
  endfacet
  facet normal 0 0 1
    outer loop
      vertex 119.283 75.2089 0.1
      vertex 110.896 69.215 0.1
      vertex 111.76 69.215 0.1
    endloop
  endfacet
  facet normal 0 -0 1
    outer loop
      vertex 117.089 46.6598 0.1
      vertex 117.089 44.7802 0.1
      vertex 117.333 44.7802 0.1
    endloop
  endfacet
  facet normal 0 -0 1
    outer loop
      vertex 117.333 44.7802 0.1
      vertex 117.089 44.7802 0.1
      vertex 117.372 44.6608 0.1
    endloop
  endfacet
  facet normal 0 0 1
    outer loop
      vertex 121.92 56.515 0.1
      vertex 120.34 53.721 0.1
      vertex 120.623 53.6372 0.1
    endloop
  endfacet
  facet normal -0 0 1
    outer loop
      vertex 120.623 53.6372 0.1
      vertex 120.34 53.721 0.1
      vertex 120.584 53.5178 0.1
    endloop
  endfacet
  facet normal 0 0 1
    outer loop
      vertex 120.99 46.863 0.1
      vertex 121.234 46.6598 0.1
      vertex 118.899 51.445 0.1
    endloop
  endfacet
  facet normal 0 0 1
    outer loop
      vertex 120.65 57.785 0.1
      vertex 121.92 57.785 0.1
      vertex 121.92 58.6486 0.1
    endloop
  endfacet
  facet normal -0 -0 1
    outer loop
      vertex 121.5 44.587 0.1
      vertex 121.273 44.6608 0.1
      vertex 133.388 20.48 0.1
    endloop
  endfacet
  facet normal 0 -0 1
    outer loop
      vertex 121.641 53.5178 0.1
      vertex 121.641 51.6382 0.1
      vertex 121.884 51.6382 0.1
    endloop
  endfacet
  facet normal 0 -0 1
    outer loop
      vertex 122.291 51.6382 0.1
      vertex 122.15 51.445 0.1
      vertex 133.388 20.48 0.1
    endloop
  endfacet
  facet normal 0 0 1
    outer loop
      vertex 133.388 86.454 0.1
      vertex 120.85 53.711 0.1
      vertex 120.99 53.5178 0.1
    endloop
  endfacet
  facet normal 0 0 1
    outer loop
      vertex 123.224 46.7792 0.1
      vertex 121.641 51.6382 0.1
      vertex 121.5 51.445 0.1
    endloop
  endfacet
  facet normal 0 -0 1
    outer loop
      vertex 121.92 57.785 0.1
      vertex 121.92 56.515 0.1
      vertex 133.388 86.454 0.1
    endloop
  endfacet
  facet normal 0 -0 1
    outer loop
      vertex 123.185 51.6382 0.1
      vertex 122.941 51.6382 0.1
      vertex 123.224 51.5188 0.1
    endloop
  endfacet
  facet normal 0 0 1
    outer loop
      vertex 120.34 46.6598 0.1
      vertex 118.249 51.445 0.1
      vertex 118.022 51.5188 0.1
    endloop
  endfacet
  facet normal 0 0 1
    outer loop
      vertex 123.185 51.6382 0.1
      vertex 123.185 53.5178 0.1
      vertex 122.941 53.5178 0.1
    endloop
  endfacet
  facet normal 0 0 1
    outer loop
      vertex 120.65 57.785 0.1
      vertex 118.72 57.3786 0.1
      vertex 120.65 56.515 0.1
    endloop
  endfacet
  facet normal 0 0 1
    outer loop
      vertex 120.65 58.6486 0.1
      vertex 118.72 57.3786 0.1
      vertex 120.65 57.785 0.1
    endloop
  endfacet
  facet normal 0 -0 1
    outer loop
      vertex 121.92 59.9186 0.1
      vertex 121.92 58.6486 0.1
      vertex 133.388 86.454 0.1
    endloop
  endfacet
  facet normal 0 0 1
    outer loop
      vertex 121.923 51.5188 0.1
      vertex 121.923 51.6382 0.1
      vertex 121.884 51.6382 0.1
    endloop
  endfacet
  facet normal 0 0 1
    outer loop
      vertex 133.388 86.454 0.1
      vertex 121.92 56.515 0.1
      vertex 120.85 53.711 0.1
    endloop
  endfacet
  facet normal 0 0 1
    outer loop
      vertex 120.65 59.9186 0.1
      vertex 118.72 57.3786 0.1
      vertex 120.65 58.6486 0.1
    endloop
  endfacet
  facet normal 0 0 1
    outer loop
      vertex 133.388 86.454 0.1
      vertex 118.72 57.3786 0.1
      vertex 120.65 59.9186 0.1
    endloop
  endfacet
  facet normal 0 0 1
    outer loop
      vertex 121.92 58.6486 0.1
      vertex 120.65 58.6486 0.1
      vertex 120.65 57.785 0.1
    endloop
  endfacet
  facet normal 0 0 1
    outer loop
      vertex 120.65 59.9186 0.1
      vertex 121.92 59.9186 0.1
      vertex 133.388 86.454 0.1
    endloop
  endfacet
  facet normal 0 0 1
    outer loop
      vertex 133.388 86.454 0.1
      vertex 121.92 58.6486 0.1
      vertex 121.92 57.785 0.1
    endloop
  endfacet
  facet normal 0 0 1
    outer loop
      vertex 120.34 46.6598 0.1
      vertex 120.584 46.863 0.1
      vertex 118.249 51.445 0.1
    endloop
  endfacet
  facet normal 0 0 1
    outer loop
      vertex 119.38 40.767 0.1
      vertex 120.904 40.767 0.1
      vertex 119.609 41.91 0.1
    endloop
  endfacet
  facet normal 0 0 1
    outer loop
      vertex 119.04 51.6382 0.1
      vertex 121.273 46.6598 0.1
      vertex 121.273 46.7792 0.1
    endloop
  endfacet
  facet normal 0 -0 1
    outer loop
      vertex 121.884 51.6382 0.1
      vertex 121.641 51.6382 0.1
      vertex 121.923 51.5188 0.1
    endloop
  endfacet
  facet normal 0 0 1
    outer loop
      vertex 119.549 51.445 0.1
      vertex 121.5 46.853 0.1
      vertex 121.641 46.6598 0.1
    endloop
  endfacet
  facet normal 0 0 1
    outer loop
      vertex 117.739 46.6598 0.1
      vertex 117.983 46.6598 0.1
      vertex 114.998 51.445 0.1
    endloop
  endfacet
  facet normal 0 -0 1
    outer loop
      vertex 122.291 44.7802 0.1
      vertex 122.15 44.587 0.1
      vertex 133.388 20.48 0.1
    endloop
  endfacet
  facet normal 0 0 1
    outer loop
      vertex 118.339 41.91 0.1
      vertex 117.089 44.7802 0.1
      vertex 116.949 44.587 0.1
    endloop
  endfacet
  facet normal 0 0 1
    outer loop
      vertex 121.5 51.445 0.1
      vertex 123.185 46.6598 0.1
      vertex 123.224 46.6598 0.1
    endloop
  endfacet
  facet normal 0 0 1
    outer loop
      vertex 120.584 46.863 0.1
      vertex 118.672 51.5188 0.1
      vertex 118.389 51.6382 0.1
    endloop
  endfacet
  facet normal 0 0 1
    outer loop
      vertex 121.923 51.5188 0.1
      vertex 123.451 46.853 0.1
      vertex 123.591 46.6598 0.1
    endloop
  endfacet
  facet normal -0 -0 1
    outer loop
      vertex 122.15 44.587 0.1
      vertex 121.923 44.6608 0.1
      vertex 133.388 20.48 0.1
    endloop
  endfacet
  facet normal 0 0 1
    outer loop
      vertex 121.273 53.6372 0.1
      vertex 120.99 53.5178 0.1
      vertex 121.234 53.5178 0.1
    endloop
  endfacet
  facet normal 0 0 1
    outer loop
      vertex 121.273 53.6372 0.1
      vertex 121.5 53.711 0.1
      vertex 133.388 86.454 0.1
    endloop
  endfacet
  facet normal 0 0 1
    outer loop
      vertex 133.388 86.454 0.1
      vertex 120.99 53.5178 0.1
      vertex 121.273 53.6372 0.1
    endloop
  endfacet
  facet normal 0 0 1
    outer loop
      vertex 121.641 46.6598 0.1
      vertex 121.884 46.6598 0.1
      vertex 119.69 51.6382 0.1
    endloop
  endfacet
  facet normal 0 0 1
    outer loop
      vertex 133.388 86.454 0.1
      vertex 121.5 53.711 0.1
      vertex 121.641 53.5178 0.1
    endloop
  endfacet
  facet normal 0 -0 1
    outer loop
      vertex 121.641 46.6598 0.1
      vertex 121.641 44.7802 0.1
      vertex 121.884 44.7802 0.1
    endloop
  endfacet
  facet normal 0 0 1
    outer loop
      vertex 121.234 44.7802 0.1
      vertex 121.234 46.6598 0.1
      vertex 120.99 46.863 0.1
    endloop
  endfacet
  facet normal -0 0 1
    outer loop
      vertex 120.623 53.5178 0.1
      vertex 120.623 53.6372 0.1
      vertex 120.584 53.5178 0.1
    endloop
  endfacet
  facet normal -0 -0 1
    outer loop
      vertex 122.573 44.6608 0.1
      vertex 122.291 44.7802 0.1
      vertex 133.388 20.48 0.1
    endloop
  endfacet
  facet normal -0 -0 1
    outer loop
      vertex 120.85 51.445 0.1
      vertex 120.623 51.5188 0.1
      vertex 122.573 46.7792 0.1
    endloop
  endfacet
  facet normal -0 -0 1
    outer loop
      vertex 122.573 51.5188 0.1
      vertex 122.291 51.6382 0.1
      vertex 133.388 20.48 0.1
    endloop
  endfacet
  facet normal 0 0 1
    outer loop
      vertex 119.283 44.7802 0.1
      vertex 119.283 46.6598 0.1
      vertex 119.04 46.6598 0.1
    endloop
  endfacet
  facet normal 0 -0 1
    outer loop
      vertex 119.69 46.6598 0.1
      vertex 119.69 44.7802 0.1
      vertex 119.934 44.7802 0.1
    endloop
  endfacet
  facet normal 0 -0 1
    outer loop
      vertex 119.934 44.7802 0.1
      vertex 119.69 44.7802 0.1
      vertex 119.973 44.6608 0.1
    endloop
  endfacet
  facet normal 0 -0 1
    outer loop
      vertex 123.591 44.7802 0.1
      vertex 123.451 44.587 0.1
      vertex 133.388 20.48 0.1
    endloop
  endfacet
  facet normal 0 0 1
    outer loop
      vertex 119.934 44.7802 0.1
      vertex 119.934 46.6598 0.1
      vertex 119.69 46.6598 0.1
    endloop
  endfacet
  facet normal 0 -0 1
    outer loop
      vertex 119.04 53.5178 0.1
      vertex 119.04 51.6382 0.1
      vertex 119.283 51.6382 0.1
    endloop
  endfacet
  facet normal 0 0 1
    outer loop
      vertex 118.339 43.18 0.1
      vertex 117.739 44.7802 0.1
      vertex 117.599 44.587 0.1
    endloop
  endfacet
  facet normal 0 -0 1
    outer loop
      vertex 122.291 46.6598 0.1
      vertex 122.291 44.7802 0.1
      vertex 122.535 44.7802 0.1
    endloop
  endfacet
  facet normal 0 -0 1
    outer loop
      vertex 118.633 51.6382 0.1
      vertex 118.389 51.6382 0.1
      vertex 118.672 51.5188 0.1
    endloop
  endfacet
  facet normal 0 0 1
    outer loop
      vertex 121.273 46.7792 0.1
      vertex 119.322 51.5188 0.1
      vertex 119.04 51.6382 0.1
    endloop
  endfacet
  facet normal 0 0 1
    outer loop
      vertex 121.273 46.7792 0.1
      vertex 121.5 46.853 0.1
      vertex 119.322 51.5188 0.1
    endloop
  endfacet
  facet normal 0 0 1
    outer loop
      vertex 122.271 31.2866 0.1
      vertex 122.839 31.4711 0.1
      vertex 111.15 44.2214 0.1
    endloop
  endfacet
  facet normal 0 0 1
    outer loop
      vertex 121.923 53.6372 0.1
      vertex 121.641 53.5178 0.1
      vertex 121.884 53.5178 0.1
    endloop
  endfacet
  facet normal 0 0 1
    outer loop
      vertex 121.923 53.6372 0.1
      vertex 122.15 53.711 0.1
      vertex 133.388 86.454 0.1
    endloop
  endfacet
  facet normal 0 0 1
    outer loop
      vertex 133.388 86.454 0.1
      vertex 121.641 53.5178 0.1
      vertex 121.923 53.6372 0.1
    endloop
  endfacet
  facet normal 0 0 1
    outer loop
      vertex 122.535 44.7802 0.1
      vertex 122.535 46.6598 0.1
      vertex 122.291 46.6598 0.1
    endloop
  endfacet
  facet normal -0 0 1
    outer loop
      vertex 122.573 53.5178 0.1
      vertex 122.573 53.6372 0.1
      vertex 122.535 53.5178 0.1
    endloop
  endfacet
  facet normal 0 0 1
    outer loop
      vertex 133.388 86.454 0.1
      vertex 122.15 53.711 0.1
      vertex 122.291 53.5178 0.1
    endloop
  endfacet
  facet normal 0 0 1
    outer loop
      vertex 121.884 44.7802 0.1
      vertex 121.884 46.6598 0.1
      vertex 121.641 46.6598 0.1
    endloop
  endfacet
  facet normal 0 0 1
    outer loop
      vertex 121.641 46.6598 0.1
      vertex 119.69 51.6382 0.1
      vertex 119.549 51.445 0.1
    endloop
  endfacet
  facet normal -0 -0 1
    outer loop
      vertex 122.801 44.587 0.1
      vertex 122.573 44.6608 0.1
      vertex 133.388 20.48 0.1
    endloop
  endfacet
  facet normal -0 0 1
    outer loop
      vertex 121.273 53.5178 0.1
      vertex 121.273 53.6372 0.1
      vertex 121.234 53.5178 0.1
    endloop
  endfacet
  facet normal -0 -0 1
    outer loop
      vertex 121.5 51.445 0.1
      vertex 121.273 51.5188 0.1
      vertex 123.185 46.6598 0.1
    endloop
  endfacet
  facet normal 0 0 1
    outer loop
      vertex 111.15 44.2214 0.1
      vertex 122.839 31.4711 0.1
      vertex 133.388 20.48 0.1
    endloop
  endfacet
  facet normal 0 0 1
    outer loop
      vertex 99.2886 59.055 0.1
      vertex 100.559 59.055 0.1
      vertex 100.965 60.325 0.1
    endloop
  endfacet
  facet normal 0 0 1
    outer loop
      vertex 109.88 46.355 0.1
      vertex 111.15 46.355 0.1
      vertex 108.687 48.006 0.1
    endloop
  endfacet
  facet normal 0 0 1
    outer loop
      vertex 122.839 31.4711 0.1
      vertex 123.19 30.988 0.1
      vertex 133.388 20.48 0.1
    endloop
  endfacet
  facet normal 0 0 1
    outer loop
      vertex 112.547 56.1594 0.1
      vertex 111.277 56.1594 0.1
      vertex 111.277 55.2958 0.1
    endloop
  endfacet
  facet normal 0 -0 1
    outer loop
      vertex 108.687 44.704 0.1
      vertex 108.687 42.926 0.1
      vertex 111.709 40.2336 0.1
    endloop
  endfacet
  facet normal -0 0 1
    outer loop
      vertex 109.626 65.786 0.1
      vertex 109.626 67.056 0.1
      vertex 100.965 60.325 0.1
    endloop
  endfacet
  facet normal 0 0 1
    outer loop
      vertex 119.322 44.6608 0.1
      vertex 119.322 44.7802 0.1
      vertex 119.283 44.7802 0.1
    endloop
  endfacet
  facet normal -0 0 1
    outer loop
      vertex 119.283 75.2089 0.1
      vertex 118.715 75.3934 0.1
      vertex 110.896 69.215 0.1
    endloop
  endfacet
  facet normal 0 0 1
    outer loop
      vertex 122.535 51.6382 0.1
      vertex 122.535 53.5178 0.1
      vertex 122.291 53.5178 0.1
    endloop
  endfacet
  facet normal 0 0 1
    outer loop
      vertex 119.934 53.721 0.1
      vertex 120.34 53.721 0.1
      vertex 118.72 57.3786 0.1
    endloop
  endfacet
  facet normal 0 0 1
    outer loop
      vertex 120.623 51.5188 0.1
      vertex 122.535 46.6598 0.1
      vertex 122.573 46.6598 0.1
    endloop
  endfacet
  facet normal 0 0 1
    outer loop
      vertex 120.623 51.5188 0.1
      vertex 120.623 51.6382 0.1
      vertex 120.584 51.6382 0.1
    endloop
  endfacet
  facet normal 0 0 1
    outer loop
      vertex 123.224 46.7792 0.1
      vertex 123.451 46.853 0.1
      vertex 121.641 51.6382 0.1
    endloop
  endfacet
  facet normal 0 0 1
    outer loop
      vertex 120.99 51.6382 0.1
      vertex 122.801 46.853 0.1
      vertex 122.941 46.6598 0.1
    endloop
  endfacet
  facet normal -0 -0 1
    outer loop
      vertex 119.549 51.445 0.1
      vertex 119.322 51.5188 0.1
      vertex 121.5 46.853 0.1
    endloop
  endfacet
  facet normal 0 0 1
    outer loop
      vertex 121.884 51.6382 0.1
      vertex 121.884 53.5178 0.1
      vertex 121.641 53.5178 0.1
    endloop
  endfacet
  facet normal 0 -0 1
    outer loop
      vertex 122.941 44.7802 0.1
      vertex 122.801 44.587 0.1
      vertex 133.388 20.48 0.1
    endloop
  endfacet
  facet normal 0 -0 1
    outer loop
      vertex 122.291 53.5178 0.1
      vertex 122.291 51.6382 0.1
      vertex 122.535 51.6382 0.1
    endloop
  endfacet
  facet normal -0 -0 1
    outer loop
      vertex 122.15 51.445 0.1
      vertex 121.923 51.5188 0.1
      vertex 133.388 20.48 0.1
    endloop
  endfacet
  facet normal 0 0 1
    outer loop
      vertex 122.573 53.6372 0.1
      vertex 122.291 53.5178 0.1
      vertex 122.535 53.5178 0.1
    endloop
  endfacet
  facet normal 0 0 1
    outer loop
      vertex 122.941 46.6598 0.1
      vertex 123.185 46.6598 0.1
      vertex 121.273 51.5188 0.1
    endloop
  endfacet
  facet normal 0 0 1
    outer loop
      vertex 122.573 53.6372 0.1
      vertex 122.801 53.711 0.1
      vertex 133.388 86.454 0.1
    endloop
  endfacet
  facet normal 0 0 1
    outer loop
      vertex 133.388 86.454 0.1
      vertex 122.291 53.5178 0.1
      vertex 122.573 53.6372 0.1
    endloop
  endfacet
  facet normal 0 0 1
    outer loop
      vertex 123.224 53.6372 0.1
      vertex 123.451 53.711 0.1
      vertex 133.388 86.454 0.1
    endloop
  endfacet
  facet normal 0 0 1
    outer loop
      vertex 133.388 86.454 0.1
      vertex 122.801 53.711 0.1
      vertex 122.941 53.5178 0.1
    endloop
  endfacet
  facet normal 0 0 1
    outer loop
      vertex 122.573 51.5188 0.1
      vertex 122.573 51.6382 0.1
      vertex 122.535 51.6382 0.1
    endloop
  endfacet
  facet normal 0 0 1
    outer loop
      vertex 122.291 46.6598 0.1
      vertex 122.535 46.6598 0.1
      vertex 120.623 51.5188 0.1
    endloop
  endfacet
  facet normal 0 0 1
    outer loop
      vertex 122.291 46.6598 0.1
      vertex 120.623 51.5188 0.1
      vertex 120.34 51.435 0.1
    endloop
  endfacet
  facet normal 0 0 1
    outer loop
      vertex 123.224 44.6608 0.1
      vertex 123.224 44.7802 0.1
      vertex 123.185 44.7802 0.1
    endloop
  endfacet
  facet normal -0 0 1
    outer loop
      vertex 121.923 53.5178 0.1
      vertex 121.923 53.6372 0.1
      vertex 121.884 53.5178 0.1
    endloop
  endfacet
  facet normal 0 -0 1
    outer loop
      vertex 120.34 46.6598 0.1
      vertex 120.34 44.7802 0.1
      vertex 120.584 44.577 0.1
    endloop
  endfacet
  facet normal 0 -0 1
    outer loop
      vertex 122.941 51.6382 0.1
      vertex 122.801 51.445 0.1
      vertex 133.388 20.48 0.1
    endloop
  endfacet
  facet normal 0 0 1
    outer loop
      vertex 121.273 44.6608 0.1
      vertex 121.273 44.7802 0.1
      vertex 121.234 44.7802 0.1
    endloop
  endfacet
  facet normal 0 0 1
    outer loop
      vertex 121.92 56.515 0.1
      vertex 120.65 56.515 0.1
      vertex 120.34 53.721 0.1
    endloop
  endfacet
  facet normal 0 0 1
    outer loop
      vertex 122.271 30.6894 0.1
      vertex 122.271 31.2866 0.1
      vertex 109.88 42.9514 0.1
    endloop
  endfacet
  facet normal 0 0 1
    outer loop
      vertex 121.923 51.5188 0.1
      vertex 123.591 46.6598 0.1
      vertex 133.388 20.48 0.1
    endloop
  endfacet
  facet normal 0 -0 1
    outer loop
      vertex 122.941 53.5178 0.1
      vertex 122.941 51.6382 0.1
      vertex 123.185 51.6382 0.1
    endloop
  endfacet
  facet normal 0 0 1
    outer loop
      vertex 122.573 46.7792 0.1
      vertex 122.801 46.853 0.1
      vertex 120.85 51.445 0.1
    endloop
  endfacet
  facet normal 0 -0 1
    outer loop
      vertex 123.591 51.6382 0.1
      vertex 123.451 51.445 0.1
      vertex 133.388 20.48 0.1
    endloop
  endfacet
  facet normal 0 -0 1
    outer loop
      vertex 120.99 53.5178 0.1
      vertex 120.99 51.6382 0.1
      vertex 121.234 51.6382 0.1
    endloop
  endfacet
  facet normal 0 -0 1
    outer loop
      vertex 121.234 51.6382 0.1
      vertex 120.99 51.6382 0.1
      vertex 121.273 51.5188 0.1
    endloop
  endfacet
  facet normal 0 0 1
    outer loop
      vertex 122.941 46.6598 0.1
      vertex 121.273 51.5188 0.1
      vertex 120.99 51.6382 0.1
    endloop
  endfacet
  facet normal 0 0 1
    outer loop
      vertex 133.388 86.454 0.1
      vertex 122.941 53.5178 0.1
      vertex 123.185 53.5178 0.1
    endloop
  endfacet
  facet normal -0 -0 1
    outer loop
      vertex 123.451 51.445 0.1
      vertex 123.224 51.5188 0.1
      vertex 133.388 20.48 0.1
    endloop
  endfacet
  facet normal 0 0 1
    outer loop
      vertex 123.224 53.6372 0.1
      vertex 123.185 53.5178 0.1
      vertex 123.224 53.5178 0.1
    endloop
  endfacet
  facet normal 0 0 1
    outer loop
      vertex 133.388 86.454 0.1
      vertex 123.185 53.5178 0.1
      vertex 123.224 53.6372 0.1
    endloop
  endfacet
  facet normal 0 0 1
    outer loop
      vertex 133.388 86.454 0.1
      vertex 123.591 53.5178 0.1
      vertex 133.388 20.48 0.1
    endloop
  endfacet
  facet normal 0 0 1
    outer loop
      vertex 133.388 86.454 0.1
      vertex 123.451 53.711 0.1
      vertex 123.591 53.5178 0.1
    endloop
  endfacet
  facet normal 0 0 1
    outer loop
      vertex 123.224 51.5188 0.1
      vertex 123.224 51.6382 0.1
      vertex 123.185 51.6382 0.1
    endloop
  endfacet
  facet normal -0 -0 1
    outer loop
      vertex 122.801 51.445 0.1
      vertex 122.573 51.5188 0.1
      vertex 133.388 20.48 0.1
    endloop
  endfacet
  facet normal 0 0 1
    outer loop
      vertex 123.185 44.7802 0.1
      vertex 123.185 46.6598 0.1
      vertex 122.941 46.6598 0.1
    endloop
  endfacet
  facet normal 0 0 1
    outer loop
      vertex 36.5404 55.0926 0.1
      vertex 35.9562 55.0926 0.1
      vertex 36.0934 51.5112 0.1
    endloop
  endfacet
  facet normal 0 0 1
    outer loop
      vertex 67.3354 39.0144 0.1
      vertex 75.8825 34.925 0.1
      vertex 68.453 38.481 0.1
    endloop
  endfacet
  facet normal 0 -0 1
    outer loop
      vertex 37.465 69.596 0.1
      vertex 37.465 67.564 0.1
      vertex 39.243 66.929 0.1
    endloop
  endfacet
  facet normal 0 -0 1
    outer loop
      vertex 35.5422 55.753 0.1
      vertex 35.5422 55.0926 0.1
      vertex 36.0934 51.5112 0.1
    endloop
  endfacet
  facet normal 0 0 1
    outer loop
      vertex 59.055 41.275 0.1
      vertex 57.912 42.037 0.1
      vertex 56.388 42.037 0.1
    endloop
  endfacet
  facet normal 0 0 1
    outer loop
      vertex 82.55 33.2486 0.1
      vertex 83.82 33.2486 0.1
      vertex 76.5175 34.925 0.1
    endloop
  endfacet
  facet normal 0 0 1
    outer loop
      vertex 36.449 56.5658 0.1
      vertex 34.925 56.5658 0.1
      vertex 35.5422 55.753 0.1
    endloop
  endfacet
  facet normal 0 0 1
    outer loop
      vertex 39.2176 59.6138 0.1
      vertex 37.465 62.738 0.1
      vertex 34.671 62.738 0.1
    endloop
  endfacet
  facet normal 0 0 1
    outer loop
      vertex 39.2176 59.6138 0.1
      vertex 39.2176 63.3222 0.1
      vertex 37.465 62.738 0.1
    endloop
  endfacet
  facet normal 0 0 1
    outer loop
      vertex 46.3296 59.6138 0.1
      vertex 40.767 65.405 0.1
      vertex 41.8084 63.3222 0.1
    endloop
  endfacet
  facet normal 0 0 1
    outer loop
      vertex 46.3296 59.6138 0.1
      vertex 42.545 65.405 0.1
      vertex 40.767 65.405 0.1
    endloop
  endfacet
  facet normal 0 0 1
    outer loop
      vertex 46.3296 59.6138 0.1
      vertex 46.3296 63.3222 0.1
      vertex 42.545 65.405 0.1
    endloop
  endfacet
  facet normal 0 0 1
    outer loop
      vertex 59.055 39.1414 0.1
      vertex 59.055 40.4114 0.1
      vertex 36.3982 46.3042 0.1
    endloop
  endfacet
  facet normal 0 0 1
    outer loop
      vertex 61.5442 42.545 0.1
      vertex 41.2496 49.6062 0.1
      vertex 38.227 50.2412 0.1
    endloop
  endfacet
  facet normal 0 0 1
    outer loop
      vertex 61.5442 42.545 0.1
      vertex 42.5196 49.6062 0.1
      vertex 41.2496 49.6062 0.1
    endloop
  endfacet
  facet normal 0 0 1
    outer loop
      vertex 61.5442 42.545 0.1
      vertex 56.388 45.339 0.1
      vertex 42.5196 49.6062 0.1
    endloop
  endfacet
  facet normal 0 0 1
    outer loop
      vertex 61.5442 42.545 0.1
      vertex 57.912 45.339 0.1
      vertex 56.388 45.339 0.1
    endloop
  endfacet
  facet normal 0 0 1
    outer loop
      vertex 61.5442 42.545 0.1
      vertex 61.5442 44.3738 0.1
      vertex 57.912 45.339 0.1
    endloop
  endfacet
  facet normal 0 0 1
    outer loop
      vertex 61.7474 33.1724 0.1
      vertex 25.4508 43.3578 0.1
      vertex 23.9268 43.3578 0.1
    endloop
  endfacet
  facet normal 0 0 1
    outer loop
      vertex 61.7474 33.1724 0.1
      vertex 25.4508 44.8818 0.1
      vertex 25.4508 43.3578 0.1
    endloop
  endfacet
  facet normal 0 0 1
    outer loop
      vertex 61.7474 33.1724 0.1
      vertex 35.1282 44.1706 0.1
      vertex 25.4508 44.8818 0.1
    endloop
  endfacet
  facet normal 0 0 1
    outer loop
      vertex 61.7474 33.1724 0.1
      vertex 36.3982 44.1706 0.1
      vertex 35.1282 44.1706 0.1
    endloop
  endfacet
  facet normal 0 0 1
    outer loop
      vertex 61.7474 33.1724 0.1
      vertex 59.055 39.1414 0.1
      vertex 36.3982 44.1706 0.1
    endloop
  endfacet
  facet normal 0 0 1
    outer loop
      vertex 61.7474 33.1724 0.1
      vertex 60.325 39.1414 0.1
      vertex 59.055 39.1414 0.1
    endloop
  endfacet
  facet normal 0 0 1
    outer loop
      vertex 61.7474 33.1724 0.1
      vertex 61.7474 39.0144 0.1
      vertex 60.325 39.1414 0.1
    endloop
  endfacet
  facet normal 0 -0 1
    outer loop
      vertex 76.5175 37.465 0.1
      vertex 76.5175 34.925 0.1
      vertex 77.1525 35.2425 0.1
    endloop
  endfacet
  facet normal 1 0 -0
    outer loop
      vertex 133.388 20.48 0.1
      vertex 133.388 20.48 -0.1
      vertex 133.388 86.454 -0.1
    endloop
  endfacet
  facet normal 1 0 0
    outer loop
      vertex 133.388 86.454 0.1
      vertex 133.388 20.48 0.1
      vertex 133.388 86.454 -0.1
    endloop
  endfacet
  facet normal 1 0 0
    outer loop
      vertex 23.876 50.4952 -0.1
      vertex 23.876 50.4952 0.1
      vertex 23.876 49.2252 0.1
    endloop
  endfacet
  facet normal 1 0 0
    outer loop
      vertex 23.876 49.2252 -0.1
      vertex 23.876 50.4952 -0.1
      vertex 23.876 49.2252 0.1
    endloop
  endfacet
  facet normal 0 -1 0
    outer loop
      vertex 25.146 50.4952 -0.1
      vertex 25.146 50.4952 0.1
      vertex 23.876 50.4952 0.1
    endloop
  endfacet
  facet normal -0 -1 -0
    outer loop
      vertex 23.876 50.4952 -0.1
      vertex 25.146 50.4952 -0.1
      vertex 23.876 50.4952 0.1
    endloop
  endfacet
  facet normal -1 0 0
    outer loop
      vertex 25.146 50.4952 0.1
      vertex 25.146 50.4952 -0.1
      vertex 25.146 49.2252 0.1
    endloop
  endfacet
  facet normal -1 0 0
    outer loop
      vertex 25.146 49.2252 0.1
      vertex 25.146 50.4952 -0.1
      vertex 25.146 49.2252 -0.1
    endloop
  endfacet
  facet normal 0 1 0
    outer loop
      vertex 25.146 49.2252 0.1
      vertex 25.146 49.2252 -0.1
      vertex 23.876 49.2252 0.1
    endloop
  endfacet
  facet normal 0 1 -0
    outer loop
      vertex 23.876 49.2252 0.1
      vertex 25.146 49.2252 -0.1
      vertex 23.876 49.2252 -0.1
    endloop
  endfacet
  facet normal 1 0 0
    outer loop
      vertex 23.876 52.6288 -0.1
      vertex 23.876 52.6288 0.1
      vertex 23.876 51.3588 0.1
    endloop
  endfacet
  facet normal 1 0 0
    outer loop
      vertex 23.876 51.3588 -0.1
      vertex 23.876 52.6288 -0.1
      vertex 23.876 51.3588 0.1
    endloop
  endfacet
  facet normal 0 -1 0
    outer loop
      vertex 25.146 52.6288 -0.1
      vertex 25.146 52.6288 0.1
      vertex 23.876 52.6288 0.1
    endloop
  endfacet
  facet normal -0 -1 -0
    outer loop
      vertex 23.876 52.6288 -0.1
      vertex 25.146 52.6288 -0.1
      vertex 23.876 52.6288 0.1
    endloop
  endfacet
  facet normal -1 0 0
    outer loop
      vertex 25.146 52.6288 0.1
      vertex 25.146 52.6288 -0.1
      vertex 25.146 51.3588 0.1
    endloop
  endfacet
  facet normal -1 0 0
    outer loop
      vertex 25.146 51.3588 0.1
      vertex 25.146 52.6288 -0.1
      vertex 25.146 51.3588 -0.1
    endloop
  endfacet
  facet normal 0 1 0
    outer loop
      vertex 25.146 51.3588 0.1
      vertex 25.146 51.3588 -0.1
      vertex 23.876 51.3588 0.1
    endloop
  endfacet
  facet normal 0 1 -0
    outer loop
      vertex 23.876 51.3588 0.1
      vertex 25.146 51.3588 -0.1
      vertex 23.876 51.3588 -0.1
    endloop
  endfacet
  facet normal 1 0 0
    outer loop
      vertex 23.9268 44.8818 -0.1
      vertex 23.9268 44.8818 0.1
      vertex 23.9268 43.3578 0.1
    endloop
  endfacet
  facet normal 1 0 0
    outer loop
      vertex 23.9268 43.3578 -0.1
      vertex 23.9268 44.8818 -0.1
      vertex 23.9268 43.3578 0.1
    endloop
  endfacet
  facet normal 0 -1 0
    outer loop
      vertex 25.4508 44.8818 -0.1
      vertex 25.4508 44.8818 0.1
      vertex 23.9268 44.8818 0.1
    endloop
  endfacet
  facet normal -0 -1 -0
    outer loop
      vertex 23.9268 44.8818 -0.1
      vertex 25.4508 44.8818 -0.1
      vertex 23.9268 44.8818 0.1
    endloop
  endfacet
  facet normal -1 0 0
    outer loop
      vertex 25.4508 44.8818 0.1
      vertex 25.4508 44.8818 -0.1
      vertex 25.4508 43.3578 0.1
    endloop
  endfacet
  facet normal -1 0 0
    outer loop
      vertex 25.4508 43.3578 0.1
      vertex 25.4508 44.8818 -0.1
      vertex 25.4508 43.3578 -0.1
    endloop
  endfacet
  facet normal 0 1 0
    outer loop
      vertex 25.4508 43.3578 0.1
      vertex 25.4508 43.3578 -0.1
      vertex 23.9268 43.3578 0.1
    endloop
  endfacet
  facet normal 0 1 -0
    outer loop
      vertex 23.9268 43.3578 0.1
      vertex 25.4508 43.3578 -0.1
      vertex 23.9268 43.3578 -0.1
    endloop
  endfacet
  facet normal 1 0 0
    outer loop
      vertex 23.9268 48.1838 -0.1
      vertex 23.9268 48.1838 0.1
      vertex 23.9268 46.6598 0.1
    endloop
  endfacet
  facet normal 1 0 0
    outer loop
      vertex 23.9268 46.6598 -0.1
      vertex 23.9268 48.1838 -0.1
      vertex 23.9268 46.6598 0.1
    endloop
  endfacet
  facet normal 0 -1 0
    outer loop
      vertex 25.4508 48.1838 -0.1
      vertex 25.4508 48.1838 0.1
      vertex 23.9268 48.1838 0.1
    endloop
  endfacet
  facet normal -0 -1 -0
    outer loop
      vertex 23.9268 48.1838 -0.1
      vertex 25.4508 48.1838 -0.1
      vertex 23.9268 48.1838 0.1
    endloop
  endfacet
  facet normal -1 0 0
    outer loop
      vertex 25.4508 48.1838 0.1
      vertex 25.4508 48.1838 -0.1
      vertex 25.4508 46.6598 0.1
    endloop
  endfacet
  facet normal -1 0 0
    outer loop
      vertex 25.4508 46.6598 0.1
      vertex 25.4508 48.1838 -0.1
      vertex 25.4508 46.6598 -0.1
    endloop
  endfacet
  facet normal 0 1 0
    outer loop
      vertex 25.4508 46.6598 0.1
      vertex 25.4508 46.6598 -0.1
      vertex 23.9268 46.6598 0.1
    endloop
  endfacet
  facet normal 0 1 -0
    outer loop
      vertex 23.9268 46.6598 0.1
      vertex 25.4508 46.6598 -0.1
      vertex 23.9268 46.6598 -0.1
    endloop
  endfacet
  facet normal 1 0 0
    outer loop
      vertex 30.323 35.8586 -0.1
      vertex 30.323 35.8586 0.1
      vertex 30.323 35.2614 0.1
    endloop
  endfacet
  facet normal 1 0 0
    outer loop
      vertex 30.323 35.2614 -0.1
      vertex 30.323 35.8586 -0.1
      vertex 30.323 35.2614 0.1
    endloop
  endfacet
  facet normal 0.309009 -0.951059 0
    outer loop
      vertex 30.891 36.0431 -0.1
      vertex 30.891 36.0431 0.1
      vertex 30.323 35.8586 0.1
    endloop
  endfacet
  facet normal 0.309009 -0.951059 0
    outer loop
      vertex 30.323 35.8586 -0.1
      vertex 30.891 36.0431 -0.1
      vertex 30.323 35.8586 0.1
    endloop
  endfacet
  facet normal -0.809008 -0.587797 0
    outer loop
      vertex 31.242 35.56 0.1
      vertex 30.891 36.0431 0.1
      vertex 31.242 35.56 -0.1
    endloop
  endfacet
  facet normal -0.809008 -0.587797 0
    outer loop
      vertex 31.242 35.56 -0.1
      vertex 30.891 36.0431 0.1
      vertex 30.891 36.0431 -0.1
    endloop
  endfacet
  facet normal -0.809008 0.587797 0
    outer loop
      vertex 31.242 35.56 0.1
      vertex 31.242 35.56 -0.1
      vertex 30.891 35.0769 0.1
    endloop
  endfacet
  facet normal -0.809008 0.587797 0
    outer loop
      vertex 30.891 35.0769 0.1
      vertex 31.242 35.56 -0.1
      vertex 30.891 35.0769 -0.1
    endloop
  endfacet
  facet normal 0.309009 0.951059 -0
    outer loop
      vertex 30.891 35.0769 0.1
      vertex 30.891 35.0769 -0.1
      vertex 30.323 35.2614 0.1
    endloop
  endfacet
  facet normal 0.309009 0.951059 -0
    outer loop
      vertex 30.323 35.2614 0.1
      vertex 30.891 35.0769 -0.1
      vertex 30.323 35.2614 -0.1
    endloop
  endfacet
  facet normal 1 0 0
    outer loop
      vertex 30.323 76.7526 -0.1
      vertex 30.323 76.7526 0.1
      vertex 30.323 76.1554 0.1
    endloop
  endfacet
  facet normal 1 0 0
    outer loop
      vertex 30.323 76.1554 -0.1
      vertex 30.323 76.7526 -0.1
      vertex 30.323 76.1554 0.1
    endloop
  endfacet
  facet normal 0.309009 -0.951059 0
    outer loop
      vertex 30.891 76.9371 -0.1
      vertex 30.891 76.9371 0.1
      vertex 30.323 76.7526 0.1
    endloop
  endfacet
  facet normal 0.309009 -0.951059 0
    outer loop
      vertex 30.323 76.7526 -0.1
      vertex 30.891 76.9371 -0.1
      vertex 30.323 76.7526 0.1
    endloop
  endfacet
  facet normal -0.809008 -0.587797 0
    outer loop
      vertex 31.242 76.454 0.1
      vertex 30.891 76.9371 0.1
      vertex 31.242 76.454 -0.1
    endloop
  endfacet
  facet normal -0.809008 -0.587797 0
    outer loop
      vertex 31.242 76.454 -0.1
      vertex 30.891 76.9371 0.1
      vertex 30.891 76.9371 -0.1
    endloop
  endfacet
  facet normal -0.809008 0.587797 0
    outer loop
      vertex 31.242 76.454 0.1
      vertex 31.242 76.454 -0.1
      vertex 30.891 75.9709 0.1
    endloop
  endfacet
  facet normal -0.809008 0.587797 0
    outer loop
      vertex 30.891 75.9709 0.1
      vertex 31.242 76.454 -0.1
      vertex 30.891 75.9709 -0.1
    endloop
  endfacet
  facet normal 0.309009 0.951059 -0
    outer loop
      vertex 30.891 75.9709 0.1
      vertex 30.891 75.9709 -0.1
      vertex 30.323 76.1554 0.1
    endloop
  endfacet
  facet normal 0.309009 0.951059 -0
    outer loop
      vertex 30.323 76.1554 0.1
      vertex 30.891 75.9709 -0.1
      vertex 30.323 76.1554 -0.1
    endloop
  endfacet
  facet normal 1 0 0
    outer loop
      vertex 34.671 64.77 -0.1
      vertex 34.671 64.77 0.1
      vertex 34.671 62.738 0.1
    endloop
  endfacet
  facet normal 1 0 0
    outer loop
      vertex 34.671 62.738 -0.1
      vertex 34.671 64.77 -0.1
      vertex 34.671 62.738 0.1
    endloop
  endfacet
  facet normal 0 -1 0
    outer loop
      vertex 37.465 64.77 -0.1
      vertex 37.465 64.77 0.1
      vertex 34.671 64.77 0.1
    endloop
  endfacet
  facet normal -0 -1 -0
    outer loop
      vertex 34.671 64.77 -0.1
      vertex 37.465 64.77 -0.1
      vertex 34.671 64.77 0.1
    endloop
  endfacet
  facet normal -1 0 0
    outer loop
      vertex 37.465 64.77 0.1
      vertex 37.465 64.77 -0.1
      vertex 37.465 62.738 0.1
    endloop
  endfacet
  facet normal -1 0 0
    outer loop
      vertex 37.465 62.738 0.1
      vertex 37.465 64.77 -0.1
      vertex 37.465 62.738 -0.1
    endloop
  endfacet
  facet normal 0 1 0
    outer loop
      vertex 37.465 62.738 0.1
      vertex 37.465 62.738 -0.1
      vertex 34.671 62.738 0.1
    endloop
  endfacet
  facet normal 0 1 -0
    outer loop
      vertex 34.671 62.738 0.1
      vertex 37.465 62.738 -0.1
      vertex 34.671 62.738 -0.1
    endloop
  endfacet
  facet normal 1 0 0
    outer loop
      vertex 34.671 69.596 -0.1
      vertex 34.671 69.596 0.1
      vertex 34.671 67.564 0.1
    endloop
  endfacet
  facet normal 1 0 0
    outer loop
      vertex 34.671 67.564 -0.1
      vertex 34.671 69.596 -0.1
      vertex 34.671 67.564 0.1
    endloop
  endfacet
  facet normal 0 -1 0
    outer loop
      vertex 37.465 69.596 -0.1
      vertex 37.465 69.596 0.1
      vertex 34.671 69.596 0.1
    endloop
  endfacet
  facet normal -0 -1 -0
    outer loop
      vertex 34.671 69.596 -0.1
      vertex 37.465 69.596 -0.1
      vertex 34.671 69.596 0.1
    endloop
  endfacet
  facet normal -1 0 0
    outer loop
      vertex 37.465 69.596 0.1
      vertex 37.465 69.596 -0.1
      vertex 37.465 67.564 0.1
    endloop
  endfacet
  facet normal -1 0 0
    outer loop
      vertex 37.465 67.564 0.1
      vertex 37.465 69.596 -0.1
      vertex 37.465 67.564 -0.1
    endloop
  endfacet
  facet normal 0 1 0
    outer loop
      vertex 37.465 67.564 0.1
      vertex 37.465 67.564 -0.1
      vertex 34.671 67.564 0.1
    endloop
  endfacet
  facet normal 0 1 -0
    outer loop
      vertex 34.671 67.564 0.1
      vertex 37.465 67.564 -0.1
      vertex 34.671 67.564 -0.1
    endloop
  endfacet
  facet normal 1 0 0
    outer loop
      vertex 34.8234 51.5112 -0.1
      vertex 34.8234 51.5112 0.1
      vertex 34.8234 50.2412 0.1
    endloop
  endfacet
  facet normal 1 0 0
    outer loop
      vertex 34.8234 50.2412 -0.1
      vertex 34.8234 51.5112 -0.1
      vertex 34.8234 50.2412 0.1
    endloop
  endfacet
  facet normal 0 -1 0
    outer loop
      vertex 36.0934 51.5112 -0.1
      vertex 36.0934 51.5112 0.1
      vertex 34.8234 51.5112 0.1
    endloop
  endfacet
  facet normal -0 -1 -0
    outer loop
      vertex 34.8234 51.5112 -0.1
      vertex 36.0934 51.5112 -0.1
      vertex 34.8234 51.5112 0.1
    endloop
  endfacet
  facet normal -1 0 0
    outer loop
      vertex 36.0934 51.5112 0.1
      vertex 36.0934 51.5112 -0.1
      vertex 36.0934 50.2412 0.1
    endloop
  endfacet
  facet normal -1 0 0
    outer loop
      vertex 36.0934 50.2412 0.1
      vertex 36.0934 51.5112 -0.1
      vertex 36.0934 50.2412 -0.1
    endloop
  endfacet
  facet normal 0 1 0
    outer loop
      vertex 36.0934 50.2412 0.1
      vertex 36.0934 50.2412 -0.1
      vertex 34.8234 50.2412 0.1
    endloop
  endfacet
  facet normal 0 1 -0
    outer loop
      vertex 34.8234 50.2412 0.1
      vertex 36.0934 50.2412 -0.1
      vertex 34.8234 50.2412 -0.1
    endloop
  endfacet
  facet normal 1 0 0
    outer loop
      vertex 34.925 58.0898 -0.1
      vertex 34.925 58.0898 0.1
      vertex 34.925 56.5658 0.1
    endloop
  endfacet
  facet normal 1 0 0
    outer loop
      vertex 34.925 56.5658 -0.1
      vertex 34.925 58.0898 -0.1
      vertex 34.925 56.5658 0.1
    endloop
  endfacet
  facet normal 0 -1 0
    outer loop
      vertex 36.449 58.0898 -0.1
      vertex 36.449 58.0898 0.1
      vertex 34.925 58.0898 0.1
    endloop
  endfacet
  facet normal -0 -1 -0
    outer loop
      vertex 34.925 58.0898 -0.1
      vertex 36.449 58.0898 -0.1
      vertex 34.925 58.0898 0.1
    endloop
  endfacet
  facet normal -1 0 0
    outer loop
      vertex 36.449 58.0898 0.1
      vertex 36.449 58.0898 -0.1
      vertex 36.449 56.5658 0.1
    endloop
  endfacet
  facet normal -1 0 0
    outer loop
      vertex 36.449 56.5658 0.1
      vertex 36.449 58.0898 -0.1
      vertex 36.449 56.5658 -0.1
    endloop
  endfacet
  facet normal 0 1 0
    outer loop
      vertex 36.449 56.5658 0.1
      vertex 36.449 56.5658 -0.1
      vertex 34.925 56.5658 0.1
    endloop
  endfacet
  facet normal 0 1 -0
    outer loop
      vertex 34.925 56.5658 0.1
      vertex 36.449 56.5658 -0.1
      vertex 34.925 56.5658 -0.1
    endloop
  endfacet
  facet normal 1 0 0
    outer loop
      vertex 34.925 61.3918 -0.1
      vertex 34.925 61.3918 0.1
      vertex 34.925 59.8678 0.1
    endloop
  endfacet
  facet normal 1 0 0
    outer loop
      vertex 34.925 59.8678 -0.1
      vertex 34.925 61.3918 -0.1
      vertex 34.925 59.8678 0.1
    endloop
  endfacet
  facet normal 0 -1 0
    outer loop
      vertex 36.449 61.3918 -0.1
      vertex 36.449 61.3918 0.1
      vertex 34.925 61.3918 0.1
    endloop
  endfacet
  facet normal -0 -1 -0
    outer loop
      vertex 34.925 61.3918 -0.1
      vertex 36.449 61.3918 -0.1
      vertex 34.925 61.3918 0.1
    endloop
  endfacet
  facet normal -1 0 0
    outer loop
      vertex 36.449 61.3918 0.1
      vertex 36.449 61.3918 -0.1
      vertex 36.449 59.8678 0.1
    endloop
  endfacet
  facet normal -1 0 0
    outer loop
      vertex 36.449 59.8678 0.1
      vertex 36.449 61.3918 -0.1
      vertex 36.449 59.8678 -0.1
    endloop
  endfacet
  facet normal 0 1 0
    outer loop
      vertex 36.449 59.8678 0.1
      vertex 36.449 59.8678 -0.1
      vertex 34.925 59.8678 0.1
    endloop
  endfacet
  facet normal 0 1 -0
    outer loop
      vertex 34.925 59.8678 0.1
      vertex 36.449 59.8678 -0.1
      vertex 34.925 59.8678 -0.1
    endloop
  endfacet
  facet normal 1 0 0
    outer loop
      vertex 34.958 53.0022 -0.1
      vertex 34.958 53.0022 0.1
      vertex 34.958 52.3418 0.1
    endloop
  endfacet
  facet normal 1 0 0
    outer loop
      vertex 34.958 52.3418 -0.1
      vertex 34.958 53.0022 -0.1
      vertex 34.958 52.3418 0.1
    endloop
  endfacet
  facet normal 0 -1 0
    outer loop
      vertex 35.5422 53.0022 -0.1
      vertex 35.5422 53.0022 0.1
      vertex 34.958 53.0022 0.1
    endloop
  endfacet
  facet normal -0 -1 -0
    outer loop
      vertex 34.958 53.0022 -0.1
      vertex 35.5422 53.0022 -0.1
      vertex 34.958 53.0022 0.1
    endloop
  endfacet
  facet normal -1 0 0
    outer loop
      vertex 35.5422 53.0022 0.1
      vertex 35.5422 53.0022 -0.1
      vertex 35.5422 52.3418 0.1
    endloop
  endfacet
  facet normal -1 0 0
    outer loop
      vertex 35.5422 52.3418 0.1
      vertex 35.5422 53.0022 -0.1
      vertex 35.5422 52.3418 -0.1
    endloop
  endfacet
  facet normal 0 1 0
    outer loop
      vertex 35.5422 52.3418 0.1
      vertex 35.5422 52.3418 -0.1
      vertex 34.958 52.3418 0.1
    endloop
  endfacet
  facet normal 0 1 -0
    outer loop
      vertex 34.958 52.3418 0.1
      vertex 35.5422 52.3418 -0.1
      vertex 34.958 52.3418 -0.1
    endloop
  endfacet
  facet normal 1 0 0
    outer loop
      vertex 34.958 55.753 -0.1
      vertex 34.958 55.753 0.1
      vertex 34.958 55.0926 0.1
    endloop
  endfacet
  facet normal 1 0 0
    outer loop
      vertex 34.958 55.0926 -0.1
      vertex 34.958 55.753 -0.1
      vertex 34.958 55.0926 0.1
    endloop
  endfacet
  facet normal 0 -1 0
    outer loop
      vertex 35.5422 55.753 -0.1
      vertex 35.5422 55.753 0.1
      vertex 34.958 55.753 0.1
    endloop
  endfacet
  facet normal -0 -1 -0
    outer loop
      vertex 34.958 55.753 -0.1
      vertex 35.5422 55.753 -0.1
      vertex 34.958 55.753 0.1
    endloop
  endfacet
  facet normal -1 0 0
    outer loop
      vertex 35.5422 55.753 0.1
      vertex 35.5422 55.753 -0.1
      vertex 35.5422 55.0926 0.1
    endloop
  endfacet
  facet normal -1 0 0
    outer loop
      vertex 35.5422 55.0926 0.1
      vertex 35.5422 55.753 -0.1
      vertex 35.5422 55.0926 -0.1
    endloop
  endfacet
  facet normal 0 1 0
    outer loop
      vertex 35.5422 55.0926 0.1
      vertex 35.5422 55.0926 -0.1
      vertex 34.958 55.0926 0.1
    endloop
  endfacet
  facet normal 0 1 -0
    outer loop
      vertex 34.958 55.0926 0.1
      vertex 35.5422 55.0926 -0.1
      vertex 34.958 55.0926 -0.1
    endloop
  endfacet
  facet normal 1 0 0
    outer loop
      vertex 35.1282 45.4406 -0.1
      vertex 35.1282 45.4406 0.1
      vertex 35.1282 44.1706 0.1
    endloop
  endfacet
  facet normal 1 0 0
    outer loop
      vertex 35.1282 44.1706 -0.1
      vertex 35.1282 45.4406 -0.1
      vertex 35.1282 44.1706 0.1
    endloop
  endfacet
  facet normal 0 -1 0
    outer loop
      vertex 36.3982 45.4406 -0.1
      vertex 36.3982 45.4406 0.1
      vertex 35.1282 45.4406 0.1
    endloop
  endfacet
  facet normal -0 -1 -0
    outer loop
      vertex 35.1282 45.4406 -0.1
      vertex 36.3982 45.4406 -0.1
      vertex 35.1282 45.4406 0.1
    endloop
  endfacet
  facet normal -1 0 0
    outer loop
      vertex 36.3982 45.4406 0.1
      vertex 36.3982 45.4406 -0.1
      vertex 36.3982 44.1706 0.1
    endloop
  endfacet
  facet normal -1 0 0
    outer loop
      vertex 36.3982 44.1706 0.1
      vertex 36.3982 45.4406 -0.1
      vertex 36.3982 44.1706 -0.1
    endloop
  endfacet
  facet normal 0 1 0
    outer loop
      vertex 36.3982 44.1706 0.1
      vertex 36.3982 44.1706 -0.1
      vertex 35.1282 44.1706 0.1
    endloop
  endfacet
  facet normal 0 1 -0
    outer loop
      vertex 35.1282 44.1706 0.1
      vertex 36.3982 44.1706 -0.1
      vertex 35.1282 44.1706 -0.1
    endloop
  endfacet
  facet normal 1 0 0
    outer loop
      vertex 35.1282 47.5742 -0.1
      vertex 35.1282 47.5742 0.1
      vertex 35.1282 46.3042 0.1
    endloop
  endfacet
  facet normal 1 0 0
    outer loop
      vertex 35.1282 46.3042 -0.1
      vertex 35.1282 47.5742 -0.1
      vertex 35.1282 46.3042 0.1
    endloop
  endfacet
  facet normal 0 -1 0
    outer loop
      vertex 36.3982 47.5742 -0.1
      vertex 36.3982 47.5742 0.1
      vertex 35.1282 47.5742 0.1
    endloop
  endfacet
  facet normal -0 -1 -0
    outer loop
      vertex 35.1282 47.5742 -0.1
      vertex 36.3982 47.5742 -0.1
      vertex 35.1282 47.5742 0.1
    endloop
  endfacet
  facet normal -1 0 0
    outer loop
      vertex 36.3982 47.5742 0.1
      vertex 36.3982 47.5742 -0.1
      vertex 36.3982 46.3042 0.1
    endloop
  endfacet
  facet normal -1 0 0
    outer loop
      vertex 36.3982 46.3042 0.1
      vertex 36.3982 47.5742 -0.1
      vertex 36.3982 46.3042 -0.1
    endloop
  endfacet
  facet normal 0 1 0
    outer loop
      vertex 36.3982 46.3042 0.1
      vertex 36.3982 46.3042 -0.1
      vertex 35.1282 46.3042 0.1
    endloop
  endfacet
  facet normal 0 1 -0
    outer loop
      vertex 35.1282 46.3042 0.1
      vertex 36.3982 46.3042 -0.1
      vertex 35.1282 46.3042 -0.1
    endloop
  endfacet
  facet normal 1 0 0
    outer loop
      vertex 35.9562 55.753 -0.1
      vertex 35.9562 55.753 0.1
      vertex 35.9562 55.0926 0.1
    endloop
  endfacet
  facet normal 1 0 0
    outer loop
      vertex 35.9562 55.0926 -0.1
      vertex 35.9562 55.753 -0.1
      vertex 35.9562 55.0926 0.1
    endloop
  endfacet
  facet normal 0 -1 0
    outer loop
      vertex 36.5404 55.753 -0.1
      vertex 36.5404 55.753 0.1
      vertex 35.9562 55.753 0.1
    endloop
  endfacet
  facet normal -0 -1 -0
    outer loop
      vertex 35.9562 55.753 -0.1
      vertex 36.5404 55.753 -0.1
      vertex 35.9562 55.753 0.1
    endloop
  endfacet
  facet normal -1 0 0
    outer loop
      vertex 36.5404 55.753 0.1
      vertex 36.5404 55.753 -0.1
      vertex 36.5404 55.0926 0.1
    endloop
  endfacet
  facet normal -1 0 0
    outer loop
      vertex 36.5404 55.0926 0.1
      vertex 36.5404 55.753 -0.1
      vertex 36.5404 55.0926 -0.1
    endloop
  endfacet
  facet normal 0 1 0
    outer loop
      vertex 36.5404 55.0926 0.1
      vertex 36.5404 55.0926 -0.1
      vertex 35.9562 55.0926 0.1
    endloop
  endfacet
  facet normal 0 1 -0
    outer loop
      vertex 35.9562 55.0926 0.1
      vertex 36.5404 55.0926 -0.1
      vertex 35.9562 55.0926 -0.1
    endloop
  endfacet
  facet normal 1 0 0
    outer loop
      vertex 36.957 53.0022 -0.1
      vertex 36.957 53.0022 0.1
      vertex 36.957 52.3418 0.1
    endloop
  endfacet
  facet normal 1 0 0
    outer loop
      vertex 36.957 52.3418 -0.1
      vertex 36.957 53.0022 -0.1
      vertex 36.957 52.3418 0.1
    endloop
  endfacet
  facet normal 0 -1 0
    outer loop
      vertex 37.5412 53.0022 -0.1
      vertex 37.5412 53.0022 0.1
      vertex 36.957 53.0022 0.1
    endloop
  endfacet
  facet normal -0 -1 -0
    outer loop
      vertex 36.957 53.0022 -0.1
      vertex 37.5412 53.0022 -0.1
      vertex 36.957 53.0022 0.1
    endloop
  endfacet
  facet normal -1 0 0
    outer loop
      vertex 37.5412 53.0022 0.1
      vertex 37.5412 53.0022 -0.1
      vertex 37.5412 52.3418 0.1
    endloop
  endfacet
  facet normal -1 0 0
    outer loop
      vertex 37.5412 52.3418 0.1
      vertex 37.5412 53.0022 -0.1
      vertex 37.5412 52.3418 -0.1
    endloop
  endfacet
  facet normal 0 1 0
    outer loop
      vertex 37.5412 52.3418 0.1
      vertex 37.5412 52.3418 -0.1
      vertex 36.957 52.3418 0.1
    endloop
  endfacet
  facet normal 0 1 -0
    outer loop
      vertex 36.957 52.3418 0.1
      vertex 37.5412 52.3418 -0.1
      vertex 36.957 52.3418 -0.1
    endloop
  endfacet
  facet normal 1 0 0
    outer loop
      vertex 36.957 55.753 -0.1
      vertex 36.957 55.753 0.1
      vertex 36.957 55.0926 0.1
    endloop
  endfacet
  facet normal 1 0 0
    outer loop
      vertex 36.957 55.0926 -0.1
      vertex 36.957 55.753 -0.1
      vertex 36.957 55.0926 0.1
    endloop
  endfacet
  facet normal 0 -1 0
    outer loop
      vertex 37.5412 55.753 -0.1
      vertex 37.5412 55.753 0.1
      vertex 36.957 55.753 0.1
    endloop
  endfacet
  facet normal -0 -1 -0
    outer loop
      vertex 36.957 55.753 -0.1
      vertex 37.5412 55.753 -0.1
      vertex 36.957 55.753 0.1
    endloop
  endfacet
  facet normal -1 0 0
    outer loop
      vertex 37.5412 55.753 0.1
      vertex 37.5412 55.753 -0.1
      vertex 37.5412 55.0926 0.1
    endloop
  endfacet
  facet normal -1 0 0
    outer loop
      vertex 37.5412 55.0926 0.1
      vertex 37.5412 55.753 -0.1
      vertex 37.5412 55.0926 -0.1
    endloop
  endfacet
  facet normal 0 1 0
    outer loop
      vertex 37.5412 55.0926 0.1
      vertex 37.5412 55.0926 -0.1
      vertex 36.957 55.0926 0.1
    endloop
  endfacet
  facet normal 0 1 -0
    outer loop
      vertex 36.957 55.0926 0.1
      vertex 37.5412 55.0926 -0.1
      vertex 36.957 55.0926 -0.1
    endloop
  endfacet
  facet normal 1 0 0
    outer loop
      vertex 36.957 51.5112 -0.1
      vertex 36.957 51.5112 0.1
      vertex 36.957 50.2412 0.1
    endloop
  endfacet
  facet normal 1 0 0
    outer loop
      vertex 36.957 50.2412 -0.1
      vertex 36.957 51.5112 -0.1
      vertex 36.957 50.2412 0.1
    endloop
  endfacet
  facet normal 0 -1 0
    outer loop
      vertex 38.227 51.5112 -0.1
      vertex 38.227 51.5112 0.1
      vertex 36.957 51.5112 0.1
    endloop
  endfacet
  facet normal -0 -1 -0
    outer loop
      vertex 36.957 51.5112 -0.1
      vertex 38.227 51.5112 -0.1
      vertex 36.957 51.5112 0.1
    endloop
  endfacet
  facet normal -1 0 0
    outer loop
      vertex 38.227 51.5112 0.1
      vertex 38.227 51.5112 -0.1
      vertex 38.227 50.2412 0.1
    endloop
  endfacet
  facet normal -1 0 0
    outer loop
      vertex 38.227 50.2412 0.1
      vertex 38.227 51.5112 -0.1
      vertex 38.227 50.2412 -0.1
    endloop
  endfacet
  facet normal 0 1 0
    outer loop
      vertex 38.227 50.2412 0.1
      vertex 38.227 50.2412 -0.1
      vertex 36.957 50.2412 0.1
    endloop
  endfacet
  facet normal 0 1 -0
    outer loop
      vertex 36.957 50.2412 0.1
      vertex 38.227 50.2412 -0.1
      vertex 36.957 50.2412 -0.1
    endloop
  endfacet
  facet normal 1 0 0
    outer loop
      vertex 39.0906 53.0352 -0.1
      vertex 39.0906 53.0352 0.1
      vertex 39.0906 51.7652 0.1
    endloop
  endfacet
  facet normal 1 0 0
    outer loop
      vertex 39.0906 51.7652 -0.1
      vertex 39.0906 53.0352 -0.1
      vertex 39.0906 51.7652 0.1
    endloop
  endfacet
  facet normal 0 -1 0
    outer loop
      vertex 40.3606 53.0352 -0.1
      vertex 40.3606 53.0352 0.1
      vertex 39.0906 53.0352 0.1
    endloop
  endfacet
  facet normal -0 -1 -0
    outer loop
      vertex 39.0906 53.0352 -0.1
      vertex 40.3606 53.0352 -0.1
      vertex 39.0906 53.0352 0.1
    endloop
  endfacet
  facet normal -1 0 0
    outer loop
      vertex 40.3606 53.0352 0.1
      vertex 40.3606 53.0352 -0.1
      vertex 40.3606 51.7652 0.1
    endloop
  endfacet
  facet normal -1 0 0
    outer loop
      vertex 40.3606 51.7652 0.1
      vertex 40.3606 53.0352 -0.1
      vertex 40.3606 51.7652 -0.1
    endloop
  endfacet
  facet normal 0 1 0
    outer loop
      vertex 40.3606 51.7652 0.1
      vertex 40.3606 51.7652 -0.1
      vertex 39.0906 51.7652 0.1
    endloop
  endfacet
  facet normal 0 1 -0
    outer loop
      vertex 39.0906 51.7652 0.1
      vertex 40.3606 51.7652 -0.1
      vertex 39.0906 51.7652 -0.1
    endloop
  endfacet
  facet normal 1 0 0
    outer loop
      vertex 39.0906 55.1688 -0.1
      vertex 39.0906 55.1688 0.1
      vertex 39.0906 53.8988 0.1
    endloop
  endfacet
  facet normal 1 0 0
    outer loop
      vertex 39.0906 53.8988 -0.1
      vertex 39.0906 55.1688 -0.1
      vertex 39.0906 53.8988 0.1
    endloop
  endfacet
  facet normal 0 -1 0
    outer loop
      vertex 40.3606 55.1688 -0.1
      vertex 40.3606 55.1688 0.1
      vertex 39.0906 55.1688 0.1
    endloop
  endfacet
  facet normal -0 -1 -0
    outer loop
      vertex 39.0906 55.1688 -0.1
      vertex 40.3606 55.1688 -0.1
      vertex 39.0906 55.1688 0.1
    endloop
  endfacet
  facet normal -1 0 0
    outer loop
      vertex 40.3606 55.1688 0.1
      vertex 40.3606 55.1688 -0.1
      vertex 40.3606 53.8988 0.1
    endloop
  endfacet
  facet normal -1 0 0
    outer loop
      vertex 40.3606 53.8988 0.1
      vertex 40.3606 55.1688 -0.1
      vertex 40.3606 53.8988 -0.1
    endloop
  endfacet
  facet normal 0 1 0
    outer loop
      vertex 40.3606 53.8988 0.1
      vertex 40.3606 53.8988 -0.1
      vertex 39.0906 53.8988 0.1
    endloop
  endfacet
  facet normal 0 1 -0
    outer loop
      vertex 39.0906 53.8988 0.1
      vertex 40.3606 53.8988 -0.1
      vertex 39.0906 53.8988 -0.1
    endloop
  endfacet
  facet normal 1 0 0
    outer loop
      vertex 39.2176 63.3222 -0.1
      vertex 39.2176 63.3222 0.1
      vertex 39.2176 59.6138 0.1
    endloop
  endfacet
  facet normal 1 0 0
    outer loop
      vertex 39.2176 59.6138 -0.1
      vertex 39.2176 63.3222 -0.1
      vertex 39.2176 59.6138 0.1
    endloop
  endfacet
  facet normal 0 -1 0
    outer loop
      vertex 41.8084 63.3222 -0.1
      vertex 41.8084 63.3222 0.1
      vertex 39.2176 63.3222 0.1
    endloop
  endfacet
  facet normal -0 -1 -0
    outer loop
      vertex 39.2176 63.3222 -0.1
      vertex 41.8084 63.3222 -0.1
      vertex 39.2176 63.3222 0.1
    endloop
  endfacet
  facet normal -1 0 0
    outer loop
      vertex 41.8084 63.3222 0.1
      vertex 41.8084 63.3222 -0.1
      vertex 41.8084 59.6138 0.1
    endloop
  endfacet
  facet normal -1 0 0
    outer loop
      vertex 41.8084 59.6138 0.1
      vertex 41.8084 63.3222 -0.1
      vertex 41.8084 59.6138 -0.1
    endloop
  endfacet
  facet normal 0 1 0
    outer loop
      vertex 41.8084 59.6138 0.1
      vertex 41.8084 59.6138 -0.1
      vertex 39.2176 59.6138 0.1
    endloop
  endfacet
  facet normal 0 1 -0
    outer loop
      vertex 39.2176 59.6138 0.1
      vertex 41.8084 59.6138 -0.1
      vertex 39.2176 59.6138 -0.1
    endloop
  endfacet
  facet normal 1 0 0
    outer loop
      vertex 39.243 66.929 -0.1
      vertex 39.243 66.929 0.1
      vertex 39.243 65.405 0.1
    endloop
  endfacet
  facet normal 1 0 0
    outer loop
      vertex 39.243 65.405 -0.1
      vertex 39.243 66.929 -0.1
      vertex 39.243 65.405 0.1
    endloop
  endfacet
  facet normal 0 -1 0
    outer loop
      vertex 40.767 66.929 -0.1
      vertex 40.767 66.929 0.1
      vertex 39.243 66.929 0.1
    endloop
  endfacet
  facet normal -0 -1 -0
    outer loop
      vertex 39.243 66.929 -0.1
      vertex 40.767 66.929 -0.1
      vertex 39.243 66.929 0.1
    endloop
  endfacet
  facet normal -1 0 0
    outer loop
      vertex 40.767 66.929 0.1
      vertex 40.767 66.929 -0.1
      vertex 40.767 65.405 0.1
    endloop
  endfacet
  facet normal -1 0 0
    outer loop
      vertex 40.767 65.405 0.1
      vertex 40.767 66.929 -0.1
      vertex 40.767 65.405 -0.1
    endloop
  endfacet
  facet normal 0 1 0
    outer loop
      vertex 40.767 65.405 0.1
      vertex 40.767 65.405 -0.1
      vertex 39.243 65.405 0.1
    endloop
  endfacet
  facet normal 0 1 -0
    outer loop
      vertex 39.243 65.405 0.1
      vertex 40.767 65.405 -0.1
      vertex 39.243 65.405 -0.1
    endloop
  endfacet
  facet normal 1 0 0
    outer loop
      vertex 40.8178 31.369 -0.1
      vertex 40.8178 31.369 0.1
      vertex 40.8178 30.099 0.1
    endloop
  endfacet
  facet normal 1 0 0
    outer loop
      vertex 40.8178 30.099 -0.1
      vertex 40.8178 31.369 -0.1
      vertex 40.8178 30.099 0.1
    endloop
  endfacet
  facet normal 0 -1 0
    outer loop
      vertex 42.0878 31.369 -0.1
      vertex 42.0878 31.369 0.1
      vertex 40.8178 31.369 0.1
    endloop
  endfacet
  facet normal -0 -1 -0
    outer loop
      vertex 40.8178 31.369 -0.1
      vertex 42.0878 31.369 -0.1
      vertex 40.8178 31.369 0.1
    endloop
  endfacet
  facet normal -1 0 0
    outer loop
      vertex 42.0878 31.369 0.1
      vertex 42.0878 31.369 -0.1
      vertex 42.0878 30.099 0.1
    endloop
  endfacet
  facet normal -1 0 0
    outer loop
      vertex 42.0878 30.099 0.1
      vertex 42.0878 31.369 -0.1
      vertex 42.0878 30.099 -0.1
    endloop
  endfacet
  facet normal 0 1 0
    outer loop
      vertex 42.0878 30.099 0.1
      vertex 42.0878 30.099 -0.1
      vertex 40.8178 30.099 0.1
    endloop
  endfacet
  facet normal 0 1 -0
    outer loop
      vertex 40.8178 30.099 0.1
      vertex 42.0878 30.099 -0.1
      vertex 40.8178 30.099 -0.1
    endloop
  endfacet
  facet normal 1 0 0
    outer loop
      vertex 40.8178 33.401 -0.1
      vertex 40.8178 33.401 0.1
      vertex 40.8178 32.131 0.1
    endloop
  endfacet
  facet normal 1 0 0
    outer loop
      vertex 40.8178 32.131 -0.1
      vertex 40.8178 33.401 -0.1
      vertex 40.8178 32.131 0.1
    endloop
  endfacet
  facet normal 0 -1 0
    outer loop
      vertex 42.0878 33.401 -0.1
      vertex 42.0878 33.401 0.1
      vertex 40.8178 33.401 0.1
    endloop
  endfacet
  facet normal -0 -1 -0
    outer loop
      vertex 40.8178 33.401 -0.1
      vertex 42.0878 33.401 -0.1
      vertex 40.8178 33.401 0.1
    endloop
  endfacet
  facet normal -1 0 0
    outer loop
      vertex 42.0878 33.401 0.1
      vertex 42.0878 33.401 -0.1
      vertex 42.0878 32.131 0.1
    endloop
  endfacet
  facet normal -1 0 0
    outer loop
      vertex 42.0878 32.131 0.1
      vertex 42.0878 33.401 -0.1
      vertex 42.0878 32.131 -0.1
    endloop
  endfacet
  facet normal 0 1 0
    outer loop
      vertex 42.0878 32.131 0.1
      vertex 42.0878 32.131 -0.1
      vertex 40.8178 32.131 0.1
    endloop
  endfacet
  facet normal 0 1 -0
    outer loop
      vertex 40.8178 32.131 0.1
      vertex 42.0878 32.131 -0.1
      vertex 40.8178 32.131 -0.1
    endloop
  endfacet
  facet normal 1 0 0
    outer loop
      vertex 40.8178 35.941 -0.1
      vertex 40.8178 35.941 0.1
      vertex 40.8178 34.671 0.1
    endloop
  endfacet
  facet normal 1 0 0
    outer loop
      vertex 40.8178 34.671 -0.1
      vertex 40.8178 35.941 -0.1
      vertex 40.8178 34.671 0.1
    endloop
  endfacet
  facet normal 0 -1 0
    outer loop
      vertex 42.0878 35.941 -0.1
      vertex 42.0878 35.941 0.1
      vertex 40.8178 35.941 0.1
    endloop
  endfacet
  facet normal -0 -1 -0
    outer loop
      vertex 40.8178 35.941 -0.1
      vertex 42.0878 35.941 -0.1
      vertex 40.8178 35.941 0.1
    endloop
  endfacet
  facet normal -1 0 0
    outer loop
      vertex 42.0878 35.941 0.1
      vertex 42.0878 35.941 -0.1
      vertex 42.0878 34.671 0.1
    endloop
  endfacet
  facet normal -1 0 0
    outer loop
      vertex 42.0878 34.671 0.1
      vertex 42.0878 35.941 -0.1
      vertex 42.0878 34.671 -0.1
    endloop
  endfacet
  facet normal 0 1 0
    outer loop
      vertex 42.0878 34.671 0.1
      vertex 42.0878 34.671 -0.1
      vertex 40.8178 34.671 0.1
    endloop
  endfacet
  facet normal 0 1 -0
    outer loop
      vertex 40.8178 34.671 0.1
      vertex 42.0878 34.671 -0.1
      vertex 40.8178 34.671 -0.1
    endloop
  endfacet
  facet normal 1 0 0
    outer loop
      vertex 40.8178 38.0746 -0.1
      vertex 40.8178 38.0746 0.1
      vertex 40.8178 36.8046 0.1
    endloop
  endfacet
  facet normal 1 0 0
    outer loop
      vertex 40.8178 36.8046 -0.1
      vertex 40.8178 38.0746 -0.1
      vertex 40.8178 36.8046 0.1
    endloop
  endfacet
  facet normal 0 -1 0
    outer loop
      vertex 42.0878 38.0746 -0.1
      vertex 42.0878 38.0746 0.1
      vertex 40.8178 38.0746 0.1
    endloop
  endfacet
  facet normal -0 -1 -0
    outer loop
      vertex 40.8178 38.0746 -0.1
      vertex 42.0878 38.0746 -0.1
      vertex 40.8178 38.0746 0.1
    endloop
  endfacet
  facet normal -1 0 0
    outer loop
      vertex 42.0878 38.0746 0.1
      vertex 42.0878 38.0746 -0.1
      vertex 42.0878 36.8046 0.1
    endloop
  endfacet
  facet normal -1 0 0
    outer loop
      vertex 42.0878 36.8046 0.1
      vertex 42.0878 38.0746 -0.1
      vertex 42.0878 36.8046 -0.1
    endloop
  endfacet
  facet normal 0 1 0
    outer loop
      vertex 42.0878 36.8046 0.1
      vertex 42.0878 36.8046 -0.1
      vertex 40.8178 36.8046 0.1
    endloop
  endfacet
  facet normal 0 1 -0
    outer loop
      vertex 40.8178 36.8046 0.1
      vertex 42.0878 36.8046 -0.1
      vertex 40.8178 36.8046 -0.1
    endloop
  endfacet
  facet normal 1 0 0
    outer loop
      vertex 41.2496 50.8762 -0.1
      vertex 41.2496 50.8762 0.1
      vertex 41.2496 49.6062 0.1
    endloop
  endfacet
  facet normal 1 0 0
    outer loop
      vertex 41.2496 49.6062 -0.1
      vertex 41.2496 50.8762 -0.1
      vertex 41.2496 49.6062 0.1
    endloop
  endfacet
  facet normal 0 -1 0
    outer loop
      vertex 42.5196 50.8762 -0.1
      vertex 42.5196 50.8762 0.1
      vertex 41.2496 50.8762 0.1
    endloop
  endfacet
  facet normal -0 -1 -0
    outer loop
      vertex 41.2496 50.8762 -0.1
      vertex 42.5196 50.8762 -0.1
      vertex 41.2496 50.8762 0.1
    endloop
  endfacet
  facet normal -1 0 0
    outer loop
      vertex 42.5196 50.8762 0.1
      vertex 42.5196 50.8762 -0.1
      vertex 42.5196 49.6062 0.1
    endloop
  endfacet
  facet normal -1 0 0
    outer loop
      vertex 42.5196 49.6062 0.1
      vertex 42.5196 50.8762 -0.1
      vertex 42.5196 49.6062 -0.1
    endloop
  endfacet
  facet normal 0 1 0
    outer loop
      vertex 42.5196 49.6062 0.1
      vertex 42.5196 49.6062 -0.1
      vertex 41.2496 49.6062 0.1
    endloop
  endfacet
  facet normal 0 1 -0
    outer loop
      vertex 41.2496 49.6062 0.1
      vertex 42.5196 49.6062 -0.1
      vertex 41.2496 49.6062 -0.1
    endloop
  endfacet
  facet normal 1 0 0
    outer loop
      vertex 41.2496 53.0352 -0.1
      vertex 41.2496 53.0352 0.1
      vertex 41.2496 51.7652 0.1
    endloop
  endfacet
  facet normal 1 0 0
    outer loop
      vertex 41.2496 51.7652 -0.1
      vertex 41.2496 53.0352 -0.1
      vertex 41.2496 51.7652 0.1
    endloop
  endfacet
  facet normal 0 -1 0
    outer loop
      vertex 42.5196 53.0352 -0.1
      vertex 42.5196 53.0352 0.1
      vertex 41.2496 53.0352 0.1
    endloop
  endfacet
  facet normal -0 -1 -0
    outer loop
      vertex 41.2496 53.0352 -0.1
      vertex 42.5196 53.0352 -0.1
      vertex 41.2496 53.0352 0.1
    endloop
  endfacet
  facet normal -1 0 0
    outer loop
      vertex 42.5196 53.0352 0.1
      vertex 42.5196 53.0352 -0.1
      vertex 42.5196 51.7652 0.1
    endloop
  endfacet
  facet normal -1 0 0
    outer loop
      vertex 42.5196 51.7652 0.1
      vertex 42.5196 53.0352 -0.1
      vertex 42.5196 51.7652 -0.1
    endloop
  endfacet
  facet normal 0 1 0
    outer loop
      vertex 42.5196 51.7652 0.1
      vertex 42.5196 51.7652 -0.1
      vertex 41.2496 51.7652 0.1
    endloop
  endfacet
  facet normal 0 1 -0
    outer loop
      vertex 41.2496 51.7652 0.1
      vertex 42.5196 51.7652 -0.1
      vertex 41.2496 51.7652 -0.1
    endloop
  endfacet
  facet normal 1 0 0
    outer loop
      vertex 41.2496 55.1688 -0.1
      vertex 41.2496 55.1688 0.1
      vertex 41.2496 53.8988 0.1
    endloop
  endfacet
  facet normal 1 0 0
    outer loop
      vertex 41.2496 53.8988 -0.1
      vertex 41.2496 55.1688 -0.1
      vertex 41.2496 53.8988 0.1
    endloop
  endfacet
  facet normal 0 -1 0
    outer loop
      vertex 42.5196 55.1688 -0.1
      vertex 42.5196 55.1688 0.1
      vertex 41.2496 55.1688 0.1
    endloop
  endfacet
  facet normal -0 -1 -0
    outer loop
      vertex 41.2496 55.1688 -0.1
      vertex 42.5196 55.1688 -0.1
      vertex 41.2496 55.1688 0.1
    endloop
  endfacet
  facet normal -1 0 0
    outer loop
      vertex 42.5196 55.1688 0.1
      vertex 42.5196 55.1688 -0.1
      vertex 42.5196 53.8988 0.1
    endloop
  endfacet
  facet normal -1 0 0
    outer loop
      vertex 42.5196 53.8988 0.1
      vertex 42.5196 55.1688 -0.1
      vertex 42.5196 53.8988 -0.1
    endloop
  endfacet
  facet normal 0 1 0
    outer loop
      vertex 42.5196 53.8988 0.1
      vertex 42.5196 53.8988 -0.1
      vertex 41.2496 53.8988 0.1
    endloop
  endfacet
  facet normal 0 1 -0
    outer loop
      vertex 41.2496 53.8988 0.1
      vertex 42.5196 53.8988 -0.1
      vertex 41.2496 53.8988 -0.1
    endloop
  endfacet
  facet normal 1 0 0
    outer loop
      vertex 42.545 66.929 -0.1
      vertex 42.545 66.929 0.1
      vertex 42.545 65.405 0.1
    endloop
  endfacet
  facet normal 1 0 0
    outer loop
      vertex 42.545 65.405 -0.1
      vertex 42.545 66.929 -0.1
      vertex 42.545 65.405 0.1
    endloop
  endfacet
  facet normal 0 -1 0
    outer loop
      vertex 44.069 66.929 -0.1
      vertex 44.069 66.929 0.1
      vertex 42.545 66.929 0.1
    endloop
  endfacet
  facet normal -0 -1 -0
    outer loop
      vertex 42.545 66.929 -0.1
      vertex 44.069 66.929 -0.1
      vertex 42.545 66.929 0.1
    endloop
  endfacet
  facet normal -1 0 0
    outer loop
      vertex 44.069 66.929 0.1
      vertex 44.069 66.929 -0.1
      vertex 44.069 65.405 0.1
    endloop
  endfacet
  facet normal -1 0 0
    outer loop
      vertex 44.069 65.405 0.1
      vertex 44.069 66.929 -0.1
      vertex 44.069 65.405 -0.1
    endloop
  endfacet
  facet normal 0 1 0
    outer loop
      vertex 44.069 65.405 0.1
      vertex 44.069 65.405 -0.1
      vertex 42.545 65.405 0.1
    endloop
  endfacet
  facet normal 0 1 -0
    outer loop
      vertex 42.545 65.405 0.1
      vertex 44.069 65.405 -0.1
      vertex 42.545 65.405 -0.1
    endloop
  endfacet
  facet normal 1 0 0
    outer loop
      vertex 43.3832 50.8762 -0.1
      vertex 43.3832 50.8762 0.1
      vertex 43.3832 49.6062 0.1
    endloop
  endfacet
  facet normal 1 0 0
    outer loop
      vertex 43.3832 49.6062 -0.1
      vertex 43.3832 50.8762 -0.1
      vertex 43.3832 49.6062 0.1
    endloop
  endfacet
  facet normal 0 -1 0
    outer loop
      vertex 44.6532 50.8762 -0.1
      vertex 44.6532 50.8762 0.1
      vertex 43.3832 50.8762 0.1
    endloop
  endfacet
  facet normal -0 -1 -0
    outer loop
      vertex 43.3832 50.8762 -0.1
      vertex 44.6532 50.8762 -0.1
      vertex 43.3832 50.8762 0.1
    endloop
  endfacet
  facet normal -1 0 0
    outer loop
      vertex 44.6532 50.8762 0.1
      vertex 44.6532 50.8762 -0.1
      vertex 44.6532 49.6062 0.1
    endloop
  endfacet
  facet normal -1 0 0
    outer loop
      vertex 44.6532 49.6062 0.1
      vertex 44.6532 50.8762 -0.1
      vertex 44.6532 49.6062 -0.1
    endloop
  endfacet
  facet normal 0 1 0
    outer loop
      vertex 44.6532 49.6062 0.1
      vertex 44.6532 49.6062 -0.1
      vertex 43.3832 49.6062 0.1
    endloop
  endfacet
  facet normal 0 1 -0
    outer loop
      vertex 43.3832 49.6062 0.1
      vertex 44.6532 49.6062 -0.1
      vertex 43.3832 49.6062 -0.1
    endloop
  endfacet
  facet normal 1 0 0
    outer loop
      vertex 43.4086 53.0352 -0.1
      vertex 43.4086 53.0352 0.1
      vertex 43.4086 51.7652 0.1
    endloop
  endfacet
  facet normal 1 0 0
    outer loop
      vertex 43.4086 51.7652 -0.1
      vertex 43.4086 53.0352 -0.1
      vertex 43.4086 51.7652 0.1
    endloop
  endfacet
  facet normal 0 -1 0
    outer loop
      vertex 44.6786 53.0352 -0.1
      vertex 44.6786 53.0352 0.1
      vertex 43.4086 53.0352 0.1
    endloop
  endfacet
  facet normal -0 -1 -0
    outer loop
      vertex 43.4086 53.0352 -0.1
      vertex 44.6786 53.0352 -0.1
      vertex 43.4086 53.0352 0.1
    endloop
  endfacet
  facet normal -1 0 0
    outer loop
      vertex 44.6786 53.0352 0.1
      vertex 44.6786 53.0352 -0.1
      vertex 44.6786 51.7652 0.1
    endloop
  endfacet
  facet normal -1 0 0
    outer loop
      vertex 44.6786 51.7652 0.1
      vertex 44.6786 53.0352 -0.1
      vertex 44.6786 51.7652 -0.1
    endloop
  endfacet
  facet normal 0 1 0
    outer loop
      vertex 44.6786 51.7652 0.1
      vertex 44.6786 51.7652 -0.1
      vertex 43.4086 51.7652 0.1
    endloop
  endfacet
  facet normal 0 1 -0
    outer loop
      vertex 43.4086 51.7652 0.1
      vertex 44.6786 51.7652 -0.1
      vertex 43.4086 51.7652 -0.1
    endloop
  endfacet
  facet normal 1 0 0
    outer loop
      vertex 43.4086 55.1688 -0.1
      vertex 43.4086 55.1688 0.1
      vertex 43.4086 53.8988 0.1
    endloop
  endfacet
  facet normal 1 0 0
    outer loop
      vertex 43.4086 53.8988 -0.1
      vertex 43.4086 55.1688 -0.1
      vertex 43.4086 53.8988 0.1
    endloop
  endfacet
  facet normal 0 -1 0
    outer loop
      vertex 44.6786 55.1688 -0.1
      vertex 44.6786 55.1688 0.1
      vertex 43.4086 55.1688 0.1
    endloop
  endfacet
  facet normal -0 -1 -0
    outer loop
      vertex 43.4086 55.1688 -0.1
      vertex 44.6786 55.1688 -0.1
      vertex 43.4086 55.1688 0.1
    endloop
  endfacet
  facet normal -1 0 0
    outer loop
      vertex 44.6786 55.1688 0.1
      vertex 44.6786 55.1688 -0.1
      vertex 44.6786 53.8988 0.1
    endloop
  endfacet
  facet normal -1 0 0
    outer loop
      vertex 44.6786 53.8988 0.1
      vertex 44.6786 55.1688 -0.1
      vertex 44.6786 53.8988 -0.1
    endloop
  endfacet
  facet normal 0 1 0
    outer loop
      vertex 44.6786 53.8988 0.1
      vertex 44.6786 53.8988 -0.1
      vertex 43.4086 53.8988 0.1
    endloop
  endfacet
  facet normal 0 1 -0
    outer loop
      vertex 43.4086 53.8988 0.1
      vertex 44.6786 53.8988 -0.1
      vertex 43.4086 53.8988 -0.1
    endloop
  endfacet
  facet normal 1 0 0
    outer loop
      vertex 46.3296 63.3222 -0.1
      vertex 46.3296 63.3222 0.1
      vertex 46.3296 59.6138 0.1
    endloop
  endfacet
  facet normal 1 0 0
    outer loop
      vertex 46.3296 59.6138 -0.1
      vertex 46.3296 63.3222 -0.1
      vertex 46.3296 59.6138 0.1
    endloop
  endfacet
  facet normal 0 -1 0
    outer loop
      vertex 48.9204 63.3222 -0.1
      vertex 48.9204 63.3222 0.1
      vertex 46.3296 63.3222 0.1
    endloop
  endfacet
  facet normal -0 -1 -0
    outer loop
      vertex 46.3296 63.3222 -0.1
      vertex 48.9204 63.3222 -0.1
      vertex 46.3296 63.3222 0.1
    endloop
  endfacet
  facet normal -1 0 0
    outer loop
      vertex 48.9204 63.3222 0.1
      vertex 48.9204 63.3222 -0.1
      vertex 48.9204 59.6138 0.1
    endloop
  endfacet
  facet normal -1 0 0
    outer loop
      vertex 48.9204 59.6138 0.1
      vertex 48.9204 63.3222 -0.1
      vertex 48.9204 59.6138 -0.1
    endloop
  endfacet
  facet normal 0 1 0
    outer loop
      vertex 48.9204 59.6138 0.1
      vertex 48.9204 59.6138 -0.1
      vertex 46.3296 59.6138 0.1
    endloop
  endfacet
  facet normal 0 1 -0
    outer loop
      vertex 46.3296 59.6138 0.1
      vertex 48.9204 59.6138 -0.1
      vertex 46.3296 59.6138 -0.1
    endloop
  endfacet
  facet normal 1 0 0
    outer loop
      vertex 50.038 58.42 -0.1
      vertex 50.038 58.42 0.1
      vertex 50.038 56.896 0.1
    endloop
  endfacet
  facet normal 1 0 0
    outer loop
      vertex 50.038 56.896 -0.1
      vertex 50.038 58.42 -0.1
      vertex 50.038 56.896 0.1
    endloop
  endfacet
  facet normal 0 -1 0
    outer loop
      vertex 51.562 58.42 -0.1
      vertex 51.562 58.42 0.1
      vertex 50.038 58.42 0.1
    endloop
  endfacet
  facet normal -0 -1 -0
    outer loop
      vertex 50.038 58.42 -0.1
      vertex 51.562 58.42 -0.1
      vertex 50.038 58.42 0.1
    endloop
  endfacet
  facet normal -1 0 0
    outer loop
      vertex 51.562 58.42 0.1
      vertex 51.562 58.42 -0.1
      vertex 51.562 56.896 0.1
    endloop
  endfacet
  facet normal -1 0 0
    outer loop
      vertex 51.562 56.896 0.1
      vertex 51.562 58.42 -0.1
      vertex 51.562 56.896 -0.1
    endloop
  endfacet
  facet normal 0 1 0
    outer loop
      vertex 51.562 56.896 0.1
      vertex 51.562 56.896 -0.1
      vertex 50.038 56.896 0.1
    endloop
  endfacet
  facet normal 0 1 -0
    outer loop
      vertex 50.038 56.896 0.1
      vertex 51.562 56.896 -0.1
      vertex 50.038 56.896 -0.1
    endloop
  endfacet
  facet normal 1 0 0
    outer loop
      vertex 50.038 61.722 -0.1
      vertex 50.038 61.722 0.1
      vertex 50.038 60.198 0.1
    endloop
  endfacet
  facet normal 1 0 0
    outer loop
      vertex 50.038 60.198 -0.1
      vertex 50.038 61.722 -0.1
      vertex 50.038 60.198 0.1
    endloop
  endfacet
  facet normal 0 -1 0
    outer loop
      vertex 51.562 61.722 -0.1
      vertex 51.562 61.722 0.1
      vertex 50.038 61.722 0.1
    endloop
  endfacet
  facet normal -0 -1 -0
    outer loop
      vertex 50.038 61.722 -0.1
      vertex 51.562 61.722 -0.1
      vertex 50.038 61.722 0.1
    endloop
  endfacet
  facet normal -1 0 0
    outer loop
      vertex 51.562 61.722 0.1
      vertex 51.562 61.722 -0.1
      vertex 51.562 60.198 0.1
    endloop
  endfacet
  facet normal -1 0 0
    outer loop
      vertex 51.562 60.198 0.1
      vertex 51.562 61.722 -0.1
      vertex 51.562 60.198 -0.1
    endloop
  endfacet
  facet normal 0 1 0
    outer loop
      vertex 51.562 60.198 0.1
      vertex 51.562 60.198 -0.1
      vertex 50.038 60.198 0.1
    endloop
  endfacet
  facet normal 0 1 -0
    outer loop
      vertex 50.038 60.198 0.1
      vertex 51.562 60.198 -0.1
      vertex 50.038 60.198 -0.1
    endloop
  endfacet
  facet normal 1 0 0
    outer loop
      vertex 50.5968 64.1604 -0.1
      vertex 50.5968 64.1604 0.1
      vertex 50.5968 62.8904 0.1
    endloop
  endfacet
  facet normal 1 0 0
    outer loop
      vertex 50.5968 62.8904 -0.1
      vertex 50.5968 64.1604 -0.1
      vertex 50.5968 62.8904 0.1
    endloop
  endfacet
  facet normal 0 -1 0
    outer loop
      vertex 51.8668 64.1604 -0.1
      vertex 51.8668 64.1604 0.1
      vertex 50.5968 64.1604 0.1
    endloop
  endfacet
  facet normal -0 -1 -0
    outer loop
      vertex 50.5968 64.1604 -0.1
      vertex 51.8668 64.1604 -0.1
      vertex 50.5968 64.1604 0.1
    endloop
  endfacet
  facet normal -1 0 0
    outer loop
      vertex 51.8668 64.1604 0.1
      vertex 51.8668 64.1604 -0.1
      vertex 51.8668 62.8904 0.1
    endloop
  endfacet
  facet normal -1 0 0
    outer loop
      vertex 51.8668 62.8904 0.1
      vertex 51.8668 64.1604 -0.1
      vertex 51.8668 62.8904 -0.1
    endloop
  endfacet
  facet normal 0 1 0
    outer loop
      vertex 51.8668 62.8904 0.1
      vertex 51.8668 62.8904 -0.1
      vertex 50.5968 62.8904 0.1
    endloop
  endfacet
  facet normal 0 1 -0
    outer loop
      vertex 50.5968 62.8904 0.1
      vertex 51.8668 62.8904 -0.1
      vertex 50.5968 62.8904 -0.1
    endloop
  endfacet
  facet normal 1 0 0
    outer loop
      vertex 50.5968 66.294 -0.1
      vertex 50.5968 66.294 0.1
      vertex 50.5968 65.024 0.1
    endloop
  endfacet
  facet normal 1 0 0
    outer loop
      vertex 50.5968 65.024 -0.1
      vertex 50.5968 66.294 -0.1
      vertex 50.5968 65.024 0.1
    endloop
  endfacet
  facet normal 0 -1 0
    outer loop
      vertex 51.8668 66.294 -0.1
      vertex 51.8668 66.294 0.1
      vertex 50.5968 66.294 0.1
    endloop
  endfacet
  facet normal -0 -1 -0
    outer loop
      vertex 50.5968 66.294 -0.1
      vertex 51.8668 66.294 -0.1
      vertex 50.5968 66.294 0.1
    endloop
  endfacet
  facet normal -1 0 0
    outer loop
      vertex 51.8668 66.294 0.1
      vertex 51.8668 66.294 -0.1
      vertex 51.8668 65.024 0.1
    endloop
  endfacet
  facet normal -1 0 0
    outer loop
      vertex 51.8668 65.024 0.1
      vertex 51.8668 66.294 -0.1
      vertex 51.8668 65.024 -0.1
    endloop
  endfacet
  facet normal 0 1 0
    outer loop
      vertex 51.8668 65.024 0.1
      vertex 51.8668 65.024 -0.1
      vertex 50.5968 65.024 0.1
    endloop
  endfacet
  facet normal 0 1 -0
    outer loop
      vertex 50.5968 65.024 0.1
      vertex 51.8668 65.024 -0.1
      vertex 50.5968 65.024 -0.1
    endloop
  endfacet
  facet normal 1 0 0
    outer loop
      vertex 52.705 59.944 -0.1
      vertex 52.705 59.944 0.1
      vertex 52.705 58.674 0.1
    endloop
  endfacet
  facet normal 1 0 0
    outer loop
      vertex 52.705 58.674 -0.1
      vertex 52.705 59.944 -0.1
      vertex 52.705 58.674 0.1
    endloop
  endfacet
  facet normal 0 -1 0
    outer loop
      vertex 53.975 59.944 -0.1
      vertex 53.975 59.944 0.1
      vertex 52.705 59.944 0.1
    endloop
  endfacet
  facet normal -0 -1 -0
    outer loop
      vertex 52.705 59.944 -0.1
      vertex 53.975 59.944 -0.1
      vertex 52.705 59.944 0.1
    endloop
  endfacet
  facet normal -1 0 0
    outer loop
      vertex 53.975 59.944 0.1
      vertex 53.975 59.944 -0.1
      vertex 53.975 58.674 0.1
    endloop
  endfacet
  facet normal -1 0 0
    outer loop
      vertex 53.975 58.674 0.1
      vertex 53.975 59.944 -0.1
      vertex 53.975 58.674 -0.1
    endloop
  endfacet
  facet normal 0 1 0
    outer loop
      vertex 53.975 58.674 0.1
      vertex 53.975 58.674 -0.1
      vertex 52.705 58.674 0.1
    endloop
  endfacet
  facet normal 0 1 -0
    outer loop
      vertex 52.705 58.674 0.1
      vertex 53.975 58.674 -0.1
      vertex 52.705 58.674 -0.1
    endloop
  endfacet
  facet normal 1 0 0
    outer loop
      vertex 52.705 62.0776 -0.1
      vertex 52.705 62.0776 0.1
      vertex 52.705 60.8076 0.1
    endloop
  endfacet
  facet normal 1 0 0
    outer loop
      vertex 52.705 60.8076 -0.1
      vertex 52.705 62.0776 -0.1
      vertex 52.705 60.8076 0.1
    endloop
  endfacet
  facet normal 0 -1 0
    outer loop
      vertex 53.975 62.0776 -0.1
      vertex 53.975 62.0776 0.1
      vertex 52.705 62.0776 0.1
    endloop
  endfacet
  facet normal -0 -1 -0
    outer loop
      vertex 52.705 62.0776 -0.1
      vertex 53.975 62.0776 -0.1
      vertex 52.705 62.0776 0.1
    endloop
  endfacet
  facet normal -1 0 0
    outer loop
      vertex 53.975 62.0776 0.1
      vertex 53.975 62.0776 -0.1
      vertex 53.975 60.8076 0.1
    endloop
  endfacet
  facet normal -1 0 0
    outer loop
      vertex 53.975 60.8076 0.1
      vertex 53.975 62.0776 -0.1
      vertex 53.975 60.8076 -0.1
    endloop
  endfacet
  facet normal 0 1 0
    outer loop
      vertex 53.975 60.8076 0.1
      vertex 53.975 60.8076 -0.1
      vertex 52.705 60.8076 0.1
    endloop
  endfacet
  facet normal 0 1 -0
    outer loop
      vertex 52.705 60.8076 0.1
      vertex 53.975 60.8076 -0.1
      vertex 52.705 60.8076 -0.1
    endloop
  endfacet
  facet normal 1 0 0
    outer loop
      vertex 52.705 64.1604 -0.1
      vertex 52.705 64.1604 0.1
      vertex 52.705 62.8904 0.1
    endloop
  endfacet
  facet normal 1 0 0
    outer loop
      vertex 52.705 62.8904 -0.1
      vertex 52.705 64.1604 -0.1
      vertex 52.705 62.8904 0.1
    endloop
  endfacet
  facet normal 0 -1 0
    outer loop
      vertex 53.975 64.1604 -0.1
      vertex 53.975 64.1604 0.1
      vertex 52.705 64.1604 0.1
    endloop
  endfacet
  facet normal -0 -1 -0
    outer loop
      vertex 52.705 64.1604 -0.1
      vertex 53.975 64.1604 -0.1
      vertex 52.705 64.1604 0.1
    endloop
  endfacet
  facet normal -1 0 0
    outer loop
      vertex 53.975 64.1604 0.1
      vertex 53.975 64.1604 -0.1
      vertex 53.975 62.8904 0.1
    endloop
  endfacet
  facet normal -1 0 0
    outer loop
      vertex 53.975 62.8904 0.1
      vertex 53.975 64.1604 -0.1
      vertex 53.975 62.8904 -0.1
    endloop
  endfacet
  facet normal 0 1 0
    outer loop
      vertex 53.975 62.8904 0.1
      vertex 53.975 62.8904 -0.1
      vertex 52.705 62.8904 0.1
    endloop
  endfacet
  facet normal 0 1 -0
    outer loop
      vertex 52.705 62.8904 0.1
      vertex 53.975 62.8904 -0.1
      vertex 52.705 62.8904 -0.1
    endloop
  endfacet
  facet normal 1 0 0
    outer loop
      vertex 52.705 66.294 -0.1
      vertex 52.705 66.294 0.1
      vertex 52.705 65.024 0.1
    endloop
  endfacet
  facet normal 1 0 0
    outer loop
      vertex 52.705 65.024 -0.1
      vertex 52.705 66.294 -0.1
      vertex 52.705 65.024 0.1
    endloop
  endfacet
  facet normal 0 -1 0
    outer loop
      vertex 53.975 66.294 -0.1
      vertex 53.975 66.294 0.1
      vertex 52.705 66.294 0.1
    endloop
  endfacet
  facet normal -0 -1 -0
    outer loop
      vertex 52.705 66.294 -0.1
      vertex 53.975 66.294 -0.1
      vertex 52.705 66.294 0.1
    endloop
  endfacet
  facet normal -1 0 0
    outer loop
      vertex 53.975 66.294 0.1
      vertex 53.975 66.294 -0.1
      vertex 53.975 65.024 0.1
    endloop
  endfacet
  facet normal -1 0 0
    outer loop
      vertex 53.975 65.024 0.1
      vertex 53.975 66.294 -0.1
      vertex 53.975 65.024 -0.1
    endloop
  endfacet
  facet normal 0 1 0
    outer loop
      vertex 53.975 65.024 0.1
      vertex 53.975 65.024 -0.1
      vertex 52.705 65.024 0.1
    endloop
  endfacet
  facet normal 0 1 -0
    outer loop
      vertex 52.705 65.024 0.1
      vertex 53.975 65.024 -0.1
      vertex 52.705 65.024 -0.1
    endloop
  endfacet
  facet normal 1 0 0
    outer loop
      vertex 55.753 58.42 -0.1
      vertex 55.753 58.42 0.1
      vertex 55.753 56.896 0.1
    endloop
  endfacet
  facet normal 1 0 0
    outer loop
      vertex 55.753 56.896 -0.1
      vertex 55.753 58.42 -0.1
      vertex 55.753 56.896 0.1
    endloop
  endfacet
  facet normal 0 -1 0
    outer loop
      vertex 57.277 58.42 -0.1
      vertex 57.277 58.42 0.1
      vertex 55.753 58.42 0.1
    endloop
  endfacet
  facet normal -0 -1 -0
    outer loop
      vertex 55.753 58.42 -0.1
      vertex 57.277 58.42 -0.1
      vertex 55.753 58.42 0.1
    endloop
  endfacet
  facet normal -1 0 0
    outer loop
      vertex 57.277 58.42 0.1
      vertex 57.277 58.42 -0.1
      vertex 57.277 56.896 0.1
    endloop
  endfacet
  facet normal -1 0 0
    outer loop
      vertex 57.277 56.896 0.1
      vertex 57.277 58.42 -0.1
      vertex 57.277 56.896 -0.1
    endloop
  endfacet
  facet normal 0 1 0
    outer loop
      vertex 57.277 56.896 0.1
      vertex 57.277 56.896 -0.1
      vertex 55.753 56.896 0.1
    endloop
  endfacet
  facet normal 0 1 -0
    outer loop
      vertex 55.753 56.896 0.1
      vertex 57.277 56.896 -0.1
      vertex 55.753 56.896 -0.1
    endloop
  endfacet
  facet normal 1 0 0
    outer loop
      vertex 55.753 61.722 -0.1
      vertex 55.753 61.722 0.1
      vertex 55.753 60.198 0.1
    endloop
  endfacet
  facet normal 1 0 0
    outer loop
      vertex 55.753 60.198 -0.1
      vertex 55.753 61.722 -0.1
      vertex 55.753 60.198 0.1
    endloop
  endfacet
  facet normal 0 -1 0
    outer loop
      vertex 57.277 61.722 -0.1
      vertex 57.277 61.722 0.1
      vertex 55.753 61.722 0.1
    endloop
  endfacet
  facet normal -0 -1 -0
    outer loop
      vertex 55.753 61.722 -0.1
      vertex 57.277 61.722 -0.1
      vertex 55.753 61.722 0.1
    endloop
  endfacet
  facet normal -1 0 0
    outer loop
      vertex 57.277 61.722 0.1
      vertex 57.277 61.722 -0.1
      vertex 57.277 60.198 0.1
    endloop
  endfacet
  facet normal -1 0 0
    outer loop
      vertex 57.277 60.198 0.1
      vertex 57.277 61.722 -0.1
      vertex 57.277 60.198 -0.1
    endloop
  endfacet
  facet normal 0 1 0
    outer loop
      vertex 57.277 60.198 0.1
      vertex 57.277 60.198 -0.1
      vertex 55.753 60.198 0.1
    endloop
  endfacet
  facet normal 0 1 -0
    outer loop
      vertex 55.753 60.198 0.1
      vertex 57.277 60.198 -0.1
      vertex 55.753 60.198 -0.1
    endloop
  endfacet
  facet normal 1 0 0
    outer loop
      vertex 56.3118 64.1604 -0.1
      vertex 56.3118 64.1604 0.1
      vertex 56.3118 62.8904 0.1
    endloop
  endfacet
  facet normal 1 0 0
    outer loop
      vertex 56.3118 62.8904 -0.1
      vertex 56.3118 64.1604 -0.1
      vertex 56.3118 62.8904 0.1
    endloop
  endfacet
  facet normal 0 -1 0
    outer loop
      vertex 57.5818 64.1604 -0.1
      vertex 57.5818 64.1604 0.1
      vertex 56.3118 64.1604 0.1
    endloop
  endfacet
  facet normal -0 -1 -0
    outer loop
      vertex 56.3118 64.1604 -0.1
      vertex 57.5818 64.1604 -0.1
      vertex 56.3118 64.1604 0.1
    endloop
  endfacet
  facet normal -1 0 0
    outer loop
      vertex 57.5818 64.1604 0.1
      vertex 57.5818 64.1604 -0.1
      vertex 57.5818 62.8904 0.1
    endloop
  endfacet
  facet normal -1 0 0
    outer loop
      vertex 57.5818 62.8904 0.1
      vertex 57.5818 64.1604 -0.1
      vertex 57.5818 62.8904 -0.1
    endloop
  endfacet
  facet normal 0 1 0
    outer loop
      vertex 57.5818 62.8904 0.1
      vertex 57.5818 62.8904 -0.1
      vertex 56.3118 62.8904 0.1
    endloop
  endfacet
  facet normal 0 1 -0
    outer loop
      vertex 56.3118 62.8904 0.1
      vertex 57.5818 62.8904 -0.1
      vertex 56.3118 62.8904 -0.1
    endloop
  endfacet
  facet normal 1 0 0
    outer loop
      vertex 56.3118 66.294 -0.1
      vertex 56.3118 66.294 0.1
      vertex 56.3118 65.024 0.1
    endloop
  endfacet
  facet normal 1 0 0
    outer loop
      vertex 56.3118 65.024 -0.1
      vertex 56.3118 66.294 -0.1
      vertex 56.3118 65.024 0.1
    endloop
  endfacet
  facet normal 0 -1 0
    outer loop
      vertex 57.5818 66.294 -0.1
      vertex 57.5818 66.294 0.1
      vertex 56.3118 66.294 0.1
    endloop
  endfacet
  facet normal -0 -1 -0
    outer loop
      vertex 56.3118 66.294 -0.1
      vertex 57.5818 66.294 -0.1
      vertex 56.3118 66.294 0.1
    endloop
  endfacet
  facet normal -1 0 0
    outer loop
      vertex 57.5818 66.294 0.1
      vertex 57.5818 66.294 -0.1
      vertex 57.5818 65.024 0.1
    endloop
  endfacet
  facet normal -1 0 0
    outer loop
      vertex 57.5818 65.024 0.1
      vertex 57.5818 66.294 -0.1
      vertex 57.5818 65.024 -0.1
    endloop
  endfacet
  facet normal 0 1 0
    outer loop
      vertex 57.5818 65.024 0.1
      vertex 57.5818 65.024 -0.1
      vertex 56.3118 65.024 0.1
    endloop
  endfacet
  facet normal 0 1 -0
    outer loop
      vertex 56.3118 65.024 0.1
      vertex 57.5818 65.024 -0.1
      vertex 56.3118 65.024 -0.1
    endloop
  endfacet
  facet normal 1 0 0
    outer loop
      vertex 56.388 43.561 -0.1
      vertex 56.388 43.561 0.1
      vertex 56.388 42.037 0.1
    endloop
  endfacet
  facet normal 1 0 0
    outer loop
      vertex 56.388 42.037 -0.1
      vertex 56.388 43.561 -0.1
      vertex 56.388 42.037 0.1
    endloop
  endfacet
  facet normal 0 -1 0
    outer loop
      vertex 57.912 43.561 -0.1
      vertex 57.912 43.561 0.1
      vertex 56.388 43.561 0.1
    endloop
  endfacet
  facet normal -0 -1 -0
    outer loop
      vertex 56.388 43.561 -0.1
      vertex 57.912 43.561 -0.1
      vertex 56.388 43.561 0.1
    endloop
  endfacet
  facet normal -1 0 0
    outer loop
      vertex 57.912 43.561 0.1
      vertex 57.912 43.561 -0.1
      vertex 57.912 42.037 0.1
    endloop
  endfacet
  facet normal -1 0 0
    outer loop
      vertex 57.912 42.037 0.1
      vertex 57.912 43.561 -0.1
      vertex 57.912 42.037 -0.1
    endloop
  endfacet
  facet normal 0 1 0
    outer loop
      vertex 57.912 42.037 0.1
      vertex 57.912 42.037 -0.1
      vertex 56.388 42.037 0.1
    endloop
  endfacet
  facet normal 0 1 -0
    outer loop
      vertex 56.388 42.037 0.1
      vertex 57.912 42.037 -0.1
      vertex 56.388 42.037 -0.1
    endloop
  endfacet
  facet normal 1 0 0
    outer loop
      vertex 56.388 46.863 -0.1
      vertex 56.388 46.863 0.1
      vertex 56.388 45.339 0.1
    endloop
  endfacet
  facet normal 1 0 0
    outer loop
      vertex 56.388 45.339 -0.1
      vertex 56.388 46.863 -0.1
      vertex 56.388 45.339 0.1
    endloop
  endfacet
  facet normal 0 -1 0
    outer loop
      vertex 57.912 46.863 -0.1
      vertex 57.912 46.863 0.1
      vertex 56.388 46.863 0.1
    endloop
  endfacet
  facet normal -0 -1 -0
    outer loop
      vertex 56.388 46.863 -0.1
      vertex 57.912 46.863 -0.1
      vertex 56.388 46.863 0.1
    endloop
  endfacet
  facet normal -1 0 0
    outer loop
      vertex 57.912 46.863 0.1
      vertex 57.912 46.863 -0.1
      vertex 57.912 45.339 0.1
    endloop
  endfacet
  facet normal -1 0 0
    outer loop
      vertex 57.912 45.339 0.1
      vertex 57.912 46.863 -0.1
      vertex 57.912 45.339 -0.1
    endloop
  endfacet
  facet normal 0 1 0
    outer loop
      vertex 57.912 45.339 0.1
      vertex 57.912 45.339 -0.1
      vertex 56.388 45.339 0.1
    endloop
  endfacet
  facet normal 0 1 -0
    outer loop
      vertex 56.388 45.339 0.1
      vertex 57.912 45.339 -0.1
      vertex 56.388 45.339 -0.1
    endloop
  endfacet
  facet normal 1 0 0
    outer loop
      vertex 58.42 59.944 -0.1
      vertex 58.42 59.944 0.1
      vertex 58.42 58.674 0.1
    endloop
  endfacet
  facet normal 1 0 0
    outer loop
      vertex 58.42 58.674 -0.1
      vertex 58.42 59.944 -0.1
      vertex 58.42 58.674 0.1
    endloop
  endfacet
  facet normal 0 -1 0
    outer loop
      vertex 59.69 59.944 -0.1
      vertex 59.69 59.944 0.1
      vertex 58.42 59.944 0.1
    endloop
  endfacet
  facet normal -0 -1 -0
    outer loop
      vertex 58.42 59.944 -0.1
      vertex 59.69 59.944 -0.1
      vertex 58.42 59.944 0.1
    endloop
  endfacet
  facet normal -1 0 0
    outer loop
      vertex 59.69 59.944 0.1
      vertex 59.69 59.944 -0.1
      vertex 59.69 58.674 0.1
    endloop
  endfacet
  facet normal -1 0 0
    outer loop
      vertex 59.69 58.674 0.1
      vertex 59.69 59.944 -0.1
      vertex 59.69 58.674 -0.1
    endloop
  endfacet
  facet normal 0 1 0
    outer loop
      vertex 59.69 58.674 0.1
      vertex 59.69 58.674 -0.1
      vertex 58.42 58.674 0.1
    endloop
  endfacet
  facet normal 0 1 -0
    outer loop
      vertex 58.42 58.674 0.1
      vertex 59.69 58.674 -0.1
      vertex 58.42 58.674 -0.1
    endloop
  endfacet
  facet normal 1 0 0
    outer loop
      vertex 58.42 62.0776 -0.1
      vertex 58.42 62.0776 0.1
      vertex 58.42 60.8076 0.1
    endloop
  endfacet
  facet normal 1 0 0
    outer loop
      vertex 58.42 60.8076 -0.1
      vertex 58.42 62.0776 -0.1
      vertex 58.42 60.8076 0.1
    endloop
  endfacet
  facet normal 0 -1 0
    outer loop
      vertex 59.69 62.0776 -0.1
      vertex 59.69 62.0776 0.1
      vertex 58.42 62.0776 0.1
    endloop
  endfacet
  facet normal -0 -1 -0
    outer loop
      vertex 58.42 62.0776 -0.1
      vertex 59.69 62.0776 -0.1
      vertex 58.42 62.0776 0.1
    endloop
  endfacet
  facet normal -1 0 0
    outer loop
      vertex 59.69 62.0776 0.1
      vertex 59.69 62.0776 -0.1
      vertex 59.69 60.8076 0.1
    endloop
  endfacet
  facet normal -1 0 0
    outer loop
      vertex 59.69 60.8076 0.1
      vertex 59.69 62.0776 -0.1
      vertex 59.69 60.8076 -0.1
    endloop
  endfacet
  facet normal 0 1 0
    outer loop
      vertex 59.69 60.8076 0.1
      vertex 59.69 60.8076 -0.1
      vertex 58.42 60.8076 0.1
    endloop
  endfacet
  facet normal 0 1 -0
    outer loop
      vertex 58.42 60.8076 0.1
      vertex 59.69 60.8076 -0.1
      vertex 58.42 60.8076 -0.1
    endloop
  endfacet
  facet normal 1 0 0
    outer loop
      vertex 58.42 64.1604 -0.1
      vertex 58.42 64.1604 0.1
      vertex 58.42 62.8904 0.1
    endloop
  endfacet
  facet normal 1 0 0
    outer loop
      vertex 58.42 62.8904 -0.1
      vertex 58.42 64.1604 -0.1
      vertex 58.42 62.8904 0.1
    endloop
  endfacet
  facet normal 0 -1 0
    outer loop
      vertex 59.69 64.1604 -0.1
      vertex 59.69 64.1604 0.1
      vertex 58.42 64.1604 0.1
    endloop
  endfacet
  facet normal -0 -1 -0
    outer loop
      vertex 58.42 64.1604 -0.1
      vertex 59.69 64.1604 -0.1
      vertex 58.42 64.1604 0.1
    endloop
  endfacet
  facet normal -1 0 0
    outer loop
      vertex 59.69 64.1604 0.1
      vertex 59.69 64.1604 -0.1
      vertex 59.69 62.8904 0.1
    endloop
  endfacet
  facet normal -1 0 0
    outer loop
      vertex 59.69 62.8904 0.1
      vertex 59.69 64.1604 -0.1
      vertex 59.69 62.8904 -0.1
    endloop
  endfacet
  facet normal 0 1 0
    outer loop
      vertex 59.69 62.8904 0.1
      vertex 59.69 62.8904 -0.1
      vertex 58.42 62.8904 0.1
    endloop
  endfacet
  facet normal 0 1 -0
    outer loop
      vertex 58.42 62.8904 0.1
      vertex 59.69 62.8904 -0.1
      vertex 58.42 62.8904 -0.1
    endloop
  endfacet
  facet normal 1 0 0
    outer loop
      vertex 58.42 66.294 -0.1
      vertex 58.42 66.294 0.1
      vertex 58.42 65.024 0.1
    endloop
  endfacet
  facet normal 1 0 0
    outer loop
      vertex 58.42 65.024 -0.1
      vertex 58.42 66.294 -0.1
      vertex 58.42 65.024 0.1
    endloop
  endfacet
  facet normal 0 -1 0
    outer loop
      vertex 59.69 66.294 -0.1
      vertex 59.69 66.294 0.1
      vertex 58.42 66.294 0.1
    endloop
  endfacet
  facet normal -0 -1 -0
    outer loop
      vertex 58.42 66.294 -0.1
      vertex 59.69 66.294 -0.1
      vertex 58.42 66.294 0.1
    endloop
  endfacet
  facet normal -1 0 0
    outer loop
      vertex 59.69 66.294 0.1
      vertex 59.69 66.294 -0.1
      vertex 59.69 65.024 0.1
    endloop
  endfacet
  facet normal -1 0 0
    outer loop
      vertex 59.69 65.024 0.1
      vertex 59.69 66.294 -0.1
      vertex 59.69 65.024 -0.1
    endloop
  endfacet
  facet normal 0 1 0
    outer loop
      vertex 59.69 65.024 0.1
      vertex 59.69 65.024 -0.1
      vertex 58.42 65.024 0.1
    endloop
  endfacet
  facet normal 0 1 -0
    outer loop
      vertex 58.42 65.024 0.1
      vertex 59.69 65.024 -0.1
      vertex 58.42 65.024 -0.1
    endloop
  endfacet
  facet normal 1 0 0
    outer loop
      vertex 59.055 40.4114 -0.1
      vertex 59.055 40.4114 0.1
      vertex 59.055 39.1414 0.1
    endloop
  endfacet
  facet normal 1 0 0
    outer loop
      vertex 59.055 39.1414 -0.1
      vertex 59.055 40.4114 -0.1
      vertex 59.055 39.1414 0.1
    endloop
  endfacet
  facet normal 0 -1 0
    outer loop
      vertex 60.325 40.4114 -0.1
      vertex 60.325 40.4114 0.1
      vertex 59.055 40.4114 0.1
    endloop
  endfacet
  facet normal -0 -1 -0
    outer loop
      vertex 59.055 40.4114 -0.1
      vertex 60.325 40.4114 -0.1
      vertex 59.055 40.4114 0.1
    endloop
  endfacet
  facet normal -1 0 0
    outer loop
      vertex 60.325 40.4114 0.1
      vertex 60.325 40.4114 -0.1
      vertex 60.325 39.1414 0.1
    endloop
  endfacet
  facet normal -1 0 0
    outer loop
      vertex 60.325 39.1414 0.1
      vertex 60.325 40.4114 -0.1
      vertex 60.325 39.1414 -0.1
    endloop
  endfacet
  facet normal 0 1 0
    outer loop
      vertex 60.325 39.1414 0.1
      vertex 60.325 39.1414 -0.1
      vertex 59.055 39.1414 0.1
    endloop
  endfacet
  facet normal 0 1 -0
    outer loop
      vertex 59.055 39.1414 0.1
      vertex 60.325 39.1414 -0.1
      vertex 59.055 39.1414 -0.1
    endloop
  endfacet
  facet normal 1 0 0
    outer loop
      vertex 59.055 42.545 -0.1
      vertex 59.055 42.545 0.1
      vertex 59.055 41.275 0.1
    endloop
  endfacet
  facet normal 1 0 0
    outer loop
      vertex 59.055 41.275 -0.1
      vertex 59.055 42.545 -0.1
      vertex 59.055 41.275 0.1
    endloop
  endfacet
  facet normal 0 -1 0
    outer loop
      vertex 60.325 42.545 -0.1
      vertex 60.325 42.545 0.1
      vertex 59.055 42.545 0.1
    endloop
  endfacet
  facet normal -0 -1 -0
    outer loop
      vertex 59.055 42.545 -0.1
      vertex 60.325 42.545 -0.1
      vertex 59.055 42.545 0.1
    endloop
  endfacet
  facet normal -1 0 0
    outer loop
      vertex 60.325 42.545 0.1
      vertex 60.325 42.545 -0.1
      vertex 60.325 41.275 0.1
    endloop
  endfacet
  facet normal -1 0 0
    outer loop
      vertex 60.325 41.275 0.1
      vertex 60.325 42.545 -0.1
      vertex 60.325 41.275 -0.1
    endloop
  endfacet
  facet normal 0 1 0
    outer loop
      vertex 60.325 41.275 0.1
      vertex 60.325 41.275 -0.1
      vertex 59.055 41.275 0.1
    endloop
  endfacet
  facet normal 0 1 -0
    outer loop
      vertex 59.055 41.275 0.1
      vertex 60.325 41.275 -0.1
      vertex 59.055 41.275 -0.1
    endloop
  endfacet
  facet normal 1 0 0
    outer loop
      vertex 59.4614 46.99 -0.1
      vertex 59.4614 46.99 0.1
      vertex 59.4614 45.72 0.1
    endloop
  endfacet
  facet normal 1 0 0
    outer loop
      vertex 59.4614 45.72 -0.1
      vertex 59.4614 46.99 -0.1
      vertex 59.4614 45.72 0.1
    endloop
  endfacet
  facet normal 0 -1 0
    outer loop
      vertex 60.7314 46.99 -0.1
      vertex 60.7314 46.99 0.1
      vertex 59.4614 46.99 0.1
    endloop
  endfacet
  facet normal -0 -1 -0
    outer loop
      vertex 59.4614 46.99 -0.1
      vertex 60.7314 46.99 -0.1
      vertex 59.4614 46.99 0.1
    endloop
  endfacet
  facet normal -1 0 0
    outer loop
      vertex 60.7314 46.99 0.1
      vertex 60.7314 46.99 -0.1
      vertex 60.7314 45.72 0.1
    endloop
  endfacet
  facet normal -1 0 0
    outer loop
      vertex 60.7314 45.72 0.1
      vertex 60.7314 46.99 -0.1
      vertex 60.7314 45.72 -0.1
    endloop
  endfacet
  facet normal 0 1 0
    outer loop
      vertex 60.7314 45.72 0.1
      vertex 60.7314 45.72 -0.1
      vertex 59.4614 45.72 0.1
    endloop
  endfacet
  facet normal 0 1 -0
    outer loop
      vertex 59.4614 45.72 0.1
      vertex 60.7314 45.72 -0.1
      vertex 59.4614 45.72 -0.1
    endloop
  endfacet
  facet normal 1 0 0
    outer loop
      vertex 61.468 58.42 -0.1
      vertex 61.468 58.42 0.1
      vertex 61.468 56.896 0.1
    endloop
  endfacet
  facet normal 1 0 0
    outer loop
      vertex 61.468 56.896 -0.1
      vertex 61.468 58.42 -0.1
      vertex 61.468 56.896 0.1
    endloop
  endfacet
  facet normal 0 -1 0
    outer loop
      vertex 62.992 58.42 -0.1
      vertex 62.992 58.42 0.1
      vertex 61.468 58.42 0.1
    endloop
  endfacet
  facet normal -0 -1 -0
    outer loop
      vertex 61.468 58.42 -0.1
      vertex 62.992 58.42 -0.1
      vertex 61.468 58.42 0.1
    endloop
  endfacet
  facet normal -1 0 0
    outer loop
      vertex 62.992 58.42 0.1
      vertex 62.992 58.42 -0.1
      vertex 62.992 56.896 0.1
    endloop
  endfacet
  facet normal -1 0 0
    outer loop
      vertex 62.992 56.896 0.1
      vertex 62.992 58.42 -0.1
      vertex 62.992 56.896 -0.1
    endloop
  endfacet
  facet normal 0 1 0
    outer loop
      vertex 62.992 56.896 0.1
      vertex 62.992 56.896 -0.1
      vertex 61.468 56.896 0.1
    endloop
  endfacet
  facet normal 0 1 -0
    outer loop
      vertex 61.468 56.896 0.1
      vertex 62.992 56.896 -0.1
      vertex 61.468 56.896 -0.1
    endloop
  endfacet
  facet normal 1 0 0
    outer loop
      vertex 61.468 61.722 -0.1
      vertex 61.468 61.722 0.1
      vertex 61.468 60.198 0.1
    endloop
  endfacet
  facet normal 1 0 0
    outer loop
      vertex 61.468 60.198 -0.1
      vertex 61.468 61.722 -0.1
      vertex 61.468 60.198 0.1
    endloop
  endfacet
  facet normal 0 -1 0
    outer loop
      vertex 62.992 61.722 -0.1
      vertex 62.992 61.722 0.1
      vertex 61.468 61.722 0.1
    endloop
  endfacet
  facet normal -0 -1 -0
    outer loop
      vertex 61.468 61.722 -0.1
      vertex 62.992 61.722 -0.1
      vertex 61.468 61.722 0.1
    endloop
  endfacet
  facet normal -1 0 0
    outer loop
      vertex 62.992 61.722 0.1
      vertex 62.992 61.722 -0.1
      vertex 62.992 60.198 0.1
    endloop
  endfacet
  facet normal -1 0 0
    outer loop
      vertex 62.992 60.198 0.1
      vertex 62.992 61.722 -0.1
      vertex 62.992 60.198 -0.1
    endloop
  endfacet
  facet normal 0 1 0
    outer loop
      vertex 62.992 60.198 0.1
      vertex 62.992 60.198 -0.1
      vertex 61.468 60.198 0.1
    endloop
  endfacet
  facet normal 0 1 -0
    outer loop
      vertex 61.468 60.198 0.1
      vertex 62.992 60.198 -0.1
      vertex 61.468 60.198 -0.1
    endloop
  endfacet
  facet normal 1 0 0
    outer loop
      vertex 61.5442 44.3738 -0.1
      vertex 61.5442 44.3738 0.1
      vertex 61.5442 42.545 0.1
    endloop
  endfacet
  facet normal 1 0 0
    outer loop
      vertex 61.5442 42.545 -0.1
      vertex 61.5442 44.3738 -0.1
      vertex 61.5442 42.545 0.1
    endloop
  endfacet
  facet normal 0 -1 0
    outer loop
      vertex 62.9666 44.3738 -0.1
      vertex 62.9666 44.3738 0.1
      vertex 61.5442 44.3738 0.1
    endloop
  endfacet
  facet normal -0 -1 -0
    outer loop
      vertex 61.5442 44.3738 -0.1
      vertex 62.9666 44.3738 -0.1
      vertex 61.5442 44.3738 0.1
    endloop
  endfacet
  facet normal -1 0 0
    outer loop
      vertex 62.9666 44.3738 0.1
      vertex 62.9666 44.3738 -0.1
      vertex 62.9666 42.545 0.1
    endloop
  endfacet
  facet normal -1 0 0
    outer loop
      vertex 62.9666 42.545 0.1
      vertex 62.9666 44.3738 -0.1
      vertex 62.9666 42.545 -0.1
    endloop
  endfacet
  facet normal 0 1 0
    outer loop
      vertex 62.9666 42.545 0.1
      vertex 62.9666 42.545 -0.1
      vertex 61.5442 42.545 0.1
    endloop
  endfacet
  facet normal 0 1 -0
    outer loop
      vertex 61.5442 42.545 0.1
      vertex 62.9666 42.545 -0.1
      vertex 61.5442 42.545 -0.1
    endloop
  endfacet
  facet normal 1 0 0
    outer loop
      vertex 61.595 46.99 -0.1
      vertex 61.595 46.99 0.1
      vertex 61.595 45.72 0.1
    endloop
  endfacet
  facet normal 1 0 0
    outer loop
      vertex 61.595 45.72 -0.1
      vertex 61.595 46.99 -0.1
      vertex 61.595 45.72 0.1
    endloop
  endfacet
  facet normal 0 -1 0
    outer loop
      vertex 62.865 46.99 -0.1
      vertex 62.865 46.99 0.1
      vertex 61.595 46.99 0.1
    endloop
  endfacet
  facet normal -0 -1 -0
    outer loop
      vertex 61.595 46.99 -0.1
      vertex 62.865 46.99 -0.1
      vertex 61.595 46.99 0.1
    endloop
  endfacet
  facet normal -1 0 0
    outer loop
      vertex 62.865 46.99 0.1
      vertex 62.865 46.99 -0.1
      vertex 62.865 45.72 0.1
    endloop
  endfacet
  facet normal -1 0 0
    outer loop
      vertex 62.865 45.72 0.1
      vertex 62.865 46.99 -0.1
      vertex 62.865 45.72 -0.1
    endloop
  endfacet
  facet normal 0 1 0
    outer loop
      vertex 62.865 45.72 0.1
      vertex 62.865 45.72 -0.1
      vertex 61.595 45.72 0.1
    endloop
  endfacet
  facet normal 0 1 -0
    outer loop
      vertex 61.595 45.72 0.1
      vertex 62.865 45.72 -0.1
      vertex 61.595 45.72 -0.1
    endloop
  endfacet
  facet normal 1 0 0
    outer loop
      vertex 61.7474 39.0144 -0.1
      vertex 61.7474 39.0144 0.1
      vertex 61.7474 33.1724 0.1
    endloop
  endfacet
  facet normal 1 0 0
    outer loop
      vertex 61.7474 33.1724 -0.1
      vertex 61.7474 39.0144 -0.1
      vertex 61.7474 33.1724 0.1
    endloop
  endfacet
  facet normal 0 -1 0
    outer loop
      vertex 67.3354 39.0144 -0.1
      vertex 67.3354 39.0144 0.1
      vertex 61.7474 39.0144 0.1
    endloop
  endfacet
  facet normal -0 -1 -0
    outer loop
      vertex 61.7474 39.0144 -0.1
      vertex 67.3354 39.0144 -0.1
      vertex 61.7474 39.0144 0.1
    endloop
  endfacet
  facet normal -1 0 0
    outer loop
      vertex 67.3354 39.0144 0.1
      vertex 67.3354 39.0144 -0.1
      vertex 67.3354 33.1724 0.1
    endloop
  endfacet
  facet normal -1 0 0
    outer loop
      vertex 67.3354 33.1724 0.1
      vertex 67.3354 39.0144 -0.1
      vertex 67.3354 33.1724 -0.1
    endloop
  endfacet
  facet normal 0 1 0
    outer loop
      vertex 67.3354 33.1724 0.1
      vertex 67.3354 33.1724 -0.1
      vertex 61.7474 33.1724 0.1
    endloop
  endfacet
  facet normal 0 1 -0
    outer loop
      vertex 61.7474 33.1724 0.1
      vertex 67.3354 33.1724 -0.1
      vertex 61.7474 33.1724 -0.1
    endloop
  endfacet
  facet normal 1 0 0
    outer loop
      vertex 62.0522 64.1604 -0.1
      vertex 62.0522 64.1604 0.1
      vertex 62.0522 62.8904 0.1
    endloop
  endfacet
  facet normal 1 0 0
    outer loop
      vertex 62.0522 62.8904 -0.1
      vertex 62.0522 64.1604 -0.1
      vertex 62.0522 62.8904 0.1
    endloop
  endfacet
  facet normal 0 -1 0
    outer loop
      vertex 63.3222 64.1604 -0.1
      vertex 63.3222 64.1604 0.1
      vertex 62.0522 64.1604 0.1
    endloop
  endfacet
  facet normal -0 -1 -0
    outer loop
      vertex 62.0522 64.1604 -0.1
      vertex 63.3222 64.1604 -0.1
      vertex 62.0522 64.1604 0.1
    endloop
  endfacet
  facet normal -1 0 0
    outer loop
      vertex 63.3222 64.1604 0.1
      vertex 63.3222 64.1604 -0.1
      vertex 63.3222 62.8904 0.1
    endloop
  endfacet
  facet normal -1 0 0
    outer loop
      vertex 63.3222 62.8904 0.1
      vertex 63.3222 64.1604 -0.1
      vertex 63.3222 62.8904 -0.1
    endloop
  endfacet
  facet normal 0 1 0
    outer loop
      vertex 63.3222 62.8904 0.1
      vertex 63.3222 62.8904 -0.1
      vertex 62.0522 62.8904 0.1
    endloop
  endfacet
  facet normal 0 1 -0
    outer loop
      vertex 62.0522 62.8904 0.1
      vertex 63.3222 62.8904 -0.1
      vertex 62.0522 62.8904 -0.1
    endloop
  endfacet
  facet normal 1 0 0
    outer loop
      vertex 62.0522 66.294 -0.1
      vertex 62.0522 66.294 0.1
      vertex 62.0522 65.024 0.1
    endloop
  endfacet
  facet normal 1 0 0
    outer loop
      vertex 62.0522 65.024 -0.1
      vertex 62.0522 66.294 -0.1
      vertex 62.0522 65.024 0.1
    endloop
  endfacet
  facet normal 0 -1 0
    outer loop
      vertex 63.3222 66.294 -0.1
      vertex 63.3222 66.294 0.1
      vertex 62.0522 66.294 0.1
    endloop
  endfacet
  facet normal -0 -1 -0
    outer loop
      vertex 62.0522 66.294 -0.1
      vertex 63.3222 66.294 -0.1
      vertex 62.0522 66.294 0.1
    endloop
  endfacet
  facet normal -1 0 0
    outer loop
      vertex 63.3222 66.294 0.1
      vertex 63.3222 66.294 -0.1
      vertex 63.3222 65.024 0.1
    endloop
  endfacet
  facet normal -1 0 0
    outer loop
      vertex 63.3222 65.024 0.1
      vertex 63.3222 66.294 -0.1
      vertex 63.3222 65.024 -0.1
    endloop
  endfacet
  facet normal 0 1 0
    outer loop
      vertex 63.3222 65.024 0.1
      vertex 63.3222 65.024 -0.1
      vertex 62.0522 65.024 0.1
    endloop
  endfacet
  facet normal 0 1 -0
    outer loop
      vertex 62.0522 65.024 0.1
      vertex 63.3222 65.024 -0.1
      vertex 62.0522 65.024 -0.1
    endloop
  endfacet
  facet normal 1 0 0
    outer loop
      vertex 64.135 59.944 -0.1
      vertex 64.135 59.944 0.1
      vertex 64.135 58.674 0.1
    endloop
  endfacet
  facet normal 1 0 0
    outer loop
      vertex 64.135 58.674 -0.1
      vertex 64.135 59.944 -0.1
      vertex 64.135 58.674 0.1
    endloop
  endfacet
  facet normal 0 -1 0
    outer loop
      vertex 65.405 59.944 -0.1
      vertex 65.405 59.944 0.1
      vertex 64.135 59.944 0.1
    endloop
  endfacet
  facet normal -0 -1 -0
    outer loop
      vertex 64.135 59.944 -0.1
      vertex 65.405 59.944 -0.1
      vertex 64.135 59.944 0.1
    endloop
  endfacet
  facet normal -1 0 0
    outer loop
      vertex 65.405 59.944 0.1
      vertex 65.405 59.944 -0.1
      vertex 65.405 58.674 0.1
    endloop
  endfacet
  facet normal -1 0 0
    outer loop
      vertex 65.405 58.674 0.1
      vertex 65.405 59.944 -0.1
      vertex 65.405 58.674 -0.1
    endloop
  endfacet
  facet normal 0 1 0
    outer loop
      vertex 65.405 58.674 0.1
      vertex 65.405 58.674 -0.1
      vertex 64.135 58.674 0.1
    endloop
  endfacet
  facet normal 0 1 -0
    outer loop
      vertex 64.135 58.674 0.1
      vertex 65.405 58.674 -0.1
      vertex 64.135 58.674 -0.1
    endloop
  endfacet
  facet normal 1 0 0
    outer loop
      vertex 64.135 62.0776 -0.1
      vertex 64.135 62.0776 0.1
      vertex 64.135 60.8076 0.1
    endloop
  endfacet
  facet normal 1 0 0
    outer loop
      vertex 64.135 60.8076 -0.1
      vertex 64.135 62.0776 -0.1
      vertex 64.135 60.8076 0.1
    endloop
  endfacet
  facet normal 0 -1 0
    outer loop
      vertex 65.405 62.0776 -0.1
      vertex 65.405 62.0776 0.1
      vertex 64.135 62.0776 0.1
    endloop
  endfacet
  facet normal -0 -1 -0
    outer loop
      vertex 64.135 62.0776 -0.1
      vertex 65.405 62.0776 -0.1
      vertex 64.135 62.0776 0.1
    endloop
  endfacet
  facet normal -1 0 0
    outer loop
      vertex 65.405 62.0776 0.1
      vertex 65.405 62.0776 -0.1
      vertex 65.405 60.8076 0.1
    endloop
  endfacet
  facet normal -1 0 0
    outer loop
      vertex 65.405 60.8076 0.1
      vertex 65.405 62.0776 -0.1
      vertex 65.405 60.8076 -0.1
    endloop
  endfacet
  facet normal 0 1 0
    outer loop
      vertex 65.405 60.8076 0.1
      vertex 65.405 60.8076 -0.1
      vertex 64.135 60.8076 0.1
    endloop
  endfacet
  facet normal 0 1 -0
    outer loop
      vertex 64.135 60.8076 0.1
      vertex 65.405 60.8076 -0.1
      vertex 64.135 60.8076 -0.1
    endloop
  endfacet
  facet normal 1 0 0
    outer loop
      vertex 64.135 64.1604 -0.1
      vertex 64.135 64.1604 0.1
      vertex 64.135 62.8904 0.1
    endloop
  endfacet
  facet normal 1 0 0
    outer loop
      vertex 64.135 62.8904 -0.1
      vertex 64.135 64.1604 -0.1
      vertex 64.135 62.8904 0.1
    endloop
  endfacet
  facet normal 0 -1 0
    outer loop
      vertex 65.405 64.1604 -0.1
      vertex 65.405 64.1604 0.1
      vertex 64.135 64.1604 0.1
    endloop
  endfacet
  facet normal -0 -1 -0
    outer loop
      vertex 64.135 64.1604 -0.1
      vertex 65.405 64.1604 -0.1
      vertex 64.135 64.1604 0.1
    endloop
  endfacet
  facet normal -1 0 0
    outer loop
      vertex 65.405 64.1604 0.1
      vertex 65.405 64.1604 -0.1
      vertex 65.405 62.8904 0.1
    endloop
  endfacet
  facet normal -1 0 0
    outer loop
      vertex 65.405 62.8904 0.1
      vertex 65.405 64.1604 -0.1
      vertex 65.405 62.8904 -0.1
    endloop
  endfacet
  facet normal 0 1 0
    outer loop
      vertex 65.405 62.8904 0.1
      vertex 65.405 62.8904 -0.1
      vertex 64.135 62.8904 0.1
    endloop
  endfacet
  facet normal 0 1 -0
    outer loop
      vertex 64.135 62.8904 0.1
      vertex 65.405 62.8904 -0.1
      vertex 64.135 62.8904 -0.1
    endloop
  endfacet
  facet normal 1 0 0
    outer loop
      vertex 64.135 66.294 -0.1
      vertex 64.135 66.294 0.1
      vertex 64.135 65.024 0.1
    endloop
  endfacet
  facet normal 1 0 0
    outer loop
      vertex 64.135 65.024 -0.1
      vertex 64.135 66.294 -0.1
      vertex 64.135 65.024 0.1
    endloop
  endfacet
  facet normal 0 -1 0
    outer loop
      vertex 65.405 66.294 -0.1
      vertex 65.405 66.294 0.1
      vertex 64.135 66.294 0.1
    endloop
  endfacet
  facet normal -0 -1 -0
    outer loop
      vertex 64.135 66.294 -0.1
      vertex 65.405 66.294 -0.1
      vertex 64.135 66.294 0.1
    endloop
  endfacet
  facet normal -1 0 0
    outer loop
      vertex 65.405 66.294 0.1
      vertex 65.405 66.294 -0.1
      vertex 65.405 65.024 0.1
    endloop
  endfacet
  facet normal -1 0 0
    outer loop
      vertex 65.405 65.024 0.1
      vertex 65.405 66.294 -0.1
      vertex 65.405 65.024 -0.1
    endloop
  endfacet
  facet normal 0 1 0
    outer loop
      vertex 65.405 65.024 0.1
      vertex 65.405 65.024 -0.1
      vertex 64.135 65.024 0.1
    endloop
  endfacet
  facet normal 0 1 -0
    outer loop
      vertex 64.135 65.024 0.1
      vertex 65.405 65.024 -0.1
      vertex 64.135 65.024 -0.1
    endloop
  endfacet
  facet normal 1 0 0
    outer loop
      vertex 66.1162 44.3738 -0.1
      vertex 66.1162 44.3738 0.1
      vertex 66.1162 42.545 0.1
    endloop
  endfacet
  facet normal 1 0 0
    outer loop
      vertex 66.1162 42.545 -0.1
      vertex 66.1162 44.3738 -0.1
      vertex 66.1162 42.545 0.1
    endloop
  endfacet
  facet normal 0 -1 0
    outer loop
      vertex 67.5386 44.3738 -0.1
      vertex 67.5386 44.3738 0.1
      vertex 66.1162 44.3738 0.1
    endloop
  endfacet
  facet normal -0 -1 -0
    outer loop
      vertex 66.1162 44.3738 -0.1
      vertex 67.5386 44.3738 -0.1
      vertex 66.1162 44.3738 0.1
    endloop
  endfacet
  facet normal -1 0 0
    outer loop
      vertex 67.5386 44.3738 0.1
      vertex 67.5386 44.3738 -0.1
      vertex 67.5386 42.545 0.1
    endloop
  endfacet
  facet normal -1 0 0
    outer loop
      vertex 67.5386 42.545 0.1
      vertex 67.5386 44.3738 -0.1
      vertex 67.5386 42.545 -0.1
    endloop
  endfacet
  facet normal 0 1 0
    outer loop
      vertex 67.5386 42.545 0.1
      vertex 67.5386 42.545 -0.1
      vertex 66.1162 42.545 0.1
    endloop
  endfacet
  facet normal 0 1 -0
    outer loop
      vertex 66.1162 42.545 0.1
      vertex 67.5386 42.545 -0.1
      vertex 66.1162 42.545 -0.1
    endloop
  endfacet
  facet normal 1 0 0
    outer loop
      vertex 67.183 58.42 -0.1
      vertex 67.183 58.42 0.1
      vertex 67.183 56.896 0.1
    endloop
  endfacet
  facet normal 1 0 0
    outer loop
      vertex 67.183 56.896 -0.1
      vertex 67.183 58.42 -0.1
      vertex 67.183 56.896 0.1
    endloop
  endfacet
  facet normal 0 -1 0
    outer loop
      vertex 68.707 58.42 -0.1
      vertex 68.707 58.42 0.1
      vertex 67.183 58.42 0.1
    endloop
  endfacet
  facet normal -0 -1 -0
    outer loop
      vertex 67.183 58.42 -0.1
      vertex 68.707 58.42 -0.1
      vertex 67.183 58.42 0.1
    endloop
  endfacet
  facet normal -1 0 0
    outer loop
      vertex 68.707 58.42 0.1
      vertex 68.707 58.42 -0.1
      vertex 68.707 56.896 0.1
    endloop
  endfacet
  facet normal -1 0 0
    outer loop
      vertex 68.707 56.896 0.1
      vertex 68.707 58.42 -0.1
      vertex 68.707 56.896 -0.1
    endloop
  endfacet
  facet normal 0 1 0
    outer loop
      vertex 68.707 56.896 0.1
      vertex 68.707 56.896 -0.1
      vertex 67.183 56.896 0.1
    endloop
  endfacet
  facet normal 0 1 -0
    outer loop
      vertex 67.183 56.896 0.1
      vertex 68.707 56.896 -0.1
      vertex 67.183 56.896 -0.1
    endloop
  endfacet
  facet normal 1 0 0
    outer loop
      vertex 67.183 61.722 -0.1
      vertex 67.183 61.722 0.1
      vertex 67.183 60.198 0.1
    endloop
  endfacet
  facet normal 1 0 0
    outer loop
      vertex 67.183 60.198 -0.1
      vertex 67.183 61.722 -0.1
      vertex 67.183 60.198 0.1
    endloop
  endfacet
  facet normal 0 -1 0
    outer loop
      vertex 68.707 61.722 -0.1
      vertex 68.707 61.722 0.1
      vertex 67.183 61.722 0.1
    endloop
  endfacet
  facet normal -0 -1 -0
    outer loop
      vertex 67.183 61.722 -0.1
      vertex 68.707 61.722 -0.1
      vertex 67.183 61.722 0.1
    endloop
  endfacet
  facet normal -1 0 0
    outer loop
      vertex 68.707 61.722 0.1
      vertex 68.707 61.722 -0.1
      vertex 68.707 60.198 0.1
    endloop
  endfacet
  facet normal -1 0 0
    outer loop
      vertex 68.707 60.198 0.1
      vertex 68.707 61.722 -0.1
      vertex 68.707 60.198 -0.1
    endloop
  endfacet
  facet normal 0 1 0
    outer loop
      vertex 68.707 60.198 0.1
      vertex 68.707 60.198 -0.1
      vertex 67.183 60.198 0.1
    endloop
  endfacet
  facet normal 0 1 -0
    outer loop
      vertex 67.183 60.198 0.1
      vertex 68.707 60.198 -0.1
      vertex 67.183 60.198 -0.1
    endloop
  endfacet
  facet normal 1 0 0
    outer loop
      vertex 67.7672 64.1604 -0.1
      vertex 67.7672 64.1604 0.1
      vertex 67.7672 62.8904 0.1
    endloop
  endfacet
  facet normal 1 0 0
    outer loop
      vertex 67.7672 62.8904 -0.1
      vertex 67.7672 64.1604 -0.1
      vertex 67.7672 62.8904 0.1
    endloop
  endfacet
  facet normal 0 -1 0
    outer loop
      vertex 69.0372 64.1604 -0.1
      vertex 69.0372 64.1604 0.1
      vertex 67.7672 64.1604 0.1
    endloop
  endfacet
  facet normal -0 -1 -0
    outer loop
      vertex 67.7672 64.1604 -0.1
      vertex 69.0372 64.1604 -0.1
      vertex 67.7672 64.1604 0.1
    endloop
  endfacet
  facet normal -1 0 0
    outer loop
      vertex 69.0372 64.1604 0.1
      vertex 69.0372 64.1604 -0.1
      vertex 69.0372 62.8904 0.1
    endloop
  endfacet
  facet normal -1 0 0
    outer loop
      vertex 69.0372 62.8904 0.1
      vertex 69.0372 64.1604 -0.1
      vertex 69.0372 62.8904 -0.1
    endloop
  endfacet
  facet normal 0 1 0
    outer loop
      vertex 69.0372 62.8904 0.1
      vertex 69.0372 62.8904 -0.1
      vertex 67.7672 62.8904 0.1
    endloop
  endfacet
  facet normal 0 1 -0
    outer loop
      vertex 67.7672 62.8904 0.1
      vertex 69.0372 62.8904 -0.1
      vertex 67.7672 62.8904 -0.1
    endloop
  endfacet
  facet normal 1 0 0
    outer loop
      vertex 67.7672 66.294 -0.1
      vertex 67.7672 66.294 0.1
      vertex 67.7672 65.024 0.1
    endloop
  endfacet
  facet normal 1 0 0
    outer loop
      vertex 67.7672 65.024 -0.1
      vertex 67.7672 66.294 -0.1
      vertex 67.7672 65.024 0.1
    endloop
  endfacet
  facet normal 0 -1 0
    outer loop
      vertex 69.0372 66.294 -0.1
      vertex 69.0372 66.294 0.1
      vertex 67.7672 66.294 0.1
    endloop
  endfacet
  facet normal -0 -1 -0
    outer loop
      vertex 67.7672 66.294 -0.1
      vertex 69.0372 66.294 -0.1
      vertex 67.7672 66.294 0.1
    endloop
  endfacet
  facet normal -1 0 0
    outer loop
      vertex 69.0372 66.294 0.1
      vertex 69.0372 66.294 -0.1
      vertex 69.0372 65.024 0.1
    endloop
  endfacet
  facet normal -1 0 0
    outer loop
      vertex 69.0372 65.024 0.1
      vertex 69.0372 66.294 -0.1
      vertex 69.0372 65.024 -0.1
    endloop
  endfacet
  facet normal 0 1 0
    outer loop
      vertex 69.0372 65.024 0.1
      vertex 69.0372 65.024 -0.1
      vertex 67.7672 65.024 0.1
    endloop
  endfacet
  facet normal 0 1 -0
    outer loop
      vertex 67.7672 65.024 0.1
      vertex 69.0372 65.024 -0.1
      vertex 67.7672 65.024 -0.1
    endloop
  endfacet
  facet normal 1 0 0
    outer loop
      vertex 68.453 40.005 -0.1
      vertex 68.453 40.005 0.1
      vertex 68.453 38.481 0.1
    endloop
  endfacet
  facet normal 1 0 0
    outer loop
      vertex 68.453 38.481 -0.1
      vertex 68.453 40.005 -0.1
      vertex 68.453 38.481 0.1
    endloop
  endfacet
  facet normal 0 -1 0
    outer loop
      vertex 69.977 40.005 -0.1
      vertex 69.977 40.005 0.1
      vertex 68.453 40.005 0.1
    endloop
  endfacet
  facet normal -0 -1 -0
    outer loop
      vertex 68.453 40.005 -0.1
      vertex 69.977 40.005 -0.1
      vertex 68.453 40.005 0.1
    endloop
  endfacet
  facet normal -1 0 0
    outer loop
      vertex 69.977 40.005 0.1
      vertex 69.977 40.005 -0.1
      vertex 69.977 38.481 0.1
    endloop
  endfacet
  facet normal -1 0 0
    outer loop
      vertex 69.977 38.481 0.1
      vertex 69.977 40.005 -0.1
      vertex 69.977 38.481 -0.1
    endloop
  endfacet
  facet normal 0 1 0
    outer loop
      vertex 69.977 38.481 0.1
      vertex 69.977 38.481 -0.1
      vertex 68.453 38.481 0.1
    endloop
  endfacet
  facet normal 0 1 -0
    outer loop
      vertex 68.453 38.481 0.1
      vertex 69.977 38.481 -0.1
      vertex 68.453 38.481 -0.1
    endloop
  endfacet
  facet normal 1 0 0
    outer loop
      vertex 68.453 43.307 -0.1
      vertex 68.453 43.307 0.1
      vertex 68.453 41.783 0.1
    endloop
  endfacet
  facet normal 1 0 0
    outer loop
      vertex 68.453 41.783 -0.1
      vertex 68.453 43.307 -0.1
      vertex 68.453 41.783 0.1
    endloop
  endfacet
  facet normal 0 -1 0
    outer loop
      vertex 69.977 43.307 -0.1
      vertex 69.977 43.307 0.1
      vertex 68.453 43.307 0.1
    endloop
  endfacet
  facet normal -0 -1 -0
    outer loop
      vertex 68.453 43.307 -0.1
      vertex 69.977 43.307 -0.1
      vertex 68.453 43.307 0.1
    endloop
  endfacet
  facet normal -1 0 0
    outer loop
      vertex 69.977 43.307 0.1
      vertex 69.977 43.307 -0.1
      vertex 69.977 41.783 0.1
    endloop
  endfacet
  facet normal -1 0 0
    outer loop
      vertex 69.977 41.783 0.1
      vertex 69.977 43.307 -0.1
      vertex 69.977 41.783 -0.1
    endloop
  endfacet
  facet normal 0 1 0
    outer loop
      vertex 69.977 41.783 0.1
      vertex 69.977 41.783 -0.1
      vertex 68.453 41.783 0.1
    endloop
  endfacet
  facet normal 0 1 -0
    outer loop
      vertex 68.453 41.783 0.1
      vertex 69.977 41.783 -0.1
      vertex 68.453 41.783 -0.1
    endloop
  endfacet
  facet normal 1 0 0
    outer loop
      vertex 69.85 59.944 -0.1
      vertex 69.85 59.944 0.1
      vertex 69.85 58.674 0.1
    endloop
  endfacet
  facet normal 1 0 0
    outer loop
      vertex 69.85 58.674 -0.1
      vertex 69.85 59.944 -0.1
      vertex 69.85 58.674 0.1
    endloop
  endfacet
  facet normal 0 -1 0
    outer loop
      vertex 71.12 59.944 -0.1
      vertex 71.12 59.944 0.1
      vertex 69.85 59.944 0.1
    endloop
  endfacet
  facet normal -0 -1 -0
    outer loop
      vertex 69.85 59.944 -0.1
      vertex 71.12 59.944 -0.1
      vertex 69.85 59.944 0.1
    endloop
  endfacet
  facet normal -1 0 0
    outer loop
      vertex 71.12 59.944 0.1
      vertex 71.12 59.944 -0.1
      vertex 71.12 58.674 0.1
    endloop
  endfacet
  facet normal -1 0 0
    outer loop
      vertex 71.12 58.674 0.1
      vertex 71.12 59.944 -0.1
      vertex 71.12 58.674 -0.1
    endloop
  endfacet
  facet normal 0 1 0
    outer loop
      vertex 71.12 58.674 0.1
      vertex 71.12 58.674 -0.1
      vertex 69.85 58.674 0.1
    endloop
  endfacet
  facet normal 0 1 -0
    outer loop
      vertex 69.85 58.674 0.1
      vertex 71.12 58.674 -0.1
      vertex 69.85 58.674 -0.1
    endloop
  endfacet
  facet normal 1 0 0
    outer loop
      vertex 69.85 62.0776 -0.1
      vertex 69.85 62.0776 0.1
      vertex 69.85 60.8076 0.1
    endloop
  endfacet
  facet normal 1 0 0
    outer loop
      vertex 69.85 60.8076 -0.1
      vertex 69.85 62.0776 -0.1
      vertex 69.85 60.8076 0.1
    endloop
  endfacet
  facet normal 0 -1 0
    outer loop
      vertex 71.12 62.0776 -0.1
      vertex 71.12 62.0776 0.1
      vertex 69.85 62.0776 0.1
    endloop
  endfacet
  facet normal -0 -1 -0
    outer loop
      vertex 69.85 62.0776 -0.1
      vertex 71.12 62.0776 -0.1
      vertex 69.85 62.0776 0.1
    endloop
  endfacet
  facet normal -1 0 0
    outer loop
      vertex 71.12 62.0776 0.1
      vertex 71.12 62.0776 -0.1
      vertex 71.12 60.8076 0.1
    endloop
  endfacet
  facet normal -1 0 0
    outer loop
      vertex 71.12 60.8076 0.1
      vertex 71.12 62.0776 -0.1
      vertex 71.12 60.8076 -0.1
    endloop
  endfacet
  facet normal 0 1 0
    outer loop
      vertex 71.12 60.8076 0.1
      vertex 71.12 60.8076 -0.1
      vertex 69.85 60.8076 0.1
    endloop
  endfacet
  facet normal 0 1 -0
    outer loop
      vertex 69.85 60.8076 0.1
      vertex 71.12 60.8076 -0.1
      vertex 69.85 60.8076 -0.1
    endloop
  endfacet
  facet normal 1 0 0
    outer loop
      vertex 69.85 64.1604 -0.1
      vertex 69.85 64.1604 0.1
      vertex 69.85 62.8904 0.1
    endloop
  endfacet
  facet normal 1 0 0
    outer loop
      vertex 69.85 62.8904 -0.1
      vertex 69.85 64.1604 -0.1
      vertex 69.85 62.8904 0.1
    endloop
  endfacet
  facet normal 0 -1 0
    outer loop
      vertex 71.12 64.1604 -0.1
      vertex 71.12 64.1604 0.1
      vertex 69.85 64.1604 0.1
    endloop
  endfacet
  facet normal -0 -1 -0
    outer loop
      vertex 69.85 64.1604 -0.1
      vertex 71.12 64.1604 -0.1
      vertex 69.85 64.1604 0.1
    endloop
  endfacet
  facet normal -1 0 0
    outer loop
      vertex 71.12 64.1604 0.1
      vertex 71.12 64.1604 -0.1
      vertex 71.12 62.8904 0.1
    endloop
  endfacet
  facet normal -1 0 0
    outer loop
      vertex 71.12 62.8904 0.1
      vertex 71.12 64.1604 -0.1
      vertex 71.12 62.8904 -0.1
    endloop
  endfacet
  facet normal 0 1 0
    outer loop
      vertex 71.12 62.8904 0.1
      vertex 71.12 62.8904 -0.1
      vertex 69.85 62.8904 0.1
    endloop
  endfacet
  facet normal 0 1 -0
    outer loop
      vertex 69.85 62.8904 0.1
      vertex 71.12 62.8904 -0.1
      vertex 69.85 62.8904 -0.1
    endloop
  endfacet
  facet normal 1 0 0
    outer loop
      vertex 69.85 66.294 -0.1
      vertex 69.85 66.294 0.1
      vertex 69.85 65.024 0.1
    endloop
  endfacet
  facet normal 1 0 0
    outer loop
      vertex 69.85 65.024 -0.1
      vertex 69.85 66.294 -0.1
      vertex 69.85 65.024 0.1
    endloop
  endfacet
  facet normal 0 -1 0
    outer loop
      vertex 71.12 66.294 -0.1
      vertex 71.12 66.294 0.1
      vertex 69.85 66.294 0.1
    endloop
  endfacet
  facet normal -0 -1 -0
    outer loop
      vertex 69.85 66.294 -0.1
      vertex 71.12 66.294 -0.1
      vertex 69.85 66.294 0.1
    endloop
  endfacet
  facet normal -1 0 0
    outer loop
      vertex 71.12 66.294 0.1
      vertex 71.12 66.294 -0.1
      vertex 71.12 65.024 0.1
    endloop
  endfacet
  facet normal -1 0 0
    outer loop
      vertex 71.12 65.024 0.1
      vertex 71.12 66.294 -0.1
      vertex 71.12 65.024 -0.1
    endloop
  endfacet
  facet normal 0 1 0
    outer loop
      vertex 71.12 65.024 0.1
      vertex 71.12 65.024 -0.1
      vertex 69.85 65.024 0.1
    endloop
  endfacet
  facet normal 0 1 -0
    outer loop
      vertex 69.85 65.024 0.1
      vertex 71.12 65.024 -0.1
      vertex 69.85 65.024 -0.1
    endloop
  endfacet
  facet normal 1 0 0
    outer loop
      vertex 73.98 53.9852 -0.1
      vertex 73.98 53.9852 0.1
      vertex 73.98 52.7863 0.1
    endloop
  endfacet
  facet normal 1 0 0
    outer loop
      vertex 73.98 52.7863 -0.1
      vertex 73.98 53.9852 -0.1
      vertex 73.98 52.7863 0.1
    endloop
  endfacet
  facet normal 0 -1 0
    outer loop
      vertex 75.88 53.9852 -0.1
      vertex 75.88 53.9852 0.1
      vertex 73.98 53.9852 0.1
    endloop
  endfacet
  facet normal -0 -1 -0
    outer loop
      vertex 73.98 53.9852 -0.1
      vertex 75.88 53.9852 -0.1
      vertex 73.98 53.9852 0.1
    endloop
  endfacet
  facet normal -1 0 0
    outer loop
      vertex 75.88 53.9852 0.1
      vertex 75.88 53.9852 -0.1
      vertex 75.88 52.7863 0.1
    endloop
  endfacet
  facet normal -1 0 0
    outer loop
      vertex 75.88 52.7863 0.1
      vertex 75.88 53.9852 -0.1
      vertex 75.88 52.7863 -0.1
    endloop
  endfacet
  facet normal 0 1 0
    outer loop
      vertex 75.88 52.7863 0.1
      vertex 75.88 52.7863 -0.1
      vertex 73.98 52.7863 0.1
    endloop
  endfacet
  facet normal 0 1 -0
    outer loop
      vertex 73.98 52.7863 0.1
      vertex 75.88 52.7863 -0.1
      vertex 73.98 52.7863 -0.1
    endloop
  endfacet
  facet normal 1 0 0
    outer loop
      vertex 73.98 58.3844 -0.1
      vertex 73.98 58.3844 0.1
      vertex 73.98 57.1856 0.1
    endloop
  endfacet
  facet normal 1 0 0
    outer loop
      vertex 73.98 57.1856 -0.1
      vertex 73.98 58.3844 -0.1
      vertex 73.98 57.1856 0.1
    endloop
  endfacet
  facet normal 0 -1 0
    outer loop
      vertex 75.88 58.3844 -0.1
      vertex 75.88 58.3844 0.1
      vertex 73.98 58.3844 0.1
    endloop
  endfacet
  facet normal -0 -1 -0
    outer loop
      vertex 73.98 58.3844 -0.1
      vertex 75.88 58.3844 -0.1
      vertex 73.98 58.3844 0.1
    endloop
  endfacet
  facet normal -1 0 0
    outer loop
      vertex 75.88 58.3844 0.1
      vertex 75.88 58.3844 -0.1
      vertex 75.88 57.1856 0.1
    endloop
  endfacet
  facet normal -1 0 0
    outer loop
      vertex 75.88 57.1856 0.1
      vertex 75.88 58.3844 -0.1
      vertex 75.88 57.1856 -0.1
    endloop
  endfacet
  facet normal 0 1 0
    outer loop
      vertex 75.88 57.1856 0.1
      vertex 75.88 57.1856 -0.1
      vertex 73.98 57.1856 0.1
    endloop
  endfacet
  facet normal 0 1 -0
    outer loop
      vertex 73.98 57.1856 0.1
      vertex 75.88 57.1856 -0.1
      vertex 73.98 57.1856 -0.1
    endloop
  endfacet
  facet normal 1 0 0
    outer loop
      vertex 73.98 61.6052 -0.1
      vertex 73.98 61.6052 0.1
      vertex 73.98 60.4063 0.1
    endloop
  endfacet
  facet normal 1 0 0
    outer loop
      vertex 73.98 60.4063 -0.1
      vertex 73.98 61.6052 -0.1
      vertex 73.98 60.4063 0.1
    endloop
  endfacet
  facet normal 0 -1 0
    outer loop
      vertex 75.88 61.6052 -0.1
      vertex 75.88 61.6052 0.1
      vertex 73.98 61.6052 0.1
    endloop
  endfacet
  facet normal -0 -1 -0
    outer loop
      vertex 73.98 61.6052 -0.1
      vertex 75.88 61.6052 -0.1
      vertex 73.98 61.6052 0.1
    endloop
  endfacet
  facet normal -1 0 0
    outer loop
      vertex 75.88 61.6052 0.1
      vertex 75.88 61.6052 -0.1
      vertex 75.88 60.4063 0.1
    endloop
  endfacet
  facet normal -1 0 0
    outer loop
      vertex 75.88 60.4063 0.1
      vertex 75.88 61.6052 -0.1
      vertex 75.88 60.4063 -0.1
    endloop
  endfacet
  facet normal 0 1 0
    outer loop
      vertex 75.88 60.4063 0.1
      vertex 75.88 60.4063 -0.1
      vertex 73.98 60.4063 0.1
    endloop
  endfacet
  facet normal 0 1 -0
    outer loop
      vertex 73.98 60.4063 0.1
      vertex 75.88 60.4063 -0.1
      vertex 73.98 60.4063 -0.1
    endloop
  endfacet
  facet normal 1 0 0
    outer loop
      vertex 73.98 66.0044 -0.1
      vertex 73.98 66.0044 0.1
      vertex 73.98 64.8056 0.1
    endloop
  endfacet
  facet normal 1 0 0
    outer loop
      vertex 73.98 64.8056 -0.1
      vertex 73.98 66.0044 -0.1
      vertex 73.98 64.8056 0.1
    endloop
  endfacet
  facet normal 0 -1 0
    outer loop
      vertex 75.88 66.0044 -0.1
      vertex 75.88 66.0044 0.1
      vertex 73.98 66.0044 0.1
    endloop
  endfacet
  facet normal -0 -1 -0
    outer loop
      vertex 73.98 66.0044 -0.1
      vertex 75.88 66.0044 -0.1
      vertex 73.98 66.0044 0.1
    endloop
  endfacet
  facet normal -1 0 0
    outer loop
      vertex 75.88 66.0044 0.1
      vertex 75.88 66.0044 -0.1
      vertex 75.88 64.8056 0.1
    endloop
  endfacet
  facet normal -1 0 0
    outer loop
      vertex 75.88 64.8056 0.1
      vertex 75.88 66.0044 -0.1
      vertex 75.88 64.8056 -0.1
    endloop
  endfacet
  facet normal 0 1 0
    outer loop
      vertex 75.88 64.8056 0.1
      vertex 75.88 64.8056 -0.1
      vertex 73.98 64.8056 0.1
    endloop
  endfacet
  facet normal 0 1 -0
    outer loop
      vertex 73.98 64.8056 0.1
      vertex 75.88 64.8056 -0.1
      vertex 73.98 64.8056 -0.1
    endloop
  endfacet
  facet normal 1 0 0
    outer loop
      vertex 74.168 31.5214 -0.1
      vertex 74.168 31.5214 0.1
      vertex 74.168 30.2514 0.1
    endloop
  endfacet
  facet normal 1 0 0
    outer loop
      vertex 74.168 30.2514 -0.1
      vertex 74.168 31.5214 -0.1
      vertex 74.168 30.2514 0.1
    endloop
  endfacet
  facet normal 0 -1 0
    outer loop
      vertex 75.438 31.5214 -0.1
      vertex 75.438 31.5214 0.1
      vertex 74.168 31.5214 0.1
    endloop
  endfacet
  facet normal -0 -1 -0
    outer loop
      vertex 74.168 31.5214 -0.1
      vertex 75.438 31.5214 -0.1
      vertex 74.168 31.5214 0.1
    endloop
  endfacet
  facet normal -1 0 0
    outer loop
      vertex 75.438 31.5214 0.1
      vertex 75.438 31.5214 -0.1
      vertex 75.438 30.2514 0.1
    endloop
  endfacet
  facet normal -1 0 0
    outer loop
      vertex 75.438 30.2514 0.1
      vertex 75.438 31.5214 -0.1
      vertex 75.438 30.2514 -0.1
    endloop
  endfacet
  facet normal 0 1 0
    outer loop
      vertex 75.438 30.2514 0.1
      vertex 75.438 30.2514 -0.1
      vertex 74.168 30.2514 0.1
    endloop
  endfacet
  facet normal 0 1 -0
    outer loop
      vertex 74.168 30.2514 0.1
      vertex 75.438 30.2514 -0.1
      vertex 74.168 30.2514 -0.1
    endloop
  endfacet
  facet normal 1 0 0
    outer loop
      vertex 74.168 33.655 -0.1
      vertex 74.168 33.655 0.1
      vertex 74.168 32.385 0.1
    endloop
  endfacet
  facet normal 1 0 0
    outer loop
      vertex 74.168 32.385 -0.1
      vertex 74.168 33.655 -0.1
      vertex 74.168 32.385 0.1
    endloop
  endfacet
  facet normal 0 -1 0
    outer loop
      vertex 75.438 33.655 -0.1
      vertex 75.438 33.655 0.1
      vertex 74.168 33.655 0.1
    endloop
  endfacet
  facet normal -0 -1 -0
    outer loop
      vertex 74.168 33.655 -0.1
      vertex 75.438 33.655 -0.1
      vertex 74.168 33.655 0.1
    endloop
  endfacet
  facet normal -1 0 0
    outer loop
      vertex 75.438 33.655 0.1
      vertex 75.438 33.655 -0.1
      vertex 75.438 32.385 0.1
    endloop
  endfacet
  facet normal -1 0 0
    outer loop
      vertex 75.438 32.385 0.1
      vertex 75.438 33.655 -0.1
      vertex 75.438 32.385 -0.1
    endloop
  endfacet
  facet normal 0 1 0
    outer loop
      vertex 75.438 32.385 0.1
      vertex 75.438 32.385 -0.1
      vertex 74.168 32.385 0.1
    endloop
  endfacet
  facet normal 0 1 -0
    outer loop
      vertex 74.168 32.385 0.1
      vertex 75.438 32.385 -0.1
      vertex 74.168 32.385 -0.1
    endloop
  endfacet
  facet normal 1 0 0
    outer loop
      vertex 75.8825 37.465 -0.1
      vertex 75.8825 37.465 0.1
      vertex 75.8825 34.925 0.1
    endloop
  endfacet
  facet normal 1 0 0
    outer loop
      vertex 75.8825 34.925 -0.1
      vertex 75.8825 37.465 -0.1
      vertex 75.8825 34.925 0.1
    endloop
  endfacet
  facet normal 0 -1 0
    outer loop
      vertex 76.5175 37.465 -0.1
      vertex 76.5175 37.465 0.1
      vertex 75.8825 37.465 0.1
    endloop
  endfacet
  facet normal -0 -1 -0
    outer loop
      vertex 75.8825 37.465 -0.1
      vertex 76.5175 37.465 -0.1
      vertex 75.8825 37.465 0.1
    endloop
  endfacet
  facet normal -1 0 0
    outer loop
      vertex 76.5175 37.465 0.1
      vertex 76.5175 37.465 -0.1
      vertex 76.5175 34.925 0.1
    endloop
  endfacet
  facet normal -1 0 0
    outer loop
      vertex 76.5175 34.925 0.1
      vertex 76.5175 37.465 -0.1
      vertex 76.5175 34.925 -0.1
    endloop
  endfacet
  facet normal 0 1 0
    outer loop
      vertex 76.5175 34.925 0.1
      vertex 76.5175 34.925 -0.1
      vertex 75.8825 34.925 0.1
    endloop
  endfacet
  facet normal 0 1 -0
    outer loop
      vertex 75.8825 34.925 0.1
      vertex 76.5175 34.925 -0.1
      vertex 75.8825 34.925 -0.1
    endloop
  endfacet
  facet normal 1 0 0
    outer loop
      vertex 75.8825 46.3423 -0.1
      vertex 75.8825 46.3423 0.1
      vertex 75.8825 44.4373 0.1
    endloop
  endfacet
  facet normal 1 0 0
    outer loop
      vertex 75.8825 44.4373 -0.1
      vertex 75.8825 46.3423 -0.1
      vertex 75.8825 44.4373 0.1
    endloop
  endfacet
  facet normal 0 -1 0
    outer loop
      vertex 75.9431 46.3423 -0.1
      vertex 75.9431 46.3423 0.1
      vertex 75.8825 46.3423 0.1
    endloop
  endfacet
  facet normal -0 -1 -0
    outer loop
      vertex 75.8825 46.3423 -0.1
      vertex 75.9431 46.3423 -0.1
      vertex 75.8825 46.3423 0.1
    endloop
  endfacet
  facet normal 1 0 0
    outer loop
      vertex 75.9431 46.5289 -0.1
      vertex 75.9431 46.5289 0.1
      vertex 75.9431 46.3423 0.1
    endloop
  endfacet
  facet normal 1 0 0
    outer loop
      vertex 75.9431 46.3423 -0.1
      vertex 75.9431 46.5289 -0.1
      vertex 75.9431 46.3423 0.1
    endloop
  endfacet
  facet normal 0.309012 -0.951058 0
    outer loop
      vertex 76.2981 46.6443 -0.1
      vertex 76.2981 46.6443 0.1
      vertex 75.9431 46.5289 0.1
    endloop
  endfacet
  facet normal 0.309012 -0.951058 0
    outer loop
      vertex 75.9431 46.5289 -0.1
      vertex 76.2981 46.6443 -0.1
      vertex 75.9431 46.5289 0.1
    endloop
  endfacet
  facet normal -0.809021 -0.587779 0
    outer loop
      vertex 76.5175 46.3423 0.1
      vertex 76.2981 46.6443 0.1
      vertex 76.5175 46.3423 -0.1
    endloop
  endfacet
  facet normal -0.809021 -0.587779 0
    outer loop
      vertex 76.5175 46.3423 -0.1
      vertex 76.2981 46.6443 0.1
      vertex 76.2981 46.6443 -0.1
    endloop
  endfacet
  facet normal -1 0 0
    outer loop
      vertex 76.5175 46.3423 0.1
      vertex 76.5175 46.3423 -0.1
      vertex 76.5175 44.4373 0.1
    endloop
  endfacet
  facet normal -1 0 0
    outer loop
      vertex 76.5175 44.4373 0.1
      vertex 76.5175 46.3423 -0.1
      vertex 76.5175 44.4373 -0.1
    endloop
  endfacet
  facet normal -0.809021 0.587779 0
    outer loop
      vertex 76.5175 44.4373 0.1
      vertex 76.5175 44.4373 -0.1
      vertex 76.2981 44.1353 0.1
    endloop
  endfacet
  facet normal -0.809021 0.587779 0
    outer loop
      vertex 76.2981 44.1353 0.1
      vertex 76.5175 44.4373 -0.1
      vertex 76.2981 44.1353 -0.1
    endloop
  endfacet
  facet normal 0.309012 0.951058 -0
    outer loop
      vertex 76.2981 44.1353 0.1
      vertex 76.2981 44.1353 -0.1
      vertex 75.9431 44.2507 0.1
    endloop
  endfacet
  facet normal 0.309012 0.951058 -0
    outer loop
      vertex 75.9431 44.2507 0.1
      vertex 76.2981 44.1353 -0.1
      vertex 75.9431 44.2507 -0.1
    endloop
  endfacet
  facet normal 1 0 0
    outer loop
      vertex 75.9431 44.4373 -0.1
      vertex 75.9431 44.4373 0.1
      vertex 75.9431 44.2507 0.1
    endloop
  endfacet
  facet normal 1 0 0
    outer loop
      vertex 75.9431 44.2507 -0.1
      vertex 75.9431 44.4373 -0.1
      vertex 75.9431 44.2507 0.1
    endloop
  endfacet
  facet normal 0 1 0
    outer loop
      vertex 75.9431 44.4373 0.1
      vertex 75.9431 44.4373 -0.1
      vertex 75.8825 44.4373 0.1
    endloop
  endfacet
  facet normal 0 1 -0
    outer loop
      vertex 75.8825 44.4373 0.1
      vertex 75.9431 44.4373 -0.1
      vertex 75.8825 44.4373 -0.1
    endloop
  endfacet
  facet normal 1 0 0
    outer loop
      vertex 76.3524 31.9024 -0.1
      vertex 76.3524 31.9024 0.1
      vertex 76.3524 30.3784 0.1
    endloop
  endfacet
  facet normal 1 0 0
    outer loop
      vertex 76.3524 30.3784 -0.1
      vertex 76.3524 31.9024 -0.1
      vertex 76.3524 30.3784 0.1
    endloop
  endfacet
  facet normal 0 -1 0
    outer loop
      vertex 77.8764 31.9024 -0.1
      vertex 77.8764 31.9024 0.1
      vertex 76.3524 31.9024 0.1
    endloop
  endfacet
  facet normal -0 -1 -0
    outer loop
      vertex 76.3524 31.9024 -0.1
      vertex 77.8764 31.9024 -0.1
      vertex 76.3524 31.9024 0.1
    endloop
  endfacet
  facet normal -1 0 0
    outer loop
      vertex 77.8764 31.9024 0.1
      vertex 77.8764 31.9024 -0.1
      vertex 77.8764 30.3784 0.1
    endloop
  endfacet
  facet normal -1 0 0
    outer loop
      vertex 77.8764 30.3784 0.1
      vertex 77.8764 31.9024 -0.1
      vertex 77.8764 30.3784 -0.1
    endloop
  endfacet
  facet normal 0 1 0
    outer loop
      vertex 77.8764 30.3784 0.1
      vertex 77.8764 30.3784 -0.1
      vertex 76.3524 30.3784 0.1
    endloop
  endfacet
  facet normal 0 1 -0
    outer loop
      vertex 76.3524 30.3784 0.1
      vertex 77.8764 30.3784 -0.1
      vertex 76.3524 30.3784 -0.1
    endloop
  endfacet
  facet normal 1 0 0
    outer loop
      vertex 77.1525 37.1475 -0.1
      vertex 77.1525 37.1475 0.1
      vertex 77.1525 35.2425 0.1
    endloop
  endfacet
  facet normal 1 0 0
    outer loop
      vertex 77.1525 35.2425 -0.1
      vertex 77.1525 37.1475 -0.1
      vertex 77.1525 35.2425 0.1
    endloop
  endfacet
  facet normal 0 -1 0
    outer loop
      vertex 77.2131 37.1475 -0.1
      vertex 77.2131 37.1475 0.1
      vertex 77.1525 37.1475 0.1
    endloop
  endfacet
  facet normal -0 -1 -0
    outer loop
      vertex 77.1525 37.1475 -0.1
      vertex 77.2131 37.1475 -0.1
      vertex 77.1525 37.1475 0.1
    endloop
  endfacet
  facet normal 1 0 0
    outer loop
      vertex 77.2131 37.3341 -0.1
      vertex 77.2131 37.3341 0.1
      vertex 77.2131 37.1475 0.1
    endloop
  endfacet
  facet normal 1 0 0
    outer loop
      vertex 77.2131 37.1475 -0.1
      vertex 77.2131 37.3341 -0.1
      vertex 77.2131 37.1475 0.1
    endloop
  endfacet
  facet normal 0.309012 -0.951058 0
    outer loop
      vertex 77.5681 37.4495 -0.1
      vertex 77.5681 37.4495 0.1
      vertex 77.2131 37.3341 0.1
    endloop
  endfacet
  facet normal 0.309012 -0.951058 0
    outer loop
      vertex 77.2131 37.3341 -0.1
      vertex 77.5681 37.4495 -0.1
      vertex 77.2131 37.3341 0.1
    endloop
  endfacet
  facet normal -0.809021 -0.587779 0
    outer loop
      vertex 77.7875 37.1475 0.1
      vertex 77.5681 37.4495 0.1
      vertex 77.7875 37.1475 -0.1
    endloop
  endfacet
  facet normal -0.809021 -0.587779 0
    outer loop
      vertex 77.7875 37.1475 -0.1
      vertex 77.5681 37.4495 0.1
      vertex 77.5681 37.4495 -0.1
    endloop
  endfacet
  facet normal -1 0 0
    outer loop
      vertex 77.7875 37.1475 0.1
      vertex 77.7875 37.1475 -0.1
      vertex 77.7875 35.2425 0.1
    endloop
  endfacet
  facet normal -1 0 0
    outer loop
      vertex 77.7875 35.2425 0.1
      vertex 77.7875 37.1475 -0.1
      vertex 77.7875 35.2425 -0.1
    endloop
  endfacet
  facet normal -0.809021 0.587779 0
    outer loop
      vertex 77.7875 35.2425 0.1
      vertex 77.7875 35.2425 -0.1
      vertex 77.5681 34.9405 0.1
    endloop
  endfacet
  facet normal -0.809021 0.587779 0
    outer loop
      vertex 77.5681 34.9405 0.1
      vertex 77.7875 35.2425 -0.1
      vertex 77.5681 34.9405 -0.1
    endloop
  endfacet
  facet normal 0.309012 0.951058 -0
    outer loop
      vertex 77.5681 34.9405 0.1
      vertex 77.5681 34.9405 -0.1
      vertex 77.2131 35.0559 0.1
    endloop
  endfacet
  facet normal 0.309012 0.951058 -0
    outer loop
      vertex 77.2131 35.0559 0.1
      vertex 77.5681 34.9405 -0.1
      vertex 77.2131 35.0559 -0.1
    endloop
  endfacet
  facet normal 1 0 0
    outer loop
      vertex 77.2131 35.2425 -0.1
      vertex 77.2131 35.2425 0.1
      vertex 77.2131 35.0559 0.1
    endloop
  endfacet
  facet normal 1 0 0
    outer loop
      vertex 77.2131 35.0559 -0.1
      vertex 77.2131 35.2425 -0.1
      vertex 77.2131 35.0559 0.1
    endloop
  endfacet
  facet normal 0 1 0
    outer loop
      vertex 77.2131 35.2425 0.1
      vertex 77.2131 35.2425 -0.1
      vertex 77.1525 35.2425 0.1
    endloop
  endfacet
  facet normal 0 1 -0
    outer loop
      vertex 77.1525 35.2425 0.1
      vertex 77.2131 35.2425 -0.1
      vertex 77.1525 35.2425 -0.1
    endloop
  endfacet
  facet normal 1 0 0
    outer loop
      vertex 77.1525 46.3423 -0.1
      vertex 77.1525 46.3423 0.1
      vertex 77.1525 44.4373 0.1
    endloop
  endfacet
  facet normal 1 0 0
    outer loop
      vertex 77.1525 44.4373 -0.1
      vertex 77.1525 46.3423 -0.1
      vertex 77.1525 44.4373 0.1
    endloop
  endfacet
  facet normal 0 -1 0
    outer loop
      vertex 77.2131 46.3423 -0.1
      vertex 77.2131 46.3423 0.1
      vertex 77.1525 46.3423 0.1
    endloop
  endfacet
  facet normal -0 -1 -0
    outer loop
      vertex 77.1525 46.3423 -0.1
      vertex 77.2131 46.3423 -0.1
      vertex 77.1525 46.3423 0.1
    endloop
  endfacet
  facet normal 1 0 0
    outer loop
      vertex 77.2131 46.5289 -0.1
      vertex 77.2131 46.5289 0.1
      vertex 77.2131 46.3423 0.1
    endloop
  endfacet
  facet normal 1 0 0
    outer loop
      vertex 77.2131 46.3423 -0.1
      vertex 77.2131 46.5289 -0.1
      vertex 77.2131 46.3423 0.1
    endloop
  endfacet
  facet normal 0.309012 -0.951058 0
    outer loop
      vertex 77.5681 46.6443 -0.1
      vertex 77.5681 46.6443 0.1
      vertex 77.2131 46.5289 0.1
    endloop
  endfacet
  facet normal 0.309012 -0.951058 0
    outer loop
      vertex 77.2131 46.5289 -0.1
      vertex 77.5681 46.6443 -0.1
      vertex 77.2131 46.5289 0.1
    endloop
  endfacet
  facet normal -0.809021 -0.587779 0
    outer loop
      vertex 77.7875 46.3423 0.1
      vertex 77.5681 46.6443 0.1
      vertex 77.7875 46.3423 -0.1
    endloop
  endfacet
  facet normal -0.809021 -0.587779 0
    outer loop
      vertex 77.7875 46.3423 -0.1
      vertex 77.5681 46.6443 0.1
      vertex 77.5681 46.6443 -0.1
    endloop
  endfacet
  facet normal -1 0 0
    outer loop
      vertex 77.7875 46.3423 0.1
      vertex 77.7875 46.3423 -0.1
      vertex 77.7875 44.4373 0.1
    endloop
  endfacet
  facet normal -1 0 0
    outer loop
      vertex 77.7875 44.4373 0.1
      vertex 77.7875 46.3423 -0.1
      vertex 77.7875 44.4373 -0.1
    endloop
  endfacet
  facet normal -0.809021 0.587779 0
    outer loop
      vertex 77.7875 44.4373 0.1
      vertex 77.7875 44.4373 -0.1
      vertex 77.5681 44.1353 0.1
    endloop
  endfacet
  facet normal -0.809021 0.587779 0
    outer loop
      vertex 77.5681 44.1353 0.1
      vertex 77.7875 44.4373 -0.1
      vertex 77.5681 44.1353 -0.1
    endloop
  endfacet
  facet normal 0.309012 0.951058 -0
    outer loop
      vertex 77.5681 44.1353 0.1
      vertex 77.5681 44.1353 -0.1
      vertex 77.2131 44.2507 0.1
    endloop
  endfacet
  facet normal 0.309012 0.951058 -0
    outer loop
      vertex 77.2131 44.2507 0.1
      vertex 77.5681 44.1353 -0.1
      vertex 77.2131 44.2507 -0.1
    endloop
  endfacet
  facet normal 1 0 0
    outer loop
      vertex 77.2131 44.4373 -0.1
      vertex 77.2131 44.4373 0.1
      vertex 77.2131 44.2507 0.1
    endloop
  endfacet
  facet normal 1 0 0
    outer loop
      vertex 77.2131 44.2507 -0.1
      vertex 77.2131 44.4373 -0.1
      vertex 77.2131 44.2507 0.1
    endloop
  endfacet
  facet normal 0 1 0
    outer loop
      vertex 77.2131 44.4373 0.1
      vertex 77.2131 44.4373 -0.1
      vertex 77.1525 44.4373 0.1
    endloop
  endfacet
  facet normal 0 1 -0
    outer loop
      vertex 77.1525 44.4373 0.1
      vertex 77.2131 44.4373 -0.1
      vertex 77.1525 44.4373 -0.1
    endloop
  endfacet
  facet normal 1 0 0
    outer loop
      vertex 78.4225 37.1475 -0.1
      vertex 78.4225 37.1475 0.1
      vertex 78.4225 35.2425 0.1
    endloop
  endfacet
  facet normal 1 0 0
    outer loop
      vertex 78.4225 35.2425 -0.1
      vertex 78.4225 37.1475 -0.1
      vertex 78.4225 35.2425 0.1
    endloop
  endfacet
  facet normal 0 -1 0
    outer loop
      vertex 78.4831 37.1475 -0.1
      vertex 78.4831 37.1475 0.1
      vertex 78.4225 37.1475 0.1
    endloop
  endfacet
  facet normal -0 -1 -0
    outer loop
      vertex 78.4225 37.1475 -0.1
      vertex 78.4831 37.1475 -0.1
      vertex 78.4225 37.1475 0.1
    endloop
  endfacet
  facet normal 1 0 0
    outer loop
      vertex 78.4831 37.3341 -0.1
      vertex 78.4831 37.3341 0.1
      vertex 78.4831 37.1475 0.1
    endloop
  endfacet
  facet normal 1 0 0
    outer loop
      vertex 78.4831 37.1475 -0.1
      vertex 78.4831 37.3341 -0.1
      vertex 78.4831 37.1475 0.1
    endloop
  endfacet
  facet normal 0.309012 -0.951058 0
    outer loop
      vertex 78.8381 37.4495 -0.1
      vertex 78.8381 37.4495 0.1
      vertex 78.4831 37.3341 0.1
    endloop
  endfacet
  facet normal 0.309012 -0.951058 0
    outer loop
      vertex 78.4831 37.3341 -0.1
      vertex 78.8381 37.4495 -0.1
      vertex 78.4831 37.3341 0.1
    endloop
  endfacet
  facet normal -0.809021 -0.587779 0
    outer loop
      vertex 79.0575 37.1475 0.1
      vertex 78.8381 37.4495 0.1
      vertex 79.0575 37.1475 -0.1
    endloop
  endfacet
  facet normal -0.809021 -0.587779 0
    outer loop
      vertex 79.0575 37.1475 -0.1
      vertex 78.8381 37.4495 0.1
      vertex 78.8381 37.4495 -0.1
    endloop
  endfacet
  facet normal -1 0 0
    outer loop
      vertex 79.0575 37.1475 0.1
      vertex 79.0575 37.1475 -0.1
      vertex 79.0575 35.2425 0.1
    endloop
  endfacet
  facet normal -1 0 0
    outer loop
      vertex 79.0575 35.2425 0.1
      vertex 79.0575 37.1475 -0.1
      vertex 79.0575 35.2425 -0.1
    endloop
  endfacet
  facet normal -0.809021 0.587779 0
    outer loop
      vertex 79.0575 35.2425 0.1
      vertex 79.0575 35.2425 -0.1
      vertex 78.8381 34.9405 0.1
    endloop
  endfacet
  facet normal -0.809021 0.587779 0
    outer loop
      vertex 78.8381 34.9405 0.1
      vertex 79.0575 35.2425 -0.1
      vertex 78.8381 34.9405 -0.1
    endloop
  endfacet
  facet normal 0.309012 0.951058 -0
    outer loop
      vertex 78.8381 34.9405 0.1
      vertex 78.8381 34.9405 -0.1
      vertex 78.4831 35.0559 0.1
    endloop
  endfacet
  facet normal 0.309012 0.951058 -0
    outer loop
      vertex 78.4831 35.0559 0.1
      vertex 78.8381 34.9405 -0.1
      vertex 78.4831 35.0559 -0.1
    endloop
  endfacet
  facet normal 1 0 0
    outer loop
      vertex 78.4831 35.2425 -0.1
      vertex 78.4831 35.2425 0.1
      vertex 78.4831 35.0559 0.1
    endloop
  endfacet
  facet normal 1 0 0
    outer loop
      vertex 78.4831 35.0559 -0.1
      vertex 78.4831 35.2425 -0.1
      vertex 78.4831 35.0559 0.1
    endloop
  endfacet
  facet normal 0 1 0
    outer loop
      vertex 78.4831 35.2425 0.1
      vertex 78.4831 35.2425 -0.1
      vertex 78.4225 35.2425 0.1
    endloop
  endfacet
  facet normal 0 1 -0
    outer loop
      vertex 78.4225 35.2425 0.1
      vertex 78.4831 35.2425 -0.1
      vertex 78.4225 35.2425 -0.1
    endloop
  endfacet
  facet normal 1 0 0
    outer loop
      vertex 78.4225 46.3423 -0.1
      vertex 78.4225 46.3423 0.1
      vertex 78.4225 44.4373 0.1
    endloop
  endfacet
  facet normal 1 0 0
    outer loop
      vertex 78.4225 44.4373 -0.1
      vertex 78.4225 46.3423 -0.1
      vertex 78.4225 44.4373 0.1
    endloop
  endfacet
  facet normal 0 -1 0
    outer loop
      vertex 78.4831 46.3423 -0.1
      vertex 78.4831 46.3423 0.1
      vertex 78.4225 46.3423 0.1
    endloop
  endfacet
  facet normal -0 -1 -0
    outer loop
      vertex 78.4225 46.3423 -0.1
      vertex 78.4831 46.3423 -0.1
      vertex 78.4225 46.3423 0.1
    endloop
  endfacet
  facet normal 1 0 0
    outer loop
      vertex 78.4831 46.5289 -0.1
      vertex 78.4831 46.5289 0.1
      vertex 78.4831 46.3423 0.1
    endloop
  endfacet
  facet normal 1 0 0
    outer loop
      vertex 78.4831 46.3423 -0.1
      vertex 78.4831 46.5289 -0.1
      vertex 78.4831 46.3423 0.1
    endloop
  endfacet
  facet normal 0.309012 -0.951058 0
    outer loop
      vertex 78.8381 46.6443 -0.1
      vertex 78.8381 46.6443 0.1
      vertex 78.4831 46.5289 0.1
    endloop
  endfacet
  facet normal 0.309012 -0.951058 0
    outer loop
      vertex 78.4831 46.5289 -0.1
      vertex 78.8381 46.6443 -0.1
      vertex 78.4831 46.5289 0.1
    endloop
  endfacet
  facet normal -0.809021 -0.587779 0
    outer loop
      vertex 79.0575 46.3423 0.1
      vertex 78.8381 46.6443 0.1
      vertex 79.0575 46.3423 -0.1
    endloop
  endfacet
  facet normal -0.809021 -0.587779 0
    outer loop
      vertex 79.0575 46.3423 -0.1
      vertex 78.8381 46.6443 0.1
      vertex 78.8381 46.6443 -0.1
    endloop
  endfacet
  facet normal -1 0 0
    outer loop
      vertex 79.0575 46.3423 0.1
      vertex 79.0575 46.3423 -0.1
      vertex 79.0575 44.4373 0.1
    endloop
  endfacet
  facet normal -1 0 0
    outer loop
      vertex 79.0575 44.4373 0.1
      vertex 79.0575 46.3423 -0.1
      vertex 79.0575 44.4373 -0.1
    endloop
  endfacet
  facet normal -0.809021 0.587779 0
    outer loop
      vertex 79.0575 44.4373 0.1
      vertex 79.0575 44.4373 -0.1
      vertex 78.8381 44.1353 0.1
    endloop
  endfacet
  facet normal -0.809021 0.587779 0
    outer loop
      vertex 78.8381 44.1353 0.1
      vertex 79.0575 44.4373 -0.1
      vertex 78.8381 44.1353 -0.1
    endloop
  endfacet
  facet normal 0.309012 0.951058 -0
    outer loop
      vertex 78.8381 44.1353 0.1
      vertex 78.8381 44.1353 -0.1
      vertex 78.4831 44.2507 0.1
    endloop
  endfacet
  facet normal 0.309012 0.951058 -0
    outer loop
      vertex 78.4831 44.2507 0.1
      vertex 78.8381 44.1353 -0.1
      vertex 78.4831 44.2507 -0.1
    endloop
  endfacet
  facet normal 1 0 0
    outer loop
      vertex 78.4831 44.4373 -0.1
      vertex 78.4831 44.4373 0.1
      vertex 78.4831 44.2507 0.1
    endloop
  endfacet
  facet normal 1 0 0
    outer loop
      vertex 78.4831 44.2507 -0.1
      vertex 78.4831 44.4373 -0.1
      vertex 78.4831 44.2507 0.1
    endloop
  endfacet
  facet normal 0 1 0
    outer loop
      vertex 78.4831 44.4373 0.1
      vertex 78.4831 44.4373 -0.1
      vertex 78.4225 44.4373 0.1
    endloop
  endfacet
  facet normal 0 1 -0
    outer loop
      vertex 78.4225 44.4373 0.1
      vertex 78.4831 44.4373 -0.1
      vertex 78.4225 44.4373 -0.1
    endloop
  endfacet
  facet normal 1 0 0
    outer loop
      vertex 79.06 53.9852 -0.1
      vertex 79.06 53.9852 0.1
      vertex 79.06 52.7863 0.1
    endloop
  endfacet
  facet normal 1 0 0
    outer loop
      vertex 79.06 52.7863 -0.1
      vertex 79.06 53.9852 -0.1
      vertex 79.06 52.7863 0.1
    endloop
  endfacet
  facet normal 0 -1 0
    outer loop
      vertex 80.96 53.9852 -0.1
      vertex 80.96 53.9852 0.1
      vertex 79.06 53.9852 0.1
    endloop
  endfacet
  facet normal -0 -1 -0
    outer loop
      vertex 79.06 53.9852 -0.1
      vertex 80.96 53.9852 -0.1
      vertex 79.06 53.9852 0.1
    endloop
  endfacet
  facet normal -1 0 0
    outer loop
      vertex 80.96 53.9852 0.1
      vertex 80.96 53.9852 -0.1
      vertex 80.96 52.7863 0.1
    endloop
  endfacet
  facet normal -1 0 0
    outer loop
      vertex 80.96 52.7863 0.1
      vertex 80.96 53.9852 -0.1
      vertex 80.96 52.7863 -0.1
    endloop
  endfacet
  facet normal 0 1 0
    outer loop
      vertex 80.96 52.7863 0.1
      vertex 80.96 52.7863 -0.1
      vertex 79.06 52.7863 0.1
    endloop
  endfacet
  facet normal 0 1 -0
    outer loop
      vertex 79.06 52.7863 0.1
      vertex 80.96 52.7863 -0.1
      vertex 79.06 52.7863 -0.1
    endloop
  endfacet
  facet normal 1 0 0
    outer loop
      vertex 79.06 58.3844 -0.1
      vertex 79.06 58.3844 0.1
      vertex 79.06 57.1856 0.1
    endloop
  endfacet
  facet normal 1 0 0
    outer loop
      vertex 79.06 57.1856 -0.1
      vertex 79.06 58.3844 -0.1
      vertex 79.06 57.1856 0.1
    endloop
  endfacet
  facet normal 0 -1 0
    outer loop
      vertex 80.96 58.3844 -0.1
      vertex 80.96 58.3844 0.1
      vertex 79.06 58.3844 0.1
    endloop
  endfacet
  facet normal -0 -1 -0
    outer loop
      vertex 79.06 58.3844 -0.1
      vertex 80.96 58.3844 -0.1
      vertex 79.06 58.3844 0.1
    endloop
  endfacet
  facet normal -1 0 0
    outer loop
      vertex 80.96 58.3844 0.1
      vertex 80.96 58.3844 -0.1
      vertex 80.96 57.1856 0.1
    endloop
  endfacet
  facet normal -1 0 0
    outer loop
      vertex 80.96 57.1856 0.1
      vertex 80.96 58.3844 -0.1
      vertex 80.96 57.1856 -0.1
    endloop
  endfacet
  facet normal 0 1 0
    outer loop
      vertex 80.96 57.1856 0.1
      vertex 80.96 57.1856 -0.1
      vertex 79.06 57.1856 0.1
    endloop
  endfacet
  facet normal 0 1 -0
    outer loop
      vertex 79.06 57.1856 0.1
      vertex 80.96 57.1856 -0.1
      vertex 79.06 57.1856 -0.1
    endloop
  endfacet
  facet normal 1 0 0
    outer loop
      vertex 79.06 61.6052 -0.1
      vertex 79.06 61.6052 0.1
      vertex 79.06 60.4063 0.1
    endloop
  endfacet
  facet normal 1 0 0
    outer loop
      vertex 79.06 60.4063 -0.1
      vertex 79.06 61.6052 -0.1
      vertex 79.06 60.4063 0.1
    endloop
  endfacet
  facet normal 0 -1 0
    outer loop
      vertex 80.96 61.6052 -0.1
      vertex 80.96 61.6052 0.1
      vertex 79.06 61.6052 0.1
    endloop
  endfacet
  facet normal -0 -1 -0
    outer loop
      vertex 79.06 61.6052 -0.1
      vertex 80.96 61.6052 -0.1
      vertex 79.06 61.6052 0.1
    endloop
  endfacet
  facet normal -1 0 0
    outer loop
      vertex 80.96 61.6052 0.1
      vertex 80.96 61.6052 -0.1
      vertex 80.96 60.4063 0.1
    endloop
  endfacet
  facet normal -1 0 0
    outer loop
      vertex 80.96 60.4063 0.1
      vertex 80.96 61.6052 -0.1
      vertex 80.96 60.4063 -0.1
    endloop
  endfacet
  facet normal 0 1 0
    outer loop
      vertex 80.96 60.4063 0.1
      vertex 80.96 60.4063 -0.1
      vertex 79.06 60.4063 0.1
    endloop
  endfacet
  facet normal 0 1 -0
    outer loop
      vertex 79.06 60.4063 0.1
      vertex 80.96 60.4063 -0.1
      vertex 79.06 60.4063 -0.1
    endloop
  endfacet
  facet normal 1 0 0
    outer loop
      vertex 79.06 66.0044 -0.1
      vertex 79.06 66.0044 0.1
      vertex 79.06 64.8056 0.1
    endloop
  endfacet
  facet normal 1 0 0
    outer loop
      vertex 79.06 64.8056 -0.1
      vertex 79.06 66.0044 -0.1
      vertex 79.06 64.8056 0.1
    endloop
  endfacet
  facet normal 0 -1 0
    outer loop
      vertex 80.96 66.0044 -0.1
      vertex 80.96 66.0044 0.1
      vertex 79.06 66.0044 0.1
    endloop
  endfacet
  facet normal -0 -1 -0
    outer loop
      vertex 79.06 66.0044 -0.1
      vertex 80.96 66.0044 -0.1
      vertex 79.06 66.0044 0.1
    endloop
  endfacet
  facet normal -1 0 0
    outer loop
      vertex 80.96 66.0044 0.1
      vertex 80.96 66.0044 -0.1
      vertex 80.96 64.8056 0.1
    endloop
  endfacet
  facet normal -1 0 0
    outer loop
      vertex 80.96 64.8056 0.1
      vertex 80.96 66.0044 -0.1
      vertex 80.96 64.8056 -0.1
    endloop
  endfacet
  facet normal 0 1 0
    outer loop
      vertex 80.96 64.8056 0.1
      vertex 80.96 64.8056 -0.1
      vertex 79.06 64.8056 0.1
    endloop
  endfacet
  facet normal 0 1 -0
    outer loop
      vertex 79.06 64.8056 0.1
      vertex 80.96 64.8056 -0.1
      vertex 79.06 64.8056 -0.1
    endloop
  endfacet
  facet normal 1 0 0
    outer loop
      vertex 79.6544 31.9024 -0.1
      vertex 79.6544 31.9024 0.1
      vertex 79.6544 30.3784 0.1
    endloop
  endfacet
  facet normal 1 0 0
    outer loop
      vertex 79.6544 30.3784 -0.1
      vertex 79.6544 31.9024 -0.1
      vertex 79.6544 30.3784 0.1
    endloop
  endfacet
  facet normal 0 -1 0
    outer loop
      vertex 81.1784 31.9024 -0.1
      vertex 81.1784 31.9024 0.1
      vertex 79.6544 31.9024 0.1
    endloop
  endfacet
  facet normal -0 -1 -0
    outer loop
      vertex 79.6544 31.9024 -0.1
      vertex 81.1784 31.9024 -0.1
      vertex 79.6544 31.9024 0.1
    endloop
  endfacet
  facet normal -1 0 0
    outer loop
      vertex 81.1784 31.9024 0.1
      vertex 81.1784 31.9024 -0.1
      vertex 81.1784 30.3784 0.1
    endloop
  endfacet
  facet normal -1 0 0
    outer loop
      vertex 81.1784 30.3784 0.1
      vertex 81.1784 31.9024 -0.1
      vertex 81.1784 30.3784 -0.1
    endloop
  endfacet
  facet normal 0 1 0
    outer loop
      vertex 81.1784 30.3784 0.1
      vertex 81.1784 30.3784 -0.1
      vertex 79.6544 30.3784 0.1
    endloop
  endfacet
  facet normal 0 1 -0
    outer loop
      vertex 79.6544 30.3784 0.1
      vertex 81.1784 30.3784 -0.1
      vertex 79.6544 30.3784 -0.1
    endloop
  endfacet
  facet normal 1 0 0
    outer loop
      vertex 79.6925 37.1475 -0.1
      vertex 79.6925 37.1475 0.1
      vertex 79.6925 35.2425 0.1
    endloop
  endfacet
  facet normal 1 0 0
    outer loop
      vertex 79.6925 35.2425 -0.1
      vertex 79.6925 37.1475 -0.1
      vertex 79.6925 35.2425 0.1
    endloop
  endfacet
  facet normal 0 -1 0
    outer loop
      vertex 79.7531 37.1475 -0.1
      vertex 79.7531 37.1475 0.1
      vertex 79.6925 37.1475 0.1
    endloop
  endfacet
  facet normal -0 -1 -0
    outer loop
      vertex 79.6925 37.1475 -0.1
      vertex 79.7531 37.1475 -0.1
      vertex 79.6925 37.1475 0.1
    endloop
  endfacet
  facet normal 1 0 0
    outer loop
      vertex 79.7531 37.3341 -0.1
      vertex 79.7531 37.3341 0.1
      vertex 79.7531 37.1475 0.1
    endloop
  endfacet
  facet normal 1 0 0
    outer loop
      vertex 79.7531 37.1475 -0.1
      vertex 79.7531 37.3341 -0.1
      vertex 79.7531 37.1475 0.1
    endloop
  endfacet
  facet normal 0.309012 -0.951058 0
    outer loop
      vertex 80.1081 37.4495 -0.1
      vertex 80.1081 37.4495 0.1
      vertex 79.7531 37.3341 0.1
    endloop
  endfacet
  facet normal 0.309012 -0.951058 0
    outer loop
      vertex 79.7531 37.3341 -0.1
      vertex 80.1081 37.4495 -0.1
      vertex 79.7531 37.3341 0.1
    endloop
  endfacet
  facet normal -0.809021 -0.587779 0
    outer loop
      vertex 80.3275 37.1475 0.1
      vertex 80.1081 37.4495 0.1
      vertex 80.3275 37.1475 -0.1
    endloop
  endfacet
  facet normal -0.809021 -0.587779 0
    outer loop
      vertex 80.3275 37.1475 -0.1
      vertex 80.1081 37.4495 0.1
      vertex 80.1081 37.4495 -0.1
    endloop
  endfacet
  facet normal -1 0 0
    outer loop
      vertex 80.3275 37.1475 0.1
      vertex 80.3275 37.1475 -0.1
      vertex 80.3275 35.2425 0.1
    endloop
  endfacet
  facet normal -1 0 0
    outer loop
      vertex 80.3275 35.2425 0.1
      vertex 80.3275 37.1475 -0.1
      vertex 80.3275 35.2425 -0.1
    endloop
  endfacet
  facet normal -0.809021 0.587779 0
    outer loop
      vertex 80.3275 35.2425 0.1
      vertex 80.3275 35.2425 -0.1
      vertex 80.1081 34.9405 0.1
    endloop
  endfacet
  facet normal -0.809021 0.587779 0
    outer loop
      vertex 80.1081 34.9405 0.1
      vertex 80.3275 35.2425 -0.1
      vertex 80.1081 34.9405 -0.1
    endloop
  endfacet
  facet normal 0.309012 0.951058 -0
    outer loop
      vertex 80.1081 34.9405 0.1
      vertex 80.1081 34.9405 -0.1
      vertex 79.7531 35.0559 0.1
    endloop
  endfacet
  facet normal 0.309012 0.951058 -0
    outer loop
      vertex 79.7531 35.0559 0.1
      vertex 80.1081 34.9405 -0.1
      vertex 79.7531 35.0559 -0.1
    endloop
  endfacet
  facet normal 1 0 0
    outer loop
      vertex 79.7531 35.2425 -0.1
      vertex 79.7531 35.2425 0.1
      vertex 79.7531 35.0559 0.1
    endloop
  endfacet
  facet normal 1 0 0
    outer loop
      vertex 79.7531 35.0559 -0.1
      vertex 79.7531 35.2425 -0.1
      vertex 79.7531 35.0559 0.1
    endloop
  endfacet
  facet normal 0 1 0
    outer loop
      vertex 79.7531 35.2425 0.1
      vertex 79.7531 35.2425 -0.1
      vertex 79.6925 35.2425 0.1
    endloop
  endfacet
  facet normal 0 1 -0
    outer loop
      vertex 79.6925 35.2425 0.1
      vertex 79.7531 35.2425 -0.1
      vertex 79.6925 35.2425 -0.1
    endloop
  endfacet
  facet normal 1 0 0
    outer loop
      vertex 79.6925 46.3423 -0.1
      vertex 79.6925 46.3423 0.1
      vertex 79.6925 44.4373 0.1
    endloop
  endfacet
  facet normal 1 0 0
    outer loop
      vertex 79.6925 44.4373 -0.1
      vertex 79.6925 46.3423 -0.1
      vertex 79.6925 44.4373 0.1
    endloop
  endfacet
  facet normal 0 -1 0
    outer loop
      vertex 79.7531 46.3423 -0.1
      vertex 79.7531 46.3423 0.1
      vertex 79.6925 46.3423 0.1
    endloop
  endfacet
  facet normal -0 -1 -0
    outer loop
      vertex 79.6925 46.3423 -0.1
      vertex 79.7531 46.3423 -0.1
      vertex 79.6925 46.3423 0.1
    endloop
  endfacet
  facet normal 1 0 0
    outer loop
      vertex 79.7531 46.5289 -0.1
      vertex 79.7531 46.5289 0.1
      vertex 79.7531 46.3423 0.1
    endloop
  endfacet
  facet normal 1 0 0
    outer loop
      vertex 79.7531 46.3423 -0.1
      vertex 79.7531 46.5289 -0.1
      vertex 79.7531 46.3423 0.1
    endloop
  endfacet
  facet normal 0.309012 -0.951058 0
    outer loop
      vertex 80.1081 46.6443 -0.1
      vertex 80.1081 46.6443 0.1
      vertex 79.7531 46.5289 0.1
    endloop
  endfacet
  facet normal 0.309012 -0.951058 0
    outer loop
      vertex 79.7531 46.5289 -0.1
      vertex 80.1081 46.6443 -0.1
      vertex 79.7531 46.5289 0.1
    endloop
  endfacet
  facet normal -0.809021 -0.587779 0
    outer loop
      vertex 80.3275 46.3423 0.1
      vertex 80.1081 46.6443 0.1
      vertex 80.3275 46.3423 -0.1
    endloop
  endfacet
  facet normal -0.809021 -0.587779 0
    outer loop
      vertex 80.3275 46.3423 -0.1
      vertex 80.1081 46.6443 0.1
      vertex 80.1081 46.6443 -0.1
    endloop
  endfacet
  facet normal -1 0 0
    outer loop
      vertex 80.3275 46.3423 0.1
      vertex 80.3275 46.3423 -0.1
      vertex 80.3275 44.4373 0.1
    endloop
  endfacet
  facet normal -1 0 0
    outer loop
      vertex 80.3275 44.4373 0.1
      vertex 80.3275 46.3423 -0.1
      vertex 80.3275 44.4373 -0.1
    endloop
  endfacet
  facet normal -0.809021 0.587779 0
    outer loop
      vertex 80.3275 44.4373 0.1
      vertex 80.3275 44.4373 -0.1
      vertex 80.1081 44.1353 0.1
    endloop
  endfacet
  facet normal -0.809021 0.587779 0
    outer loop
      vertex 80.1081 44.1353 0.1
      vertex 80.3275 44.4373 -0.1
      vertex 80.1081 44.1353 -0.1
    endloop
  endfacet
  facet normal 0.309012 0.951058 -0
    outer loop
      vertex 80.1081 44.1353 0.1
      vertex 80.1081 44.1353 -0.1
      vertex 79.7531 44.2507 0.1
    endloop
  endfacet
  facet normal 0.309012 0.951058 -0
    outer loop
      vertex 79.7531 44.2507 0.1
      vertex 80.1081 44.1353 -0.1
      vertex 79.7531 44.2507 -0.1
    endloop
  endfacet
  facet normal 1 0 0
    outer loop
      vertex 79.7531 44.4373 -0.1
      vertex 79.7531 44.4373 0.1
      vertex 79.7531 44.2507 0.1
    endloop
  endfacet
  facet normal 1 0 0
    outer loop
      vertex 79.7531 44.2507 -0.1
      vertex 79.7531 44.4373 -0.1
      vertex 79.7531 44.2507 0.1
    endloop
  endfacet
  facet normal 0 1 0
    outer loop
      vertex 79.7531 44.4373 0.1
      vertex 79.7531 44.4373 -0.1
      vertex 79.6925 44.4373 0.1
    endloop
  endfacet
  facet normal 0 1 -0
    outer loop
      vertex 79.6925 44.4373 0.1
      vertex 79.7531 44.4373 -0.1
      vertex 79.6925 44.4373 -0.1
    endloop
  endfacet
  facet normal 1 0 0
    outer loop
      vertex 80.9625 37.1475 -0.1
      vertex 80.9625 37.1475 0.1
      vertex 80.9625 35.2425 0.1
    endloop
  endfacet
  facet normal 1 0 0
    outer loop
      vertex 80.9625 35.2425 -0.1
      vertex 80.9625 37.1475 -0.1
      vertex 80.9625 35.2425 0.1
    endloop
  endfacet
  facet normal 0 -1 0
    outer loop
      vertex 81.0231 37.1475 -0.1
      vertex 81.0231 37.1475 0.1
      vertex 80.9625 37.1475 0.1
    endloop
  endfacet
  facet normal -0 -1 -0
    outer loop
      vertex 80.9625 37.1475 -0.1
      vertex 81.0231 37.1475 -0.1
      vertex 80.9625 37.1475 0.1
    endloop
  endfacet
  facet normal 1 0 0
    outer loop
      vertex 81.0231 37.3341 -0.1
      vertex 81.0231 37.3341 0.1
      vertex 81.0231 37.1475 0.1
    endloop
  endfacet
  facet normal 1 0 0
    outer loop
      vertex 81.0231 37.1475 -0.1
      vertex 81.0231 37.3341 -0.1
      vertex 81.0231 37.1475 0.1
    endloop
  endfacet
  facet normal 0.309012 -0.951058 0
    outer loop
      vertex 81.3781 37.4495 -0.1
      vertex 81.3781 37.4495 0.1
      vertex 81.0231 37.3341 0.1
    endloop
  endfacet
  facet normal 0.309012 -0.951058 0
    outer loop
      vertex 81.0231 37.3341 -0.1
      vertex 81.3781 37.4495 -0.1
      vertex 81.0231 37.3341 0.1
    endloop
  endfacet
  facet normal -0.809021 -0.587779 0
    outer loop
      vertex 81.5975 37.1475 0.1
      vertex 81.3781 37.4495 0.1
      vertex 81.5975 37.1475 -0.1
    endloop
  endfacet
  facet normal -0.809021 -0.587779 0
    outer loop
      vertex 81.5975 37.1475 -0.1
      vertex 81.3781 37.4495 0.1
      vertex 81.3781 37.4495 -0.1
    endloop
  endfacet
  facet normal -1 0 0
    outer loop
      vertex 81.5975 37.1475 0.1
      vertex 81.5975 37.1475 -0.1
      vertex 81.5975 35.2425 0.1
    endloop
  endfacet
  facet normal -1 0 0
    outer loop
      vertex 81.5975 35.2425 0.1
      vertex 81.5975 37.1475 -0.1
      vertex 81.5975 35.2425 -0.1
    endloop
  endfacet
  facet normal -0.809021 0.587779 0
    outer loop
      vertex 81.5975 35.2425 0.1
      vertex 81.5975 35.2425 -0.1
      vertex 81.3781 34.9405 0.1
    endloop
  endfacet
  facet normal -0.809021 0.587779 0
    outer loop
      vertex 81.3781 34.9405 0.1
      vertex 81.5975 35.2425 -0.1
      vertex 81.3781 34.9405 -0.1
    endloop
  endfacet
  facet normal 0.309012 0.951058 -0
    outer loop
      vertex 81.3781 34.9405 0.1
      vertex 81.3781 34.9405 -0.1
      vertex 81.0231 35.0559 0.1
    endloop
  endfacet
  facet normal 0.309012 0.951058 -0
    outer loop
      vertex 81.0231 35.0559 0.1
      vertex 81.3781 34.9405 -0.1
      vertex 81.0231 35.0559 -0.1
    endloop
  endfacet
  facet normal 1 0 0
    outer loop
      vertex 81.0231 35.2425 -0.1
      vertex 81.0231 35.2425 0.1
      vertex 81.0231 35.0559 0.1
    endloop
  endfacet
  facet normal 1 0 0
    outer loop
      vertex 81.0231 35.0559 -0.1
      vertex 81.0231 35.2425 -0.1
      vertex 81.0231 35.0559 0.1
    endloop
  endfacet
  facet normal 0 1 0
    outer loop
      vertex 81.0231 35.2425 0.1
      vertex 81.0231 35.2425 -0.1
      vertex 80.9625 35.2425 0.1
    endloop
  endfacet
  facet normal 0 1 -0
    outer loop
      vertex 80.9625 35.2425 0.1
      vertex 81.0231 35.2425 -0.1
      vertex 80.9625 35.2425 -0.1
    endloop
  endfacet
  facet normal 1 0 0
    outer loop
      vertex 80.9625 46.3423 -0.1
      vertex 80.9625 46.3423 0.1
      vertex 80.9625 44.4373 0.1
    endloop
  endfacet
  facet normal 1 0 0
    outer loop
      vertex 80.9625 44.4373 -0.1
      vertex 80.9625 46.3423 -0.1
      vertex 80.9625 44.4373 0.1
    endloop
  endfacet
  facet normal 0 -1 0
    outer loop
      vertex 81.0231 46.3423 -0.1
      vertex 81.0231 46.3423 0.1
      vertex 80.9625 46.3423 0.1
    endloop
  endfacet
  facet normal -0 -1 -0
    outer loop
      vertex 80.9625 46.3423 -0.1
      vertex 81.0231 46.3423 -0.1
      vertex 80.9625 46.3423 0.1
    endloop
  endfacet
  facet normal 1 0 0
    outer loop
      vertex 81.0231 46.5289 -0.1
      vertex 81.0231 46.5289 0.1
      vertex 81.0231 46.3423 0.1
    endloop
  endfacet
  facet normal 1 0 0
    outer loop
      vertex 81.0231 46.3423 -0.1
      vertex 81.0231 46.5289 -0.1
      vertex 81.0231 46.3423 0.1
    endloop
  endfacet
  facet normal 0.309012 -0.951058 0
    outer loop
      vertex 81.3781 46.6443 -0.1
      vertex 81.3781 46.6443 0.1
      vertex 81.0231 46.5289 0.1
    endloop
  endfacet
  facet normal 0.309012 -0.951058 0
    outer loop
      vertex 81.0231 46.5289 -0.1
      vertex 81.3781 46.6443 -0.1
      vertex 81.0231 46.5289 0.1
    endloop
  endfacet
  facet normal -0.809021 -0.587779 0
    outer loop
      vertex 81.5975 46.3423 0.1
      vertex 81.3781 46.6443 0.1
      vertex 81.5975 46.3423 -0.1
    endloop
  endfacet
  facet normal -0.809021 -0.587779 0
    outer loop
      vertex 81.5975 46.3423 -0.1
      vertex 81.3781 46.6443 0.1
      vertex 81.3781 46.6443 -0.1
    endloop
  endfacet
  facet normal -1 0 0
    outer loop
      vertex 81.5975 46.3423 0.1
      vertex 81.5975 46.3423 -0.1
      vertex 81.5975 44.4373 0.1
    endloop
  endfacet
  facet normal -1 0 0
    outer loop
      vertex 81.5975 44.4373 0.1
      vertex 81.5975 46.3423 -0.1
      vertex 81.5975 44.4373 -0.1
    endloop
  endfacet
  facet normal -0.809021 0.587779 0
    outer loop
      vertex 81.5975 44.4373 0.1
      vertex 81.5975 44.4373 -0.1
      vertex 81.3781 44.1353 0.1
    endloop
  endfacet
  facet normal -0.809021 0.587779 0
    outer loop
      vertex 81.3781 44.1353 0.1
      vertex 81.5975 44.4373 -0.1
      vertex 81.3781 44.1353 -0.1
    endloop
  endfacet
  facet normal 0.309012 0.951058 -0
    outer loop
      vertex 81.3781 44.1353 0.1
      vertex 81.3781 44.1353 -0.1
      vertex 81.0231 44.2507 0.1
    endloop
  endfacet
  facet normal 0.309012 0.951058 -0
    outer loop
      vertex 81.0231 44.2507 0.1
      vertex 81.3781 44.1353 -0.1
      vertex 81.0231 44.2507 -0.1
    endloop
  endfacet
  facet normal 1 0 0
    outer loop
      vertex 81.0231 44.4373 -0.1
      vertex 81.0231 44.4373 0.1
      vertex 81.0231 44.2507 0.1
    endloop
  endfacet
  facet normal 1 0 0
    outer loop
      vertex 81.0231 44.2507 -0.1
      vertex 81.0231 44.4373 -0.1
      vertex 81.0231 44.2507 0.1
    endloop
  endfacet
  facet normal 0 1 0
    outer loop
      vertex 81.0231 44.4373 0.1
      vertex 81.0231 44.4373 -0.1
      vertex 80.9625 44.4373 0.1
    endloop
  endfacet
  facet normal 0 1 -0
    outer loop
      vertex 80.9625 44.4373 0.1
      vertex 81.0231 44.4373 -0.1
      vertex 80.9625 44.4373 -0.1
    endloop
  endfacet
  facet normal 1 0 0
    outer loop
      vertex 82.2325 37.1475 -0.1
      vertex 82.2325 37.1475 0.1
      vertex 82.2325 35.2425 0.1
    endloop
  endfacet
  facet normal 1 0 0
    outer loop
      vertex 82.2325 35.2425 -0.1
      vertex 82.2325 37.1475 -0.1
      vertex 82.2325 35.2425 0.1
    endloop
  endfacet
  facet normal 0 -1 0
    outer loop
      vertex 82.2931 37.1475 -0.1
      vertex 82.2931 37.1475 0.1
      vertex 82.2325 37.1475 0.1
    endloop
  endfacet
  facet normal -0 -1 -0
    outer loop
      vertex 82.2325 37.1475 -0.1
      vertex 82.2931 37.1475 -0.1
      vertex 82.2325 37.1475 0.1
    endloop
  endfacet
  facet normal 1 0 0
    outer loop
      vertex 82.2931 37.3341 -0.1
      vertex 82.2931 37.3341 0.1
      vertex 82.2931 37.1475 0.1
    endloop
  endfacet
  facet normal 1 0 0
    outer loop
      vertex 82.2931 37.1475 -0.1
      vertex 82.2931 37.3341 -0.1
      vertex 82.2931 37.1475 0.1
    endloop
  endfacet
  facet normal 0.309012 -0.951058 0
    outer loop
      vertex 82.6481 37.4495 -0.1
      vertex 82.6481 37.4495 0.1
      vertex 82.2931 37.3341 0.1
    endloop
  endfacet
  facet normal 0.309012 -0.951058 0
    outer loop
      vertex 82.2931 37.3341 -0.1
      vertex 82.6481 37.4495 -0.1
      vertex 82.2931 37.3341 0.1
    endloop
  endfacet
  facet normal -0.809021 -0.587779 0
    outer loop
      vertex 82.8675 37.1475 0.1
      vertex 82.6481 37.4495 0.1
      vertex 82.8675 37.1475 -0.1
    endloop
  endfacet
  facet normal -0.809021 -0.587779 0
    outer loop
      vertex 82.8675 37.1475 -0.1
      vertex 82.6481 37.4495 0.1
      vertex 82.6481 37.4495 -0.1
    endloop
  endfacet
  facet normal -1 0 0
    outer loop
      vertex 82.8675 37.1475 0.1
      vertex 82.8675 37.1475 -0.1
      vertex 82.8675 35.2425 0.1
    endloop
  endfacet
  facet normal -1 0 0
    outer loop
      vertex 82.8675 35.2425 0.1
      vertex 82.8675 37.1475 -0.1
      vertex 82.8675 35.2425 -0.1
    endloop
  endfacet
  facet normal -0.809021 0.587779 0
    outer loop
      vertex 82.8675 35.2425 0.1
      vertex 82.8675 35.2425 -0.1
      vertex 82.6481 34.9405 0.1
    endloop
  endfacet
  facet normal -0.809021 0.587779 0
    outer loop
      vertex 82.6481 34.9405 0.1
      vertex 82.8675 35.2425 -0.1
      vertex 82.6481 34.9405 -0.1
    endloop
  endfacet
  facet normal 0.309012 0.951058 -0
    outer loop
      vertex 82.6481 34.9405 0.1
      vertex 82.6481 34.9405 -0.1
      vertex 82.2931 35.0559 0.1
    endloop
  endfacet
  facet normal 0.309012 0.951058 -0
    outer loop
      vertex 82.2931 35.0559 0.1
      vertex 82.6481 34.9405 -0.1
      vertex 82.2931 35.0559 -0.1
    endloop
  endfacet
  facet normal 1 0 0
    outer loop
      vertex 82.2931 35.2425 -0.1
      vertex 82.2931 35.2425 0.1
      vertex 82.2931 35.0559 0.1
    endloop
  endfacet
  facet normal 1 0 0
    outer loop
      vertex 82.2931 35.0559 -0.1
      vertex 82.2931 35.2425 -0.1
      vertex 82.2931 35.0559 0.1
    endloop
  endfacet
  facet normal 0 1 0
    outer loop
      vertex 82.2931 35.2425 0.1
      vertex 82.2931 35.2425 -0.1
      vertex 82.2325 35.2425 0.1
    endloop
  endfacet
  facet normal 0 1 -0
    outer loop
      vertex 82.2325 35.2425 0.1
      vertex 82.2931 35.2425 -0.1
      vertex 82.2325 35.2425 -0.1
    endloop
  endfacet
  facet normal 1 0 0
    outer loop
      vertex 82.2325 46.3423 -0.1
      vertex 82.2325 46.3423 0.1
      vertex 82.2325 44.4373 0.1
    endloop
  endfacet
  facet normal 1 0 0
    outer loop
      vertex 82.2325 44.4373 -0.1
      vertex 82.2325 46.3423 -0.1
      vertex 82.2325 44.4373 0.1
    endloop
  endfacet
  facet normal 0 -1 0
    outer loop
      vertex 82.2931 46.3423 -0.1
      vertex 82.2931 46.3423 0.1
      vertex 82.2325 46.3423 0.1
    endloop
  endfacet
  facet normal -0 -1 -0
    outer loop
      vertex 82.2325 46.3423 -0.1
      vertex 82.2931 46.3423 -0.1
      vertex 82.2325 46.3423 0.1
    endloop
  endfacet
  facet normal 1 0 0
    outer loop
      vertex 82.2931 46.5289 -0.1
      vertex 82.2931 46.5289 0.1
      vertex 82.2931 46.3423 0.1
    endloop
  endfacet
  facet normal 1 0 0
    outer loop
      vertex 82.2931 46.3423 -0.1
      vertex 82.2931 46.5289 -0.1
      vertex 82.2931 46.3423 0.1
    endloop
  endfacet
  facet normal 0.309012 -0.951058 0
    outer loop
      vertex 82.6481 46.6443 -0.1
      vertex 82.6481 46.6443 0.1
      vertex 82.2931 46.5289 0.1
    endloop
  endfacet
  facet normal 0.309012 -0.951058 0
    outer loop
      vertex 82.2931 46.5289 -0.1
      vertex 82.6481 46.6443 -0.1
      vertex 82.2931 46.5289 0.1
    endloop
  endfacet
  facet normal -0.809021 -0.587779 0
    outer loop
      vertex 82.8675 46.3423 0.1
      vertex 82.6481 46.6443 0.1
      vertex 82.8675 46.3423 -0.1
    endloop
  endfacet
  facet normal -0.809021 -0.587779 0
    outer loop
      vertex 82.8675 46.3423 -0.1
      vertex 82.6481 46.6443 0.1
      vertex 82.6481 46.6443 -0.1
    endloop
  endfacet
  facet normal -1 0 0
    outer loop
      vertex 82.8675 46.3423 0.1
      vertex 82.8675 46.3423 -0.1
      vertex 82.8675 44.4373 0.1
    endloop
  endfacet
  facet normal -1 0 0
    outer loop
      vertex 82.8675 44.4373 0.1
      vertex 82.8675 46.3423 -0.1
      vertex 82.8675 44.4373 -0.1
    endloop
  endfacet
  facet normal -0.809021 0.587779 0
    outer loop
      vertex 82.8675 44.4373 0.1
      vertex 82.8675 44.4373 -0.1
      vertex 82.6481 44.1353 0.1
    endloop
  endfacet
  facet normal -0.809021 0.587779 0
    outer loop
      vertex 82.6481 44.1353 0.1
      vertex 82.8675 44.4373 -0.1
      vertex 82.6481 44.1353 -0.1
    endloop
  endfacet
  facet normal 0.309012 0.951058 -0
    outer loop
      vertex 82.6481 44.1353 0.1
      vertex 82.6481 44.1353 -0.1
      vertex 82.2931 44.2507 0.1
    endloop
  endfacet
  facet normal 0.309012 0.951058 -0
    outer loop
      vertex 82.2931 44.2507 0.1
      vertex 82.6481 44.1353 -0.1
      vertex 82.2931 44.2507 -0.1
    endloop
  endfacet
  facet normal 1 0 0
    outer loop
      vertex 82.2931 44.4373 -0.1
      vertex 82.2931 44.4373 0.1
      vertex 82.2931 44.2507 0.1
    endloop
  endfacet
  facet normal 1 0 0
    outer loop
      vertex 82.2931 44.2507 -0.1
      vertex 82.2931 44.4373 -0.1
      vertex 82.2931 44.2507 0.1
    endloop
  endfacet
  facet normal 0 1 0
    outer loop
      vertex 82.2931 44.4373 0.1
      vertex 82.2931 44.4373 -0.1
      vertex 82.2325 44.4373 0.1
    endloop
  endfacet
  facet normal 0 1 -0
    outer loop
      vertex 82.2325 44.4373 0.1
      vertex 82.2931 44.4373 -0.1
      vertex 82.2325 44.4373 -0.1
    endloop
  endfacet
  facet normal 1 0 0
    outer loop
      vertex 82.55 31.115 -0.1
      vertex 82.55 31.115 0.1
      vertex 82.55 29.845 0.1
    endloop
  endfacet
  facet normal 1 0 0
    outer loop
      vertex 82.55 29.845 -0.1
      vertex 82.55 31.115 -0.1
      vertex 82.55 29.845 0.1
    endloop
  endfacet
  facet normal 0 -1 0
    outer loop
      vertex 83.82 31.115 -0.1
      vertex 83.82 31.115 0.1
      vertex 82.55 31.115 0.1
    endloop
  endfacet
  facet normal -0 -1 -0
    outer loop
      vertex 82.55 31.115 -0.1
      vertex 83.82 31.115 -0.1
      vertex 82.55 31.115 0.1
    endloop
  endfacet
  facet normal -1 0 0
    outer loop
      vertex 83.82 31.115 0.1
      vertex 83.82 31.115 -0.1
      vertex 83.82 29.845 0.1
    endloop
  endfacet
  facet normal -1 0 0
    outer loop
      vertex 83.82 29.845 0.1
      vertex 83.82 31.115 -0.1
      vertex 83.82 29.845 -0.1
    endloop
  endfacet
  facet normal 0 1 0
    outer loop
      vertex 83.82 29.845 0.1
      vertex 83.82 29.845 -0.1
      vertex 82.55 29.845 0.1
    endloop
  endfacet
  facet normal 0 1 -0
    outer loop
      vertex 82.55 29.845 0.1
      vertex 83.82 29.845 -0.1
      vertex 82.55 29.845 -0.1
    endloop
  endfacet
  facet normal 1 0 0
    outer loop
      vertex 82.55 33.2486 -0.1
      vertex 82.55 33.2486 0.1
      vertex 82.55 31.9786 0.1
    endloop
  endfacet
  facet normal 1 0 0
    outer loop
      vertex 82.55 31.9786 -0.1
      vertex 82.55 33.2486 -0.1
      vertex 82.55 31.9786 0.1
    endloop
  endfacet
  facet normal 0 -1 0
    outer loop
      vertex 83.82 33.2486 -0.1
      vertex 83.82 33.2486 0.1
      vertex 82.55 33.2486 0.1
    endloop
  endfacet
  facet normal -0 -1 -0
    outer loop
      vertex 82.55 33.2486 -0.1
      vertex 83.82 33.2486 -0.1
      vertex 82.55 33.2486 0.1
    endloop
  endfacet
  facet normal -1 0 0
    outer loop
      vertex 83.82 33.2486 0.1
      vertex 83.82 33.2486 -0.1
      vertex 83.82 31.9786 0.1
    endloop
  endfacet
  facet normal -1 0 0
    outer loop
      vertex 83.82 31.9786 0.1
      vertex 83.82 33.2486 -0.1
      vertex 83.82 31.9786 -0.1
    endloop
  endfacet
  facet normal 0 1 0
    outer loop
      vertex 83.82 31.9786 0.1
      vertex 83.82 31.9786 -0.1
      vertex 82.55 31.9786 0.1
    endloop
  endfacet
  facet normal 0 1 -0
    outer loop
      vertex 82.55 31.9786 0.1
      vertex 83.82 31.9786 -0.1
      vertex 82.55 31.9786 -0.1
    endloop
  endfacet
  facet normal 1 0 0
    outer loop
      vertex 83.5025 37.1475 -0.1
      vertex 83.5025 37.1475 0.1
      vertex 83.5025 35.2425 0.1
    endloop
  endfacet
  facet normal 1 0 0
    outer loop
      vertex 83.5025 35.2425 -0.1
      vertex 83.5025 37.1475 -0.1
      vertex 83.5025 35.2425 0.1
    endloop
  endfacet
  facet normal 0 -1 0
    outer loop
      vertex 83.5631 37.1475 -0.1
      vertex 83.5631 37.1475 0.1
      vertex 83.5025 37.1475 0.1
    endloop
  endfacet
  facet normal -0 -1 -0
    outer loop
      vertex 83.5025 37.1475 -0.1
      vertex 83.5631 37.1475 -0.1
      vertex 83.5025 37.1475 0.1
    endloop
  endfacet
  facet normal 1 0 0
    outer loop
      vertex 83.5631 37.3341 -0.1
      vertex 83.5631 37.3341 0.1
      vertex 83.5631 37.1475 0.1
    endloop
  endfacet
  facet normal 1 0 0
    outer loop
      vertex 83.5631 37.1475 -0.1
      vertex 83.5631 37.3341 -0.1
      vertex 83.5631 37.1475 0.1
    endloop
  endfacet
  facet normal 0.309012 -0.951058 0
    outer loop
      vertex 83.9181 37.4495 -0.1
      vertex 83.9181 37.4495 0.1
      vertex 83.5631 37.3341 0.1
    endloop
  endfacet
  facet normal 0.309012 -0.951058 0
    outer loop
      vertex 83.5631 37.3341 -0.1
      vertex 83.9181 37.4495 -0.1
      vertex 83.5631 37.3341 0.1
    endloop
  endfacet
  facet normal -0.809021 -0.587779 0
    outer loop
      vertex 84.1375 37.1475 0.1
      vertex 83.9181 37.4495 0.1
      vertex 84.1375 37.1475 -0.1
    endloop
  endfacet
  facet normal -0.809021 -0.587779 0
    outer loop
      vertex 84.1375 37.1475 -0.1
      vertex 83.9181 37.4495 0.1
      vertex 83.9181 37.4495 -0.1
    endloop
  endfacet
  facet normal -1 0 0
    outer loop
      vertex 84.1375 37.1475 0.1
      vertex 84.1375 37.1475 -0.1
      vertex 84.1375 35.2425 0.1
    endloop
  endfacet
  facet normal -1 0 0
    outer loop
      vertex 84.1375 35.2425 0.1
      vertex 84.1375 37.1475 -0.1
      vertex 84.1375 35.2425 -0.1
    endloop
  endfacet
  facet normal -0.809021 0.587779 0
    outer loop
      vertex 84.1375 35.2425 0.1
      vertex 84.1375 35.2425 -0.1
      vertex 83.9181 34.9405 0.1
    endloop
  endfacet
  facet normal -0.809021 0.587779 0
    outer loop
      vertex 83.9181 34.9405 0.1
      vertex 84.1375 35.2425 -0.1
      vertex 83.9181 34.9405 -0.1
    endloop
  endfacet
  facet normal 0.309012 0.951058 -0
    outer loop
      vertex 83.9181 34.9405 0.1
      vertex 83.9181 34.9405 -0.1
      vertex 83.5631 35.0559 0.1
    endloop
  endfacet
  facet normal 0.309012 0.951058 -0
    outer loop
      vertex 83.5631 35.0559 0.1
      vertex 83.9181 34.9405 -0.1
      vertex 83.5631 35.0559 -0.1
    endloop
  endfacet
  facet normal 1 0 0
    outer loop
      vertex 83.5631 35.2425 -0.1
      vertex 83.5631 35.2425 0.1
      vertex 83.5631 35.0559 0.1
    endloop
  endfacet
  facet normal 1 0 0
    outer loop
      vertex 83.5631 35.0559 -0.1
      vertex 83.5631 35.2425 -0.1
      vertex 83.5631 35.0559 0.1
    endloop
  endfacet
  facet normal 0 1 0
    outer loop
      vertex 83.5631 35.2425 0.1
      vertex 83.5631 35.2425 -0.1
      vertex 83.5025 35.2425 0.1
    endloop
  endfacet
  facet normal 0 1 -0
    outer loop
      vertex 83.5025 35.2425 0.1
      vertex 83.5631 35.2425 -0.1
      vertex 83.5025 35.2425 -0.1
    endloop
  endfacet
  facet normal 1 0 0
    outer loop
      vertex 83.5025 46.3423 -0.1
      vertex 83.5025 46.3423 0.1
      vertex 83.5025 44.4373 0.1
    endloop
  endfacet
  facet normal 1 0 0
    outer loop
      vertex 83.5025 44.4373 -0.1
      vertex 83.5025 46.3423 -0.1
      vertex 83.5025 44.4373 0.1
    endloop
  endfacet
  facet normal 0 -1 0
    outer loop
      vertex 83.5631 46.3423 -0.1
      vertex 83.5631 46.3423 0.1
      vertex 83.5025 46.3423 0.1
    endloop
  endfacet
  facet normal -0 -1 -0
    outer loop
      vertex 83.5025 46.3423 -0.1
      vertex 83.5631 46.3423 -0.1
      vertex 83.5025 46.3423 0.1
    endloop
  endfacet
  facet normal 1 0 0
    outer loop
      vertex 83.5631 46.5289 -0.1
      vertex 83.5631 46.5289 0.1
      vertex 83.5631 46.3423 0.1
    endloop
  endfacet
  facet normal 1 0 0
    outer loop
      vertex 83.5631 46.3423 -0.1
      vertex 83.5631 46.5289 -0.1
      vertex 83.5631 46.3423 0.1
    endloop
  endfacet
  facet normal 0.309012 -0.951058 0
    outer loop
      vertex 83.9181 46.6443 -0.1
      vertex 83.9181 46.6443 0.1
      vertex 83.5631 46.5289 0.1
    endloop
  endfacet
  facet normal 0.309012 -0.951058 0
    outer loop
      vertex 83.5631 46.5289 -0.1
      vertex 83.9181 46.6443 -0.1
      vertex 83.5631 46.5289 0.1
    endloop
  endfacet
  facet normal -0.809021 -0.587779 0
    outer loop
      vertex 84.1375 46.3423 0.1
      vertex 83.9181 46.6443 0.1
      vertex 84.1375 46.3423 -0.1
    endloop
  endfacet
  facet normal -0.809021 -0.587779 0
    outer loop
      vertex 84.1375 46.3423 -0.1
      vertex 83.9181 46.6443 0.1
      vertex 83.9181 46.6443 -0.1
    endloop
  endfacet
  facet normal -1 0 0
    outer loop
      vertex 84.1375 46.3423 0.1
      vertex 84.1375 46.3423 -0.1
      vertex 84.1375 44.4373 0.1
    endloop
  endfacet
  facet normal -1 0 0
    outer loop
      vertex 84.1375 44.4373 0.1
      vertex 84.1375 46.3423 -0.1
      vertex 84.1375 44.4373 -0.1
    endloop
  endfacet
  facet normal -0.809021 0.587779 0
    outer loop
      vertex 84.1375 44.4373 0.1
      vertex 84.1375 44.4373 -0.1
      vertex 83.9181 44.1353 0.1
    endloop
  endfacet
  facet normal -0.809021 0.587779 0
    outer loop
      vertex 83.9181 44.1353 0.1
      vertex 84.1375 44.4373 -0.1
      vertex 83.9181 44.1353 -0.1
    endloop
  endfacet
  facet normal 0.309012 0.951058 -0
    outer loop
      vertex 83.9181 44.1353 0.1
      vertex 83.9181 44.1353 -0.1
      vertex 83.5631 44.2507 0.1
    endloop
  endfacet
  facet normal 0.309012 0.951058 -0
    outer loop
      vertex 83.5631 44.2507 0.1
      vertex 83.9181 44.1353 -0.1
      vertex 83.5631 44.2507 -0.1
    endloop
  endfacet
  facet normal 1 0 0
    outer loop
      vertex 83.5631 44.4373 -0.1
      vertex 83.5631 44.4373 0.1
      vertex 83.5631 44.2507 0.1
    endloop
  endfacet
  facet normal 1 0 0
    outer loop
      vertex 83.5631 44.2507 -0.1
      vertex 83.5631 44.4373 -0.1
      vertex 83.5631 44.2507 0.1
    endloop
  endfacet
  facet normal 0 1 0
    outer loop
      vertex 83.5631 44.4373 0.1
      vertex 83.5631 44.4373 -0.1
      vertex 83.5025 44.4373 0.1
    endloop
  endfacet
  facet normal 0 1 -0
    outer loop
      vertex 83.5025 44.4373 0.1
      vertex 83.5631 44.4373 -0.1
      vertex 83.5025 44.4373 -0.1
    endloop
  endfacet
  facet normal 1 0 0
    outer loop
      vertex 83.82 59.055 -0.1
      vertex 83.82 59.055 0.1
      vertex 83.82 57.785 0.1
    endloop
  endfacet
  facet normal 1 0 0
    outer loop
      vertex 83.82 57.785 -0.1
      vertex 83.82 59.055 -0.1
      vertex 83.82 57.785 0.1
    endloop
  endfacet
  facet normal 0 -1 0
    outer loop
      vertex 85.09 59.055 -0.1
      vertex 85.09 59.055 0.1
      vertex 83.82 59.055 0.1
    endloop
  endfacet
  facet normal -0 -1 -0
    outer loop
      vertex 83.82 59.055 -0.1
      vertex 85.09 59.055 -0.1
      vertex 83.82 59.055 0.1
    endloop
  endfacet
  facet normal -1 0 0
    outer loop
      vertex 85.09 59.055 0.1
      vertex 85.09 59.055 -0.1
      vertex 85.09 57.785 0.1
    endloop
  endfacet
  facet normal -1 0 0
    outer loop
      vertex 85.09 57.785 0.1
      vertex 85.09 59.055 -0.1
      vertex 85.09 57.785 -0.1
    endloop
  endfacet
  facet normal 0 1 0
    outer loop
      vertex 85.09 57.785 0.1
      vertex 85.09 57.785 -0.1
      vertex 83.82 57.785 0.1
    endloop
  endfacet
  facet normal 0 1 -0
    outer loop
      vertex 83.82 57.785 0.1
      vertex 85.09 57.785 -0.1
      vertex 83.82 57.785 -0.1
    endloop
  endfacet
  facet normal 1 0 0
    outer loop
      vertex 84.2264 61.595 -0.1
      vertex 84.2264 61.595 0.1
      vertex 84.2264 60.325 0.1
    endloop
  endfacet
  facet normal 1 0 0
    outer loop
      vertex 84.2264 60.325 -0.1
      vertex 84.2264 61.595 -0.1
      vertex 84.2264 60.325 0.1
    endloop
  endfacet
  facet normal 0 -1 0
    outer loop
      vertex 85.4964 61.595 -0.1
      vertex 85.4964 61.595 0.1
      vertex 84.2264 61.595 0.1
    endloop
  endfacet
  facet normal -0 -1 -0
    outer loop
      vertex 84.2264 61.595 -0.1
      vertex 85.4964 61.595 -0.1
      vertex 84.2264 61.595 0.1
    endloop
  endfacet
  facet normal -1 0 0
    outer loop
      vertex 85.4964 61.595 0.1
      vertex 85.4964 61.595 -0.1
      vertex 85.4964 60.325 0.1
    endloop
  endfacet
  facet normal -1 0 0
    outer loop
      vertex 85.4964 60.325 0.1
      vertex 85.4964 61.595 -0.1
      vertex 85.4964 60.325 -0.1
    endloop
  endfacet
  facet normal 0 1 0
    outer loop
      vertex 85.4964 60.325 0.1
      vertex 85.4964 60.325 -0.1
      vertex 84.2264 60.325 0.1
    endloop
  endfacet
  facet normal 0 1 -0
    outer loop
      vertex 84.2264 60.325 0.1
      vertex 85.4964 60.325 -0.1
      vertex 84.2264 60.325 -0.1
    endloop
  endfacet
  facet normal 1 0 0
    outer loop
      vertex 84.7725 37.1475 -0.1
      vertex 84.7725 37.1475 0.1
      vertex 84.7725 35.2425 0.1
    endloop
  endfacet
  facet normal 1 0 0
    outer loop
      vertex 84.7725 35.2425 -0.1
      vertex 84.7725 37.1475 -0.1
      vertex 84.7725 35.2425 0.1
    endloop
  endfacet
  facet normal 0 -1 0
    outer loop
      vertex 84.8331 37.1475 -0.1
      vertex 84.8331 37.1475 0.1
      vertex 84.7725 37.1475 0.1
    endloop
  endfacet
  facet normal -0 -1 -0
    outer loop
      vertex 84.7725 37.1475 -0.1
      vertex 84.8331 37.1475 -0.1
      vertex 84.7725 37.1475 0.1
    endloop
  endfacet
  facet normal 1 0 0
    outer loop
      vertex 84.8331 37.3341 -0.1
      vertex 84.8331 37.3341 0.1
      vertex 84.8331 37.1475 0.1
    endloop
  endfacet
  facet normal 1 0 0
    outer loop
      vertex 84.8331 37.1475 -0.1
      vertex 84.8331 37.3341 -0.1
      vertex 84.8331 37.1475 0.1
    endloop
  endfacet
  facet normal 0.309012 -0.951058 0
    outer loop
      vertex 85.1881 37.4495 -0.1
      vertex 85.1881 37.4495 0.1
      vertex 84.8331 37.3341 0.1
    endloop
  endfacet
  facet normal 0.309012 -0.951058 0
    outer loop
      vertex 84.8331 37.3341 -0.1
      vertex 85.1881 37.4495 -0.1
      vertex 84.8331 37.3341 0.1
    endloop
  endfacet
  facet normal -0.809021 -0.587779 0
    outer loop
      vertex 85.4075 37.1475 0.1
      vertex 85.1881 37.4495 0.1
      vertex 85.4075 37.1475 -0.1
    endloop
  endfacet
  facet normal -0.809021 -0.587779 0
    outer loop
      vertex 85.4075 37.1475 -0.1
      vertex 85.1881 37.4495 0.1
      vertex 85.1881 37.4495 -0.1
    endloop
  endfacet
  facet normal -1 0 0
    outer loop
      vertex 85.4075 37.1475 0.1
      vertex 85.4075 37.1475 -0.1
      vertex 85.4075 35.2425 0.1
    endloop
  endfacet
  facet normal -1 0 0
    outer loop
      vertex 85.4075 35.2425 0.1
      vertex 85.4075 37.1475 -0.1
      vertex 85.4075 35.2425 -0.1
    endloop
  endfacet
  facet normal -0.809021 0.587779 0
    outer loop
      vertex 85.4075 35.2425 0.1
      vertex 85.4075 35.2425 -0.1
      vertex 85.1881 34.9405 0.1
    endloop
  endfacet
  facet normal -0.809021 0.587779 0
    outer loop
      vertex 85.1881 34.9405 0.1
      vertex 85.4075 35.2425 -0.1
      vertex 85.1881 34.9405 -0.1
    endloop
  endfacet
  facet normal 0.309012 0.951058 -0
    outer loop
      vertex 85.1881 34.9405 0.1
      vertex 85.1881 34.9405 -0.1
      vertex 84.8331 35.0559 0.1
    endloop
  endfacet
  facet normal 0.309012 0.951058 -0
    outer loop
      vertex 84.8331 35.0559 0.1
      vertex 85.1881 34.9405 -0.1
      vertex 84.8331 35.0559 -0.1
    endloop
  endfacet
  facet normal 1 0 0
    outer loop
      vertex 84.8331 35.2425 -0.1
      vertex 84.8331 35.2425 0.1
      vertex 84.8331 35.0559 0.1
    endloop
  endfacet
  facet normal 1 0 0
    outer loop
      vertex 84.8331 35.0559 -0.1
      vertex 84.8331 35.2425 -0.1
      vertex 84.8331 35.0559 0.1
    endloop
  endfacet
  facet normal 0 1 0
    outer loop
      vertex 84.8331 35.2425 0.1
      vertex 84.8331 35.2425 -0.1
      vertex 84.7725 35.2425 0.1
    endloop
  endfacet
  facet normal 0 1 -0
    outer loop
      vertex 84.7725 35.2425 0.1
      vertex 84.8331 35.2425 -0.1
      vertex 84.7725 35.2425 -0.1
    endloop
  endfacet
  facet normal 1 0 0
    outer loop
      vertex 84.7725 46.3423 -0.1
      vertex 84.7725 46.3423 0.1
      vertex 84.7725 44.4373 0.1
    endloop
  endfacet
  facet normal 1 0 0
    outer loop
      vertex 84.7725 44.4373 -0.1
      vertex 84.7725 46.3423 -0.1
      vertex 84.7725 44.4373 0.1
    endloop
  endfacet
  facet normal 0 -1 0
    outer loop
      vertex 84.8331 46.3423 -0.1
      vertex 84.8331 46.3423 0.1
      vertex 84.7725 46.3423 0.1
    endloop
  endfacet
  facet normal -0 -1 -0
    outer loop
      vertex 84.7725 46.3423 -0.1
      vertex 84.8331 46.3423 -0.1
      vertex 84.7725 46.3423 0.1
    endloop
  endfacet
  facet normal 1 0 0
    outer loop
      vertex 84.8331 46.5289 -0.1
      vertex 84.8331 46.5289 0.1
      vertex 84.8331 46.3423 0.1
    endloop
  endfacet
  facet normal 1 0 0
    outer loop
      vertex 84.8331 46.3423 -0.1
      vertex 84.8331 46.5289 -0.1
      vertex 84.8331 46.3423 0.1
    endloop
  endfacet
  facet normal 0.309012 -0.951058 0
    outer loop
      vertex 85.1881 46.6443 -0.1
      vertex 85.1881 46.6443 0.1
      vertex 84.8331 46.5289 0.1
    endloop
  endfacet
  facet normal 0.309012 -0.951058 0
    outer loop
      vertex 84.8331 46.5289 -0.1
      vertex 85.1881 46.6443 -0.1
      vertex 84.8331 46.5289 0.1
    endloop
  endfacet
  facet normal -0.809021 -0.587779 0
    outer loop
      vertex 85.4075 46.3423 0.1
      vertex 85.1881 46.6443 0.1
      vertex 85.4075 46.3423 -0.1
    endloop
  endfacet
  facet normal -0.809021 -0.587779 0
    outer loop
      vertex 85.4075 46.3423 -0.1
      vertex 85.1881 46.6443 0.1
      vertex 85.1881 46.6443 -0.1
    endloop
  endfacet
  facet normal -1 0 0
    outer loop
      vertex 85.4075 46.3423 0.1
      vertex 85.4075 46.3423 -0.1
      vertex 85.4075 44.4373 0.1
    endloop
  endfacet
  facet normal -1 0 0
    outer loop
      vertex 85.4075 44.4373 0.1
      vertex 85.4075 46.3423 -0.1
      vertex 85.4075 44.4373 -0.1
    endloop
  endfacet
  facet normal -0.809021 0.587779 0
    outer loop
      vertex 85.4075 44.4373 0.1
      vertex 85.4075 44.4373 -0.1
      vertex 85.1881 44.1353 0.1
    endloop
  endfacet
  facet normal -0.809021 0.587779 0
    outer loop
      vertex 85.1881 44.1353 0.1
      vertex 85.4075 44.4373 -0.1
      vertex 85.1881 44.1353 -0.1
    endloop
  endfacet
  facet normal 0.309012 0.951058 -0
    outer loop
      vertex 85.1881 44.1353 0.1
      vertex 85.1881 44.1353 -0.1
      vertex 84.8331 44.2507 0.1
    endloop
  endfacet
  facet normal 0.309012 0.951058 -0
    outer loop
      vertex 84.8331 44.2507 0.1
      vertex 85.1881 44.1353 -0.1
      vertex 84.8331 44.2507 -0.1
    endloop
  endfacet
  facet normal 1 0 0
    outer loop
      vertex 84.8331 44.4373 -0.1
      vertex 84.8331 44.4373 0.1
      vertex 84.8331 44.2507 0.1
    endloop
  endfacet
  facet normal 1 0 0
    outer loop
      vertex 84.8331 44.2507 -0.1
      vertex 84.8331 44.4373 -0.1
      vertex 84.8331 44.2507 0.1
    endloop
  endfacet
  facet normal 0 1 0
    outer loop
      vertex 84.8331 44.4373 0.1
      vertex 84.8331 44.4373 -0.1
      vertex 84.7725 44.4373 0.1
    endloop
  endfacet
  facet normal 0 1 -0
    outer loop
      vertex 84.7725 44.4373 0.1
      vertex 84.8331 44.4373 -0.1
      vertex 84.7725 44.4373 -0.1
    endloop
  endfacet
  facet normal 1 0 0
    outer loop
      vertex 84.963 53.086 -0.1
      vertex 84.963 53.086 0.1
      vertex 84.963 51.562 0.1
    endloop
  endfacet
  facet normal 1 0 0
    outer loop
      vertex 84.963 51.562 -0.1
      vertex 84.963 53.086 -0.1
      vertex 84.963 51.562 0.1
    endloop
  endfacet
  facet normal 0 -1 0
    outer loop
      vertex 86.487 53.086 -0.1
      vertex 86.487 53.086 0.1
      vertex 84.963 53.086 0.1
    endloop
  endfacet
  facet normal -0 -1 -0
    outer loop
      vertex 84.963 53.086 -0.1
      vertex 86.487 53.086 -0.1
      vertex 84.963 53.086 0.1
    endloop
  endfacet
  facet normal -1 0 0
    outer loop
      vertex 86.487 53.086 0.1
      vertex 86.487 53.086 -0.1
      vertex 86.487 51.562 0.1
    endloop
  endfacet
  facet normal -1 0 0
    outer loop
      vertex 86.487 51.562 0.1
      vertex 86.487 53.086 -0.1
      vertex 86.487 51.562 -0.1
    endloop
  endfacet
  facet normal 0 1 0
    outer loop
      vertex 86.487 51.562 0.1
      vertex 86.487 51.562 -0.1
      vertex 84.963 51.562 0.1
    endloop
  endfacet
  facet normal 0 1 -0
    outer loop
      vertex 84.963 51.562 0.1
      vertex 86.487 51.562 -0.1
      vertex 84.963 51.562 -0.1
    endloop
  endfacet
  facet normal 1 0 0
    outer loop
      vertex 84.963 56.388 -0.1
      vertex 84.963 56.388 0.1
      vertex 84.963 54.864 0.1
    endloop
  endfacet
  facet normal 1 0 0
    outer loop
      vertex 84.963 54.864 -0.1
      vertex 84.963 56.388 -0.1
      vertex 84.963 54.864 0.1
    endloop
  endfacet
  facet normal 0 -1 0
    outer loop
      vertex 86.487 56.388 -0.1
      vertex 86.487 56.388 0.1
      vertex 84.963 56.388 0.1
    endloop
  endfacet
  facet normal -0 -1 -0
    outer loop
      vertex 84.963 56.388 -0.1
      vertex 86.487 56.388 -0.1
      vertex 84.963 56.388 0.1
    endloop
  endfacet
  facet normal -1 0 0
    outer loop
      vertex 86.487 56.388 0.1
      vertex 86.487 56.388 -0.1
      vertex 86.487 54.864 0.1
    endloop
  endfacet
  facet normal -1 0 0
    outer loop
      vertex 86.487 54.864 0.1
      vertex 86.487 56.388 -0.1
      vertex 86.487 54.864 -0.1
    endloop
  endfacet
  facet normal 0 1 0
    outer loop
      vertex 86.487 54.864 0.1
      vertex 86.487 54.864 -0.1
      vertex 84.963 54.864 0.1
    endloop
  endfacet
  facet normal 0 1 -0
    outer loop
      vertex 84.963 54.864 0.1
      vertex 86.487 54.864 -0.1
      vertex 84.963 54.864 -0.1
    endloop
  endfacet
  facet normal 1 0 0
    outer loop
      vertex 85.1484 64.6938 -0.1
      vertex 85.1484 64.6938 0.1
      vertex 85.1484 64.0944 0.1
    endloop
  endfacet
  facet normal 1 0 0
    outer loop
      vertex 85.1484 64.0944 -0.1
      vertex 85.1484 64.6938 -0.1
      vertex 85.1484 64.0944 0.1
    endloop
  endfacet
  facet normal 0 -1 0
    outer loop
      vertex 86.0476 64.6938 -0.1
      vertex 86.0476 64.6938 0.1
      vertex 85.1484 64.6938 0.1
    endloop
  endfacet
  facet normal -0 -1 -0
    outer loop
      vertex 85.1484 64.6938 -0.1
      vertex 86.0476 64.6938 -0.1
      vertex 85.1484 64.6938 0.1
    endloop
  endfacet
  facet normal -1 0 0
    outer loop
      vertex 86.0476 64.6938 0.1
      vertex 86.0476 64.6938 -0.1
      vertex 86.0476 64.0944 0.1
    endloop
  endfacet
  facet normal -1 0 0
    outer loop
      vertex 86.0476 64.0944 0.1
      vertex 86.0476 64.6938 -0.1
      vertex 86.0476 64.0944 -0.1
    endloop
  endfacet
  facet normal 0 1 0
    outer loop
      vertex 86.0476 64.0944 0.1
      vertex 86.0476 64.0944 -0.1
      vertex 85.1484 64.0944 0.1
    endloop
  endfacet
  facet normal 0 1 -0
    outer loop
      vertex 85.1484 64.0944 0.1
      vertex 86.0476 64.0944 -0.1
      vertex 85.1484 64.0944 -0.1
    endloop
  endfacet
  facet normal 1 0 0
    outer loop
      vertex 85.1484 65.6438 -0.1
      vertex 85.1484 65.6438 0.1
      vertex 85.1484 65.0443 0.1
    endloop
  endfacet
  facet normal 1 0 0
    outer loop
      vertex 85.1484 65.0443 -0.1
      vertex 85.1484 65.6438 -0.1
      vertex 85.1484 65.0443 0.1
    endloop
  endfacet
  facet normal 0 -1 0
    outer loop
      vertex 86.0476 65.6438 -0.1
      vertex 86.0476 65.6438 0.1
      vertex 85.1484 65.6438 0.1
    endloop
  endfacet
  facet normal -0 -1 -0
    outer loop
      vertex 85.1484 65.6438 -0.1
      vertex 86.0476 65.6438 -0.1
      vertex 85.1484 65.6438 0.1
    endloop
  endfacet
  facet normal -1 0 0
    outer loop
      vertex 86.0476 65.6438 0.1
      vertex 86.0476 65.6438 -0.1
      vertex 86.0476 65.0443 0.1
    endloop
  endfacet
  facet normal -1 0 0
    outer loop
      vertex 86.0476 65.0443 0.1
      vertex 86.0476 65.6438 -0.1
      vertex 86.0476 65.0443 -0.1
    endloop
  endfacet
  facet normal 0 1 0
    outer loop
      vertex 86.0476 65.0443 0.1
      vertex 86.0476 65.0443 -0.1
      vertex 85.1484 65.0443 0.1
    endloop
  endfacet
  facet normal 0 1 -0
    outer loop
      vertex 85.1484 65.0443 0.1
      vertex 86.0476 65.0443 -0.1
      vertex 85.1484 65.0443 -0.1
    endloop
  endfacet
  facet normal 1 0 0
    outer loop
      vertex 85.1484 66.5937 -0.1
      vertex 85.1484 66.5937 0.1
      vertex 85.1484 65.9943 0.1
    endloop
  endfacet
  facet normal 1 0 0
    outer loop
      vertex 85.1484 65.9943 -0.1
      vertex 85.1484 66.5937 -0.1
      vertex 85.1484 65.9943 0.1
    endloop
  endfacet
  facet normal 0 -1 0
    outer loop
      vertex 86.0476 66.5937 -0.1
      vertex 86.0476 66.5937 0.1
      vertex 85.1484 66.5937 0.1
    endloop
  endfacet
  facet normal -0 -1 -0
    outer loop
      vertex 85.1484 66.5937 -0.1
      vertex 86.0476 66.5937 -0.1
      vertex 85.1484 66.5937 0.1
    endloop
  endfacet
  facet normal -1 0 0
    outer loop
      vertex 86.0476 66.5937 0.1
      vertex 86.0476 66.5937 -0.1
      vertex 86.0476 65.9943 0.1
    endloop
  endfacet
  facet normal -1 0 0
    outer loop
      vertex 86.0476 65.9943 0.1
      vertex 86.0476 66.5937 -0.1
      vertex 86.0476 65.9943 -0.1
    endloop
  endfacet
  facet normal 0 1 0
    outer loop
      vertex 86.0476 65.9943 0.1
      vertex 86.0476 65.9943 -0.1
      vertex 85.1484 65.9943 0.1
    endloop
  endfacet
  facet normal 0 1 -0
    outer loop
      vertex 85.1484 65.9943 0.1
      vertex 86.0476 65.9943 -0.1
      vertex 85.1484 65.9943 -0.1
    endloop
  endfacet
  facet normal 1 0 0
    outer loop
      vertex 85.5256 33.4353 -0.1
      vertex 85.5256 33.4353 0.1
      vertex 85.5256 31.3347 0.1
    endloop
  endfacet
  facet normal 1 0 0
    outer loop
      vertex 85.5256 31.3347 -0.1
      vertex 85.5256 33.4353 -0.1
      vertex 85.5256 31.3347 0.1
    endloop
  endfacet
  facet normal 0 -1 0
    outer loop
      vertex 85.9244 33.4353 -0.1
      vertex 85.9244 33.4353 0.1
      vertex 85.5256 33.4353 0.1
    endloop
  endfacet
  facet normal -0 -1 -0
    outer loop
      vertex 85.5256 33.4353 -0.1
      vertex 85.9244 33.4353 -0.1
      vertex 85.5256 33.4353 0.1
    endloop
  endfacet
  facet normal -1 0 0
    outer loop
      vertex 85.9244 33.4353 0.1
      vertex 85.9244 33.4353 -0.1
      vertex 85.9244 31.3347 0.1
    endloop
  endfacet
  facet normal -1 0 0
    outer loop
      vertex 85.9244 31.3347 0.1
      vertex 85.9244 33.4353 -0.1
      vertex 85.9244 31.3347 -0.1
    endloop
  endfacet
  facet normal 0 1 0
    outer loop
      vertex 85.9244 31.3347 0.1
      vertex 85.9244 31.3347 -0.1
      vertex 85.5256 31.3347 0.1
    endloop
  endfacet
  facet normal 0 1 -0
    outer loop
      vertex 85.5256 31.3347 0.1
      vertex 85.9244 31.3347 -0.1
      vertex 85.5256 31.3347 -0.1
    endloop
  endfacet
  facet normal 1 0 0
    outer loop
      vertex 85.9536 59.055 -0.1
      vertex 85.9536 59.055 0.1
      vertex 85.9536 57.785 0.1
    endloop
  endfacet
  facet normal 1 0 0
    outer loop
      vertex 85.9536 57.785 -0.1
      vertex 85.9536 59.055 -0.1
      vertex 85.9536 57.785 0.1
    endloop
  endfacet
  facet normal 0 -1 0
    outer loop
      vertex 87.2236 59.055 -0.1
      vertex 87.2236 59.055 0.1
      vertex 85.9536 59.055 0.1
    endloop
  endfacet
  facet normal -0 -1 -0
    outer loop
      vertex 85.9536 59.055 -0.1
      vertex 87.2236 59.055 -0.1
      vertex 85.9536 59.055 0.1
    endloop
  endfacet
  facet normal -1 0 0
    outer loop
      vertex 87.2236 59.055 0.1
      vertex 87.2236 59.055 -0.1
      vertex 87.2236 57.785 0.1
    endloop
  endfacet
  facet normal -1 0 0
    outer loop
      vertex 87.2236 57.785 0.1
      vertex 87.2236 59.055 -0.1
      vertex 87.2236 57.785 -0.1
    endloop
  endfacet
  facet normal 0 1 0
    outer loop
      vertex 87.2236 57.785 0.1
      vertex 87.2236 57.785 -0.1
      vertex 85.9536 57.785 0.1
    endloop
  endfacet
  facet normal 0 1 -0
    outer loop
      vertex 85.9536 57.785 0.1
      vertex 87.2236 57.785 -0.1
      vertex 85.9536 57.785 -0.1
    endloop
  endfacet
  facet normal 1 0 0
    outer loop
      vertex 86.0425 37.1475 -0.1
      vertex 86.0425 37.1475 0.1
      vertex 86.0425 35.2425 0.1
    endloop
  endfacet
  facet normal 1 0 0
    outer loop
      vertex 86.0425 35.2425 -0.1
      vertex 86.0425 37.1475 -0.1
      vertex 86.0425 35.2425 0.1
    endloop
  endfacet
  facet normal 0 -1 0
    outer loop
      vertex 86.1031 37.1475 -0.1
      vertex 86.1031 37.1475 0.1
      vertex 86.0425 37.1475 0.1
    endloop
  endfacet
  facet normal -0 -1 -0
    outer loop
      vertex 86.0425 37.1475 -0.1
      vertex 86.1031 37.1475 -0.1
      vertex 86.0425 37.1475 0.1
    endloop
  endfacet
  facet normal 1 0 0
    outer loop
      vertex 86.1031 37.3341 -0.1
      vertex 86.1031 37.3341 0.1
      vertex 86.1031 37.1475 0.1
    endloop
  endfacet
  facet normal 1 0 0
    outer loop
      vertex 86.1031 37.1475 -0.1
      vertex 86.1031 37.3341 -0.1
      vertex 86.1031 37.1475 0.1
    endloop
  endfacet
  facet normal 0.309012 -0.951058 0
    outer loop
      vertex 86.4581 37.4495 -0.1
      vertex 86.4581 37.4495 0.1
      vertex 86.1031 37.3341 0.1
    endloop
  endfacet
  facet normal 0.309012 -0.951058 0
    outer loop
      vertex 86.1031 37.3341 -0.1
      vertex 86.4581 37.4495 -0.1
      vertex 86.1031 37.3341 0.1
    endloop
  endfacet
  facet normal -0.809021 -0.587779 0
    outer loop
      vertex 86.6775 37.1475 0.1
      vertex 86.4581 37.4495 0.1
      vertex 86.6775 37.1475 -0.1
    endloop
  endfacet
  facet normal -0.809021 -0.587779 0
    outer loop
      vertex 86.6775 37.1475 -0.1
      vertex 86.4581 37.4495 0.1
      vertex 86.4581 37.4495 -0.1
    endloop
  endfacet
  facet normal -1 0 0
    outer loop
      vertex 86.6775 37.1475 0.1
      vertex 86.6775 37.1475 -0.1
      vertex 86.6775 35.2425 0.1
    endloop
  endfacet
  facet normal -1 0 0
    outer loop
      vertex 86.6775 35.2425 0.1
      vertex 86.6775 37.1475 -0.1
      vertex 86.6775 35.2425 -0.1
    endloop
  endfacet
  facet normal -0.809021 0.587779 0
    outer loop
      vertex 86.6775 35.2425 0.1
      vertex 86.6775 35.2425 -0.1
      vertex 86.4581 34.9405 0.1
    endloop
  endfacet
  facet normal -0.809021 0.587779 0
    outer loop
      vertex 86.4581 34.9405 0.1
      vertex 86.6775 35.2425 -0.1
      vertex 86.4581 34.9405 -0.1
    endloop
  endfacet
  facet normal 0.309012 0.951058 -0
    outer loop
      vertex 86.4581 34.9405 0.1
      vertex 86.4581 34.9405 -0.1
      vertex 86.1031 35.0559 0.1
    endloop
  endfacet
  facet normal 0.309012 0.951058 -0
    outer loop
      vertex 86.1031 35.0559 0.1
      vertex 86.4581 34.9405 -0.1
      vertex 86.1031 35.0559 -0.1
    endloop
  endfacet
  facet normal 1 0 0
    outer loop
      vertex 86.1031 35.2425 -0.1
      vertex 86.1031 35.2425 0.1
      vertex 86.1031 35.0559 0.1
    endloop
  endfacet
  facet normal 1 0 0
    outer loop
      vertex 86.1031 35.0559 -0.1
      vertex 86.1031 35.2425 -0.1
      vertex 86.1031 35.0559 0.1
    endloop
  endfacet
  facet normal 0 1 0
    outer loop
      vertex 86.1031 35.2425 0.1
      vertex 86.1031 35.2425 -0.1
      vertex 86.0425 35.2425 0.1
    endloop
  endfacet
  facet normal 0 1 -0
    outer loop
      vertex 86.0425 35.2425 0.1
      vertex 86.1031 35.2425 -0.1
      vertex 86.0425 35.2425 -0.1
    endloop
  endfacet
  facet normal 1 0 0
    outer loop
      vertex 86.0425 46.6598 -0.1
      vertex 86.0425 46.6598 0.1
      vertex 86.0425 44.1198 0.1
    endloop
  endfacet
  facet normal 1 0 0
    outer loop
      vertex 86.0425 44.1198 -0.1
      vertex 86.0425 46.6598 -0.1
      vertex 86.0425 44.1198 0.1
    endloop
  endfacet
  facet normal 0 -1 0
    outer loop
      vertex 86.6775 46.6598 -0.1
      vertex 86.6775 46.6598 0.1
      vertex 86.0425 46.6598 0.1
    endloop
  endfacet
  facet normal -0 -1 -0
    outer loop
      vertex 86.0425 46.6598 -0.1
      vertex 86.6775 46.6598 -0.1
      vertex 86.0425 46.6598 0.1
    endloop
  endfacet
  facet normal -1 0 0
    outer loop
      vertex 86.6775 46.6598 0.1
      vertex 86.6775 46.6598 -0.1
      vertex 86.6775 44.1198 0.1
    endloop
  endfacet
  facet normal -1 0 0
    outer loop
      vertex 86.6775 44.1198 0.1
      vertex 86.6775 46.6598 -0.1
      vertex 86.6775 44.1198 -0.1
    endloop
  endfacet
  facet normal 0 1 0
    outer loop
      vertex 86.6775 44.1198 0.1
      vertex 86.6775 44.1198 -0.1
      vertex 86.0425 44.1198 0.1
    endloop
  endfacet
  facet normal 0 1 -0
    outer loop
      vertex 86.0425 44.1198 0.1
      vertex 86.6775 44.1198 -0.1
      vertex 86.0425 44.1198 -0.1
    endloop
  endfacet
  facet normal 1 0 0
    outer loop
      vertex 86.36 48.895 -0.1
      vertex 86.36 48.895 0.1
      vertex 86.36 47.625 0.1
    endloop
  endfacet
  facet normal 1 0 0
    outer loop
      vertex 86.36 47.625 -0.1
      vertex 86.36 48.895 -0.1
      vertex 86.36 47.625 0.1
    endloop
  endfacet
  facet normal 0 -1 0
    outer loop
      vertex 87.63 48.895 -0.1
      vertex 87.63 48.895 0.1
      vertex 86.36 48.895 0.1
    endloop
  endfacet
  facet normal -0 -1 -0
    outer loop
      vertex 86.36 48.895 -0.1
      vertex 87.63 48.895 -0.1
      vertex 86.36 48.895 0.1
    endloop
  endfacet
  facet normal -1 0 0
    outer loop
      vertex 87.63 48.895 0.1
      vertex 87.63 48.895 -0.1
      vertex 87.63 47.625 0.1
    endloop
  endfacet
  facet normal -1 0 0
    outer loop
      vertex 87.63 47.625 0.1
      vertex 87.63 48.895 -0.1
      vertex 87.63 47.625 -0.1
    endloop
  endfacet
  facet normal 0 1 0
    outer loop
      vertex 87.63 47.625 0.1
      vertex 87.63 47.625 -0.1
      vertex 86.36 47.625 0.1
    endloop
  endfacet
  facet normal 0 1 -0
    outer loop
      vertex 86.36 47.625 0.1
      vertex 87.63 47.625 -0.1
      vertex 86.36 47.625 -0.1
    endloop
  endfacet
  facet normal 1 0 0
    outer loop
      vertex 86.36 61.595 -0.1
      vertex 86.36 61.595 0.1
      vertex 86.36 60.325 0.1
    endloop
  endfacet
  facet normal 1 0 0
    outer loop
      vertex 86.36 60.325 -0.1
      vertex 86.36 61.595 -0.1
      vertex 86.36 60.325 0.1
    endloop
  endfacet
  facet normal 0 -1 0
    outer loop
      vertex 87.63 61.595 -0.1
      vertex 87.63 61.595 0.1
      vertex 86.36 61.595 0.1
    endloop
  endfacet
  facet normal -0 -1 -0
    outer loop
      vertex 86.36 61.595 -0.1
      vertex 87.63 61.595 -0.1
      vertex 86.36 61.595 0.1
    endloop
  endfacet
  facet normal -1 0 0
    outer loop
      vertex 87.63 61.595 0.1
      vertex 87.63 61.595 -0.1
      vertex 87.63 60.325 0.1
    endloop
  endfacet
  facet normal -1 0 0
    outer loop
      vertex 87.63 60.325 0.1
      vertex 87.63 61.595 -0.1
      vertex 87.63 60.325 -0.1
    endloop
  endfacet
  facet normal 0 1 0
    outer loop
      vertex 87.63 60.325 0.1
      vertex 87.63 60.325 -0.1
      vertex 86.36 60.325 0.1
    endloop
  endfacet
  facet normal 0 1 -0
    outer loop
      vertex 86.36 60.325 0.1
      vertex 87.63 60.325 -0.1
      vertex 86.36 60.325 -0.1
    endloop
  endfacet
  facet normal 1 0 0
    outer loop
      vertex 86.7245 33.4353 -0.1
      vertex 86.7245 33.4353 0.1
      vertex 86.7245 31.3347 0.1
    endloop
  endfacet
  facet normal 1 0 0
    outer loop
      vertex 86.7245 31.3347 -0.1
      vertex 86.7245 33.4353 -0.1
      vertex 86.7245 31.3347 0.1
    endloop
  endfacet
  facet normal 0 -1 0
    outer loop
      vertex 87.1233 33.4353 -0.1
      vertex 87.1233 33.4353 0.1
      vertex 86.7245 33.4353 0.1
    endloop
  endfacet
  facet normal -0 -1 -0
    outer loop
      vertex 86.7245 33.4353 -0.1
      vertex 87.1233 33.4353 -0.1
      vertex 86.7245 33.4353 0.1
    endloop
  endfacet
  facet normal -1 0 0
    outer loop
      vertex 87.1233 33.4353 0.1
      vertex 87.1233 33.4353 -0.1
      vertex 87.1233 31.3347 0.1
    endloop
  endfacet
  facet normal -1 0 0
    outer loop
      vertex 87.1233 31.3347 0.1
      vertex 87.1233 33.4353 -0.1
      vertex 87.1233 31.3347 -0.1
    endloop
  endfacet
  facet normal 0 1 0
    outer loop
      vertex 87.1233 31.3347 0.1
      vertex 87.1233 31.3347 -0.1
      vertex 86.7245 31.3347 0.1
    endloop
  endfacet
  facet normal 0 1 -0
    outer loop
      vertex 86.7245 31.3347 0.1
      vertex 87.1233 31.3347 -0.1
      vertex 86.7245 31.3347 -0.1
    endloop
  endfacet
  facet normal 1 0 0
    outer loop
      vertex 87.3125 37.465 -0.1
      vertex 87.3125 37.465 0.1
      vertex 87.3125 34.925 0.1
    endloop
  endfacet
  facet normal 1 0 0
    outer loop
      vertex 87.3125 34.925 -0.1
      vertex 87.3125 37.465 -0.1
      vertex 87.3125 34.925 0.1
    endloop
  endfacet
  facet normal 0 -1 0
    outer loop
      vertex 87.9475 37.465 -0.1
      vertex 87.9475 37.465 0.1
      vertex 87.3125 37.465 0.1
    endloop
  endfacet
  facet normal -0 -1 -0
    outer loop
      vertex 87.3125 37.465 -0.1
      vertex 87.9475 37.465 -0.1
      vertex 87.3125 37.465 0.1
    endloop
  endfacet
  facet normal -1 0 0
    outer loop
      vertex 87.9475 37.465 0.1
      vertex 87.9475 37.465 -0.1
      vertex 87.9475 34.925 0.1
    endloop
  endfacet
  facet normal -1 0 0
    outer loop
      vertex 87.9475 34.925 0.1
      vertex 87.9475 37.465 -0.1
      vertex 87.9475 34.925 -0.1
    endloop
  endfacet
  facet normal 0 1 0
    outer loop
      vertex 87.9475 34.925 0.1
      vertex 87.9475 34.925 -0.1
      vertex 87.3125 34.925 0.1
    endloop
  endfacet
  facet normal 0 1 -0
    outer loop
      vertex 87.3125 34.925 0.1
      vertex 87.9475 34.925 -0.1
      vertex 87.3125 34.925 -0.1
    endloop
  endfacet
  facet normal 1 0 0
    outer loop
      vertex 87.3125 46.3423 -0.1
      vertex 87.3125 46.3423 0.1
      vertex 87.3125 44.4373 0.1
    endloop
  endfacet
  facet normal 1 0 0
    outer loop
      vertex 87.3125 44.4373 -0.1
      vertex 87.3125 46.3423 -0.1
      vertex 87.3125 44.4373 0.1
    endloop
  endfacet
  facet normal 0 -1 0
    outer loop
      vertex 87.3731 46.3423 -0.1
      vertex 87.3731 46.3423 0.1
      vertex 87.3125 46.3423 0.1
    endloop
  endfacet
  facet normal -0 -1 -0
    outer loop
      vertex 87.3125 46.3423 -0.1
      vertex 87.3731 46.3423 -0.1
      vertex 87.3125 46.3423 0.1
    endloop
  endfacet
  facet normal 1 0 0
    outer loop
      vertex 87.3731 46.5289 -0.1
      vertex 87.3731 46.5289 0.1
      vertex 87.3731 46.3423 0.1
    endloop
  endfacet
  facet normal 1 0 0
    outer loop
      vertex 87.3731 46.3423 -0.1
      vertex 87.3731 46.5289 -0.1
      vertex 87.3731 46.3423 0.1
    endloop
  endfacet
  facet normal 0.309012 -0.951058 0
    outer loop
      vertex 87.7281 46.6443 -0.1
      vertex 87.7281 46.6443 0.1
      vertex 87.3731 46.5289 0.1
    endloop
  endfacet
  facet normal 0.309012 -0.951058 0
    outer loop
      vertex 87.3731 46.5289 -0.1
      vertex 87.7281 46.6443 -0.1
      vertex 87.3731 46.5289 0.1
    endloop
  endfacet
  facet normal -0.809021 -0.587779 0
    outer loop
      vertex 87.9475 46.3423 0.1
      vertex 87.7281 46.6443 0.1
      vertex 87.9475 46.3423 -0.1
    endloop
  endfacet
  facet normal -0.809021 -0.587779 0
    outer loop
      vertex 87.9475 46.3423 -0.1
      vertex 87.7281 46.6443 0.1
      vertex 87.7281 46.6443 -0.1
    endloop
  endfacet
  facet normal -1 0 0
    outer loop
      vertex 87.9475 46.3423 0.1
      vertex 87.9475 46.3423 -0.1
      vertex 87.9475 44.4373 0.1
    endloop
  endfacet
  facet normal -1 0 0
    outer loop
      vertex 87.9475 44.4373 0.1
      vertex 87.9475 46.3423 -0.1
      vertex 87.9475 44.4373 -0.1
    endloop
  endfacet
  facet normal -0.809021 0.587779 0
    outer loop
      vertex 87.9475 44.4373 0.1
      vertex 87.9475 44.4373 -0.1
      vertex 87.7281 44.1353 0.1
    endloop
  endfacet
  facet normal -0.809021 0.587779 0
    outer loop
      vertex 87.7281 44.1353 0.1
      vertex 87.9475 44.4373 -0.1
      vertex 87.7281 44.1353 -0.1
    endloop
  endfacet
  facet normal 0.309012 0.951058 -0
    outer loop
      vertex 87.7281 44.1353 0.1
      vertex 87.7281 44.1353 -0.1
      vertex 87.3731 44.2507 0.1
    endloop
  endfacet
  facet normal 0.309012 0.951058 -0
    outer loop
      vertex 87.3731 44.2507 0.1
      vertex 87.7281 44.1353 -0.1
      vertex 87.3731 44.2507 -0.1
    endloop
  endfacet
  facet normal 1 0 0
    outer loop
      vertex 87.3731 44.4373 -0.1
      vertex 87.3731 44.4373 0.1
      vertex 87.3731 44.2507 0.1
    endloop
  endfacet
  facet normal 1 0 0
    outer loop
      vertex 87.3731 44.2507 -0.1
      vertex 87.3731 44.4373 -0.1
      vertex 87.3731 44.2507 0.1
    endloop
  endfacet
  facet normal 0 1 0
    outer loop
      vertex 87.3731 44.4373 0.1
      vertex 87.3731 44.4373 -0.1
      vertex 87.3125 44.4373 0.1
    endloop
  endfacet
  facet normal 0 1 -0
    outer loop
      vertex 87.3125 44.4373 0.1
      vertex 87.3731 44.4373 -0.1
      vertex 87.3125 44.4373 -0.1
    endloop
  endfacet
  facet normal 1 0 0
    outer loop
      vertex 87.5487 64.6938 -0.1
      vertex 87.5487 64.6938 0.1
      vertex 87.5487 64.0944 0.1
    endloop
  endfacet
  facet normal 1 0 0
    outer loop
      vertex 87.5487 64.0944 -0.1
      vertex 87.5487 64.6938 -0.1
      vertex 87.5487 64.0944 0.1
    endloop
  endfacet
  facet normal 0 -1 0
    outer loop
      vertex 88.4479 64.6938 -0.1
      vertex 88.4479 64.6938 0.1
      vertex 87.5487 64.6938 0.1
    endloop
  endfacet
  facet normal -0 -1 -0
    outer loop
      vertex 87.5487 64.6938 -0.1
      vertex 88.4479 64.6938 -0.1
      vertex 87.5487 64.6938 0.1
    endloop
  endfacet
  facet normal -1 0 0
    outer loop
      vertex 88.4479 64.6938 0.1
      vertex 88.4479 64.6938 -0.1
      vertex 88.4479 64.0944 0.1
    endloop
  endfacet
  facet normal -1 0 0
    outer loop
      vertex 88.4479 64.0944 0.1
      vertex 88.4479 64.6938 -0.1
      vertex 88.4479 64.0944 -0.1
    endloop
  endfacet
  facet normal 0 1 0
    outer loop
      vertex 88.4479 64.0944 0.1
      vertex 88.4479 64.0944 -0.1
      vertex 87.5487 64.0944 0.1
    endloop
  endfacet
  facet normal 0 1 -0
    outer loop
      vertex 87.5487 64.0944 0.1
      vertex 88.4479 64.0944 -0.1
      vertex 87.5487 64.0944 -0.1
    endloop
  endfacet
  facet normal 1 0 0
    outer loop
      vertex 87.5487 65.6438 -0.1
      vertex 87.5487 65.6438 0.1
      vertex 87.5487 65.0443 0.1
    endloop
  endfacet
  facet normal 1 0 0
    outer loop
      vertex 87.5487 65.0443 -0.1
      vertex 87.5487 65.6438 -0.1
      vertex 87.5487 65.0443 0.1
    endloop
  endfacet
  facet normal 0 -1 0
    outer loop
      vertex 88.4479 65.6438 -0.1
      vertex 88.4479 65.6438 0.1
      vertex 87.5487 65.6438 0.1
    endloop
  endfacet
  facet normal -0 -1 -0
    outer loop
      vertex 87.5487 65.6438 -0.1
      vertex 88.4479 65.6438 -0.1
      vertex 87.5487 65.6438 0.1
    endloop
  endfacet
  facet normal -1 0 0
    outer loop
      vertex 88.4479 65.6438 0.1
      vertex 88.4479 65.6438 -0.1
      vertex 88.4479 65.0443 0.1
    endloop
  endfacet
  facet normal -1 0 0
    outer loop
      vertex 88.4479 65.0443 0.1
      vertex 88.4479 65.6438 -0.1
      vertex 88.4479 65.0443 -0.1
    endloop
  endfacet
  facet normal 0 1 0
    outer loop
      vertex 88.4479 65.0443 0.1
      vertex 88.4479 65.0443 -0.1
      vertex 87.5487 65.0443 0.1
    endloop
  endfacet
  facet normal 0 1 -0
    outer loop
      vertex 87.5487 65.0443 0.1
      vertex 88.4479 65.0443 -0.1
      vertex 87.5487 65.0443 -0.1
    endloop
  endfacet
  facet normal 1 0 0
    outer loop
      vertex 87.5487 66.5937 -0.1
      vertex 87.5487 66.5937 0.1
      vertex 87.5487 65.9943 0.1
    endloop
  endfacet
  facet normal 1 0 0
    outer loop
      vertex 87.5487 65.9943 -0.1
      vertex 87.5487 66.5937 -0.1
      vertex 87.5487 65.9943 0.1
    endloop
  endfacet
  facet normal 0 -1 0
    outer loop
      vertex 88.4479 66.5937 -0.1
      vertex 88.4479 66.5937 0.1
      vertex 87.5487 66.5937 0.1
    endloop
  endfacet
  facet normal -0 -1 -0
    outer loop
      vertex 87.5487 66.5937 -0.1
      vertex 88.4479 66.5937 -0.1
      vertex 87.5487 66.5937 0.1
    endloop
  endfacet
  facet normal -1 0 0
    outer loop
      vertex 88.4479 66.5937 0.1
      vertex 88.4479 66.5937 -0.1
      vertex 88.4479 65.9943 0.1
    endloop
  endfacet
  facet normal -1 0 0
    outer loop
      vertex 88.4479 65.9943 0.1
      vertex 88.4479 66.5937 -0.1
      vertex 88.4479 65.9943 -0.1
    endloop
  endfacet
  facet normal 0 1 0
    outer loop
      vertex 88.4479 65.9943 0.1
      vertex 88.4479 65.9943 -0.1
      vertex 87.5487 65.9943 0.1
    endloop
  endfacet
  facet normal 0 1 -0
    outer loop
      vertex 87.5487 65.9943 0.1
      vertex 88.4479 65.9943 -0.1
      vertex 87.5487 65.9943 -0.1
    endloop
  endfacet
  facet normal 1 0 0
    outer loop
      vertex 87.9259 33.4353 -0.1
      vertex 87.9259 33.4353 0.1
      vertex 87.9259 31.3347 0.1
    endloop
  endfacet
  facet normal 1 0 0
    outer loop
      vertex 87.9259 31.3347 -0.1
      vertex 87.9259 33.4353 -0.1
      vertex 87.9259 31.3347 0.1
    endloop
  endfacet
  facet normal 0 -1 0
    outer loop
      vertex 88.3247 33.4353 -0.1
      vertex 88.3247 33.4353 0.1
      vertex 87.9259 33.4353 0.1
    endloop
  endfacet
  facet normal -0 -1 -0
    outer loop
      vertex 87.9259 33.4353 -0.1
      vertex 88.3247 33.4353 -0.1
      vertex 87.9259 33.4353 0.1
    endloop
  endfacet
  facet normal -1 0 0
    outer loop
      vertex 88.3247 33.4353 0.1
      vertex 88.3247 33.4353 -0.1
      vertex 88.3247 31.3347 0.1
    endloop
  endfacet
  facet normal -1 0 0
    outer loop
      vertex 88.3247 31.3347 0.1
      vertex 88.3247 33.4353 -0.1
      vertex 88.3247 31.3347 -0.1
    endloop
  endfacet
  facet normal 0 1 0
    outer loop
      vertex 88.3247 31.3347 0.1
      vertex 88.3247 31.3347 -0.1
      vertex 87.9259 31.3347 0.1
    endloop
  endfacet
  facet normal 0 1 -0
    outer loop
      vertex 87.9259 31.3347 0.1
      vertex 88.3247 31.3347 -0.1
      vertex 87.9259 31.3347 -0.1
    endloop
  endfacet
  facet normal 1 0 0
    outer loop
      vertex 88.138 53.086 -0.1
      vertex 88.138 53.086 0.1
      vertex 88.138 51.562 0.1
    endloop
  endfacet
  facet normal 1 0 0
    outer loop
      vertex 88.138 51.562 -0.1
      vertex 88.138 53.086 -0.1
      vertex 88.138 51.562 0.1
    endloop
  endfacet
  facet normal 0 -1 0
    outer loop
      vertex 89.662 53.086 -0.1
      vertex 89.662 53.086 0.1
      vertex 88.138 53.086 0.1
    endloop
  endfacet
  facet normal -0 -1 -0
    outer loop
      vertex 88.138 53.086 -0.1
      vertex 89.662 53.086 -0.1
      vertex 88.138 53.086 0.1
    endloop
  endfacet
  facet normal -1 0 0
    outer loop
      vertex 89.662 53.086 0.1
      vertex 89.662 53.086 -0.1
      vertex 89.662 51.562 0.1
    endloop
  endfacet
  facet normal -1 0 0
    outer loop
      vertex 89.662 51.562 0.1
      vertex 89.662 53.086 -0.1
      vertex 89.662 51.562 -0.1
    endloop
  endfacet
  facet normal 0 1 0
    outer loop
      vertex 89.662 51.562 0.1
      vertex 89.662 51.562 -0.1
      vertex 88.138 51.562 0.1
    endloop
  endfacet
  facet normal 0 1 -0
    outer loop
      vertex 88.138 51.562 0.1
      vertex 89.662 51.562 -0.1
      vertex 88.138 51.562 -0.1
    endloop
  endfacet
  facet normal 1 0 0
    outer loop
      vertex 88.138 56.388 -0.1
      vertex 88.138 56.388 0.1
      vertex 88.138 54.864 0.1
    endloop
  endfacet
  facet normal 1 0 0
    outer loop
      vertex 88.138 54.864 -0.1
      vertex 88.138 56.388 -0.1
      vertex 88.138 54.864 0.1
    endloop
  endfacet
  facet normal 0 -1 0
    outer loop
      vertex 89.662 56.388 -0.1
      vertex 89.662 56.388 0.1
      vertex 88.138 56.388 0.1
    endloop
  endfacet
  facet normal -0 -1 -0
    outer loop
      vertex 88.138 56.388 -0.1
      vertex 89.662 56.388 -0.1
      vertex 88.138 56.388 0.1
    endloop
  endfacet
  facet normal -1 0 0
    outer loop
      vertex 89.662 56.388 0.1
      vertex 89.662 56.388 -0.1
      vertex 89.662 54.864 0.1
    endloop
  endfacet
  facet normal -1 0 0
    outer loop
      vertex 89.662 54.864 0.1
      vertex 89.662 56.388 -0.1
      vertex 89.662 54.864 -0.1
    endloop
  endfacet
  facet normal 0 1 0
    outer loop
      vertex 89.662 54.864 0.1
      vertex 89.662 54.864 -0.1
      vertex 88.138 54.864 0.1
    endloop
  endfacet
  facet normal 0 1 -0
    outer loop
      vertex 88.138 54.864 0.1
      vertex 89.662 54.864 -0.1
      vertex 88.138 54.864 -0.1
    endloop
  endfacet
  facet normal 1 0 0
    outer loop
      vertex 88.265 59.055 -0.1
      vertex 88.265 59.055 0.1
      vertex 88.265 57.785 0.1
    endloop
  endfacet
  facet normal 1 0 0
    outer loop
      vertex 88.265 57.785 -0.1
      vertex 88.265 59.055 -0.1
      vertex 88.265 57.785 0.1
    endloop
  endfacet
  facet normal 0 -1 0
    outer loop
      vertex 89.535 59.055 -0.1
      vertex 89.535 59.055 0.1
      vertex 88.265 59.055 0.1
    endloop
  endfacet
  facet normal -0 -1 -0
    outer loop
      vertex 88.265 59.055 -0.1
      vertex 89.535 59.055 -0.1
      vertex 88.265 59.055 0.1
    endloop
  endfacet
  facet normal -1 0 0
    outer loop
      vertex 89.535 59.055 0.1
      vertex 89.535 59.055 -0.1
      vertex 89.535 57.785 0.1
    endloop
  endfacet
  facet normal -1 0 0
    outer loop
      vertex 89.535 57.785 0.1
      vertex 89.535 59.055 -0.1
      vertex 89.535 57.785 -0.1
    endloop
  endfacet
  facet normal 0 1 0
    outer loop
      vertex 89.535 57.785 0.1
      vertex 89.535 57.785 -0.1
      vertex 88.265 57.785 0.1
    endloop
  endfacet
  facet normal 0 1 -0
    outer loop
      vertex 88.265 57.785 0.1
      vertex 89.535 57.785 -0.1
      vertex 88.265 57.785 -0.1
    endloop
  endfacet
  facet normal 1 0 0
    outer loop
      vertex 88.4936 48.895 -0.1
      vertex 88.4936 48.895 0.1
      vertex 88.4936 47.625 0.1
    endloop
  endfacet
  facet normal 1 0 0
    outer loop
      vertex 88.4936 47.625 -0.1
      vertex 88.4936 48.895 -0.1
      vertex 88.4936 47.625 0.1
    endloop
  endfacet
  facet normal 0 -1 0
    outer loop
      vertex 89.7636 48.895 -0.1
      vertex 89.7636 48.895 0.1
      vertex 88.4936 48.895 0.1
    endloop
  endfacet
  facet normal -0 -1 -0
    outer loop
      vertex 88.4936 48.895 -0.1
      vertex 89.7636 48.895 -0.1
      vertex 88.4936 48.895 0.1
    endloop
  endfacet
  facet normal -1 0 0
    outer loop
      vertex 89.7636 48.895 0.1
      vertex 89.7636 48.895 -0.1
      vertex 89.7636 47.625 0.1
    endloop
  endfacet
  facet normal -1 0 0
    outer loop
      vertex 89.7636 47.625 0.1
      vertex 89.7636 48.895 -0.1
      vertex 89.7636 47.625 -0.1
    endloop
  endfacet
  facet normal 0 1 0
    outer loop
      vertex 89.7636 47.625 0.1
      vertex 89.7636 47.625 -0.1
      vertex 88.4936 47.625 0.1
    endloop
  endfacet
  facet normal 0 1 -0
    outer loop
      vertex 88.4936 47.625 0.1
      vertex 89.7636 47.625 -0.1
      vertex 88.4936 47.625 -0.1
    endloop
  endfacet
  facet normal 1 0 0
    outer loop
      vertex 88.5825 37.1475 -0.1
      vertex 88.5825 37.1475 0.1
      vertex 88.5825 35.2425 0.1
    endloop
  endfacet
  facet normal 1 0 0
    outer loop
      vertex 88.5825 35.2425 -0.1
      vertex 88.5825 37.1475 -0.1
      vertex 88.5825 35.2425 0.1
    endloop
  endfacet
  facet normal 0 -1 0
    outer loop
      vertex 88.6431 37.1475 -0.1
      vertex 88.6431 37.1475 0.1
      vertex 88.5825 37.1475 0.1
    endloop
  endfacet
  facet normal -0 -1 -0
    outer loop
      vertex 88.5825 37.1475 -0.1
      vertex 88.6431 37.1475 -0.1
      vertex 88.5825 37.1475 0.1
    endloop
  endfacet
  facet normal 1 0 0
    outer loop
      vertex 88.6431 37.3341 -0.1
      vertex 88.6431 37.3341 0.1
      vertex 88.6431 37.1475 0.1
    endloop
  endfacet
  facet normal 1 0 0
    outer loop
      vertex 88.6431 37.1475 -0.1
      vertex 88.6431 37.3341 -0.1
      vertex 88.6431 37.1475 0.1
    endloop
  endfacet
  facet normal 0.309012 -0.951058 0
    outer loop
      vertex 88.9981 37.4495 -0.1
      vertex 88.9981 37.4495 0.1
      vertex 88.6431 37.3341 0.1
    endloop
  endfacet
  facet normal 0.309012 -0.951058 0
    outer loop
      vertex 88.6431 37.3341 -0.1
      vertex 88.9981 37.4495 -0.1
      vertex 88.6431 37.3341 0.1
    endloop
  endfacet
  facet normal -0.809021 -0.587779 0
    outer loop
      vertex 89.2175 37.1475 0.1
      vertex 88.9981 37.4495 0.1
      vertex 89.2175 37.1475 -0.1
    endloop
  endfacet
  facet normal -0.809021 -0.587779 0
    outer loop
      vertex 89.2175 37.1475 -0.1
      vertex 88.9981 37.4495 0.1
      vertex 88.9981 37.4495 -0.1
    endloop
  endfacet
  facet normal -1 0 0
    outer loop
      vertex 89.2175 37.1475 0.1
      vertex 89.2175 37.1475 -0.1
      vertex 89.2175 35.2425 0.1
    endloop
  endfacet
  facet normal -1 0 0
    outer loop
      vertex 89.2175 35.2425 0.1
      vertex 89.2175 37.1475 -0.1
      vertex 89.2175 35.2425 -0.1
    endloop
  endfacet
  facet normal -0.809021 0.587779 0
    outer loop
      vertex 89.2175 35.2425 0.1
      vertex 89.2175 35.2425 -0.1
      vertex 88.9981 34.9405 0.1
    endloop
  endfacet
  facet normal -0.809021 0.587779 0
    outer loop
      vertex 88.9981 34.9405 0.1
      vertex 89.2175 35.2425 -0.1
      vertex 88.9981 34.9405 -0.1
    endloop
  endfacet
  facet normal 0.309012 0.951058 -0
    outer loop
      vertex 88.9981 34.9405 0.1
      vertex 88.9981 34.9405 -0.1
      vertex 88.6431 35.0559 0.1
    endloop
  endfacet
  facet normal 0.309012 0.951058 -0
    outer loop
      vertex 88.6431 35.0559 0.1
      vertex 88.9981 34.9405 -0.1
      vertex 88.6431 35.0559 -0.1
    endloop
  endfacet
  facet normal 1 0 0
    outer loop
      vertex 88.6431 35.2425 -0.1
      vertex 88.6431 35.2425 0.1
      vertex 88.6431 35.0559 0.1
    endloop
  endfacet
  facet normal 1 0 0
    outer loop
      vertex 88.6431 35.0559 -0.1
      vertex 88.6431 35.2425 -0.1
      vertex 88.6431 35.0559 0.1
    endloop
  endfacet
  facet normal 0 1 0
    outer loop
      vertex 88.6431 35.2425 0.1
      vertex 88.6431 35.2425 -0.1
      vertex 88.5825 35.2425 0.1
    endloop
  endfacet
  facet normal 0 1 -0
    outer loop
      vertex 88.5825 35.2425 0.1
      vertex 88.6431 35.2425 -0.1
      vertex 88.5825 35.2425 -0.1
    endloop
  endfacet
  facet normal 1 0 0
    outer loop
      vertex 88.5825 46.3423 -0.1
      vertex 88.5825 46.3423 0.1
      vertex 88.5825 44.4373 0.1
    endloop
  endfacet
  facet normal 1 0 0
    outer loop
      vertex 88.5825 44.4373 -0.1
      vertex 88.5825 46.3423 -0.1
      vertex 88.5825 44.4373 0.1
    endloop
  endfacet
  facet normal 0 -1 0
    outer loop
      vertex 88.6431 46.3423 -0.1
      vertex 88.6431 46.3423 0.1
      vertex 88.5825 46.3423 0.1
    endloop
  endfacet
  facet normal -0 -1 -0
    outer loop
      vertex 88.5825 46.3423 -0.1
      vertex 88.6431 46.3423 -0.1
      vertex 88.5825 46.3423 0.1
    endloop
  endfacet
  facet normal 1 0 0
    outer loop
      vertex 88.6431 46.5289 -0.1
      vertex 88.6431 46.5289 0.1
      vertex 88.6431 46.3423 0.1
    endloop
  endfacet
  facet normal 1 0 0
    outer loop
      vertex 88.6431 46.3423 -0.1
      vertex 88.6431 46.5289 -0.1
      vertex 88.6431 46.3423 0.1
    endloop
  endfacet
  facet normal 0.309012 -0.951058 0
    outer loop
      vertex 88.9981 46.6443 -0.1
      vertex 88.9981 46.6443 0.1
      vertex 88.6431 46.5289 0.1
    endloop
  endfacet
  facet normal 0.309012 -0.951058 0
    outer loop
      vertex 88.6431 46.5289 -0.1
      vertex 88.9981 46.6443 -0.1
      vertex 88.6431 46.5289 0.1
    endloop
  endfacet
  facet normal -0.809021 -0.587779 0
    outer loop
      vertex 89.2175 46.3423 0.1
      vertex 88.9981 46.6443 0.1
      vertex 89.2175 46.3423 -0.1
    endloop
  endfacet
  facet normal -0.809021 -0.587779 0
    outer loop
      vertex 89.2175 46.3423 -0.1
      vertex 88.9981 46.6443 0.1
      vertex 88.9981 46.6443 -0.1
    endloop
  endfacet
  facet normal -1 0 0
    outer loop
      vertex 89.2175 46.3423 0.1
      vertex 89.2175 46.3423 -0.1
      vertex 89.2175 44.4373 0.1
    endloop
  endfacet
  facet normal -1 0 0
    outer loop
      vertex 89.2175 44.4373 0.1
      vertex 89.2175 46.3423 -0.1
      vertex 89.2175 44.4373 -0.1
    endloop
  endfacet
  facet normal -0.809021 0.587779 0
    outer loop
      vertex 89.2175 44.4373 0.1
      vertex 89.2175 44.4373 -0.1
      vertex 88.9981 44.1353 0.1
    endloop
  endfacet
  facet normal -0.809021 0.587779 0
    outer loop
      vertex 88.9981 44.1353 0.1
      vertex 89.2175 44.4373 -0.1
      vertex 88.9981 44.1353 -0.1
    endloop
  endfacet
  facet normal 0.309012 0.951058 -0
    outer loop
      vertex 88.9981 44.1353 0.1
      vertex 88.9981 44.1353 -0.1
      vertex 88.6431 44.2507 0.1
    endloop
  endfacet
  facet normal 0.309012 0.951058 -0
    outer loop
      vertex 88.6431 44.2507 0.1
      vertex 88.9981 44.1353 -0.1
      vertex 88.6431 44.2507 -0.1
    endloop
  endfacet
  facet normal 1 0 0
    outer loop
      vertex 88.6431 44.4373 -0.1
      vertex 88.6431 44.4373 0.1
      vertex 88.6431 44.2507 0.1
    endloop
  endfacet
  facet normal 1 0 0
    outer loop
      vertex 88.6431 44.2507 -0.1
      vertex 88.6431 44.4373 -0.1
      vertex 88.6431 44.2507 0.1
    endloop
  endfacet
  facet normal 0 1 0
    outer loop
      vertex 88.6431 44.4373 0.1
      vertex 88.6431 44.4373 -0.1
      vertex 88.5825 44.4373 0.1
    endloop
  endfacet
  facet normal 0 1 -0
    outer loop
      vertex 88.5825 44.4373 0.1
      vertex 88.6431 44.4373 -0.1
      vertex 88.5825 44.4373 -0.1
    endloop
  endfacet
  facet normal 1 0 0
    outer loop
      vertex 88.6714 61.595 -0.1
      vertex 88.6714 61.595 0.1
      vertex 88.6714 60.325 0.1
    endloop
  endfacet
  facet normal 1 0 0
    outer loop
      vertex 88.6714 60.325 -0.1
      vertex 88.6714 61.595 -0.1
      vertex 88.6714 60.325 0.1
    endloop
  endfacet
  facet normal 0 -1 0
    outer loop
      vertex 89.9414 61.595 -0.1
      vertex 89.9414 61.595 0.1
      vertex 88.6714 61.595 0.1
    endloop
  endfacet
  facet normal -0 -1 -0
    outer loop
      vertex 88.6714 61.595 -0.1
      vertex 89.9414 61.595 -0.1
      vertex 88.6714 61.595 0.1
    endloop
  endfacet
  facet normal -1 0 0
    outer loop
      vertex 89.9414 61.595 0.1
      vertex 89.9414 61.595 -0.1
      vertex 89.9414 60.325 0.1
    endloop
  endfacet
  facet normal -1 0 0
    outer loop
      vertex 89.9414 60.325 0.1
      vertex 89.9414 61.595 -0.1
      vertex 89.9414 60.325 -0.1
    endloop
  endfacet
  facet normal 0 1 0
    outer loop
      vertex 89.9414 60.325 0.1
      vertex 89.9414 60.325 -0.1
      vertex 88.6714 60.325 0.1
    endloop
  endfacet
  facet normal 0 1 -0
    outer loop
      vertex 88.6714 60.325 0.1
      vertex 89.9414 60.325 -0.1
      vertex 88.6714 60.325 -0.1
    endloop
  endfacet
  facet normal 1 0 0
    outer loop
      vertex 89.8525 37.1475 -0.1
      vertex 89.8525 37.1475 0.1
      vertex 89.8525 35.2425 0.1
    endloop
  endfacet
  facet normal 1 0 0
    outer loop
      vertex 89.8525 35.2425 -0.1
      vertex 89.8525 37.1475 -0.1
      vertex 89.8525 35.2425 0.1
    endloop
  endfacet
  facet normal 0 -1 0
    outer loop
      vertex 89.9131 37.1475 -0.1
      vertex 89.9131 37.1475 0.1
      vertex 89.8525 37.1475 0.1
    endloop
  endfacet
  facet normal -0 -1 -0
    outer loop
      vertex 89.8525 37.1475 -0.1
      vertex 89.9131 37.1475 -0.1
      vertex 89.8525 37.1475 0.1
    endloop
  endfacet
  facet normal 1 0 0
    outer loop
      vertex 89.9131 37.3341 -0.1
      vertex 89.9131 37.3341 0.1
      vertex 89.9131 37.1475 0.1
    endloop
  endfacet
  facet normal 1 0 0
    outer loop
      vertex 89.9131 37.1475 -0.1
      vertex 89.9131 37.3341 -0.1
      vertex 89.9131 37.1475 0.1
    endloop
  endfacet
  facet normal 0.309012 -0.951058 0
    outer loop
      vertex 90.2681 37.4495 -0.1
      vertex 90.2681 37.4495 0.1
      vertex 89.9131 37.3341 0.1
    endloop
  endfacet
  facet normal 0.309012 -0.951058 0
    outer loop
      vertex 89.9131 37.3341 -0.1
      vertex 90.2681 37.4495 -0.1
      vertex 89.9131 37.3341 0.1
    endloop
  endfacet
  facet normal -0.809021 -0.587779 0
    outer loop
      vertex 90.4875 37.1475 0.1
      vertex 90.2681 37.4495 0.1
      vertex 90.4875 37.1475 -0.1
    endloop
  endfacet
  facet normal -0.809021 -0.587779 0
    outer loop
      vertex 90.4875 37.1475 -0.1
      vertex 90.2681 37.4495 0.1
      vertex 90.2681 37.4495 -0.1
    endloop
  endfacet
  facet normal -1 0 0
    outer loop
      vertex 90.4875 37.1475 0.1
      vertex 90.4875 37.1475 -0.1
      vertex 90.4875 35.2425 0.1
    endloop
  endfacet
  facet normal -1 0 0
    outer loop
      vertex 90.4875 35.2425 0.1
      vertex 90.4875 37.1475 -0.1
      vertex 90.4875 35.2425 -0.1
    endloop
  endfacet
  facet normal -0.809021 0.587779 0
    outer loop
      vertex 90.4875 35.2425 0.1
      vertex 90.4875 35.2425 -0.1
      vertex 90.2681 34.9405 0.1
    endloop
  endfacet
  facet normal -0.809021 0.587779 0
    outer loop
      vertex 90.2681 34.9405 0.1
      vertex 90.4875 35.2425 -0.1
      vertex 90.2681 34.9405 -0.1
    endloop
  endfacet
  facet normal 0.309012 0.951058 -0
    outer loop
      vertex 90.2681 34.9405 0.1
      vertex 90.2681 34.9405 -0.1
      vertex 89.9131 35.0559 0.1
    endloop
  endfacet
  facet normal 0.309012 0.951058 -0
    outer loop
      vertex 89.9131 35.0559 0.1
      vertex 90.2681 34.9405 -0.1
      vertex 89.9131 35.0559 -0.1
    endloop
  endfacet
  facet normal 1 0 0
    outer loop
      vertex 89.9131 35.2425 -0.1
      vertex 89.9131 35.2425 0.1
      vertex 89.9131 35.0559 0.1
    endloop
  endfacet
  facet normal 1 0 0
    outer loop
      vertex 89.9131 35.0559 -0.1
      vertex 89.9131 35.2425 -0.1
      vertex 89.9131 35.0559 0.1
    endloop
  endfacet
  facet normal 0 1 0
    outer loop
      vertex 89.9131 35.2425 0.1
      vertex 89.9131 35.2425 -0.1
      vertex 89.8525 35.2425 0.1
    endloop
  endfacet
  facet normal 0 1 -0
    outer loop
      vertex 89.8525 35.2425 0.1
      vertex 89.9131 35.2425 -0.1
      vertex 89.8525 35.2425 -0.1
    endloop
  endfacet
  facet normal 1 0 0
    outer loop
      vertex 89.8525 46.3423 -0.1
      vertex 89.8525 46.3423 0.1
      vertex 89.8525 44.4373 0.1
    endloop
  endfacet
  facet normal 1 0 0
    outer loop
      vertex 89.8525 44.4373 -0.1
      vertex 89.8525 46.3423 -0.1
      vertex 89.8525 44.4373 0.1
    endloop
  endfacet
  facet normal 0 -1 0
    outer loop
      vertex 89.9131 46.3423 -0.1
      vertex 89.9131 46.3423 0.1
      vertex 89.8525 46.3423 0.1
    endloop
  endfacet
  facet normal -0 -1 -0
    outer loop
      vertex 89.8525 46.3423 -0.1
      vertex 89.9131 46.3423 -0.1
      vertex 89.8525 46.3423 0.1
    endloop
  endfacet
  facet normal 1 0 0
    outer loop
      vertex 89.9131 46.5289 -0.1
      vertex 89.9131 46.5289 0.1
      vertex 89.9131 46.3423 0.1
    endloop
  endfacet
  facet normal 1 0 0
    outer loop
      vertex 89.9131 46.3423 -0.1
      vertex 89.9131 46.5289 -0.1
      vertex 89.9131 46.3423 0.1
    endloop
  endfacet
  facet normal 0.309012 -0.951058 0
    outer loop
      vertex 90.2681 46.6443 -0.1
      vertex 90.2681 46.6443 0.1
      vertex 89.9131 46.5289 0.1
    endloop
  endfacet
  facet normal 0.309012 -0.951058 0
    outer loop
      vertex 89.9131 46.5289 -0.1
      vertex 90.2681 46.6443 -0.1
      vertex 89.9131 46.5289 0.1
    endloop
  endfacet
  facet normal -0.809021 -0.587779 0
    outer loop
      vertex 90.4875 46.3423 0.1
      vertex 90.2681 46.6443 0.1
      vertex 90.4875 46.3423 -0.1
    endloop
  endfacet
  facet normal -0.809021 -0.587779 0
    outer loop
      vertex 90.4875 46.3423 -0.1
      vertex 90.2681 46.6443 0.1
      vertex 90.2681 46.6443 -0.1
    endloop
  endfacet
  facet normal -1 0 0
    outer loop
      vertex 90.4875 46.3423 0.1
      vertex 90.4875 46.3423 -0.1
      vertex 90.4875 44.4373 0.1
    endloop
  endfacet
  facet normal -1 0 0
    outer loop
      vertex 90.4875 44.4373 0.1
      vertex 90.4875 46.3423 -0.1
      vertex 90.4875 44.4373 -0.1
    endloop
  endfacet
  facet normal -0.809021 0.587779 0
    outer loop
      vertex 90.4875 44.4373 0.1
      vertex 90.4875 44.4373 -0.1
      vertex 90.2681 44.1353 0.1
    endloop
  endfacet
  facet normal -0.809021 0.587779 0
    outer loop
      vertex 90.2681 44.1353 0.1
      vertex 90.4875 44.4373 -0.1
      vertex 90.2681 44.1353 -0.1
    endloop
  endfacet
  facet normal 0.309012 0.951058 -0
    outer loop
      vertex 90.2681 44.1353 0.1
      vertex 90.2681 44.1353 -0.1
      vertex 89.9131 44.2507 0.1
    endloop
  endfacet
  facet normal 0.309012 0.951058 -0
    outer loop
      vertex 89.9131 44.2507 0.1
      vertex 90.2681 44.1353 -0.1
      vertex 89.9131 44.2507 -0.1
    endloop
  endfacet
  facet normal 1 0 0
    outer loop
      vertex 89.9131 44.4373 -0.1
      vertex 89.9131 44.4373 0.1
      vertex 89.9131 44.2507 0.1
    endloop
  endfacet
  facet normal 1 0 0
    outer loop
      vertex 89.9131 44.2507 -0.1
      vertex 89.9131 44.4373 -0.1
      vertex 89.9131 44.2507 0.1
    endloop
  endfacet
  facet normal 0 1 0
    outer loop
      vertex 89.9131 44.4373 0.1
      vertex 89.9131 44.4373 -0.1
      vertex 89.8525 44.4373 0.1
    endloop
  endfacet
  facet normal 0 1 -0
    outer loop
      vertex 89.8525 44.4373 0.1
      vertex 89.9131 44.4373 -0.1
      vertex 89.8525 44.4373 -0.1
    endloop
  endfacet
  facet normal 1 0 0
    outer loop
      vertex 90.3986 59.055 -0.1
      vertex 90.3986 59.055 0.1
      vertex 90.3986 57.785 0.1
    endloop
  endfacet
  facet normal 1 0 0
    outer loop
      vertex 90.3986 57.785 -0.1
      vertex 90.3986 59.055 -0.1
      vertex 90.3986 57.785 0.1
    endloop
  endfacet
  facet normal 0 -1 0
    outer loop
      vertex 91.6686 59.055 -0.1
      vertex 91.6686 59.055 0.1
      vertex 90.3986 59.055 0.1
    endloop
  endfacet
  facet normal -0 -1 -0
    outer loop
      vertex 90.3986 59.055 -0.1
      vertex 91.6686 59.055 -0.1
      vertex 90.3986 59.055 0.1
    endloop
  endfacet
  facet normal -1 0 0
    outer loop
      vertex 91.6686 59.055 0.1
      vertex 91.6686 59.055 -0.1
      vertex 91.6686 57.785 0.1
    endloop
  endfacet
  facet normal -1 0 0
    outer loop
      vertex 91.6686 57.785 0.1
      vertex 91.6686 59.055 -0.1
      vertex 91.6686 57.785 -0.1
    endloop
  endfacet
  facet normal 0 1 0
    outer loop
      vertex 91.6686 57.785 0.1
      vertex 91.6686 57.785 -0.1
      vertex 90.3986 57.785 0.1
    endloop
  endfacet
  facet normal 0 1 -0
    outer loop
      vertex 90.3986 57.785 0.1
      vertex 91.6686 57.785 -0.1
      vertex 90.3986 57.785 -0.1
    endloop
  endfacet
  facet normal 1 0 0
    outer loop
      vertex 90.805 61.595 -0.1
      vertex 90.805 61.595 0.1
      vertex 90.805 60.325 0.1
    endloop
  endfacet
  facet normal 1 0 0
    outer loop
      vertex 90.805 60.325 -0.1
      vertex 90.805 61.595 -0.1
      vertex 90.805 60.325 0.1
    endloop
  endfacet
  facet normal 0 -1 0
    outer loop
      vertex 92.075 61.595 -0.1
      vertex 92.075 61.595 0.1
      vertex 90.805 61.595 0.1
    endloop
  endfacet
  facet normal -0 -1 -0
    outer loop
      vertex 90.805 61.595 -0.1
      vertex 92.075 61.595 -0.1
      vertex 90.805 61.595 0.1
    endloop
  endfacet
  facet normal -1 0 0
    outer loop
      vertex 92.075 61.595 0.1
      vertex 92.075 61.595 -0.1
      vertex 92.075 60.325 0.1
    endloop
  endfacet
  facet normal -1 0 0
    outer loop
      vertex 92.075 60.325 0.1
      vertex 92.075 61.595 -0.1
      vertex 92.075 60.325 -0.1
    endloop
  endfacet
  facet normal 0 1 0
    outer loop
      vertex 92.075 60.325 0.1
      vertex 92.075 60.325 -0.1
      vertex 90.805 60.325 0.1
    endloop
  endfacet
  facet normal 0 1 -0
    outer loop
      vertex 90.805 60.325 0.1
      vertex 92.075 60.325 -0.1
      vertex 90.805 60.325 -0.1
    endloop
  endfacet
  facet normal 1 0 0
    outer loop
      vertex 91.1225 37.1475 -0.1
      vertex 91.1225 37.1475 0.1
      vertex 91.1225 35.2425 0.1
    endloop
  endfacet
  facet normal 1 0 0
    outer loop
      vertex 91.1225 35.2425 -0.1
      vertex 91.1225 37.1475 -0.1
      vertex 91.1225 35.2425 0.1
    endloop
  endfacet
  facet normal 0 -1 0
    outer loop
      vertex 91.1831 37.1475 -0.1
      vertex 91.1831 37.1475 0.1
      vertex 91.1225 37.1475 0.1
    endloop
  endfacet
  facet normal -0 -1 -0
    outer loop
      vertex 91.1225 37.1475 -0.1
      vertex 91.1831 37.1475 -0.1
      vertex 91.1225 37.1475 0.1
    endloop
  endfacet
  facet normal 1 0 0
    outer loop
      vertex 91.1831 37.3341 -0.1
      vertex 91.1831 37.3341 0.1
      vertex 91.1831 37.1475 0.1
    endloop
  endfacet
  facet normal 1 0 0
    outer loop
      vertex 91.1831 37.1475 -0.1
      vertex 91.1831 37.3341 -0.1
      vertex 91.1831 37.1475 0.1
    endloop
  endfacet
  facet normal 0.309012 -0.951058 0
    outer loop
      vertex 91.5381 37.4495 -0.1
      vertex 91.5381 37.4495 0.1
      vertex 91.1831 37.3341 0.1
    endloop
  endfacet
  facet normal 0.309012 -0.951058 0
    outer loop
      vertex 91.1831 37.3341 -0.1
      vertex 91.5381 37.4495 -0.1
      vertex 91.1831 37.3341 0.1
    endloop
  endfacet
  facet normal -0.809021 -0.587779 0
    outer loop
      vertex 91.7575 37.1475 0.1
      vertex 91.5381 37.4495 0.1
      vertex 91.7575 37.1475 -0.1
    endloop
  endfacet
  facet normal -0.809021 -0.587779 0
    outer loop
      vertex 91.7575 37.1475 -0.1
      vertex 91.5381 37.4495 0.1
      vertex 91.5381 37.4495 -0.1
    endloop
  endfacet
  facet normal -1 0 0
    outer loop
      vertex 91.7575 37.1475 0.1
      vertex 91.7575 37.1475 -0.1
      vertex 91.7575 35.2425 0.1
    endloop
  endfacet
  facet normal -1 0 0
    outer loop
      vertex 91.7575 35.2425 0.1
      vertex 91.7575 37.1475 -0.1
      vertex 91.7575 35.2425 -0.1
    endloop
  endfacet
  facet normal -0.809021 0.587779 0
    outer loop
      vertex 91.7575 35.2425 0.1
      vertex 91.7575 35.2425 -0.1
      vertex 91.5381 34.9405 0.1
    endloop
  endfacet
  facet normal -0.809021 0.587779 0
    outer loop
      vertex 91.5381 34.9405 0.1
      vertex 91.7575 35.2425 -0.1
      vertex 91.5381 34.9405 -0.1
    endloop
  endfacet
  facet normal 0.309012 0.951058 -0
    outer loop
      vertex 91.5381 34.9405 0.1
      vertex 91.5381 34.9405 -0.1
      vertex 91.1831 35.0559 0.1
    endloop
  endfacet
  facet normal 0.309012 0.951058 -0
    outer loop
      vertex 91.1831 35.0559 0.1
      vertex 91.5381 34.9405 -0.1
      vertex 91.1831 35.0559 -0.1
    endloop
  endfacet
  facet normal 1 0 0
    outer loop
      vertex 91.1831 35.2425 -0.1
      vertex 91.1831 35.2425 0.1
      vertex 91.1831 35.0559 0.1
    endloop
  endfacet
  facet normal 1 0 0
    outer loop
      vertex 91.1831 35.0559 -0.1
      vertex 91.1831 35.2425 -0.1
      vertex 91.1831 35.0559 0.1
    endloop
  endfacet
  facet normal 0 1 0
    outer loop
      vertex 91.1831 35.2425 0.1
      vertex 91.1831 35.2425 -0.1
      vertex 91.1225 35.2425 0.1
    endloop
  endfacet
  facet normal 0 1 -0
    outer loop
      vertex 91.1225 35.2425 0.1
      vertex 91.1831 35.2425 -0.1
      vertex 91.1225 35.2425 -0.1
    endloop
  endfacet
  facet normal 1 0 0
    outer loop
      vertex 91.1225 46.3423 -0.1
      vertex 91.1225 46.3423 0.1
      vertex 91.1225 44.4373 0.1
    endloop
  endfacet
  facet normal 1 0 0
    outer loop
      vertex 91.1225 44.4373 -0.1
      vertex 91.1225 46.3423 -0.1
      vertex 91.1225 44.4373 0.1
    endloop
  endfacet
  facet normal 0 -1 0
    outer loop
      vertex 91.1831 46.3423 -0.1
      vertex 91.1831 46.3423 0.1
      vertex 91.1225 46.3423 0.1
    endloop
  endfacet
  facet normal -0 -1 -0
    outer loop
      vertex 91.1225 46.3423 -0.1
      vertex 91.1831 46.3423 -0.1
      vertex 91.1225 46.3423 0.1
    endloop
  endfacet
  facet normal 1 0 0
    outer loop
      vertex 91.1831 46.5289 -0.1
      vertex 91.1831 46.5289 0.1
      vertex 91.1831 46.3423 0.1
    endloop
  endfacet
  facet normal 1 0 0
    outer loop
      vertex 91.1831 46.3423 -0.1
      vertex 91.1831 46.5289 -0.1
      vertex 91.1831 46.3423 0.1
    endloop
  endfacet
  facet normal 0.309012 -0.951058 0
    outer loop
      vertex 91.5381 46.6443 -0.1
      vertex 91.5381 46.6443 0.1
      vertex 91.1831 46.5289 0.1
    endloop
  endfacet
  facet normal 0.309012 -0.951058 0
    outer loop
      vertex 91.1831 46.5289 -0.1
      vertex 91.5381 46.6443 -0.1
      vertex 91.1831 46.5289 0.1
    endloop
  endfacet
  facet normal -0.809021 -0.587779 0
    outer loop
      vertex 91.7575 46.3423 0.1
      vertex 91.5381 46.6443 0.1
      vertex 91.7575 46.3423 -0.1
    endloop
  endfacet
  facet normal -0.809021 -0.587779 0
    outer loop
      vertex 91.7575 46.3423 -0.1
      vertex 91.5381 46.6443 0.1
      vertex 91.5381 46.6443 -0.1
    endloop
  endfacet
  facet normal -1 0 0
    outer loop
      vertex 91.7575 46.3423 0.1
      vertex 91.7575 46.3423 -0.1
      vertex 91.7575 44.4373 0.1
    endloop
  endfacet
  facet normal -1 0 0
    outer loop
      vertex 91.7575 44.4373 0.1
      vertex 91.7575 46.3423 -0.1
      vertex 91.7575 44.4373 -0.1
    endloop
  endfacet
  facet normal -0.809021 0.587779 0
    outer loop
      vertex 91.7575 44.4373 0.1
      vertex 91.7575 44.4373 -0.1
      vertex 91.5381 44.1353 0.1
    endloop
  endfacet
  facet normal -0.809021 0.587779 0
    outer loop
      vertex 91.5381 44.1353 0.1
      vertex 91.7575 44.4373 -0.1
      vertex 91.5381 44.1353 -0.1
    endloop
  endfacet
  facet normal 0.309012 0.951058 -0
    outer loop
      vertex 91.5381 44.1353 0.1
      vertex 91.5381 44.1353 -0.1
      vertex 91.1831 44.2507 0.1
    endloop
  endfacet
  facet normal 0.309012 0.951058 -0
    outer loop
      vertex 91.1831 44.2507 0.1
      vertex 91.5381 44.1353 -0.1
      vertex 91.1831 44.2507 -0.1
    endloop
  endfacet
  facet normal 1 0 0
    outer loop
      vertex 91.1831 44.4373 -0.1
      vertex 91.1831 44.4373 0.1
      vertex 91.1831 44.2507 0.1
    endloop
  endfacet
  facet normal 1 0 0
    outer loop
      vertex 91.1831 44.2507 -0.1
      vertex 91.1831 44.4373 -0.1
      vertex 91.1831 44.2507 0.1
    endloop
  endfacet
  facet normal 0 1 0
    outer loop
      vertex 91.1831 44.4373 0.1
      vertex 91.1831 44.4373 -0.1
      vertex 91.1225 44.4373 0.1
    endloop
  endfacet
  facet normal 0 1 -0
    outer loop
      vertex 91.1225 44.4373 0.1
      vertex 91.1831 44.4373 -0.1
      vertex 91.1225 44.4373 -0.1
    endloop
  endfacet
  facet normal 1 0 0
    outer loop
      vertex 91.313 53.086 -0.1
      vertex 91.313 53.086 0.1
      vertex 91.313 51.562 0.1
    endloop
  endfacet
  facet normal 1 0 0
    outer loop
      vertex 91.313 51.562 -0.1
      vertex 91.313 53.086 -0.1
      vertex 91.313 51.562 0.1
    endloop
  endfacet
  facet normal 0 -1 0
    outer loop
      vertex 92.837 53.086 -0.1
      vertex 92.837 53.086 0.1
      vertex 91.313 53.086 0.1
    endloop
  endfacet
  facet normal -0 -1 -0
    outer loop
      vertex 91.313 53.086 -0.1
      vertex 92.837 53.086 -0.1
      vertex 91.313 53.086 0.1
    endloop
  endfacet
  facet normal -1 0 0
    outer loop
      vertex 92.837 53.086 0.1
      vertex 92.837 53.086 -0.1
      vertex 92.837 51.562 0.1
    endloop
  endfacet
  facet normal -1 0 0
    outer loop
      vertex 92.837 51.562 0.1
      vertex 92.837 53.086 -0.1
      vertex 92.837 51.562 -0.1
    endloop
  endfacet
  facet normal 0 1 0
    outer loop
      vertex 92.837 51.562 0.1
      vertex 92.837 51.562 -0.1
      vertex 91.313 51.562 0.1
    endloop
  endfacet
  facet normal 0 1 -0
    outer loop
      vertex 91.313 51.562 0.1
      vertex 92.837 51.562 -0.1
      vertex 91.313 51.562 -0.1
    endloop
  endfacet
  facet normal 1 0 0
    outer loop
      vertex 91.313 56.388 -0.1
      vertex 91.313 56.388 0.1
      vertex 91.313 54.864 0.1
    endloop
  endfacet
  facet normal 1 0 0
    outer loop
      vertex 91.313 54.864 -0.1
      vertex 91.313 56.388 -0.1
      vertex 91.313 54.864 0.1
    endloop
  endfacet
  facet normal 0 -1 0
    outer loop
      vertex 92.837 56.388 -0.1
      vertex 92.837 56.388 0.1
      vertex 91.313 56.388 0.1
    endloop
  endfacet
  facet normal -0 -1 -0
    outer loop
      vertex 91.313 56.388 -0.1
      vertex 92.837 56.388 -0.1
      vertex 91.313 56.388 0.1
    endloop
  endfacet
  facet normal -1 0 0
    outer loop
      vertex 92.837 56.388 0.1
      vertex 92.837 56.388 -0.1
      vertex 92.837 54.864 0.1
    endloop
  endfacet
  facet normal -1 0 0
    outer loop
      vertex 92.837 54.864 0.1
      vertex 92.837 56.388 -0.1
      vertex 92.837 54.864 -0.1
    endloop
  endfacet
  facet normal 0 1 0
    outer loop
      vertex 92.837 54.864 0.1
      vertex 92.837 54.864 -0.1
      vertex 91.313 54.864 0.1
    endloop
  endfacet
  facet normal 0 1 -0
    outer loop
      vertex 91.313 54.864 0.1
      vertex 92.837 54.864 -0.1
      vertex 91.313 54.864 -0.1
    endloop
  endfacet
  facet normal 1 0 0
    outer loop
      vertex 92.1766 31.2928 -0.1
      vertex 92.1766 31.2928 0.1
      vertex 92.1766 30.0228 0.1
    endloop
  endfacet
  facet normal 1 0 0
    outer loop
      vertex 92.1766 30.0228 -0.1
      vertex 92.1766 31.2928 -0.1
      vertex 92.1766 30.0228 0.1
    endloop
  endfacet
  facet normal 0 -1 0
    outer loop
      vertex 93.4466 31.2928 -0.1
      vertex 93.4466 31.2928 0.1
      vertex 92.1766 31.2928 0.1
    endloop
  endfacet
  facet normal -0 -1 -0
    outer loop
      vertex 92.1766 31.2928 -0.1
      vertex 93.4466 31.2928 -0.1
      vertex 92.1766 31.2928 0.1
    endloop
  endfacet
  facet normal -1 0 0
    outer loop
      vertex 93.4466 31.2928 0.1
      vertex 93.4466 31.2928 -0.1
      vertex 93.4466 30.0228 0.1
    endloop
  endfacet
  facet normal -1 0 0
    outer loop
      vertex 93.4466 30.0228 0.1
      vertex 93.4466 31.2928 -0.1
      vertex 93.4466 30.0228 -0.1
    endloop
  endfacet
  facet normal 0 1 0
    outer loop
      vertex 93.4466 30.0228 0.1
      vertex 93.4466 30.0228 -0.1
      vertex 92.1766 30.0228 0.1
    endloop
  endfacet
  facet normal 0 1 -0
    outer loop
      vertex 92.1766 30.0228 0.1
      vertex 93.4466 30.0228 -0.1
      vertex 92.1766 30.0228 -0.1
    endloop
  endfacet
  facet normal 1 0 0
    outer loop
      vertex 92.1766 33.4264 -0.1
      vertex 92.1766 33.4264 0.1
      vertex 92.1766 32.1564 0.1
    endloop
  endfacet
  facet normal 1 0 0
    outer loop
      vertex 92.1766 32.1564 -0.1
      vertex 92.1766 33.4264 -0.1
      vertex 92.1766 32.1564 0.1
    endloop
  endfacet
  facet normal 0 -1 0
    outer loop
      vertex 93.4466 33.4264 -0.1
      vertex 93.4466 33.4264 0.1
      vertex 92.1766 33.4264 0.1
    endloop
  endfacet
  facet normal -0 -1 -0
    outer loop
      vertex 92.1766 33.4264 -0.1
      vertex 93.4466 33.4264 -0.1
      vertex 92.1766 33.4264 0.1
    endloop
  endfacet
  facet normal -1 0 0
    outer loop
      vertex 93.4466 33.4264 0.1
      vertex 93.4466 33.4264 -0.1
      vertex 93.4466 32.1564 0.1
    endloop
  endfacet
  facet normal -1 0 0
    outer loop
      vertex 93.4466 32.1564 0.1
      vertex 93.4466 33.4264 -0.1
      vertex 93.4466 32.1564 -0.1
    endloop
  endfacet
  facet normal 0 1 0
    outer loop
      vertex 93.4466 32.1564 0.1
      vertex 93.4466 32.1564 -0.1
      vertex 92.1766 32.1564 0.1
    endloop
  endfacet
  facet normal 0 1 -0
    outer loop
      vertex 92.1766 32.1564 0.1
      vertex 93.4466 32.1564 -0.1
      vertex 92.1766 32.1564 -0.1
    endloop
  endfacet
  facet normal 1 0 0
    outer loop
      vertex 92.3925 37.1475 -0.1
      vertex 92.3925 37.1475 0.1
      vertex 92.3925 35.2425 0.1
    endloop
  endfacet
  facet normal 1 0 0
    outer loop
      vertex 92.3925 35.2425 -0.1
      vertex 92.3925 37.1475 -0.1
      vertex 92.3925 35.2425 0.1
    endloop
  endfacet
  facet normal 0 -1 0
    outer loop
      vertex 92.4531 37.1475 -0.1
      vertex 92.4531 37.1475 0.1
      vertex 92.3925 37.1475 0.1
    endloop
  endfacet
  facet normal -0 -1 -0
    outer loop
      vertex 92.3925 37.1475 -0.1
      vertex 92.4531 37.1475 -0.1
      vertex 92.3925 37.1475 0.1
    endloop
  endfacet
  facet normal 1 0 0
    outer loop
      vertex 92.4531 37.3341 -0.1
      vertex 92.4531 37.3341 0.1
      vertex 92.4531 37.1475 0.1
    endloop
  endfacet
  facet normal 1 0 0
    outer loop
      vertex 92.4531 37.1475 -0.1
      vertex 92.4531 37.3341 -0.1
      vertex 92.4531 37.1475 0.1
    endloop
  endfacet
  facet normal 0.309012 -0.951058 0
    outer loop
      vertex 92.8081 37.4495 -0.1
      vertex 92.8081 37.4495 0.1
      vertex 92.4531 37.3341 0.1
    endloop
  endfacet
  facet normal 0.309012 -0.951058 0
    outer loop
      vertex 92.4531 37.3341 -0.1
      vertex 92.8081 37.4495 -0.1
      vertex 92.4531 37.3341 0.1
    endloop
  endfacet
  facet normal -0.809021 -0.587779 0
    outer loop
      vertex 93.0275 37.1475 0.1
      vertex 92.8081 37.4495 0.1
      vertex 93.0275 37.1475 -0.1
    endloop
  endfacet
  facet normal -0.809021 -0.587779 0
    outer loop
      vertex 93.0275 37.1475 -0.1
      vertex 92.8081 37.4495 0.1
      vertex 92.8081 37.4495 -0.1
    endloop
  endfacet
  facet normal -1 0 0
    outer loop
      vertex 93.0275 37.1475 0.1
      vertex 93.0275 37.1475 -0.1
      vertex 93.0275 35.2425 0.1
    endloop
  endfacet
  facet normal -1 0 0
    outer loop
      vertex 93.0275 35.2425 0.1
      vertex 93.0275 37.1475 -0.1
      vertex 93.0275 35.2425 -0.1
    endloop
  endfacet
  facet normal -0.809021 0.587779 0
    outer loop
      vertex 93.0275 35.2425 0.1
      vertex 93.0275 35.2425 -0.1
      vertex 92.8081 34.9405 0.1
    endloop
  endfacet
  facet normal -0.809021 0.587779 0
    outer loop
      vertex 92.8081 34.9405 0.1
      vertex 93.0275 35.2425 -0.1
      vertex 92.8081 34.9405 -0.1
    endloop
  endfacet
  facet normal 0.309012 0.951058 -0
    outer loop
      vertex 92.8081 34.9405 0.1
      vertex 92.8081 34.9405 -0.1
      vertex 92.4531 35.0559 0.1
    endloop
  endfacet
  facet normal 0.309012 0.951058 -0
    outer loop
      vertex 92.4531 35.0559 0.1
      vertex 92.8081 34.9405 -0.1
      vertex 92.4531 35.0559 -0.1
    endloop
  endfacet
  facet normal 1 0 0
    outer loop
      vertex 92.4531 35.2425 -0.1
      vertex 92.4531 35.2425 0.1
      vertex 92.4531 35.0559 0.1
    endloop
  endfacet
  facet normal 1 0 0
    outer loop
      vertex 92.4531 35.0559 -0.1
      vertex 92.4531 35.2425 -0.1
      vertex 92.4531 35.0559 0.1
    endloop
  endfacet
  facet normal 0 1 0
    outer loop
      vertex 92.4531 35.2425 0.1
      vertex 92.4531 35.2425 -0.1
      vertex 92.3925 35.2425 0.1
    endloop
  endfacet
  facet normal 0 1 -0
    outer loop
      vertex 92.3925 35.2425 0.1
      vertex 92.4531 35.2425 -0.1
      vertex 92.3925 35.2425 -0.1
    endloop
  endfacet
  facet normal 1 0 0
    outer loop
      vertex 92.3925 46.3423 -0.1
      vertex 92.3925 46.3423 0.1
      vertex 92.3925 44.4373 0.1
    endloop
  endfacet
  facet normal 1 0 0
    outer loop
      vertex 92.3925 44.4373 -0.1
      vertex 92.3925 46.3423 -0.1
      vertex 92.3925 44.4373 0.1
    endloop
  endfacet
  facet normal 0 -1 0
    outer loop
      vertex 92.4531 46.3423 -0.1
      vertex 92.4531 46.3423 0.1
      vertex 92.3925 46.3423 0.1
    endloop
  endfacet
  facet normal -0 -1 -0
    outer loop
      vertex 92.3925 46.3423 -0.1
      vertex 92.4531 46.3423 -0.1
      vertex 92.3925 46.3423 0.1
    endloop
  endfacet
  facet normal 1 0 0
    outer loop
      vertex 92.4531 46.5289 -0.1
      vertex 92.4531 46.5289 0.1
      vertex 92.4531 46.3423 0.1
    endloop
  endfacet
  facet normal 1 0 0
    outer loop
      vertex 92.4531 46.3423 -0.1
      vertex 92.4531 46.5289 -0.1
      vertex 92.4531 46.3423 0.1
    endloop
  endfacet
  facet normal 0.309012 -0.951058 0
    outer loop
      vertex 92.8081 46.6443 -0.1
      vertex 92.8081 46.6443 0.1
      vertex 92.4531 46.5289 0.1
    endloop
  endfacet
  facet normal 0.309012 -0.951058 0
    outer loop
      vertex 92.4531 46.5289 -0.1
      vertex 92.8081 46.6443 -0.1
      vertex 92.4531 46.5289 0.1
    endloop
  endfacet
  facet normal -0.809021 -0.587779 0
    outer loop
      vertex 93.0275 46.3423 0.1
      vertex 92.8081 46.6443 0.1
      vertex 93.0275 46.3423 -0.1
    endloop
  endfacet
  facet normal -0.809021 -0.587779 0
    outer loop
      vertex 93.0275 46.3423 -0.1
      vertex 92.8081 46.6443 0.1
      vertex 92.8081 46.6443 -0.1
    endloop
  endfacet
  facet normal -1 0 0
    outer loop
      vertex 93.0275 46.3423 0.1
      vertex 93.0275 46.3423 -0.1
      vertex 93.0275 44.4373 0.1
    endloop
  endfacet
  facet normal -1 0 0
    outer loop
      vertex 93.0275 44.4373 0.1
      vertex 93.0275 46.3423 -0.1
      vertex 93.0275 44.4373 -0.1
    endloop
  endfacet
  facet normal -0.809021 0.587779 0
    outer loop
      vertex 93.0275 44.4373 0.1
      vertex 93.0275 44.4373 -0.1
      vertex 92.8081 44.1353 0.1
    endloop
  endfacet
  facet normal -0.809021 0.587779 0
    outer loop
      vertex 92.8081 44.1353 0.1
      vertex 93.0275 44.4373 -0.1
      vertex 92.8081 44.1353 -0.1
    endloop
  endfacet
  facet normal 0.309012 0.951058 -0
    outer loop
      vertex 92.8081 44.1353 0.1
      vertex 92.8081 44.1353 -0.1
      vertex 92.4531 44.2507 0.1
    endloop
  endfacet
  facet normal 0.309012 0.951058 -0
    outer loop
      vertex 92.4531 44.2507 0.1
      vertex 92.8081 44.1353 -0.1
      vertex 92.4531 44.2507 -0.1
    endloop
  endfacet
  facet normal 1 0 0
    outer loop
      vertex 92.4531 44.4373 -0.1
      vertex 92.4531 44.4373 0.1
      vertex 92.4531 44.2507 0.1
    endloop
  endfacet
  facet normal 1 0 0
    outer loop
      vertex 92.4531 44.2507 -0.1
      vertex 92.4531 44.4373 -0.1
      vertex 92.4531 44.2507 0.1
    endloop
  endfacet
  facet normal 0 1 0
    outer loop
      vertex 92.4531 44.4373 0.1
      vertex 92.4531 44.4373 -0.1
      vertex 92.3925 44.4373 0.1
    endloop
  endfacet
  facet normal 0 1 -0
    outer loop
      vertex 92.3925 44.4373 0.1
      vertex 92.4531 44.4373 -0.1
      vertex 92.3925 44.4373 -0.1
    endloop
  endfacet
  facet normal 1 0 0
    outer loop
      vertex 92.71 59.055 -0.1
      vertex 92.71 59.055 0.1
      vertex 92.71 57.785 0.1
    endloop
  endfacet
  facet normal 1 0 0
    outer loop
      vertex 92.71 57.785 -0.1
      vertex 92.71 59.055 -0.1
      vertex 92.71 57.785 0.1
    endloop
  endfacet
  facet normal 0 -1 0
    outer loop
      vertex 93.98 59.055 -0.1
      vertex 93.98 59.055 0.1
      vertex 92.71 59.055 0.1
    endloop
  endfacet
  facet normal -0 -1 -0
    outer loop
      vertex 92.71 59.055 -0.1
      vertex 93.98 59.055 -0.1
      vertex 92.71 59.055 0.1
    endloop
  endfacet
  facet normal -1 0 0
    outer loop
      vertex 93.98 59.055 0.1
      vertex 93.98 59.055 -0.1
      vertex 93.98 57.785 0.1
    endloop
  endfacet
  facet normal -1 0 0
    outer loop
      vertex 93.98 57.785 0.1
      vertex 93.98 59.055 -0.1
      vertex 93.98 57.785 -0.1
    endloop
  endfacet
  facet normal 0 1 0
    outer loop
      vertex 93.98 57.785 0.1
      vertex 93.98 57.785 -0.1
      vertex 92.71 57.785 0.1
    endloop
  endfacet
  facet normal 0 1 -0
    outer loop
      vertex 92.71 57.785 0.1
      vertex 93.98 57.785 -0.1
      vertex 92.71 57.785 -0.1
    endloop
  endfacet
  facet normal 1 0 0
    outer loop
      vertex 93.1164 61.595 -0.1
      vertex 93.1164 61.595 0.1
      vertex 93.1164 60.325 0.1
    endloop
  endfacet
  facet normal 1 0 0
    outer loop
      vertex 93.1164 60.325 -0.1
      vertex 93.1164 61.595 -0.1
      vertex 93.1164 60.325 0.1
    endloop
  endfacet
  facet normal 0 -1 0
    outer loop
      vertex 94.3864 61.595 -0.1
      vertex 94.3864 61.595 0.1
      vertex 93.1164 61.595 0.1
    endloop
  endfacet
  facet normal -0 -1 -0
    outer loop
      vertex 93.1164 61.595 -0.1
      vertex 94.3864 61.595 -0.1
      vertex 93.1164 61.595 0.1
    endloop
  endfacet
  facet normal -1 0 0
    outer loop
      vertex 94.3864 61.595 0.1
      vertex 94.3864 61.595 -0.1
      vertex 94.3864 60.325 0.1
    endloop
  endfacet
  facet normal -1 0 0
    outer loop
      vertex 94.3864 60.325 0.1
      vertex 94.3864 61.595 -0.1
      vertex 94.3864 60.325 -0.1
    endloop
  endfacet
  facet normal 0 1 0
    outer loop
      vertex 94.3864 60.325 0.1
      vertex 94.3864 60.325 -0.1
      vertex 93.1164 60.325 0.1
    endloop
  endfacet
  facet normal 0 1 -0
    outer loop
      vertex 93.1164 60.325 0.1
      vertex 94.3864 60.325 -0.1
      vertex 93.1164 60.325 -0.1
    endloop
  endfacet
  facet normal 1 0 0
    outer loop
      vertex 94.0384 64.6938 -0.1
      vertex 94.0384 64.6938 0.1
      vertex 94.0384 64.0944 0.1
    endloop
  endfacet
  facet normal 1 0 0
    outer loop
      vertex 94.0384 64.0944 -0.1
      vertex 94.0384 64.6938 -0.1
      vertex 94.0384 64.0944 0.1
    endloop
  endfacet
  facet normal 0 -1 0
    outer loop
      vertex 94.9376 64.6938 -0.1
      vertex 94.9376 64.6938 0.1
      vertex 94.0384 64.6938 0.1
    endloop
  endfacet
  facet normal -0 -1 -0
    outer loop
      vertex 94.0384 64.6938 -0.1
      vertex 94.9376 64.6938 -0.1
      vertex 94.0384 64.6938 0.1
    endloop
  endfacet
  facet normal -1 0 0
    outer loop
      vertex 94.9376 64.6938 0.1
      vertex 94.9376 64.6938 -0.1
      vertex 94.9376 64.0944 0.1
    endloop
  endfacet
  facet normal -1 0 0
    outer loop
      vertex 94.9376 64.0944 0.1
      vertex 94.9376 64.6938 -0.1
      vertex 94.9376 64.0944 -0.1
    endloop
  endfacet
  facet normal 0 1 0
    outer loop
      vertex 94.9376 64.0944 0.1
      vertex 94.9376 64.0944 -0.1
      vertex 94.0384 64.0944 0.1
    endloop
  endfacet
  facet normal 0 1 -0
    outer loop
      vertex 94.0384 64.0944 0.1
      vertex 94.9376 64.0944 -0.1
      vertex 94.0384 64.0944 -0.1
    endloop
  endfacet
  facet normal 1 0 0
    outer loop
      vertex 94.0384 65.6438 -0.1
      vertex 94.0384 65.6438 0.1
      vertex 94.0384 65.0443 0.1
    endloop
  endfacet
  facet normal 1 0 0
    outer loop
      vertex 94.0384 65.0443 -0.1
      vertex 94.0384 65.6438 -0.1
      vertex 94.0384 65.0443 0.1
    endloop
  endfacet
  facet normal 0 -1 0
    outer loop
      vertex 94.9376 65.6438 -0.1
      vertex 94.9376 65.6438 0.1
      vertex 94.0384 65.6438 0.1
    endloop
  endfacet
  facet normal -0 -1 -0
    outer loop
      vertex 94.0384 65.6438 -0.1
      vertex 94.9376 65.6438 -0.1
      vertex 94.0384 65.6438 0.1
    endloop
  endfacet
  facet normal -1 0 0
    outer loop
      vertex 94.9376 65.6438 0.1
      vertex 94.9376 65.6438 -0.1
      vertex 94.9376 65.0443 0.1
    endloop
  endfacet
  facet normal -1 0 0
    outer loop
      vertex 94.9376 65.0443 0.1
      vertex 94.9376 65.6438 -0.1
      vertex 94.9376 65.0443 -0.1
    endloop
  endfacet
  facet normal 0 1 0
    outer loop
      vertex 94.9376 65.0443 0.1
      vertex 94.9376 65.0443 -0.1
      vertex 94.0384 65.0443 0.1
    endloop
  endfacet
  facet normal 0 1 -0
    outer loop
      vertex 94.0384 65.0443 0.1
      vertex 94.9376 65.0443 -0.1
      vertex 94.0384 65.0443 -0.1
    endloop
  endfacet
  facet normal 1 0 0
    outer loop
      vertex 94.0384 66.5937 -0.1
      vertex 94.0384 66.5937 0.1
      vertex 94.0384 65.9943 0.1
    endloop
  endfacet
  facet normal 1 0 0
    outer loop
      vertex 94.0384 65.9943 -0.1
      vertex 94.0384 66.5937 -0.1
      vertex 94.0384 65.9943 0.1
    endloop
  endfacet
  facet normal 0 -1 0
    outer loop
      vertex 94.9376 66.5937 -0.1
      vertex 94.9376 66.5937 0.1
      vertex 94.0384 66.5937 0.1
    endloop
  endfacet
  facet normal -0 -1 -0
    outer loop
      vertex 94.0384 66.5937 -0.1
      vertex 94.9376 66.5937 -0.1
      vertex 94.0384 66.5937 0.1
    endloop
  endfacet
  facet normal -1 0 0
    outer loop
      vertex 94.9376 66.5937 0.1
      vertex 94.9376 66.5937 -0.1
      vertex 94.9376 65.9943 0.1
    endloop
  endfacet
  facet normal -1 0 0
    outer loop
      vertex 94.9376 65.9943 0.1
      vertex 94.9376 66.5937 -0.1
      vertex 94.9376 65.9943 -0.1
    endloop
  endfacet
  facet normal 0 1 0
    outer loop
      vertex 94.9376 65.9943 0.1
      vertex 94.9376 65.9943 -0.1
      vertex 94.0384 65.9943 0.1
    endloop
  endfacet
  facet normal 0 1 -0
    outer loop
      vertex 94.0384 65.9943 0.1
      vertex 94.9376 65.9943 -0.1
      vertex 94.0384 65.9943 -0.1
    endloop
  endfacet
  facet normal 1 0 0
    outer loop
      vertex 94.488 53.086 -0.1
      vertex 94.488 53.086 0.1
      vertex 94.488 51.562 0.1
    endloop
  endfacet
  facet normal 1 0 0
    outer loop
      vertex 94.488 51.562 -0.1
      vertex 94.488 53.086 -0.1
      vertex 94.488 51.562 0.1
    endloop
  endfacet
  facet normal 0 -1 0
    outer loop
      vertex 96.012 53.086 -0.1
      vertex 96.012 53.086 0.1
      vertex 94.488 53.086 0.1
    endloop
  endfacet
  facet normal -0 -1 -0
    outer loop
      vertex 94.488 53.086 -0.1
      vertex 96.012 53.086 -0.1
      vertex 94.488 53.086 0.1
    endloop
  endfacet
  facet normal -1 0 0
    outer loop
      vertex 96.012 53.086 0.1
      vertex 96.012 53.086 -0.1
      vertex 96.012 51.562 0.1
    endloop
  endfacet
  facet normal -1 0 0
    outer loop
      vertex 96.012 51.562 0.1
      vertex 96.012 53.086 -0.1
      vertex 96.012 51.562 -0.1
    endloop
  endfacet
  facet normal 0 1 0
    outer loop
      vertex 96.012 51.562 0.1
      vertex 96.012 51.562 -0.1
      vertex 94.488 51.562 0.1
    endloop
  endfacet
  facet normal 0 1 -0
    outer loop
      vertex 94.488 51.562 0.1
      vertex 96.012 51.562 -0.1
      vertex 94.488 51.562 -0.1
    endloop
  endfacet
  facet normal 1 0 0
    outer loop
      vertex 94.488 56.388 -0.1
      vertex 94.488 56.388 0.1
      vertex 94.488 54.864 0.1
    endloop
  endfacet
  facet normal 1 0 0
    outer loop
      vertex 94.488 54.864 -0.1
      vertex 94.488 56.388 -0.1
      vertex 94.488 54.864 0.1
    endloop
  endfacet
  facet normal 0 -1 0
    outer loop
      vertex 96.012 56.388 -0.1
      vertex 96.012 56.388 0.1
      vertex 94.488 56.388 0.1
    endloop
  endfacet
  facet normal -0 -1 -0
    outer loop
      vertex 94.488 56.388 -0.1
      vertex 96.012 56.388 -0.1
      vertex 94.488 56.388 0.1
    endloop
  endfacet
  facet normal -1 0 0
    outer loop
      vertex 96.012 56.388 0.1
      vertex 96.012 56.388 -0.1
      vertex 96.012 54.864 0.1
    endloop
  endfacet
  facet normal -1 0 0
    outer loop
      vertex 96.012 54.864 0.1
      vertex 96.012 56.388 -0.1
      vertex 96.012 54.864 -0.1
    endloop
  endfacet
  facet normal 0 1 0
    outer loop
      vertex 96.012 54.864 0.1
      vertex 96.012 54.864 -0.1
      vertex 94.488 54.864 0.1
    endloop
  endfacet
  facet normal 0 1 -0
    outer loop
      vertex 94.488 54.864 0.1
      vertex 96.012 54.864 -0.1
      vertex 94.488 54.864 -0.1
    endloop
  endfacet
  facet normal 1 0 0
    outer loop
      vertex 94.8436 59.055 -0.1
      vertex 94.8436 59.055 0.1
      vertex 94.8436 57.785 0.1
    endloop
  endfacet
  facet normal 1 0 0
    outer loop
      vertex 94.8436 57.785 -0.1
      vertex 94.8436 59.055 -0.1
      vertex 94.8436 57.785 0.1
    endloop
  endfacet
  facet normal 0 -1 0
    outer loop
      vertex 96.1136 59.055 -0.1
      vertex 96.1136 59.055 0.1
      vertex 94.8436 59.055 0.1
    endloop
  endfacet
  facet normal -0 -1 -0
    outer loop
      vertex 94.8436 59.055 -0.1
      vertex 96.1136 59.055 -0.1
      vertex 94.8436 59.055 0.1
    endloop
  endfacet
  facet normal -1 0 0
    outer loop
      vertex 96.1136 59.055 0.1
      vertex 96.1136 59.055 -0.1
      vertex 96.1136 57.785 0.1
    endloop
  endfacet
  facet normal -1 0 0
    outer loop
      vertex 96.1136 57.785 0.1
      vertex 96.1136 59.055 -0.1
      vertex 96.1136 57.785 -0.1
    endloop
  endfacet
  facet normal 0 1 0
    outer loop
      vertex 96.1136 57.785 0.1
      vertex 96.1136 57.785 -0.1
      vertex 94.8436 57.785 0.1
    endloop
  endfacet
  facet normal 0 1 -0
    outer loop
      vertex 94.8436 57.785 0.1
      vertex 96.1136 57.785 -0.1
      vertex 94.8436 57.785 -0.1
    endloop
  endfacet
  facet normal 1 0 0
    outer loop
      vertex 95.25 61.595 -0.1
      vertex 95.25 61.595 0.1
      vertex 95.25 60.325 0.1
    endloop
  endfacet
  facet normal 1 0 0
    outer loop
      vertex 95.25 60.325 -0.1
      vertex 95.25 61.595 -0.1
      vertex 95.25 60.325 0.1
    endloop
  endfacet
  facet normal 0 -1 0
    outer loop
      vertex 96.52 61.595 -0.1
      vertex 96.52 61.595 0.1
      vertex 95.25 61.595 0.1
    endloop
  endfacet
  facet normal -0 -1 -0
    outer loop
      vertex 95.25 61.595 -0.1
      vertex 96.52 61.595 -0.1
      vertex 95.25 61.595 0.1
    endloop
  endfacet
  facet normal -1 0 0
    outer loop
      vertex 96.52 61.595 0.1
      vertex 96.52 61.595 -0.1
      vertex 96.52 60.325 0.1
    endloop
  endfacet
  facet normal -1 0 0
    outer loop
      vertex 96.52 60.325 0.1
      vertex 96.52 61.595 -0.1
      vertex 96.52 60.325 -0.1
    endloop
  endfacet
  facet normal 0 1 0
    outer loop
      vertex 96.52 60.325 0.1
      vertex 96.52 60.325 -0.1
      vertex 95.25 60.325 0.1
    endloop
  endfacet
  facet normal 0 1 -0
    outer loop
      vertex 95.25 60.325 0.1
      vertex 96.52 60.325 -0.1
      vertex 95.25 60.325 -0.1
    endloop
  endfacet
  facet normal 1 0 0
    outer loop
      vertex 95.6818 31.3182 -0.1
      vertex 95.6818 31.3182 0.1
      vertex 95.6818 30.0482 0.1
    endloop
  endfacet
  facet normal 1 0 0
    outer loop
      vertex 95.6818 30.0482 -0.1
      vertex 95.6818 31.3182 -0.1
      vertex 95.6818 30.0482 0.1
    endloop
  endfacet
  facet normal 0 -1 0
    outer loop
      vertex 96.9518 31.3182 -0.1
      vertex 96.9518 31.3182 0.1
      vertex 95.6818 31.3182 0.1
    endloop
  endfacet
  facet normal -0 -1 -0
    outer loop
      vertex 95.6818 31.3182 -0.1
      vertex 96.9518 31.3182 -0.1
      vertex 95.6818 31.3182 0.1
    endloop
  endfacet
  facet normal -1 0 0
    outer loop
      vertex 96.9518 31.3182 0.1
      vertex 96.9518 31.3182 -0.1
      vertex 96.9518 30.0482 0.1
    endloop
  endfacet
  facet normal -1 0 0
    outer loop
      vertex 96.9518 30.0482 0.1
      vertex 96.9518 31.3182 -0.1
      vertex 96.9518 30.0482 -0.1
    endloop
  endfacet
  facet normal 0 1 0
    outer loop
      vertex 96.9518 30.0482 0.1
      vertex 96.9518 30.0482 -0.1
      vertex 95.6818 30.0482 0.1
    endloop
  endfacet
  facet normal 0 1 -0
    outer loop
      vertex 95.6818 30.0482 0.1
      vertex 96.9518 30.0482 -0.1
      vertex 95.6818 30.0482 -0.1
    endloop
  endfacet
  facet normal 1 0 0
    outer loop
      vertex 95.6818 33.4518 -0.1
      vertex 95.6818 33.4518 0.1
      vertex 95.6818 32.1818 0.1
    endloop
  endfacet
  facet normal 1 0 0
    outer loop
      vertex 95.6818 32.1818 -0.1
      vertex 95.6818 33.4518 -0.1
      vertex 95.6818 32.1818 0.1
    endloop
  endfacet
  facet normal 0 -1 0
    outer loop
      vertex 96.9518 33.4518 -0.1
      vertex 96.9518 33.4518 0.1
      vertex 95.6818 33.4518 0.1
    endloop
  endfacet
  facet normal -0 -1 -0
    outer loop
      vertex 95.6818 33.4518 -0.1
      vertex 96.9518 33.4518 -0.1
      vertex 95.6818 33.4518 0.1
    endloop
  endfacet
  facet normal -1 0 0
    outer loop
      vertex 96.9518 33.4518 0.1
      vertex 96.9518 33.4518 -0.1
      vertex 96.9518 32.1818 0.1
    endloop
  endfacet
  facet normal -1 0 0
    outer loop
      vertex 96.9518 32.1818 0.1
      vertex 96.9518 33.4518 -0.1
      vertex 96.9518 32.1818 -0.1
    endloop
  endfacet
  facet normal 0 1 0
    outer loop
      vertex 96.9518 32.1818 0.1
      vertex 96.9518 32.1818 -0.1
      vertex 95.6818 32.1818 0.1
    endloop
  endfacet
  facet normal 0 1 -0
    outer loop
      vertex 95.6818 32.1818 0.1
      vertex 96.9518 32.1818 -0.1
      vertex 95.6818 32.1818 -0.1
    endloop
  endfacet
  facet normal 1 0 0
    outer loop
      vertex 95.6818 36.3982 -0.1
      vertex 95.6818 36.3982 0.1
      vertex 95.6818 35.1282 0.1
    endloop
  endfacet
  facet normal 1 0 0
    outer loop
      vertex 95.6818 35.1282 -0.1
      vertex 95.6818 36.3982 -0.1
      vertex 95.6818 35.1282 0.1
    endloop
  endfacet
  facet normal 0 -1 0
    outer loop
      vertex 96.9518 36.3982 -0.1
      vertex 96.9518 36.3982 0.1
      vertex 95.6818 36.3982 0.1
    endloop
  endfacet
  facet normal -0 -1 -0
    outer loop
      vertex 95.6818 36.3982 -0.1
      vertex 96.9518 36.3982 -0.1
      vertex 95.6818 36.3982 0.1
    endloop
  endfacet
  facet normal -1 0 0
    outer loop
      vertex 96.9518 36.3982 0.1
      vertex 96.9518 36.3982 -0.1
      vertex 96.9518 35.1282 0.1
    endloop
  endfacet
  facet normal -1 0 0
    outer loop
      vertex 96.9518 35.1282 0.1
      vertex 96.9518 36.3982 -0.1
      vertex 96.9518 35.1282 -0.1
    endloop
  endfacet
  facet normal 0 1 0
    outer loop
      vertex 96.9518 35.1282 0.1
      vertex 96.9518 35.1282 -0.1
      vertex 95.6818 35.1282 0.1
    endloop
  endfacet
  facet normal 0 1 -0
    outer loop
      vertex 95.6818 35.1282 0.1
      vertex 96.9518 35.1282 -0.1
      vertex 95.6818 35.1282 -0.1
    endloop
  endfacet
  facet normal 1 0 0
    outer loop
      vertex 95.6818 38.5318 -0.1
      vertex 95.6818 38.5318 0.1
      vertex 95.6818 37.2618 0.1
    endloop
  endfacet
  facet normal 1 0 0
    outer loop
      vertex 95.6818 37.2618 -0.1
      vertex 95.6818 38.5318 -0.1
      vertex 95.6818 37.2618 0.1
    endloop
  endfacet
  facet normal 0 -1 0
    outer loop
      vertex 96.9518 38.5318 -0.1
      vertex 96.9518 38.5318 0.1
      vertex 95.6818 38.5318 0.1
    endloop
  endfacet
  facet normal -0 -1 -0
    outer loop
      vertex 95.6818 38.5318 -0.1
      vertex 96.9518 38.5318 -0.1
      vertex 95.6818 38.5318 0.1
    endloop
  endfacet
  facet normal -1 0 0
    outer loop
      vertex 96.9518 38.5318 0.1
      vertex 96.9518 38.5318 -0.1
      vertex 96.9518 37.2618 0.1
    endloop
  endfacet
  facet normal -1 0 0
    outer loop
      vertex 96.9518 37.2618 0.1
      vertex 96.9518 38.5318 -0.1
      vertex 96.9518 37.2618 -0.1
    endloop
  endfacet
  facet normal 0 1 0
    outer loop
      vertex 96.9518 37.2618 0.1
      vertex 96.9518 37.2618 -0.1
      vertex 95.6818 37.2618 0.1
    endloop
  endfacet
  facet normal 0 1 -0
    outer loop
      vertex 95.6818 37.2618 0.1
      vertex 96.9518 37.2618 -0.1
      vertex 95.6818 37.2618 -0.1
    endloop
  endfacet
  facet normal 1 0 0
    outer loop
      vertex 95.6818 40.7924 -0.1
      vertex 95.6818 40.7924 0.1
      vertex 95.6818 39.5224 0.1
    endloop
  endfacet
  facet normal 1 0 0
    outer loop
      vertex 95.6818 39.5224 -0.1
      vertex 95.6818 40.7924 -0.1
      vertex 95.6818 39.5224 0.1
    endloop
  endfacet
  facet normal 0 -1 0
    outer loop
      vertex 96.9518 40.7924 -0.1
      vertex 96.9518 40.7924 0.1
      vertex 95.6818 40.7924 0.1
    endloop
  endfacet
  facet normal -0 -1 -0
    outer loop
      vertex 95.6818 40.7924 -0.1
      vertex 96.9518 40.7924 -0.1
      vertex 95.6818 40.7924 0.1
    endloop
  endfacet
  facet normal -1 0 0
    outer loop
      vertex 96.9518 40.7924 0.1
      vertex 96.9518 40.7924 -0.1
      vertex 96.9518 39.5224 0.1
    endloop
  endfacet
  facet normal -1 0 0
    outer loop
      vertex 96.9518 39.5224 0.1
      vertex 96.9518 40.7924 -0.1
      vertex 96.9518 39.5224 -0.1
    endloop
  endfacet
  facet normal 0 1 0
    outer loop
      vertex 96.9518 39.5224 0.1
      vertex 96.9518 39.5224 -0.1
      vertex 95.6818 39.5224 0.1
    endloop
  endfacet
  facet normal 0 1 -0
    outer loop
      vertex 95.6818 39.5224 0.1
      vertex 96.9518 39.5224 -0.1
      vertex 95.6818 39.5224 -0.1
    endloop
  endfacet
  facet normal 1 0 0
    outer loop
      vertex 95.6818 42.926 -0.1
      vertex 95.6818 42.926 0.1
      vertex 95.6818 41.656 0.1
    endloop
  endfacet
  facet normal 1 0 0
    outer loop
      vertex 95.6818 41.656 -0.1
      vertex 95.6818 42.926 -0.1
      vertex 95.6818 41.656 0.1
    endloop
  endfacet
  facet normal 0 -1 0
    outer loop
      vertex 96.9518 42.926 -0.1
      vertex 96.9518 42.926 0.1
      vertex 95.6818 42.926 0.1
    endloop
  endfacet
  facet normal -0 -1 -0
    outer loop
      vertex 95.6818 42.926 -0.1
      vertex 96.9518 42.926 -0.1
      vertex 95.6818 42.926 0.1
    endloop
  endfacet
  facet normal -1 0 0
    outer loop
      vertex 96.9518 42.926 0.1
      vertex 96.9518 42.926 -0.1
      vertex 96.9518 41.656 0.1
    endloop
  endfacet
  facet normal -1 0 0
    outer loop
      vertex 96.9518 41.656 0.1
      vertex 96.9518 42.926 -0.1
      vertex 96.9518 41.656 -0.1
    endloop
  endfacet
  facet normal 0 1 0
    outer loop
      vertex 96.9518 41.656 0.1
      vertex 96.9518 41.656 -0.1
      vertex 95.6818 41.656 0.1
    endloop
  endfacet
  facet normal 0 1 -0
    outer loop
      vertex 95.6818 41.656 0.1
      vertex 96.9518 41.656 -0.1
      vertex 95.6818 41.656 -0.1
    endloop
  endfacet
  facet normal 1 0 0
    outer loop
      vertex 95.6818 45.1358 -0.1
      vertex 95.6818 45.1358 0.1
      vertex 95.6818 43.8658 0.1
    endloop
  endfacet
  facet normal 1 0 0
    outer loop
      vertex 95.6818 43.8658 -0.1
      vertex 95.6818 45.1358 -0.1
      vertex 95.6818 43.8658 0.1
    endloop
  endfacet
  facet normal 0 -1 0
    outer loop
      vertex 96.9518 45.1358 -0.1
      vertex 96.9518 45.1358 0.1
      vertex 95.6818 45.1358 0.1
    endloop
  endfacet
  facet normal -0 -1 -0
    outer loop
      vertex 95.6818 45.1358 -0.1
      vertex 96.9518 45.1358 -0.1
      vertex 95.6818 45.1358 0.1
    endloop
  endfacet
  facet normal -1 0 0
    outer loop
      vertex 96.9518 45.1358 0.1
      vertex 96.9518 45.1358 -0.1
      vertex 96.9518 43.8658 0.1
    endloop
  endfacet
  facet normal -1 0 0
    outer loop
      vertex 96.9518 43.8658 0.1
      vertex 96.9518 45.1358 -0.1
      vertex 96.9518 43.8658 -0.1
    endloop
  endfacet
  facet normal 0 1 0
    outer loop
      vertex 96.9518 43.8658 0.1
      vertex 96.9518 43.8658 -0.1
      vertex 95.6818 43.8658 0.1
    endloop
  endfacet
  facet normal 0 1 -0
    outer loop
      vertex 95.6818 43.8658 0.1
      vertex 96.9518 43.8658 -0.1
      vertex 95.6818 43.8658 -0.1
    endloop
  endfacet
  facet normal 1 0 0
    outer loop
      vertex 95.6818 47.2694 -0.1
      vertex 95.6818 47.2694 0.1
      vertex 95.6818 45.9994 0.1
    endloop
  endfacet
  facet normal 1 0 0
    outer loop
      vertex 95.6818 45.9994 -0.1
      vertex 95.6818 47.2694 -0.1
      vertex 95.6818 45.9994 0.1
    endloop
  endfacet
  facet normal 0 -1 0
    outer loop
      vertex 96.9518 47.2694 -0.1
      vertex 96.9518 47.2694 0.1
      vertex 95.6818 47.2694 0.1
    endloop
  endfacet
  facet normal -0 -1 -0
    outer loop
      vertex 95.6818 47.2694 -0.1
      vertex 96.9518 47.2694 -0.1
      vertex 95.6818 47.2694 0.1
    endloop
  endfacet
  facet normal -1 0 0
    outer loop
      vertex 96.9518 47.2694 0.1
      vertex 96.9518 47.2694 -0.1
      vertex 96.9518 45.9994 0.1
    endloop
  endfacet
  facet normal -1 0 0
    outer loop
      vertex 96.9518 45.9994 0.1
      vertex 96.9518 47.2694 -0.1
      vertex 96.9518 45.9994 -0.1
    endloop
  endfacet
  facet normal 0 1 0
    outer loop
      vertex 96.9518 45.9994 0.1
      vertex 96.9518 45.9994 -0.1
      vertex 95.6818 45.9994 0.1
    endloop
  endfacet
  facet normal 0 1 -0
    outer loop
      vertex 95.6818 45.9994 0.1
      vertex 96.9518 45.9994 -0.1
      vertex 95.6818 45.9994 -0.1
    endloop
  endfacet
  facet normal 1 0 0
    outer loop
      vertex 96.4387 64.6938 -0.1
      vertex 96.4387 64.6938 0.1
      vertex 96.4387 64.0944 0.1
    endloop
  endfacet
  facet normal 1 0 0
    outer loop
      vertex 96.4387 64.0944 -0.1
      vertex 96.4387 64.6938 -0.1
      vertex 96.4387 64.0944 0.1
    endloop
  endfacet
  facet normal 0 -1 0
    outer loop
      vertex 97.3379 64.6938 -0.1
      vertex 97.3379 64.6938 0.1
      vertex 96.4387 64.6938 0.1
    endloop
  endfacet
  facet normal -0 -1 -0
    outer loop
      vertex 96.4387 64.6938 -0.1
      vertex 97.3379 64.6938 -0.1
      vertex 96.4387 64.6938 0.1
    endloop
  endfacet
  facet normal -1 0 0
    outer loop
      vertex 97.3379 64.6938 0.1
      vertex 97.3379 64.6938 -0.1
      vertex 97.3379 64.0944 0.1
    endloop
  endfacet
  facet normal -1 0 0
    outer loop
      vertex 97.3379 64.0944 0.1
      vertex 97.3379 64.6938 -0.1
      vertex 97.3379 64.0944 -0.1
    endloop
  endfacet
  facet normal 0 1 0
    outer loop
      vertex 97.3379 64.0944 0.1
      vertex 97.3379 64.0944 -0.1
      vertex 96.4387 64.0944 0.1
    endloop
  endfacet
  facet normal 0 1 -0
    outer loop
      vertex 96.4387 64.0944 0.1
      vertex 97.3379 64.0944 -0.1
      vertex 96.4387 64.0944 -0.1
    endloop
  endfacet
  facet normal 1 0 0
    outer loop
      vertex 96.4387 65.6438 -0.1
      vertex 96.4387 65.6438 0.1
      vertex 96.4387 65.0443 0.1
    endloop
  endfacet
  facet normal 1 0 0
    outer loop
      vertex 96.4387 65.0443 -0.1
      vertex 96.4387 65.6438 -0.1
      vertex 96.4387 65.0443 0.1
    endloop
  endfacet
  facet normal 0 -1 0
    outer loop
      vertex 97.3379 65.6438 -0.1
      vertex 97.3379 65.6438 0.1
      vertex 96.4387 65.6438 0.1
    endloop
  endfacet
  facet normal -0 -1 -0
    outer loop
      vertex 96.4387 65.6438 -0.1
      vertex 97.3379 65.6438 -0.1
      vertex 96.4387 65.6438 0.1
    endloop
  endfacet
  facet normal -1 0 0
    outer loop
      vertex 97.3379 65.6438 0.1
      vertex 97.3379 65.6438 -0.1
      vertex 97.3379 65.0443 0.1
    endloop
  endfacet
  facet normal -1 0 0
    outer loop
      vertex 97.3379 65.0443 0.1
      vertex 97.3379 65.6438 -0.1
      vertex 97.3379 65.0443 -0.1
    endloop
  endfacet
  facet normal 0 1 0
    outer loop
      vertex 97.3379 65.0443 0.1
      vertex 97.3379 65.0443 -0.1
      vertex 96.4387 65.0443 0.1
    endloop
  endfacet
  facet normal 0 1 -0
    outer loop
      vertex 96.4387 65.0443 0.1
      vertex 97.3379 65.0443 -0.1
      vertex 96.4387 65.0443 -0.1
    endloop
  endfacet
  facet normal 1 0 0
    outer loop
      vertex 96.4387 66.5937 -0.1
      vertex 96.4387 66.5937 0.1
      vertex 96.4387 65.9943 0.1
    endloop
  endfacet
  facet normal 1 0 0
    outer loop
      vertex 96.4387 65.9943 -0.1
      vertex 96.4387 66.5937 -0.1
      vertex 96.4387 65.9943 0.1
    endloop
  endfacet
  facet normal 0 -1 0
    outer loop
      vertex 97.3379 66.5937 -0.1
      vertex 97.3379 66.5937 0.1
      vertex 96.4387 66.5937 0.1
    endloop
  endfacet
  facet normal -0 -1 -0
    outer loop
      vertex 96.4387 66.5937 -0.1
      vertex 97.3379 66.5937 -0.1
      vertex 96.4387 66.5937 0.1
    endloop
  endfacet
  facet normal -1 0 0
    outer loop
      vertex 97.3379 66.5937 0.1
      vertex 97.3379 66.5937 -0.1
      vertex 97.3379 65.9943 0.1
    endloop
  endfacet
  facet normal -1 0 0
    outer loop
      vertex 97.3379 65.9943 0.1
      vertex 97.3379 66.5937 -0.1
      vertex 97.3379 65.9943 -0.1
    endloop
  endfacet
  facet normal 0 1 0
    outer loop
      vertex 97.3379 65.9943 0.1
      vertex 97.3379 65.9943 -0.1
      vertex 96.4387 65.9943 0.1
    endloop
  endfacet
  facet normal 0 1 -0
    outer loop
      vertex 96.4387 65.9943 0.1
      vertex 97.3379 65.9943 -0.1
      vertex 96.4387 65.9943 -0.1
    endloop
  endfacet
  facet normal 1 0 0
    outer loop
      vertex 97.155 59.055 -0.1
      vertex 97.155 59.055 0.1
      vertex 97.155 57.785 0.1
    endloop
  endfacet
  facet normal 1 0 0
    outer loop
      vertex 97.155 57.785 -0.1
      vertex 97.155 59.055 -0.1
      vertex 97.155 57.785 0.1
    endloop
  endfacet
  facet normal 0 -1 0
    outer loop
      vertex 98.425 59.055 -0.1
      vertex 98.425 59.055 0.1
      vertex 97.155 59.055 0.1
    endloop
  endfacet
  facet normal -0 -1 -0
    outer loop
      vertex 97.155 59.055 -0.1
      vertex 98.425 59.055 -0.1
      vertex 97.155 59.055 0.1
    endloop
  endfacet
  facet normal -1 0 0
    outer loop
      vertex 98.425 59.055 0.1
      vertex 98.425 59.055 -0.1
      vertex 98.425 57.785 0.1
    endloop
  endfacet
  facet normal -1 0 0
    outer loop
      vertex 98.425 57.785 0.1
      vertex 98.425 59.055 -0.1
      vertex 98.425 57.785 -0.1
    endloop
  endfacet
  facet normal 0 1 0
    outer loop
      vertex 98.425 57.785 0.1
      vertex 98.425 57.785 -0.1
      vertex 97.155 57.785 0.1
    endloop
  endfacet
  facet normal 0 1 -0
    outer loop
      vertex 97.155 57.785 0.1
      vertex 98.425 57.785 -0.1
      vertex 97.155 57.785 -0.1
    endloop
  endfacet
  facet normal 1 0 0
    outer loop
      vertex 97.5614 61.595 -0.1
      vertex 97.5614 61.595 0.1
      vertex 97.5614 60.325 0.1
    endloop
  endfacet
  facet normal 1 0 0
    outer loop
      vertex 97.5614 60.325 -0.1
      vertex 97.5614 61.595 -0.1
      vertex 97.5614 60.325 0.1
    endloop
  endfacet
  facet normal 0 -1 0
    outer loop
      vertex 98.8314 61.595 -0.1
      vertex 98.8314 61.595 0.1
      vertex 97.5614 61.595 0.1
    endloop
  endfacet
  facet normal -0 -1 -0
    outer loop
      vertex 97.5614 61.595 -0.1
      vertex 98.8314 61.595 -0.1
      vertex 97.5614 61.595 0.1
    endloop
  endfacet
  facet normal -1 0 0
    outer loop
      vertex 98.8314 61.595 0.1
      vertex 98.8314 61.595 -0.1
      vertex 98.8314 60.325 0.1
    endloop
  endfacet
  facet normal -1 0 0
    outer loop
      vertex 98.8314 60.325 0.1
      vertex 98.8314 61.595 -0.1
      vertex 98.8314 60.325 -0.1
    endloop
  endfacet
  facet normal 0 1 0
    outer loop
      vertex 98.8314 60.325 0.1
      vertex 98.8314 60.325 -0.1
      vertex 97.5614 60.325 0.1
    endloop
  endfacet
  facet normal 0 1 -0
    outer loop
      vertex 97.5614 60.325 0.1
      vertex 98.8314 60.325 -0.1
      vertex 97.5614 60.325 -0.1
    endloop
  endfacet
  facet normal 1 0 0
    outer loop
      vertex 98.0948 32.639 -0.1
      vertex 98.0948 32.639 0.1
      vertex 98.0948 30.861 0.1
    endloop
  endfacet
  facet normal 1 0 0
    outer loop
      vertex 98.0948 30.861 -0.1
      vertex 98.0948 32.639 -0.1
      vertex 98.0948 30.861 0.1
    endloop
  endfacet
  facet normal 0 -1 0
    outer loop
      vertex 99.6188 32.639 -0.1
      vertex 99.6188 32.639 0.1
      vertex 98.0948 32.639 0.1
    endloop
  endfacet
  facet normal -0 -1 -0
    outer loop
      vertex 98.0948 32.639 -0.1
      vertex 99.6188 32.639 -0.1
      vertex 98.0948 32.639 0.1
    endloop
  endfacet
  facet normal -1 0 0
    outer loop
      vertex 99.6188 32.639 0.1
      vertex 99.6188 32.639 -0.1
      vertex 99.6188 30.861 0.1
    endloop
  endfacet
  facet normal -1 0 0
    outer loop
      vertex 99.6188 30.861 0.1
      vertex 99.6188 32.639 -0.1
      vertex 99.6188 30.861 -0.1
    endloop
  endfacet
  facet normal 0 1 0
    outer loop
      vertex 99.6188 30.861 0.1
      vertex 99.6188 30.861 -0.1
      vertex 98.0948 30.861 0.1
    endloop
  endfacet
  facet normal 0 1 -0
    outer loop
      vertex 98.0948 30.861 0.1
      vertex 99.6188 30.861 -0.1
      vertex 98.0948 30.861 -0.1
    endloop
  endfacet
  facet normal 1 0 0
    outer loop
      vertex 98.0948 35.179 -0.1
      vertex 98.0948 35.179 0.1
      vertex 98.0948 33.401 0.1
    endloop
  endfacet
  facet normal 1 0 0
    outer loop
      vertex 98.0948 33.401 -0.1
      vertex 98.0948 35.179 -0.1
      vertex 98.0948 33.401 0.1
    endloop
  endfacet
  facet normal 0 -1 0
    outer loop
      vertex 99.6188 35.179 -0.1
      vertex 99.6188 35.179 0.1
      vertex 98.0948 35.179 0.1
    endloop
  endfacet
  facet normal -0 -1 -0
    outer loop
      vertex 98.0948 35.179 -0.1
      vertex 99.6188 35.179 -0.1
      vertex 98.0948 35.179 0.1
    endloop
  endfacet
  facet normal -1 0 0
    outer loop
      vertex 99.6188 35.179 0.1
      vertex 99.6188 35.179 -0.1
      vertex 99.6188 33.401 0.1
    endloop
  endfacet
  facet normal -1 0 0
    outer loop
      vertex 99.6188 33.401 0.1
      vertex 99.6188 35.179 -0.1
      vertex 99.6188 33.401 -0.1
    endloop
  endfacet
  facet normal 0 1 0
    outer loop
      vertex 99.6188 33.401 0.1
      vertex 99.6188 33.401 -0.1
      vertex 98.0948 33.401 0.1
    endloop
  endfacet
  facet normal 0 1 -0
    outer loop
      vertex 98.0948 33.401 0.1
      vertex 99.6188 33.401 -0.1
      vertex 98.0948 33.401 -0.1
    endloop
  endfacet
  facet normal 1 0 0
    outer loop
      vertex 98.0948 37.719 -0.1
      vertex 98.0948 37.719 0.1
      vertex 98.0948 35.941 0.1
    endloop
  endfacet
  facet normal 1 0 0
    outer loop
      vertex 98.0948 35.941 -0.1
      vertex 98.0948 37.719 -0.1
      vertex 98.0948 35.941 0.1
    endloop
  endfacet
  facet normal 0 -1 0
    outer loop
      vertex 99.6188 37.719 -0.1
      vertex 99.6188 37.719 0.1
      vertex 98.0948 37.719 0.1
    endloop
  endfacet
  facet normal -0 -1 -0
    outer loop
      vertex 98.0948 37.719 -0.1
      vertex 99.6188 37.719 -0.1
      vertex 98.0948 37.719 0.1
    endloop
  endfacet
  facet normal -1 0 0
    outer loop
      vertex 99.6188 37.719 0.1
      vertex 99.6188 37.719 -0.1
      vertex 99.6188 35.941 0.1
    endloop
  endfacet
  facet normal -1 0 0
    outer loop
      vertex 99.6188 35.941 0.1
      vertex 99.6188 37.719 -0.1
      vertex 99.6188 35.941 -0.1
    endloop
  endfacet
  facet normal 0 1 0
    outer loop
      vertex 99.6188 35.941 0.1
      vertex 99.6188 35.941 -0.1
      vertex 98.0948 35.941 0.1
    endloop
  endfacet
  facet normal 0 1 -0
    outer loop
      vertex 98.0948 35.941 0.1
      vertex 99.6188 35.941 -0.1
      vertex 98.0948 35.941 -0.1
    endloop
  endfacet
  facet normal 1 0 0
    outer loop
      vertex 98.0948 40.259 -0.1
      vertex 98.0948 40.259 0.1
      vertex 98.0948 38.481 0.1
    endloop
  endfacet
  facet normal 1 0 0
    outer loop
      vertex 98.0948 38.481 -0.1
      vertex 98.0948 40.259 -0.1
      vertex 98.0948 38.481 0.1
    endloop
  endfacet
  facet normal 0 -1 0
    outer loop
      vertex 99.6188 40.259 -0.1
      vertex 99.6188 40.259 0.1
      vertex 98.0948 40.259 0.1
    endloop
  endfacet
  facet normal -0 -1 -0
    outer loop
      vertex 98.0948 40.259 -0.1
      vertex 99.6188 40.259 -0.1
      vertex 98.0948 40.259 0.1
    endloop
  endfacet
  facet normal -1 0 0
    outer loop
      vertex 99.6188 40.259 0.1
      vertex 99.6188 40.259 -0.1
      vertex 99.6188 38.481 0.1
    endloop
  endfacet
  facet normal -1 0 0
    outer loop
      vertex 99.6188 38.481 0.1
      vertex 99.6188 40.259 -0.1
      vertex 99.6188 38.481 -0.1
    endloop
  endfacet
  facet normal 0 1 0
    outer loop
      vertex 99.6188 38.481 0.1
      vertex 99.6188 38.481 -0.1
      vertex 98.0948 38.481 0.1
    endloop
  endfacet
  facet normal 0 1 -0
    outer loop
      vertex 98.0948 38.481 0.1
      vertex 99.6188 38.481 -0.1
      vertex 98.0948 38.481 -0.1
    endloop
  endfacet
  facet normal 1 0 0
    outer loop
      vertex 98.1456 44.704 -0.1
      vertex 98.1456 44.704 0.1
      vertex 98.1456 42.926 0.1
    endloop
  endfacet
  facet normal 1 0 0
    outer loop
      vertex 98.1456 42.926 -0.1
      vertex 98.1456 44.704 -0.1
      vertex 98.1456 42.926 0.1
    endloop
  endfacet
  facet normal 0 -1 0
    outer loop
      vertex 99.6696 44.704 -0.1
      vertex 99.6696 44.704 0.1
      vertex 98.1456 44.704 0.1
    endloop
  endfacet
  facet normal -0 -1 -0
    outer loop
      vertex 98.1456 44.704 -0.1
      vertex 99.6696 44.704 -0.1
      vertex 98.1456 44.704 0.1
    endloop
  endfacet
  facet normal -1 0 0
    outer loop
      vertex 99.6696 44.704 0.1
      vertex 99.6696 44.704 -0.1
      vertex 99.6696 42.926 0.1
    endloop
  endfacet
  facet normal -1 0 0
    outer loop
      vertex 99.6696 42.926 0.1
      vertex 99.6696 44.704 -0.1
      vertex 99.6696 42.926 -0.1
    endloop
  endfacet
  facet normal 0 1 0
    outer loop
      vertex 99.6696 42.926 0.1
      vertex 99.6696 42.926 -0.1
      vertex 98.1456 42.926 0.1
    endloop
  endfacet
  facet normal 0 1 -0
    outer loop
      vertex 98.1456 42.926 0.1
      vertex 99.6696 42.926 -0.1
      vertex 98.1456 42.926 -0.1
    endloop
  endfacet
  facet normal 1 0 0
    outer loop
      vertex 98.1456 47.244 -0.1
      vertex 98.1456 47.244 0.1
      vertex 98.1456 45.466 0.1
    endloop
  endfacet
  facet normal 1 0 0
    outer loop
      vertex 98.1456 45.466 -0.1
      vertex 98.1456 47.244 -0.1
      vertex 98.1456 45.466 0.1
    endloop
  endfacet
  facet normal 0 -1 0
    outer loop
      vertex 99.6696 47.244 -0.1
      vertex 99.6696 47.244 0.1
      vertex 98.1456 47.244 0.1
    endloop
  endfacet
  facet normal -0 -1 -0
    outer loop
      vertex 98.1456 47.244 -0.1
      vertex 99.6696 47.244 -0.1
      vertex 98.1456 47.244 0.1
    endloop
  endfacet
  facet normal -1 0 0
    outer loop
      vertex 99.6696 47.244 0.1
      vertex 99.6696 47.244 -0.1
      vertex 99.6696 45.466 0.1
    endloop
  endfacet
  facet normal -1 0 0
    outer loop
      vertex 99.6696 45.466 0.1
      vertex 99.6696 47.244 -0.1
      vertex 99.6696 45.466 -0.1
    endloop
  endfacet
  facet normal 0 1 0
    outer loop
      vertex 99.6696 45.466 0.1
      vertex 99.6696 45.466 -0.1
      vertex 98.1456 45.466 0.1
    endloop
  endfacet
  facet normal 0 1 -0
    outer loop
      vertex 98.1456 45.466 0.1
      vertex 99.6696 45.466 -0.1
      vertex 98.1456 45.466 -0.1
    endloop
  endfacet
  facet normal 1 0 0
    outer loop
      vertex 98.1456 49.784 -0.1
      vertex 98.1456 49.784 0.1
      vertex 98.1456 48.006 0.1
    endloop
  endfacet
  facet normal 1 0 0
    outer loop
      vertex 98.1456 48.006 -0.1
      vertex 98.1456 49.784 -0.1
      vertex 98.1456 48.006 0.1
    endloop
  endfacet
  facet normal 0 -1 0
    outer loop
      vertex 99.6696 49.784 -0.1
      vertex 99.6696 49.784 0.1
      vertex 98.1456 49.784 0.1
    endloop
  endfacet
  facet normal -0 -1 -0
    outer loop
      vertex 98.1456 49.784 -0.1
      vertex 99.6696 49.784 -0.1
      vertex 98.1456 49.784 0.1
    endloop
  endfacet
  facet normal -1 0 0
    outer loop
      vertex 99.6696 49.784 0.1
      vertex 99.6696 49.784 -0.1
      vertex 99.6696 48.006 0.1
    endloop
  endfacet
  facet normal -1 0 0
    outer loop
      vertex 99.6696 48.006 0.1
      vertex 99.6696 49.784 -0.1
      vertex 99.6696 48.006 -0.1
    endloop
  endfacet
  facet normal 0 1 0
    outer loop
      vertex 99.6696 48.006 0.1
      vertex 99.6696 48.006 -0.1
      vertex 98.1456 48.006 0.1
    endloop
  endfacet
  facet normal 0 1 -0
    outer loop
      vertex 98.1456 48.006 0.1
      vertex 99.6696 48.006 -0.1
      vertex 98.1456 48.006 -0.1
    endloop
  endfacet
  facet normal 1 0 0
    outer loop
      vertex 98.1456 52.324 -0.1
      vertex 98.1456 52.324 0.1
      vertex 98.1456 50.546 0.1
    endloop
  endfacet
  facet normal 1 0 0
    outer loop
      vertex 98.1456 50.546 -0.1
      vertex 98.1456 52.324 -0.1
      vertex 98.1456 50.546 0.1
    endloop
  endfacet
  facet normal 0 -1 0
    outer loop
      vertex 99.6696 52.324 -0.1
      vertex 99.6696 52.324 0.1
      vertex 98.1456 52.324 0.1
    endloop
  endfacet
  facet normal -0 -1 -0
    outer loop
      vertex 98.1456 52.324 -0.1
      vertex 99.6696 52.324 -0.1
      vertex 98.1456 52.324 0.1
    endloop
  endfacet
  facet normal -1 0 0
    outer loop
      vertex 99.6696 52.324 0.1
      vertex 99.6696 52.324 -0.1
      vertex 99.6696 50.546 0.1
    endloop
  endfacet
  facet normal -1 0 0
    outer loop
      vertex 99.6696 50.546 0.1
      vertex 99.6696 52.324 -0.1
      vertex 99.6696 50.546 -0.1
    endloop
  endfacet
  facet normal 0 1 0
    outer loop
      vertex 99.6696 50.546 0.1
      vertex 99.6696 50.546 -0.1
      vertex 98.1456 50.546 0.1
    endloop
  endfacet
  facet normal 0 1 -0
    outer loop
      vertex 98.1456 50.546 0.1
      vertex 99.6696 50.546 -0.1
      vertex 98.1456 50.546 -0.1
    endloop
  endfacet
  facet normal 1 0 0
    outer loop
      vertex 99.2886 59.055 -0.1
      vertex 99.2886 59.055 0.1
      vertex 99.2886 57.785 0.1
    endloop
  endfacet
  facet normal 1 0 0
    outer loop
      vertex 99.2886 57.785 -0.1
      vertex 99.2886 59.055 -0.1
      vertex 99.2886 57.785 0.1
    endloop
  endfacet
  facet normal 0 -1 0
    outer loop
      vertex 100.559 59.055 -0.1
      vertex 100.559 59.055 0.1
      vertex 99.2886 59.055 0.1
    endloop
  endfacet
  facet normal -0 -1 -0
    outer loop
      vertex 99.2886 59.055 -0.1
      vertex 100.559 59.055 -0.1
      vertex 99.2886 59.055 0.1
    endloop
  endfacet
  facet normal -1 0 0
    outer loop
      vertex 100.559 59.055 0.1
      vertex 100.559 59.055 -0.1
      vertex 100.559 57.785 0.1
    endloop
  endfacet
  facet normal -1 0 0
    outer loop
      vertex 100.559 57.785 0.1
      vertex 100.559 59.055 -0.1
      vertex 100.559 57.785 -0.1
    endloop
  endfacet
  facet normal 0 1 0
    outer loop
      vertex 100.559 57.785 0.1
      vertex 100.559 57.785 -0.1
      vertex 99.2886 57.785 0.1
    endloop
  endfacet
  facet normal 0 1 -0
    outer loop
      vertex 99.2886 57.785 0.1
      vertex 100.559 57.785 -0.1
      vertex 99.2886 57.785 -0.1
    endloop
  endfacet
  facet normal 1 0 0
    outer loop
      vertex 99.695 61.595 -0.1
      vertex 99.695 61.595 0.1
      vertex 99.695 60.325 0.1
    endloop
  endfacet
  facet normal 1 0 0
    outer loop
      vertex 99.695 60.325 -0.1
      vertex 99.695 61.595 -0.1
      vertex 99.695 60.325 0.1
    endloop
  endfacet
  facet normal 0 -1 0
    outer loop
      vertex 100.965 61.595 -0.1
      vertex 100.965 61.595 0.1
      vertex 99.695 61.595 0.1
    endloop
  endfacet
  facet normal -0 -1 -0
    outer loop
      vertex 99.695 61.595 -0.1
      vertex 100.965 61.595 -0.1
      vertex 99.695 61.595 0.1
    endloop
  endfacet
  facet normal -1 0 0
    outer loop
      vertex 100.965 61.595 0.1
      vertex 100.965 61.595 -0.1
      vertex 100.965 60.325 0.1
    endloop
  endfacet
  facet normal -1 0 0
    outer loop
      vertex 100.965 60.325 0.1
      vertex 100.965 61.595 -0.1
      vertex 100.965 60.325 -0.1
    endloop
  endfacet
  facet normal 0 1 0
    outer loop
      vertex 100.965 60.325 0.1
      vertex 100.965 60.325 -0.1
      vertex 99.695 60.325 0.1
    endloop
  endfacet
  facet normal 0 1 -0
    outer loop
      vertex 99.695 60.325 0.1
      vertex 100.965 60.325 -0.1
      vertex 99.695 60.325 -0.1
    endloop
  endfacet
  facet normal 1 0 0
    outer loop
      vertex 107.112 32.639 -0.1
      vertex 107.112 32.639 0.1
      vertex 107.112 30.861 0.1
    endloop
  endfacet
  facet normal 1 0 0
    outer loop
      vertex 107.112 30.861 -0.1
      vertex 107.112 32.639 -0.1
      vertex 107.112 30.861 0.1
    endloop
  endfacet
  facet normal 0 -1 0
    outer loop
      vertex 108.636 32.639 -0.1
      vertex 108.636 32.639 0.1
      vertex 107.112 32.639 0.1
    endloop
  endfacet
  facet normal -0 -1 -0
    outer loop
      vertex 107.112 32.639 -0.1
      vertex 108.636 32.639 -0.1
      vertex 107.112 32.639 0.1
    endloop
  endfacet
  facet normal -1 0 0
    outer loop
      vertex 108.636 32.639 0.1
      vertex 108.636 32.639 -0.1
      vertex 108.636 30.861 0.1
    endloop
  endfacet
  facet normal -1 0 0
    outer loop
      vertex 108.636 30.861 0.1
      vertex 108.636 32.639 -0.1
      vertex 108.636 30.861 -0.1
    endloop
  endfacet
  facet normal 0 1 0
    outer loop
      vertex 108.636 30.861 0.1
      vertex 108.636 30.861 -0.1
      vertex 107.112 30.861 0.1
    endloop
  endfacet
  facet normal 0 1 -0
    outer loop
      vertex 107.112 30.861 0.1
      vertex 108.636 30.861 -0.1
      vertex 107.112 30.861 -0.1
    endloop
  endfacet
  facet normal 1 0 0
    outer loop
      vertex 107.112 35.179 -0.1
      vertex 107.112 35.179 0.1
      vertex 107.112 33.401 0.1
    endloop
  endfacet
  facet normal 1 0 0
    outer loop
      vertex 107.112 33.401 -0.1
      vertex 107.112 35.179 -0.1
      vertex 107.112 33.401 0.1
    endloop
  endfacet
  facet normal 0 -1 0
    outer loop
      vertex 108.636 35.179 -0.1
      vertex 108.636 35.179 0.1
      vertex 107.112 35.179 0.1
    endloop
  endfacet
  facet normal -0 -1 -0
    outer loop
      vertex 107.112 35.179 -0.1
      vertex 108.636 35.179 -0.1
      vertex 107.112 35.179 0.1
    endloop
  endfacet
  facet normal -1 0 0
    outer loop
      vertex 108.636 35.179 0.1
      vertex 108.636 35.179 -0.1
      vertex 108.636 33.401 0.1
    endloop
  endfacet
  facet normal -1 0 0
    outer loop
      vertex 108.636 33.401 0.1
      vertex 108.636 35.179 -0.1
      vertex 108.636 33.401 -0.1
    endloop
  endfacet
  facet normal 0 1 0
    outer loop
      vertex 108.636 33.401 0.1
      vertex 108.636 33.401 -0.1
      vertex 107.112 33.401 0.1
    endloop
  endfacet
  facet normal 0 1 -0
    outer loop
      vertex 107.112 33.401 0.1
      vertex 108.636 33.401 -0.1
      vertex 107.112 33.401 -0.1
    endloop
  endfacet
  facet normal 1 0 0
    outer loop
      vertex 107.112 37.719 -0.1
      vertex 107.112 37.719 0.1
      vertex 107.112 35.941 0.1
    endloop
  endfacet
  facet normal 1 0 0
    outer loop
      vertex 107.112 35.941 -0.1
      vertex 107.112 37.719 -0.1
      vertex 107.112 35.941 0.1
    endloop
  endfacet
  facet normal 0 -1 0
    outer loop
      vertex 108.636 37.719 -0.1
      vertex 108.636 37.719 0.1
      vertex 107.112 37.719 0.1
    endloop
  endfacet
  facet normal -0 -1 -0
    outer loop
      vertex 107.112 37.719 -0.1
      vertex 108.636 37.719 -0.1
      vertex 107.112 37.719 0.1
    endloop
  endfacet
  facet normal -1 0 0
    outer loop
      vertex 108.636 37.719 0.1
      vertex 108.636 37.719 -0.1
      vertex 108.636 35.941 0.1
    endloop
  endfacet
  facet normal -1 0 0
    outer loop
      vertex 108.636 35.941 0.1
      vertex 108.636 37.719 -0.1
      vertex 108.636 35.941 -0.1
    endloop
  endfacet
  facet normal 0 1 0
    outer loop
      vertex 108.636 35.941 0.1
      vertex 108.636 35.941 -0.1
      vertex 107.112 35.941 0.1
    endloop
  endfacet
  facet normal 0 1 -0
    outer loop
      vertex 107.112 35.941 0.1
      vertex 108.636 35.941 -0.1
      vertex 107.112 35.941 -0.1
    endloop
  endfacet
  facet normal 1 0 0
    outer loop
      vertex 107.112 40.259 -0.1
      vertex 107.112 40.259 0.1
      vertex 107.112 38.481 0.1
    endloop
  endfacet
  facet normal 1 0 0
    outer loop
      vertex 107.112 38.481 -0.1
      vertex 107.112 40.259 -0.1
      vertex 107.112 38.481 0.1
    endloop
  endfacet
  facet normal 0 -1 0
    outer loop
      vertex 108.636 40.259 -0.1
      vertex 108.636 40.259 0.1
      vertex 107.112 40.259 0.1
    endloop
  endfacet
  facet normal -0 -1 -0
    outer loop
      vertex 107.112 40.259 -0.1
      vertex 108.636 40.259 -0.1
      vertex 107.112 40.259 0.1
    endloop
  endfacet
  facet normal -1 0 0
    outer loop
      vertex 108.636 40.259 0.1
      vertex 108.636 40.259 -0.1
      vertex 108.636 38.481 0.1
    endloop
  endfacet
  facet normal -1 0 0
    outer loop
      vertex 108.636 38.481 0.1
      vertex 108.636 40.259 -0.1
      vertex 108.636 38.481 -0.1
    endloop
  endfacet
  facet normal 0 1 0
    outer loop
      vertex 108.636 38.481 0.1
      vertex 108.636 38.481 -0.1
      vertex 107.112 38.481 0.1
    endloop
  endfacet
  facet normal 0 1 -0
    outer loop
      vertex 107.112 38.481 0.1
      vertex 108.636 38.481 -0.1
      vertex 107.112 38.481 -0.1
    endloop
  endfacet
  facet normal 1 0 0
    outer loop
      vertex 107.163 44.704 -0.1
      vertex 107.163 44.704 0.1
      vertex 107.163 42.926 0.1
    endloop
  endfacet
  facet normal 1 0 0
    outer loop
      vertex 107.163 42.926 -0.1
      vertex 107.163 44.704 -0.1
      vertex 107.163 42.926 0.1
    endloop
  endfacet
  facet normal 0 -1 0
    outer loop
      vertex 108.687 44.704 -0.1
      vertex 108.687 44.704 0.1
      vertex 107.163 44.704 0.1
    endloop
  endfacet
  facet normal -0 -1 -0
    outer loop
      vertex 107.163 44.704 -0.1
      vertex 108.687 44.704 -0.1
      vertex 107.163 44.704 0.1
    endloop
  endfacet
  facet normal -1 0 0
    outer loop
      vertex 108.687 44.704 0.1
      vertex 108.687 44.704 -0.1
      vertex 108.687 42.926 0.1
    endloop
  endfacet
  facet normal -1 0 0
    outer loop
      vertex 108.687 42.926 0.1
      vertex 108.687 44.704 -0.1
      vertex 108.687 42.926 -0.1
    endloop
  endfacet
  facet normal 0 1 0
    outer loop
      vertex 108.687 42.926 0.1
      vertex 108.687 42.926 -0.1
      vertex 107.163 42.926 0.1
    endloop
  endfacet
  facet normal 0 1 -0
    outer loop
      vertex 107.163 42.926 0.1
      vertex 108.687 42.926 -0.1
      vertex 107.163 42.926 -0.1
    endloop
  endfacet
  facet normal 1 0 0
    outer loop
      vertex 107.163 47.244 -0.1
      vertex 107.163 47.244 0.1
      vertex 107.163 45.466 0.1
    endloop
  endfacet
  facet normal 1 0 0
    outer loop
      vertex 107.163 45.466 -0.1
      vertex 107.163 47.244 -0.1
      vertex 107.163 45.466 0.1
    endloop
  endfacet
  facet normal 0 -1 0
    outer loop
      vertex 108.687 47.244 -0.1
      vertex 108.687 47.244 0.1
      vertex 107.163 47.244 0.1
    endloop
  endfacet
  facet normal -0 -1 -0
    outer loop
      vertex 107.163 47.244 -0.1
      vertex 108.687 47.244 -0.1
      vertex 107.163 47.244 0.1
    endloop
  endfacet
  facet normal -1 0 0
    outer loop
      vertex 108.687 47.244 0.1
      vertex 108.687 47.244 -0.1
      vertex 108.687 45.466 0.1
    endloop
  endfacet
  facet normal -1 0 0
    outer loop
      vertex 108.687 45.466 0.1
      vertex 108.687 47.244 -0.1
      vertex 108.687 45.466 -0.1
    endloop
  endfacet
  facet normal 0 1 0
    outer loop
      vertex 108.687 45.466 0.1
      vertex 108.687 45.466 -0.1
      vertex 107.163 45.466 0.1
    endloop
  endfacet
  facet normal 0 1 -0
    outer loop
      vertex 107.163 45.466 0.1
      vertex 108.687 45.466 -0.1
      vertex 107.163 45.466 -0.1
    endloop
  endfacet
  facet normal 1 0 0
    outer loop
      vertex 107.163 49.784 -0.1
      vertex 107.163 49.784 0.1
      vertex 107.163 48.006 0.1
    endloop
  endfacet
  facet normal 1 0 0
    outer loop
      vertex 107.163 48.006 -0.1
      vertex 107.163 49.784 -0.1
      vertex 107.163 48.006 0.1
    endloop
  endfacet
  facet normal 0 -1 0
    outer loop
      vertex 108.687 49.784 -0.1
      vertex 108.687 49.784 0.1
      vertex 107.163 49.784 0.1
    endloop
  endfacet
  facet normal -0 -1 -0
    outer loop
      vertex 107.163 49.784 -0.1
      vertex 108.687 49.784 -0.1
      vertex 107.163 49.784 0.1
    endloop
  endfacet
  facet normal -1 0 0
    outer loop
      vertex 108.687 49.784 0.1
      vertex 108.687 49.784 -0.1
      vertex 108.687 48.006 0.1
    endloop
  endfacet
  facet normal -1 0 0
    outer loop
      vertex 108.687 48.006 0.1
      vertex 108.687 49.784 -0.1
      vertex 108.687 48.006 -0.1
    endloop
  endfacet
  facet normal 0 1 0
    outer loop
      vertex 108.687 48.006 0.1
      vertex 108.687 48.006 -0.1
      vertex 107.163 48.006 0.1
    endloop
  endfacet
  facet normal 0 1 -0
    outer loop
      vertex 107.163 48.006 0.1
      vertex 108.687 48.006 -0.1
      vertex 107.163 48.006 -0.1
    endloop
  endfacet
  facet normal 1 0 0
    outer loop
      vertex 107.163 52.324 -0.1
      vertex 107.163 52.324 0.1
      vertex 107.163 50.546 0.1
    endloop
  endfacet
  facet normal 1 0 0
    outer loop
      vertex 107.163 50.546 -0.1
      vertex 107.163 52.324 -0.1
      vertex 107.163 50.546 0.1
    endloop
  endfacet
  facet normal 0 -1 0
    outer loop
      vertex 108.687 52.324 -0.1
      vertex 108.687 52.324 0.1
      vertex 107.163 52.324 0.1
    endloop
  endfacet
  facet normal -0 -1 -0
    outer loop
      vertex 107.163 52.324 -0.1
      vertex 108.687 52.324 -0.1
      vertex 107.163 52.324 0.1
    endloop
  endfacet
  facet normal -1 0 0
    outer loop
      vertex 108.687 52.324 0.1
      vertex 108.687 52.324 -0.1
      vertex 108.687 50.546 0.1
    endloop
  endfacet
  facet normal -1 0 0
    outer loop
      vertex 108.687 50.546 0.1
      vertex 108.687 52.324 -0.1
      vertex 108.687 50.546 -0.1
    endloop
  endfacet
  facet normal 0 1 0
    outer loop
      vertex 108.687 50.546 0.1
      vertex 108.687 50.546 -0.1
      vertex 107.163 50.546 0.1
    endloop
  endfacet
  facet normal 0 1 -0
    outer loop
      vertex 107.163 50.546 0.1
      vertex 108.687 50.546 -0.1
      vertex 107.163 50.546 -0.1
    endloop
  endfacet
  facet normal 1 0 0
    outer loop
      vertex 109.626 67.056 -0.1
      vertex 109.626 67.056 0.1
      vertex 109.626 65.786 0.1
    endloop
  endfacet
  facet normal 1 0 0
    outer loop
      vertex 109.626 65.786 -0.1
      vertex 109.626 67.056 -0.1
      vertex 109.626 65.786 0.1
    endloop
  endfacet
  facet normal 0 -1 0
    outer loop
      vertex 110.896 67.056 -0.1
      vertex 110.896 67.056 0.1
      vertex 109.626 67.056 0.1
    endloop
  endfacet
  facet normal -0 -1 -0
    outer loop
      vertex 109.626 67.056 -0.1
      vertex 110.896 67.056 -0.1
      vertex 109.626 67.056 0.1
    endloop
  endfacet
  facet normal -1 0 0
    outer loop
      vertex 110.896 67.056 0.1
      vertex 110.896 67.056 -0.1
      vertex 110.896 65.786 0.1
    endloop
  endfacet
  facet normal -1 0 0
    outer loop
      vertex 110.896 65.786 0.1
      vertex 110.896 67.056 -0.1
      vertex 110.896 65.786 -0.1
    endloop
  endfacet
  facet normal 0 1 0
    outer loop
      vertex 110.896 65.786 0.1
      vertex 110.896 65.786 -0.1
      vertex 109.626 65.786 0.1
    endloop
  endfacet
  facet normal 0 1 -0
    outer loop
      vertex 109.626 65.786 0.1
      vertex 110.896 65.786 -0.1
      vertex 109.626 65.786 -0.1
    endloop
  endfacet
  facet normal 1 0 0
    outer loop
      vertex 109.626 69.215 -0.1
      vertex 109.626 69.215 0.1
      vertex 109.626 67.945 0.1
    endloop
  endfacet
  facet normal 1 0 0
    outer loop
      vertex 109.626 67.945 -0.1
      vertex 109.626 69.215 -0.1
      vertex 109.626 67.945 0.1
    endloop
  endfacet
  facet normal 0 -1 0
    outer loop
      vertex 110.896 69.215 -0.1
      vertex 110.896 69.215 0.1
      vertex 109.626 69.215 0.1
    endloop
  endfacet
  facet normal -0 -1 -0
    outer loop
      vertex 109.626 69.215 -0.1
      vertex 110.896 69.215 -0.1
      vertex 109.626 69.215 0.1
    endloop
  endfacet
  facet normal -1 0 0
    outer loop
      vertex 110.896 69.215 0.1
      vertex 110.896 69.215 -0.1
      vertex 110.896 67.945 0.1
    endloop
  endfacet
  facet normal -1 0 0
    outer loop
      vertex 110.896 67.945 0.1
      vertex 110.896 69.215 -0.1
      vertex 110.896 67.945 -0.1
    endloop
  endfacet
  facet normal 0 1 0
    outer loop
      vertex 110.896 67.945 0.1
      vertex 110.896 67.945 -0.1
      vertex 109.626 67.945 0.1
    endloop
  endfacet
  facet normal 0 1 -0
    outer loop
      vertex 109.626 67.945 0.1
      vertex 110.896 67.945 -0.1
      vertex 109.626 67.945 -0.1
    endloop
  endfacet
  facet normal 1 0 0
    outer loop
      vertex 109.88 44.2214 -0.1
      vertex 109.88 44.2214 0.1
      vertex 109.88 42.9514 0.1
    endloop
  endfacet
  facet normal 1 0 0
    outer loop
      vertex 109.88 42.9514 -0.1
      vertex 109.88 44.2214 -0.1
      vertex 109.88 42.9514 0.1
    endloop
  endfacet
  facet normal 0 -1 0
    outer loop
      vertex 111.15 44.2214 -0.1
      vertex 111.15 44.2214 0.1
      vertex 109.88 44.2214 0.1
    endloop
  endfacet
  facet normal -0 -1 -0
    outer loop
      vertex 109.88 44.2214 -0.1
      vertex 111.15 44.2214 -0.1
      vertex 109.88 44.2214 0.1
    endloop
  endfacet
  facet normal -1 0 0
    outer loop
      vertex 111.15 44.2214 0.1
      vertex 111.15 44.2214 -0.1
      vertex 111.15 42.9514 0.1
    endloop
  endfacet
  facet normal -1 0 0
    outer loop
      vertex 111.15 42.9514 0.1
      vertex 111.15 44.2214 -0.1
      vertex 111.15 42.9514 -0.1
    endloop
  endfacet
  facet normal 0 1 0
    outer loop
      vertex 111.15 42.9514 0.1
      vertex 111.15 42.9514 -0.1
      vertex 109.88 42.9514 0.1
    endloop
  endfacet
  facet normal 0 1 -0
    outer loop
      vertex 109.88 42.9514 0.1
      vertex 111.15 42.9514 -0.1
      vertex 109.88 42.9514 -0.1
    endloop
  endfacet
  facet normal 1 0 0
    outer loop
      vertex 109.88 46.355 -0.1
      vertex 109.88 46.355 0.1
      vertex 109.88 45.085 0.1
    endloop
  endfacet
  facet normal 1 0 0
    outer loop
      vertex 109.88 45.085 -0.1
      vertex 109.88 46.355 -0.1
      vertex 109.88 45.085 0.1
    endloop
  endfacet
  facet normal 0 -1 0
    outer loop
      vertex 111.15 46.355 -0.1
      vertex 111.15 46.355 0.1
      vertex 109.88 46.355 0.1
    endloop
  endfacet
  facet normal -0 -1 -0
    outer loop
      vertex 109.88 46.355 -0.1
      vertex 111.15 46.355 -0.1
      vertex 109.88 46.355 0.1
    endloop
  endfacet
  facet normal -1 0 0
    outer loop
      vertex 111.15 46.355 0.1
      vertex 111.15 46.355 -0.1
      vertex 111.15 45.085 0.1
    endloop
  endfacet
  facet normal -1 0 0
    outer loop
      vertex 111.15 45.085 0.1
      vertex 111.15 46.355 -0.1
      vertex 111.15 45.085 -0.1
    endloop
  endfacet
  facet normal 0 1 0
    outer loop
      vertex 111.15 45.085 0.1
      vertex 111.15 45.085 -0.1
      vertex 109.88 45.085 0.1
    endloop
  endfacet
  facet normal 0 1 -0
    outer loop
      vertex 109.88 45.085 0.1
      vertex 111.15 45.085 -0.1
      vertex 109.88 45.085 -0.1
    endloop
  endfacet
  facet normal 1 0 0
    outer loop
      vertex 110.439 38.1 -0.1
      vertex 110.439 38.1 0.1
      vertex 110.439 36.83 0.1
    endloop
  endfacet
  facet normal 1 0 0
    outer loop
      vertex 110.439 36.83 -0.1
      vertex 110.439 38.1 -0.1
      vertex 110.439 36.83 0.1
    endloop
  endfacet
  facet normal 0 -1 0
    outer loop
      vertex 111.709 38.1 -0.1
      vertex 111.709 38.1 0.1
      vertex 110.439 38.1 0.1
    endloop
  endfacet
  facet normal -0 -1 -0
    outer loop
      vertex 110.439 38.1 -0.1
      vertex 111.709 38.1 -0.1
      vertex 110.439 38.1 0.1
    endloop
  endfacet
  facet normal -1 0 0
    outer loop
      vertex 111.709 38.1 0.1
      vertex 111.709 38.1 -0.1
      vertex 111.709 36.83 0.1
    endloop
  endfacet
  facet normal -1 0 0
    outer loop
      vertex 111.709 36.83 0.1
      vertex 111.709 38.1 -0.1
      vertex 111.709 36.83 -0.1
    endloop
  endfacet
  facet normal 0 1 0
    outer loop
      vertex 111.709 36.83 0.1
      vertex 111.709 36.83 -0.1
      vertex 110.439 36.83 0.1
    endloop
  endfacet
  facet normal 0 1 -0
    outer loop
      vertex 110.439 36.83 0.1
      vertex 111.709 36.83 -0.1
      vertex 110.439 36.83 -0.1
    endloop
  endfacet
  facet normal 1 0 0
    outer loop
      vertex 110.439 40.2336 -0.1
      vertex 110.439 40.2336 0.1
      vertex 110.439 38.9636 0.1
    endloop
  endfacet
  facet normal 1 0 0
    outer loop
      vertex 110.439 38.9636 -0.1
      vertex 110.439 40.2336 -0.1
      vertex 110.439 38.9636 0.1
    endloop
  endfacet
  facet normal 0 -1 0
    outer loop
      vertex 111.709 40.2336 -0.1
      vertex 111.709 40.2336 0.1
      vertex 110.439 40.2336 0.1
    endloop
  endfacet
  facet normal -0 -1 -0
    outer loop
      vertex 110.439 40.2336 -0.1
      vertex 111.709 40.2336 -0.1
      vertex 110.439 40.2336 0.1
    endloop
  endfacet
  facet normal -1 0 0
    outer loop
      vertex 111.709 40.2336 0.1
      vertex 111.709 40.2336 -0.1
      vertex 111.709 38.9636 0.1
    endloop
  endfacet
  facet normal -1 0 0
    outer loop
      vertex 111.709 38.9636 0.1
      vertex 111.709 40.2336 -0.1
      vertex 111.709 38.9636 -0.1
    endloop
  endfacet
  facet normal 0 1 0
    outer loop
      vertex 111.709 38.9636 0.1
      vertex 111.709 38.9636 -0.1
      vertex 110.439 38.9636 0.1
    endloop
  endfacet
  facet normal 0 1 -0
    outer loop
      vertex 110.439 38.9636 0.1
      vertex 111.709 38.9636 -0.1
      vertex 110.439 38.9636 -0.1
    endloop
  endfacet
  facet normal 1 0 0
    outer loop
      vertex 111.277 55.2958 -0.1
      vertex 111.277 55.2958 0.1
      vertex 111.277 54.0258 0.1
    endloop
  endfacet
  facet normal 1 0 0
    outer loop
      vertex 111.277 54.0258 -0.1
      vertex 111.277 55.2958 -0.1
      vertex 111.277 54.0258 0.1
    endloop
  endfacet
  facet normal 0 -1 0
    outer loop
      vertex 112.547 55.2958 -0.1
      vertex 112.547 55.2958 0.1
      vertex 111.277 55.2958 0.1
    endloop
  endfacet
  facet normal -0 -1 -0
    outer loop
      vertex 111.277 55.2958 -0.1
      vertex 112.547 55.2958 -0.1
      vertex 111.277 55.2958 0.1
    endloop
  endfacet
  facet normal -1 0 0
    outer loop
      vertex 112.547 55.2958 0.1
      vertex 112.547 55.2958 -0.1
      vertex 112.547 54.0258 0.1
    endloop
  endfacet
  facet normal -1 0 0
    outer loop
      vertex 112.547 54.0258 0.1
      vertex 112.547 55.2958 -0.1
      vertex 112.547 54.0258 -0.1
    endloop
  endfacet
  facet normal 0 1 0
    outer loop
      vertex 112.547 54.0258 0.1
      vertex 112.547 54.0258 -0.1
      vertex 111.277 54.0258 0.1
    endloop
  endfacet
  facet normal 0 1 -0
    outer loop
      vertex 111.277 54.0258 0.1
      vertex 112.547 54.0258 -0.1
      vertex 111.277 54.0258 -0.1
    endloop
  endfacet
  facet normal 1 0 0
    outer loop
      vertex 111.277 57.4294 -0.1
      vertex 111.277 57.4294 0.1
      vertex 111.277 56.1594 0.1
    endloop
  endfacet
  facet normal 1 0 0
    outer loop
      vertex 111.277 56.1594 -0.1
      vertex 111.277 57.4294 -0.1
      vertex 111.277 56.1594 0.1
    endloop
  endfacet
  facet normal 0 -1 0
    outer loop
      vertex 112.547 57.4294 -0.1
      vertex 112.547 57.4294 0.1
      vertex 111.277 57.4294 0.1
    endloop
  endfacet
  facet normal -0 -1 -0
    outer loop
      vertex 111.277 57.4294 -0.1
      vertex 112.547 57.4294 -0.1
      vertex 111.277 57.4294 0.1
    endloop
  endfacet
  facet normal -1 0 0
    outer loop
      vertex 112.547 57.4294 0.1
      vertex 112.547 57.4294 -0.1
      vertex 112.547 56.1594 0.1
    endloop
  endfacet
  facet normal -1 0 0
    outer loop
      vertex 112.547 56.1594 0.1
      vertex 112.547 57.4294 -0.1
      vertex 112.547 56.1594 -0.1
    endloop
  endfacet
  facet normal 0 1 0
    outer loop
      vertex 112.547 56.1594 0.1
      vertex 112.547 56.1594 -0.1
      vertex 111.277 56.1594 0.1
    endloop
  endfacet
  facet normal 0 1 -0
    outer loop
      vertex 111.277 56.1594 0.1
      vertex 112.547 56.1594 -0.1
      vertex 111.277 56.1594 -0.1
    endloop
  endfacet
  facet normal 1 0 0
    outer loop
      vertex 111.76 67.056 -0.1
      vertex 111.76 67.056 0.1
      vertex 111.76 65.786 0.1
    endloop
  endfacet
  facet normal 1 0 0
    outer loop
      vertex 111.76 65.786 -0.1
      vertex 111.76 67.056 -0.1
      vertex 111.76 65.786 0.1
    endloop
  endfacet
  facet normal 0 -1 0
    outer loop
      vertex 113.03 67.056 -0.1
      vertex 113.03 67.056 0.1
      vertex 111.76 67.056 0.1
    endloop
  endfacet
  facet normal -0 -1 -0
    outer loop
      vertex 111.76 67.056 -0.1
      vertex 113.03 67.056 -0.1
      vertex 111.76 67.056 0.1
    endloop
  endfacet
  facet normal -1 0 0
    outer loop
      vertex 113.03 67.056 0.1
      vertex 113.03 67.056 -0.1
      vertex 113.03 65.786 0.1
    endloop
  endfacet
  facet normal -1 0 0
    outer loop
      vertex 113.03 65.786 0.1
      vertex 113.03 67.056 -0.1
      vertex 113.03 65.786 -0.1
    endloop
  endfacet
  facet normal 0 1 0
    outer loop
      vertex 113.03 65.786 0.1
      vertex 113.03 65.786 -0.1
      vertex 111.76 65.786 0.1
    endloop
  endfacet
  facet normal 0 1 -0
    outer loop
      vertex 111.76 65.786 0.1
      vertex 113.03 65.786 -0.1
      vertex 111.76 65.786 -0.1
    endloop
  endfacet
  facet normal 1 0 0
    outer loop
      vertex 111.76 69.215 -0.1
      vertex 111.76 69.215 0.1
      vertex 111.76 67.945 0.1
    endloop
  endfacet
  facet normal 1 0 0
    outer loop
      vertex 111.76 67.945 -0.1
      vertex 111.76 69.215 -0.1
      vertex 111.76 67.945 0.1
    endloop
  endfacet
  facet normal 0 -1 0
    outer loop
      vertex 113.03 69.215 -0.1
      vertex 113.03 69.215 0.1
      vertex 111.76 69.215 0.1
    endloop
  endfacet
  facet normal -0 -1 -0
    outer loop
      vertex 111.76 69.215 -0.1
      vertex 113.03 69.215 -0.1
      vertex 111.76 69.215 0.1
    endloop
  endfacet
  facet normal -1 0 0
    outer loop
      vertex 113.03 69.215 0.1
      vertex 113.03 69.215 -0.1
      vertex 113.03 67.945 0.1
    endloop
  endfacet
  facet normal -1 0 0
    outer loop
      vertex 113.03 67.945 0.1
      vertex 113.03 69.215 -0.1
      vertex 113.03 67.945 -0.1
    endloop
  endfacet
  facet normal 0 1 0
    outer loop
      vertex 113.03 67.945 0.1
      vertex 113.03 67.945 -0.1
      vertex 111.76 67.945 0.1
    endloop
  endfacet
  facet normal 0 1 -0
    outer loop
      vertex 111.76 67.945 0.1
      vertex 113.03 67.945 -0.1
      vertex 111.76 67.945 -0.1
    endloop
  endfacet
  facet normal 1 0 0
    outer loop
      vertex 112.065 45.4406 -0.1
      vertex 112.065 45.4406 0.1
      vertex 112.065 44.1706 0.1
    endloop
  endfacet
  facet normal 1 0 0
    outer loop
      vertex 112.065 44.1706 -0.1
      vertex 112.065 45.4406 -0.1
      vertex 112.065 44.1706 0.1
    endloop
  endfacet
  facet normal 0 -1 0
    outer loop
      vertex 113.335 45.4406 -0.1
      vertex 113.335 45.4406 0.1
      vertex 112.065 45.4406 0.1
    endloop
  endfacet
  facet normal -0 -1 -0
    outer loop
      vertex 112.065 45.4406 -0.1
      vertex 113.335 45.4406 -0.1
      vertex 112.065 45.4406 0.1
    endloop
  endfacet
  facet normal -1 0 0
    outer loop
      vertex 113.335 45.4406 0.1
      vertex 113.335 45.4406 -0.1
      vertex 113.335 44.1706 0.1
    endloop
  endfacet
  facet normal -1 0 0
    outer loop
      vertex 113.335 44.1706 0.1
      vertex 113.335 45.4406 -0.1
      vertex 113.335 44.1706 -0.1
    endloop
  endfacet
  facet normal 0 1 0
    outer loop
      vertex 113.335 44.1706 0.1
      vertex 113.335 44.1706 -0.1
      vertex 112.065 44.1706 0.1
    endloop
  endfacet
  facet normal 0 1 -0
    outer loop
      vertex 112.065 44.1706 0.1
      vertex 113.335 44.1706 -0.1
      vertex 112.065 44.1706 -0.1
    endloop
  endfacet
  facet normal 1 0 0
    outer loop
      vertex 112.065 47.5742 -0.1
      vertex 112.065 47.5742 0.1
      vertex 112.065 46.3042 0.1
    endloop
  endfacet
  facet normal 1 0 0
    outer loop
      vertex 112.065 46.3042 -0.1
      vertex 112.065 47.5742 -0.1
      vertex 112.065 46.3042 0.1
    endloop
  endfacet
  facet normal 0 -1 0
    outer loop
      vertex 113.335 47.5742 -0.1
      vertex 113.335 47.5742 0.1
      vertex 112.065 47.5742 0.1
    endloop
  endfacet
  facet normal -0 -1 -0
    outer loop
      vertex 112.065 47.5742 -0.1
      vertex 113.335 47.5742 -0.1
      vertex 112.065 47.5742 0.1
    endloop
  endfacet
  facet normal -1 0 0
    outer loop
      vertex 113.335 47.5742 0.1
      vertex 113.335 47.5742 -0.1
      vertex 113.335 46.3042 0.1
    endloop
  endfacet
  facet normal -1 0 0
    outer loop
      vertex 113.335 46.3042 0.1
      vertex 113.335 47.5742 -0.1
      vertex 113.335 46.3042 -0.1
    endloop
  endfacet
  facet normal 0 1 0
    outer loop
      vertex 113.335 46.3042 0.1
      vertex 113.335 46.3042 -0.1
      vertex 112.065 46.3042 0.1
    endloop
  endfacet
  facet normal 0 1 -0
    outer loop
      vertex 112.065 46.3042 0.1
      vertex 113.335 46.3042 -0.1
      vertex 112.065 46.3042 -0.1
    endloop
  endfacet
  facet normal 1 0 0
    outer loop
      vertex 113.894 57.3786 -0.1
      vertex 113.894 57.3786 0.1
      vertex 113.894 55.8546 0.1
    endloop
  endfacet
  facet normal 1 0 0
    outer loop
      vertex 113.894 55.8546 -0.1
      vertex 113.894 57.3786 -0.1
      vertex 113.894 55.8546 0.1
    endloop
  endfacet
  facet normal 0 -1 0
    outer loop
      vertex 115.418 57.3786 -0.1
      vertex 115.418 57.3786 0.1
      vertex 113.894 57.3786 0.1
    endloop
  endfacet
  facet normal -0 -1 -0
    outer loop
      vertex 113.894 57.3786 -0.1
      vertex 115.418 57.3786 -0.1
      vertex 113.894 57.3786 0.1
    endloop
  endfacet
  facet normal -1 0 0
    outer loop
      vertex 115.418 57.3786 0.1
      vertex 115.418 57.3786 -0.1
      vertex 115.418 55.8546 0.1
    endloop
  endfacet
  facet normal -1 0 0
    outer loop
      vertex 115.418 55.8546 0.1
      vertex 115.418 57.3786 -0.1
      vertex 115.418 55.8546 -0.1
    endloop
  endfacet
  facet normal 0 1 0
    outer loop
      vertex 115.418 55.8546 0.1
      vertex 115.418 55.8546 -0.1
      vertex 113.894 55.8546 0.1
    endloop
  endfacet
  facet normal 0 1 -0
    outer loop
      vertex 113.894 55.8546 0.1
      vertex 115.418 55.8546 -0.1
      vertex 113.894 55.8546 -0.1
    endloop
  endfacet
  facet normal 1 0 0
    outer loop
      vertex 114.732 46.863 -0.1
      vertex 114.732 46.863 0.1
      vertex 114.732 44.577 0.1
    endloop
  endfacet
  facet normal 1 0 0
    outer loop
      vertex 114.732 44.577 -0.1
      vertex 114.732 46.863 -0.1
      vertex 114.732 44.577 0.1
    endloop
  endfacet
  facet normal 0 -1 0
    outer loop
      vertex 115.138 46.863 -0.1
      vertex 115.138 46.863 0.1
      vertex 114.732 46.863 0.1
    endloop
  endfacet
  facet normal -0 -1 -0
    outer loop
      vertex 114.732 46.863 -0.1
      vertex 115.138 46.863 -0.1
      vertex 114.732 46.863 0.1
    endloop
  endfacet
  facet normal -1 0 0
    outer loop
      vertex 115.138 46.863 0.1
      vertex 115.138 46.863 -0.1
      vertex 115.138 44.577 0.1
    endloop
  endfacet
  facet normal -1 0 0
    outer loop
      vertex 115.138 44.577 0.1
      vertex 115.138 46.863 -0.1
      vertex 115.138 44.577 -0.1
    endloop
  endfacet
  facet normal 0 1 0
    outer loop
      vertex 115.138 44.577 0.1
      vertex 115.138 44.577 -0.1
      vertex 114.732 44.577 0.1
    endloop
  endfacet
  facet normal 0 1 -0
    outer loop
      vertex 114.732 44.577 0.1
      vertex 115.138 44.577 -0.1
      vertex 114.732 44.577 -0.1
    endloop
  endfacet
  facet normal 1 0 0
    outer loop
      vertex 114.732 53.5178 -0.1
      vertex 114.732 53.5178 0.1
      vertex 114.732 51.6382 0.1
    endloop
  endfacet
  facet normal 1 0 0
    outer loop
      vertex 114.732 51.6382 -0.1
      vertex 114.732 53.5178 -0.1
      vertex 114.732 51.6382 0.1
    endloop
  endfacet
  facet normal 0 -1 0
    outer loop
      vertex 114.771 53.5178 -0.1
      vertex 114.771 53.5178 0.1
      vertex 114.732 53.5178 0.1
    endloop
  endfacet
  facet normal -0 -1 -0
    outer loop
      vertex 114.732 53.5178 -0.1
      vertex 114.771 53.5178 -0.1
      vertex 114.732 53.5178 0.1
    endloop
  endfacet
  facet normal 1 0 0
    outer loop
      vertex 114.771 53.6372 -0.1
      vertex 114.771 53.6372 0.1
      vertex 114.771 53.5178 0.1
    endloop
  endfacet
  facet normal 1 0 0
    outer loop
      vertex 114.771 53.5178 -0.1
      vertex 114.771 53.6372 -0.1
      vertex 114.771 53.5178 0.1
    endloop
  endfacet
  facet normal 0.309009 -0.951059 0
    outer loop
      vertex 114.998 53.711 -0.1
      vertex 114.998 53.711 0.1
      vertex 114.771 53.6372 0.1
    endloop
  endfacet
  facet normal 0.309009 -0.951059 0
    outer loop
      vertex 114.771 53.6372 -0.1
      vertex 114.998 53.711 -0.1
      vertex 114.771 53.6372 0.1
    endloop
  endfacet
  facet normal -0.808994 -0.587818 0
    outer loop
      vertex 115.138 53.5178 0.1
      vertex 114.998 53.711 0.1
      vertex 115.138 53.5178 -0.1
    endloop
  endfacet
  facet normal -0.808994 -0.587818 0
    outer loop
      vertex 115.138 53.5178 -0.1
      vertex 114.998 53.711 0.1
      vertex 114.998 53.711 -0.1
    endloop
  endfacet
  facet normal -1 0 0
    outer loop
      vertex 115.138 53.5178 0.1
      vertex 115.138 53.5178 -0.1
      vertex 115.138 51.6382 0.1
    endloop
  endfacet
  facet normal -1 0 0
    outer loop
      vertex 115.138 51.6382 0.1
      vertex 115.138 53.5178 -0.1
      vertex 115.138 51.6382 -0.1
    endloop
  endfacet
  facet normal -0.808994 0.587818 0
    outer loop
      vertex 115.138 51.6382 0.1
      vertex 115.138 51.6382 -0.1
      vertex 114.998 51.445 0.1
    endloop
  endfacet
  facet normal -0.808994 0.587818 0
    outer loop
      vertex 114.998 51.445 0.1
      vertex 115.138 51.6382 -0.1
      vertex 114.998 51.445 -0.1
    endloop
  endfacet
  facet normal 0.309009 0.951059 -0
    outer loop
      vertex 114.998 51.445 0.1
      vertex 114.998 51.445 -0.1
      vertex 114.771 51.5188 0.1
    endloop
  endfacet
  facet normal 0.309009 0.951059 -0
    outer loop
      vertex 114.771 51.5188 0.1
      vertex 114.998 51.445 -0.1
      vertex 114.771 51.5188 -0.1
    endloop
  endfacet
  facet normal 1 0 0
    outer loop
      vertex 114.771 51.6382 -0.1
      vertex 114.771 51.6382 0.1
      vertex 114.771 51.5188 0.1
    endloop
  endfacet
  facet normal 1 0 0
    outer loop
      vertex 114.771 51.5188 -0.1
      vertex 114.771 51.6382 -0.1
      vertex 114.771 51.5188 0.1
    endloop
  endfacet
  facet normal 0 1 0
    outer loop
      vertex 114.771 51.6382 0.1
      vertex 114.771 51.6382 -0.1
      vertex 114.732 51.6382 0.1
    endloop
  endfacet
  facet normal 0 1 -0
    outer loop
      vertex 114.732 51.6382 0.1
      vertex 114.771 51.6382 -0.1
      vertex 114.732 51.6382 -0.1
    endloop
  endfacet
  facet normal 1 0 0
    outer loop
      vertex 115.382 46.6598 -0.1
      vertex 115.382 46.6598 0.1
      vertex 115.382 44.7802 0.1
    endloop
  endfacet
  facet normal 1 0 0
    outer loop
      vertex 115.382 44.7802 -0.1
      vertex 115.382 46.6598 -0.1
      vertex 115.382 44.7802 0.1
    endloop
  endfacet
  facet normal 0 -1 0
    outer loop
      vertex 115.421 46.6598 -0.1
      vertex 115.421 46.6598 0.1
      vertex 115.382 46.6598 0.1
    endloop
  endfacet
  facet normal -0 -1 -0
    outer loop
      vertex 115.382 46.6598 -0.1
      vertex 115.421 46.6598 -0.1
      vertex 115.382 46.6598 0.1
    endloop
  endfacet
  facet normal 1 0 0
    outer loop
      vertex 115.421 46.7792 -0.1
      vertex 115.421 46.7792 0.1
      vertex 115.421 46.6598 0.1
    endloop
  endfacet
  facet normal 1 0 0
    outer loop
      vertex 115.421 46.6598 -0.1
      vertex 115.421 46.7792 -0.1
      vertex 115.421 46.6598 0.1
    endloop
  endfacet
  facet normal 0.309009 -0.951059 0
    outer loop
      vertex 115.648 46.853 -0.1
      vertex 115.648 46.853 0.1
      vertex 115.421 46.7792 0.1
    endloop
  endfacet
  facet normal 0.309009 -0.951059 0
    outer loop
      vertex 115.421 46.7792 -0.1
      vertex 115.648 46.853 -0.1
      vertex 115.421 46.7792 0.1
    endloop
  endfacet
  facet normal -0.808994 -0.587818 0
    outer loop
      vertex 115.788 46.6598 0.1
      vertex 115.648 46.853 0.1
      vertex 115.788 46.6598 -0.1
    endloop
  endfacet
  facet normal -0.808994 -0.587818 0
    outer loop
      vertex 115.788 46.6598 -0.1
      vertex 115.648 46.853 0.1
      vertex 115.648 46.853 -0.1
    endloop
  endfacet
  facet normal -1 0 0
    outer loop
      vertex 115.788 46.6598 0.1
      vertex 115.788 46.6598 -0.1
      vertex 115.788 44.7802 0.1
    endloop
  endfacet
  facet normal -1 0 0
    outer loop
      vertex 115.788 44.7802 0.1
      vertex 115.788 46.6598 -0.1
      vertex 115.788 44.7802 -0.1
    endloop
  endfacet
  facet normal -0.808994 0.587818 0
    outer loop
      vertex 115.788 44.7802 0.1
      vertex 115.788 44.7802 -0.1
      vertex 115.648 44.587 0.1
    endloop
  endfacet
  facet normal -0.808994 0.587818 0
    outer loop
      vertex 115.648 44.587 0.1
      vertex 115.788 44.7802 -0.1
      vertex 115.648 44.587 -0.1
    endloop
  endfacet
  facet normal 0.309009 0.951059 -0
    outer loop
      vertex 115.648 44.587 0.1
      vertex 115.648 44.587 -0.1
      vertex 115.421 44.6608 0.1
    endloop
  endfacet
  facet normal 0.309009 0.951059 -0
    outer loop
      vertex 115.421 44.6608 0.1
      vertex 115.648 44.587 -0.1
      vertex 115.421 44.6608 -0.1
    endloop
  endfacet
  facet normal 1 0 0
    outer loop
      vertex 115.421 44.7802 -0.1
      vertex 115.421 44.7802 0.1
      vertex 115.421 44.6608 0.1
    endloop
  endfacet
  facet normal 1 0 0
    outer loop
      vertex 115.421 44.6608 -0.1
      vertex 115.421 44.7802 -0.1
      vertex 115.421 44.6608 0.1
    endloop
  endfacet
  facet normal 0 1 0
    outer loop
      vertex 115.421 44.7802 0.1
      vertex 115.421 44.7802 -0.1
      vertex 115.382 44.7802 0.1
    endloop
  endfacet
  facet normal 0 1 -0
    outer loop
      vertex 115.382 44.7802 0.1
      vertex 115.421 44.7802 -0.1
      vertex 115.382 44.7802 -0.1
    endloop
  endfacet
  facet normal 1 0 0
    outer loop
      vertex 115.382 53.5178 -0.1
      vertex 115.382 53.5178 0.1
      vertex 115.382 51.6382 0.1
    endloop
  endfacet
  facet normal 1 0 0
    outer loop
      vertex 115.382 51.6382 -0.1
      vertex 115.382 53.5178 -0.1
      vertex 115.382 51.6382 0.1
    endloop
  endfacet
  facet normal 0 -1 0
    outer loop
      vertex 115.421 53.5178 -0.1
      vertex 115.421 53.5178 0.1
      vertex 115.382 53.5178 0.1
    endloop
  endfacet
  facet normal -0 -1 -0
    outer loop
      vertex 115.382 53.5178 -0.1
      vertex 115.421 53.5178 -0.1
      vertex 115.382 53.5178 0.1
    endloop
  endfacet
  facet normal 1 0 0
    outer loop
      vertex 115.421 53.6372 -0.1
      vertex 115.421 53.6372 0.1
      vertex 115.421 53.5178 0.1
    endloop
  endfacet
  facet normal 1 0 0
    outer loop
      vertex 115.421 53.5178 -0.1
      vertex 115.421 53.6372 -0.1
      vertex 115.421 53.5178 0.1
    endloop
  endfacet
  facet normal 0.309009 -0.951059 0
    outer loop
      vertex 115.648 53.711 -0.1
      vertex 115.648 53.711 0.1
      vertex 115.421 53.6372 0.1
    endloop
  endfacet
  facet normal 0.309009 -0.951059 0
    outer loop
      vertex 115.421 53.6372 -0.1
      vertex 115.648 53.711 -0.1
      vertex 115.421 53.6372 0.1
    endloop
  endfacet
  facet normal -0.808994 -0.587818 0
    outer loop
      vertex 115.788 53.5178 0.1
      vertex 115.648 53.711 0.1
      vertex 115.788 53.5178 -0.1
    endloop
  endfacet
  facet normal -0.808994 -0.587818 0
    outer loop
      vertex 115.788 53.5178 -0.1
      vertex 115.648 53.711 0.1
      vertex 115.648 53.711 -0.1
    endloop
  endfacet
  facet normal -1 0 0
    outer loop
      vertex 115.788 53.5178 0.1
      vertex 115.788 53.5178 -0.1
      vertex 115.788 51.6382 0.1
    endloop
  endfacet
  facet normal -1 0 0
    outer loop
      vertex 115.788 51.6382 0.1
      vertex 115.788 53.5178 -0.1
      vertex 115.788 51.6382 -0.1
    endloop
  endfacet
  facet normal -0.808994 0.587818 0
    outer loop
      vertex 115.788 51.6382 0.1
      vertex 115.788 51.6382 -0.1
      vertex 115.648 51.445 0.1
    endloop
  endfacet
  facet normal -0.808994 0.587818 0
    outer loop
      vertex 115.648 51.445 0.1
      vertex 115.788 51.6382 -0.1
      vertex 115.648 51.445 -0.1
    endloop
  endfacet
  facet normal 0.309009 0.951059 -0
    outer loop
      vertex 115.648 51.445 0.1
      vertex 115.648 51.445 -0.1
      vertex 115.421 51.5188 0.1
    endloop
  endfacet
  facet normal 0.309009 0.951059 -0
    outer loop
      vertex 115.421 51.5188 0.1
      vertex 115.648 51.445 -0.1
      vertex 115.421 51.5188 -0.1
    endloop
  endfacet
  facet normal 1 0 0
    outer loop
      vertex 115.421 51.6382 -0.1
      vertex 115.421 51.6382 0.1
      vertex 115.421 51.5188 0.1
    endloop
  endfacet
  facet normal 1 0 0
    outer loop
      vertex 115.421 51.5188 -0.1
      vertex 115.421 51.6382 -0.1
      vertex 115.421 51.5188 0.1
    endloop
  endfacet
  facet normal 0 1 0
    outer loop
      vertex 115.421 51.6382 0.1
      vertex 115.421 51.6382 -0.1
      vertex 115.382 51.6382 0.1
    endloop
  endfacet
  facet normal 0 1 -0
    outer loop
      vertex 115.382 51.6382 0.1
      vertex 115.421 51.6382 -0.1
      vertex 115.382 51.6382 -0.1
    endloop
  endfacet
  facet normal 1 0 0
    outer loop
      vertex 116.032 46.6598 -0.1
      vertex 116.032 46.6598 0.1
      vertex 116.032 44.7802 0.1
    endloop
  endfacet
  facet normal 1 0 0
    outer loop
      vertex 116.032 44.7802 -0.1
      vertex 116.032 46.6598 -0.1
      vertex 116.032 44.7802 0.1
    endloop
  endfacet
  facet normal 0 -1 0
    outer loop
      vertex 116.071 46.6598 -0.1
      vertex 116.071 46.6598 0.1
      vertex 116.032 46.6598 0.1
    endloop
  endfacet
  facet normal -0 -1 -0
    outer loop
      vertex 116.032 46.6598 -0.1
      vertex 116.071 46.6598 -0.1
      vertex 116.032 46.6598 0.1
    endloop
  endfacet
  facet normal 1 0 0
    outer loop
      vertex 116.071 46.7792 -0.1
      vertex 116.071 46.7792 0.1
      vertex 116.071 46.6598 0.1
    endloop
  endfacet
  facet normal 1 0 0
    outer loop
      vertex 116.071 46.6598 -0.1
      vertex 116.071 46.7792 -0.1
      vertex 116.071 46.6598 0.1
    endloop
  endfacet
  facet normal 0.309009 -0.951059 0
    outer loop
      vertex 116.298 46.853 -0.1
      vertex 116.298 46.853 0.1
      vertex 116.071 46.7792 0.1
    endloop
  endfacet
  facet normal 0.309009 -0.951059 0
    outer loop
      vertex 116.071 46.7792 -0.1
      vertex 116.298 46.853 -0.1
      vertex 116.071 46.7792 0.1
    endloop
  endfacet
  facet normal -0.808994 -0.587818 0
    outer loop
      vertex 116.439 46.6598 0.1
      vertex 116.298 46.853 0.1
      vertex 116.439 46.6598 -0.1
    endloop
  endfacet
  facet normal -0.808994 -0.587818 0
    outer loop
      vertex 116.439 46.6598 -0.1
      vertex 116.298 46.853 0.1
      vertex 116.298 46.853 -0.1
    endloop
  endfacet
  facet normal -1 0 0
    outer loop
      vertex 116.439 46.6598 0.1
      vertex 116.439 46.6598 -0.1
      vertex 116.439 44.7802 0.1
    endloop
  endfacet
  facet normal -1 0 0
    outer loop
      vertex 116.439 44.7802 0.1
      vertex 116.439 46.6598 -0.1
      vertex 116.439 44.7802 -0.1
    endloop
  endfacet
  facet normal -0.808994 0.587818 0
    outer loop
      vertex 116.439 44.7802 0.1
      vertex 116.439 44.7802 -0.1
      vertex 116.298 44.587 0.1
    endloop
  endfacet
  facet normal -0.808994 0.587818 0
    outer loop
      vertex 116.298 44.587 0.1
      vertex 116.439 44.7802 -0.1
      vertex 116.298 44.587 -0.1
    endloop
  endfacet
  facet normal 0.309009 0.951059 -0
    outer loop
      vertex 116.298 44.587 0.1
      vertex 116.298 44.587 -0.1
      vertex 116.071 44.6608 0.1
    endloop
  endfacet
  facet normal 0.309009 0.951059 -0
    outer loop
      vertex 116.071 44.6608 0.1
      vertex 116.298 44.587 -0.1
      vertex 116.071 44.6608 -0.1
    endloop
  endfacet
  facet normal 1 0 0
    outer loop
      vertex 116.071 44.7802 -0.1
      vertex 116.071 44.7802 0.1
      vertex 116.071 44.6608 0.1
    endloop
  endfacet
  facet normal 1 0 0
    outer loop
      vertex 116.071 44.6608 -0.1
      vertex 116.071 44.7802 -0.1
      vertex 116.071 44.6608 0.1
    endloop
  endfacet
  facet normal 0 1 0
    outer loop
      vertex 116.071 44.7802 0.1
      vertex 116.071 44.7802 -0.1
      vertex 116.032 44.7802 0.1
    endloop
  endfacet
  facet normal 0 1 -0
    outer loop
      vertex 116.032 44.7802 0.1
      vertex 116.071 44.7802 -0.1
      vertex 116.032 44.7802 -0.1
    endloop
  endfacet
  facet normal 1 0 0
    outer loop
      vertex 116.032 53.5178 -0.1
      vertex 116.032 53.5178 0.1
      vertex 116.032 51.6382 0.1
    endloop
  endfacet
  facet normal 1 0 0
    outer loop
      vertex 116.032 51.6382 -0.1
      vertex 116.032 53.5178 -0.1
      vertex 116.032 51.6382 0.1
    endloop
  endfacet
  facet normal 0 -1 0
    outer loop
      vertex 116.071 53.5178 -0.1
      vertex 116.071 53.5178 0.1
      vertex 116.032 53.5178 0.1
    endloop
  endfacet
  facet normal -0 -1 -0
    outer loop
      vertex 116.032 53.5178 -0.1
      vertex 116.071 53.5178 -0.1
      vertex 116.032 53.5178 0.1
    endloop
  endfacet
  facet normal 1 0 0
    outer loop
      vertex 116.071 53.6372 -0.1
      vertex 116.071 53.6372 0.1
      vertex 116.071 53.5178 0.1
    endloop
  endfacet
  facet normal 1 0 0
    outer loop
      vertex 116.071 53.5178 -0.1
      vertex 116.071 53.6372 -0.1
      vertex 116.071 53.5178 0.1
    endloop
  endfacet
  facet normal 0.309009 -0.951059 0
    outer loop
      vertex 116.298 53.711 -0.1
      vertex 116.298 53.711 0.1
      vertex 116.071 53.6372 0.1
    endloop
  endfacet
  facet normal 0.309009 -0.951059 0
    outer loop
      vertex 116.071 53.6372 -0.1
      vertex 116.298 53.711 -0.1
      vertex 116.071 53.6372 0.1
    endloop
  endfacet
  facet normal -0.808994 -0.587818 0
    outer loop
      vertex 116.439 53.5178 0.1
      vertex 116.298 53.711 0.1
      vertex 116.439 53.5178 -0.1
    endloop
  endfacet
  facet normal -0.808994 -0.587818 0
    outer loop
      vertex 116.439 53.5178 -0.1
      vertex 116.298 53.711 0.1
      vertex 116.298 53.711 -0.1
    endloop
  endfacet
  facet normal -1 0 0
    outer loop
      vertex 116.439 53.5178 0.1
      vertex 116.439 53.5178 -0.1
      vertex 116.439 51.6382 0.1
    endloop
  endfacet
  facet normal -1 0 0
    outer loop
      vertex 116.439 51.6382 0.1
      vertex 116.439 53.5178 -0.1
      vertex 116.439 51.6382 -0.1
    endloop
  endfacet
  facet normal -0.808994 0.587818 0
    outer loop
      vertex 116.439 51.6382 0.1
      vertex 116.439 51.6382 -0.1
      vertex 116.298 51.445 0.1
    endloop
  endfacet
  facet normal -0.808994 0.587818 0
    outer loop
      vertex 116.298 51.445 0.1
      vertex 116.439 51.6382 -0.1
      vertex 116.298 51.445 -0.1
    endloop
  endfacet
  facet normal 0.309009 0.951059 -0
    outer loop
      vertex 116.298 51.445 0.1
      vertex 116.298 51.445 -0.1
      vertex 116.071 51.5188 0.1
    endloop
  endfacet
  facet normal 0.309009 0.951059 -0
    outer loop
      vertex 116.071 51.5188 0.1
      vertex 116.298 51.445 -0.1
      vertex 116.071 51.5188 -0.1
    endloop
  endfacet
  facet normal 1 0 0
    outer loop
      vertex 116.071 51.6382 -0.1
      vertex 116.071 51.6382 0.1
      vertex 116.071 51.5188 0.1
    endloop
  endfacet
  facet normal 1 0 0
    outer loop
      vertex 116.071 51.5188 -0.1
      vertex 116.071 51.6382 -0.1
      vertex 116.071 51.5188 0.1
    endloop
  endfacet
  facet normal 0 1 0
    outer loop
      vertex 116.071 51.6382 0.1
      vertex 116.071 51.6382 -0.1
      vertex 116.032 51.6382 0.1
    endloop
  endfacet
  facet normal 0 1 -0
    outer loop
      vertex 116.032 51.6382 0.1
      vertex 116.071 51.6382 -0.1
      vertex 116.032 51.6382 -0.1
    endloop
  endfacet
  facet normal 1 0 0
    outer loop
      vertex 116.078 40.767 -0.1
      vertex 116.078 40.767 0.1
      vertex 116.078 39.243 0.1
    endloop
  endfacet
  facet normal 1 0 0
    outer loop
      vertex 116.078 39.243 -0.1
      vertex 116.078 40.767 -0.1
      vertex 116.078 39.243 0.1
    endloop
  endfacet
  facet normal 0 -1 0
    outer loop
      vertex 117.602 40.767 -0.1
      vertex 117.602 40.767 0.1
      vertex 116.078 40.767 0.1
    endloop
  endfacet
  facet normal -0 -1 -0
    outer loop
      vertex 116.078 40.767 -0.1
      vertex 117.602 40.767 -0.1
      vertex 116.078 40.767 0.1
    endloop
  endfacet
  facet normal -1 0 0
    outer loop
      vertex 117.602 40.767 0.1
      vertex 117.602 40.767 -0.1
      vertex 117.602 39.243 0.1
    endloop
  endfacet
  facet normal -1 0 0
    outer loop
      vertex 117.602 39.243 0.1
      vertex 117.602 40.767 -0.1
      vertex 117.602 39.243 -0.1
    endloop
  endfacet
  facet normal 0 1 0
    outer loop
      vertex 117.602 39.243 0.1
      vertex 117.602 39.243 -0.1
      vertex 116.078 39.243 0.1
    endloop
  endfacet
  facet normal 0 1 -0
    outer loop
      vertex 116.078 39.243 0.1
      vertex 117.602 39.243 -0.1
      vertex 116.078 39.243 -0.1
    endloop
  endfacet
  facet normal 1 0 0
    outer loop
      vertex 116.205 43.18 -0.1
      vertex 116.205 43.18 0.1
      vertex 116.205 41.91 0.1
    endloop
  endfacet
  facet normal 1 0 0
    outer loop
      vertex 116.205 41.91 -0.1
      vertex 116.205 43.18 -0.1
      vertex 116.205 41.91 0.1
    endloop
  endfacet
  facet normal 0 -1 0
    outer loop
      vertex 117.475 43.18 -0.1
      vertex 117.475 43.18 0.1
      vertex 116.205 43.18 0.1
    endloop
  endfacet
  facet normal -0 -1 -0
    outer loop
      vertex 116.205 43.18 -0.1
      vertex 117.475 43.18 -0.1
      vertex 116.205 43.18 0.1
    endloop
  endfacet
  facet normal -1 0 0
    outer loop
      vertex 117.475 43.18 0.1
      vertex 117.475 43.18 -0.1
      vertex 117.475 41.91 0.1
    endloop
  endfacet
  facet normal -1 0 0
    outer loop
      vertex 117.475 41.91 0.1
      vertex 117.475 43.18 -0.1
      vertex 117.475 41.91 -0.1
    endloop
  endfacet
  facet normal 0 1 0
    outer loop
      vertex 117.475 41.91 0.1
      vertex 117.475 41.91 -0.1
      vertex 116.205 41.91 0.1
    endloop
  endfacet
  facet normal 0 1 -0
    outer loop
      vertex 116.205 41.91 0.1
      vertex 117.475 41.91 -0.1
      vertex 116.205 41.91 -0.1
    endloop
  endfacet
  facet normal 1 0 0
    outer loop
      vertex 116.683 46.6598 -0.1
      vertex 116.683 46.6598 0.1
      vertex 116.683 44.7802 0.1
    endloop
  endfacet
  facet normal 1 0 0
    outer loop
      vertex 116.683 44.7802 -0.1
      vertex 116.683 46.6598 -0.1
      vertex 116.683 44.7802 0.1
    endloop
  endfacet
  facet normal 0 -1 0
    outer loop
      vertex 116.721 46.6598 -0.1
      vertex 116.721 46.6598 0.1
      vertex 116.683 46.6598 0.1
    endloop
  endfacet
  facet normal -0 -1 -0
    outer loop
      vertex 116.683 46.6598 -0.1
      vertex 116.721 46.6598 -0.1
      vertex 116.683 46.6598 0.1
    endloop
  endfacet
  facet normal 1 0 0
    outer loop
      vertex 116.721 46.7792 -0.1
      vertex 116.721 46.7792 0.1
      vertex 116.721 46.6598 0.1
    endloop
  endfacet
  facet normal 1 0 0
    outer loop
      vertex 116.721 46.6598 -0.1
      vertex 116.721 46.7792 -0.1
      vertex 116.721 46.6598 0.1
    endloop
  endfacet
  facet normal 0.309009 -0.951059 0
    outer loop
      vertex 116.949 46.853 -0.1
      vertex 116.949 46.853 0.1
      vertex 116.721 46.7792 0.1
    endloop
  endfacet
  facet normal 0.309009 -0.951059 0
    outer loop
      vertex 116.721 46.7792 -0.1
      vertex 116.949 46.853 -0.1
      vertex 116.721 46.7792 0.1
    endloop
  endfacet
  facet normal -0.808994 -0.587818 0
    outer loop
      vertex 117.089 46.6598 0.1
      vertex 116.949 46.853 0.1
      vertex 117.089 46.6598 -0.1
    endloop
  endfacet
  facet normal -0.808994 -0.587818 0
    outer loop
      vertex 117.089 46.6598 -0.1
      vertex 116.949 46.853 0.1
      vertex 116.949 46.853 -0.1
    endloop
  endfacet
  facet normal -1 0 0
    outer loop
      vertex 117.089 46.6598 0.1
      vertex 117.089 46.6598 -0.1
      vertex 117.089 44.7802 0.1
    endloop
  endfacet
  facet normal -1 0 0
    outer loop
      vertex 117.089 44.7802 0.1
      vertex 117.089 46.6598 -0.1
      vertex 117.089 44.7802 -0.1
    endloop
  endfacet
  facet normal -0.808994 0.587818 0
    outer loop
      vertex 117.089 44.7802 0.1
      vertex 117.089 44.7802 -0.1
      vertex 116.949 44.587 0.1
    endloop
  endfacet
  facet normal -0.808994 0.587818 0
    outer loop
      vertex 116.949 44.587 0.1
      vertex 117.089 44.7802 -0.1
      vertex 116.949 44.587 -0.1
    endloop
  endfacet
  facet normal 0.309009 0.951059 -0
    outer loop
      vertex 116.949 44.587 0.1
      vertex 116.949 44.587 -0.1
      vertex 116.721 44.6608 0.1
    endloop
  endfacet
  facet normal 0.309009 0.951059 -0
    outer loop
      vertex 116.721 44.6608 0.1
      vertex 116.949 44.587 -0.1
      vertex 116.721 44.6608 -0.1
    endloop
  endfacet
  facet normal 1 0 0
    outer loop
      vertex 116.721 44.7802 -0.1
      vertex 116.721 44.7802 0.1
      vertex 116.721 44.6608 0.1
    endloop
  endfacet
  facet normal 1 0 0
    outer loop
      vertex 116.721 44.6608 -0.1
      vertex 116.721 44.7802 -0.1
      vertex 116.721 44.6608 0.1
    endloop
  endfacet
  facet normal 0 1 0
    outer loop
      vertex 116.721 44.7802 0.1
      vertex 116.721 44.7802 -0.1
      vertex 116.683 44.7802 0.1
    endloop
  endfacet
  facet normal 0 1 -0
    outer loop
      vertex 116.683 44.7802 0.1
      vertex 116.721 44.7802 -0.1
      vertex 116.683 44.7802 -0.1
    endloop
  endfacet
  facet normal 1 0 0
    outer loop
      vertex 116.683 53.5178 -0.1
      vertex 116.683 53.5178 0.1
      vertex 116.683 51.6382 0.1
    endloop
  endfacet
  facet normal 1 0 0
    outer loop
      vertex 116.683 51.6382 -0.1
      vertex 116.683 53.5178 -0.1
      vertex 116.683 51.6382 0.1
    endloop
  endfacet
  facet normal 0 -1 0
    outer loop
      vertex 116.721 53.5178 -0.1
      vertex 116.721 53.5178 0.1
      vertex 116.683 53.5178 0.1
    endloop
  endfacet
  facet normal -0 -1 -0
    outer loop
      vertex 116.683 53.5178 -0.1
      vertex 116.721 53.5178 -0.1
      vertex 116.683 53.5178 0.1
    endloop
  endfacet
  facet normal 1 0 0
    outer loop
      vertex 116.721 53.6372 -0.1
      vertex 116.721 53.6372 0.1
      vertex 116.721 53.5178 0.1
    endloop
  endfacet
  facet normal 1 0 0
    outer loop
      vertex 116.721 53.5178 -0.1
      vertex 116.721 53.6372 -0.1
      vertex 116.721 53.5178 0.1
    endloop
  endfacet
  facet normal 0.309009 -0.951059 0
    outer loop
      vertex 116.949 53.711 -0.1
      vertex 116.949 53.711 0.1
      vertex 116.721 53.6372 0.1
    endloop
  endfacet
  facet normal 0.309009 -0.951059 0
    outer loop
      vertex 116.721 53.6372 -0.1
      vertex 116.949 53.711 -0.1
      vertex 116.721 53.6372 0.1
    endloop
  endfacet
  facet normal -0.808994 -0.587818 0
    outer loop
      vertex 117.089 53.5178 0.1
      vertex 116.949 53.711 0.1
      vertex 117.089 53.5178 -0.1
    endloop
  endfacet
  facet normal -0.808994 -0.587818 0
    outer loop
      vertex 117.089 53.5178 -0.1
      vertex 116.949 53.711 0.1
      vertex 116.949 53.711 -0.1
    endloop
  endfacet
  facet normal -1 0 0
    outer loop
      vertex 117.089 53.5178 0.1
      vertex 117.089 53.5178 -0.1
      vertex 117.089 51.6382 0.1
    endloop
  endfacet
  facet normal -1 0 0
    outer loop
      vertex 117.089 51.6382 0.1
      vertex 117.089 53.5178 -0.1
      vertex 117.089 51.6382 -0.1
    endloop
  endfacet
  facet normal -0.808994 0.587818 0
    outer loop
      vertex 117.089 51.6382 0.1
      vertex 117.089 51.6382 -0.1
      vertex 116.949 51.445 0.1
    endloop
  endfacet
  facet normal -0.808994 0.587818 0
    outer loop
      vertex 116.949 51.445 0.1
      vertex 117.089 51.6382 -0.1
      vertex 116.949 51.445 -0.1
    endloop
  endfacet
  facet normal 0.309009 0.951059 -0
    outer loop
      vertex 116.949 51.445 0.1
      vertex 116.949 51.445 -0.1
      vertex 116.721 51.5188 0.1
    endloop
  endfacet
  facet normal 0.309009 0.951059 -0
    outer loop
      vertex 116.721 51.5188 0.1
      vertex 116.949 51.445 -0.1
      vertex 116.721 51.5188 -0.1
    endloop
  endfacet
  facet normal 1 0 0
    outer loop
      vertex 116.721 51.6382 -0.1
      vertex 116.721 51.6382 0.1
      vertex 116.721 51.5188 0.1
    endloop
  endfacet
  facet normal 1 0 0
    outer loop
      vertex 116.721 51.5188 -0.1
      vertex 116.721 51.6382 -0.1
      vertex 116.721 51.5188 0.1
    endloop
  endfacet
  facet normal 0 1 0
    outer loop
      vertex 116.721 51.6382 0.1
      vertex 116.721 51.6382 -0.1
      vertex 116.683 51.6382 0.1
    endloop
  endfacet
  facet normal 0 1 -0
    outer loop
      vertex 116.683 51.6382 0.1
      vertex 116.721 51.6382 -0.1
      vertex 116.683 51.6382 -0.1
    endloop
  endfacet
  facet normal 1 0 0
    outer loop
      vertex 117.196 57.3786 -0.1
      vertex 117.196 57.3786 0.1
      vertex 117.196 55.8546 0.1
    endloop
  endfacet
  facet normal 1 0 0
    outer loop
      vertex 117.196 55.8546 -0.1
      vertex 117.196 57.3786 -0.1
      vertex 117.196 55.8546 0.1
    endloop
  endfacet
  facet normal 0 -1 0
    outer loop
      vertex 118.72 57.3786 -0.1
      vertex 118.72 57.3786 0.1
      vertex 117.196 57.3786 0.1
    endloop
  endfacet
  facet normal -0 -1 -0
    outer loop
      vertex 117.196 57.3786 -0.1
      vertex 118.72 57.3786 -0.1
      vertex 117.196 57.3786 0.1
    endloop
  endfacet
  facet normal -1 0 0
    outer loop
      vertex 118.72 57.3786 0.1
      vertex 118.72 57.3786 -0.1
      vertex 118.72 55.8546 0.1
    endloop
  endfacet
  facet normal -1 0 0
    outer loop
      vertex 118.72 55.8546 0.1
      vertex 118.72 57.3786 -0.1
      vertex 118.72 55.8546 -0.1
    endloop
  endfacet
  facet normal 0 1 0
    outer loop
      vertex 118.72 55.8546 0.1
      vertex 118.72 55.8546 -0.1
      vertex 117.196 55.8546 0.1
    endloop
  endfacet
  facet normal 0 1 -0
    outer loop
      vertex 117.196 55.8546 0.1
      vertex 118.72 55.8546 -0.1
      vertex 117.196 55.8546 -0.1
    endloop
  endfacet
  facet normal 1 0 0
    outer loop
      vertex 117.333 46.6598 -0.1
      vertex 117.333 46.6598 0.1
      vertex 117.333 44.7802 0.1
    endloop
  endfacet
  facet normal 1 0 0
    outer loop
      vertex 117.333 44.7802 -0.1
      vertex 117.333 46.6598 -0.1
      vertex 117.333 44.7802 0.1
    endloop
  endfacet
  facet normal 0 -1 0
    outer loop
      vertex 117.372 46.6598 -0.1
      vertex 117.372 46.6598 0.1
      vertex 117.333 46.6598 0.1
    endloop
  endfacet
  facet normal -0 -1 -0
    outer loop
      vertex 117.333 46.6598 -0.1
      vertex 117.372 46.6598 -0.1
      vertex 117.333 46.6598 0.1
    endloop
  endfacet
  facet normal 1 0 0
    outer loop
      vertex 117.372 46.7792 -0.1
      vertex 117.372 46.7792 0.1
      vertex 117.372 46.6598 0.1
    endloop
  endfacet
  facet normal 1 0 0
    outer loop
      vertex 117.372 46.6598 -0.1
      vertex 117.372 46.7792 -0.1
      vertex 117.372 46.6598 0.1
    endloop
  endfacet
  facet normal 0.309009 -0.951059 0
    outer loop
      vertex 117.599 46.853 -0.1
      vertex 117.599 46.853 0.1
      vertex 117.372 46.7792 0.1
    endloop
  endfacet
  facet normal 0.309009 -0.951059 0
    outer loop
      vertex 117.372 46.7792 -0.1
      vertex 117.599 46.853 -0.1
      vertex 117.372 46.7792 0.1
    endloop
  endfacet
  facet normal -0.808994 -0.587818 0
    outer loop
      vertex 117.739 46.6598 0.1
      vertex 117.599 46.853 0.1
      vertex 117.739 46.6598 -0.1
    endloop
  endfacet
  facet normal -0.808994 -0.587818 0
    outer loop
      vertex 117.739 46.6598 -0.1
      vertex 117.599 46.853 0.1
      vertex 117.599 46.853 -0.1
    endloop
  endfacet
  facet normal -1 0 0
    outer loop
      vertex 117.739 46.6598 0.1
      vertex 117.739 46.6598 -0.1
      vertex 117.739 44.7802 0.1
    endloop
  endfacet
  facet normal -1 0 0
    outer loop
      vertex 117.739 44.7802 0.1
      vertex 117.739 46.6598 -0.1
      vertex 117.739 44.7802 -0.1
    endloop
  endfacet
  facet normal -0.808994 0.587818 0
    outer loop
      vertex 117.739 44.7802 0.1
      vertex 117.739 44.7802 -0.1
      vertex 117.599 44.587 0.1
    endloop
  endfacet
  facet normal -0.808994 0.587818 0
    outer loop
      vertex 117.599 44.587 0.1
      vertex 117.739 44.7802 -0.1
      vertex 117.599 44.587 -0.1
    endloop
  endfacet
  facet normal 0.309009 0.951059 -0
    outer loop
      vertex 117.599 44.587 0.1
      vertex 117.599 44.587 -0.1
      vertex 117.372 44.6608 0.1
    endloop
  endfacet
  facet normal 0.309009 0.951059 -0
    outer loop
      vertex 117.372 44.6608 0.1
      vertex 117.599 44.587 -0.1
      vertex 117.372 44.6608 -0.1
    endloop
  endfacet
  facet normal 1 0 0
    outer loop
      vertex 117.372 44.7802 -0.1
      vertex 117.372 44.7802 0.1
      vertex 117.372 44.6608 0.1
    endloop
  endfacet
  facet normal 1 0 0
    outer loop
      vertex 117.372 44.6608 -0.1
      vertex 117.372 44.7802 -0.1
      vertex 117.372 44.6608 0.1
    endloop
  endfacet
  facet normal 0 1 0
    outer loop
      vertex 117.372 44.7802 0.1
      vertex 117.372 44.7802 -0.1
      vertex 117.333 44.7802 0.1
    endloop
  endfacet
  facet normal 0 1 -0
    outer loop
      vertex 117.333 44.7802 0.1
      vertex 117.372 44.7802 -0.1
      vertex 117.333 44.7802 -0.1
    endloop
  endfacet
  facet normal 1 0 0
    outer loop
      vertex 117.333 53.5178 -0.1
      vertex 117.333 53.5178 0.1
      vertex 117.333 51.6382 0.1
    endloop
  endfacet
  facet normal 1 0 0
    outer loop
      vertex 117.333 51.6382 -0.1
      vertex 117.333 53.5178 -0.1
      vertex 117.333 51.6382 0.1
    endloop
  endfacet
  facet normal 0 -1 0
    outer loop
      vertex 117.372 53.5178 -0.1
      vertex 117.372 53.5178 0.1
      vertex 117.333 53.5178 0.1
    endloop
  endfacet
  facet normal -0 -1 -0
    outer loop
      vertex 117.333 53.5178 -0.1
      vertex 117.372 53.5178 -0.1
      vertex 117.333 53.5178 0.1
    endloop
  endfacet
  facet normal 1 0 0
    outer loop
      vertex 117.372 53.6372 -0.1
      vertex 117.372 53.6372 0.1
      vertex 117.372 53.5178 0.1
    endloop
  endfacet
  facet normal 1 0 0
    outer loop
      vertex 117.372 53.5178 -0.1
      vertex 117.372 53.6372 -0.1
      vertex 117.372 53.5178 0.1
    endloop
  endfacet
  facet normal 0.309009 -0.951059 0
    outer loop
      vertex 117.599 53.711 -0.1
      vertex 117.599 53.711 0.1
      vertex 117.372 53.6372 0.1
    endloop
  endfacet
  facet normal 0.309009 -0.951059 0
    outer loop
      vertex 117.372 53.6372 -0.1
      vertex 117.599 53.711 -0.1
      vertex 117.372 53.6372 0.1
    endloop
  endfacet
  facet normal -0.808994 -0.587818 0
    outer loop
      vertex 117.739 53.5178 0.1
      vertex 117.599 53.711 0.1
      vertex 117.739 53.5178 -0.1
    endloop
  endfacet
  facet normal -0.808994 -0.587818 0
    outer loop
      vertex 117.739 53.5178 -0.1
      vertex 117.599 53.711 0.1
      vertex 117.599 53.711 -0.1
    endloop
  endfacet
  facet normal -1 0 0
    outer loop
      vertex 117.739 53.5178 0.1
      vertex 117.739 53.5178 -0.1
      vertex 117.739 51.6382 0.1
    endloop
  endfacet
  facet normal -1 0 0
    outer loop
      vertex 117.739 51.6382 0.1
      vertex 117.739 53.5178 -0.1
      vertex 117.739 51.6382 -0.1
    endloop
  endfacet
  facet normal -0.808994 0.587818 0
    outer loop
      vertex 117.739 51.6382 0.1
      vertex 117.739 51.6382 -0.1
      vertex 117.599 51.445 0.1
    endloop
  endfacet
  facet normal -0.808994 0.587818 0
    outer loop
      vertex 117.599 51.445 0.1
      vertex 117.739 51.6382 -0.1
      vertex 117.599 51.445 -0.1
    endloop
  endfacet
  facet normal 0.309009 0.951059 -0
    outer loop
      vertex 117.599 51.445 0.1
      vertex 117.599 51.445 -0.1
      vertex 117.372 51.5188 0.1
    endloop
  endfacet
  facet normal 0.309009 0.951059 -0
    outer loop
      vertex 117.372 51.5188 0.1
      vertex 117.599 51.445 -0.1
      vertex 117.372 51.5188 -0.1
    endloop
  endfacet
  facet normal 1 0 0
    outer loop
      vertex 117.372 51.6382 -0.1
      vertex 117.372 51.6382 0.1
      vertex 117.372 51.5188 0.1
    endloop
  endfacet
  facet normal 1 0 0
    outer loop
      vertex 117.372 51.5188 -0.1
      vertex 117.372 51.6382 -0.1
      vertex 117.372 51.5188 0.1
    endloop
  endfacet
  facet normal 0 1 0
    outer loop
      vertex 117.372 51.6382 0.1
      vertex 117.372 51.6382 -0.1
      vertex 117.333 51.6382 0.1
    endloop
  endfacet
  facet normal 0 1 -0
    outer loop
      vertex 117.333 51.6382 0.1
      vertex 117.372 51.6382 -0.1
      vertex 117.333 51.6382 -0.1
    endloop
  endfacet
  facet normal 1 0 0
    outer loop
      vertex 117.983 46.6598 -0.1
      vertex 117.983 46.6598 0.1
      vertex 117.983 44.7802 0.1
    endloop
  endfacet
  facet normal 1 0 0
    outer loop
      vertex 117.983 44.7802 -0.1
      vertex 117.983 46.6598 -0.1
      vertex 117.983 44.7802 0.1
    endloop
  endfacet
  facet normal 0 -1 0
    outer loop
      vertex 118.022 46.6598 -0.1
      vertex 118.022 46.6598 0.1
      vertex 117.983 46.6598 0.1
    endloop
  endfacet
  facet normal -0 -1 -0
    outer loop
      vertex 117.983 46.6598 -0.1
      vertex 118.022 46.6598 -0.1
      vertex 117.983 46.6598 0.1
    endloop
  endfacet
  facet normal 1 0 0
    outer loop
      vertex 118.022 46.7792 -0.1
      vertex 118.022 46.7792 0.1
      vertex 118.022 46.6598 0.1
    endloop
  endfacet
  facet normal 1 0 0
    outer loop
      vertex 118.022 46.6598 -0.1
      vertex 118.022 46.7792 -0.1
      vertex 118.022 46.6598 0.1
    endloop
  endfacet
  facet normal 0.309009 -0.951059 0
    outer loop
      vertex 118.249 46.853 -0.1
      vertex 118.249 46.853 0.1
      vertex 118.022 46.7792 0.1
    endloop
  endfacet
  facet normal 0.309009 -0.951059 0
    outer loop
      vertex 118.022 46.7792 -0.1
      vertex 118.249 46.853 -0.1
      vertex 118.022 46.7792 0.1
    endloop
  endfacet
  facet normal -0.808994 -0.587818 0
    outer loop
      vertex 118.389 46.6598 0.1
      vertex 118.249 46.853 0.1
      vertex 118.389 46.6598 -0.1
    endloop
  endfacet
  facet normal -0.808994 -0.587818 0
    outer loop
      vertex 118.389 46.6598 -0.1
      vertex 118.249 46.853 0.1
      vertex 118.249 46.853 -0.1
    endloop
  endfacet
  facet normal -1 0 0
    outer loop
      vertex 118.389 46.6598 0.1
      vertex 118.389 46.6598 -0.1
      vertex 118.389 44.7802 0.1
    endloop
  endfacet
  facet normal -1 0 0
    outer loop
      vertex 118.389 44.7802 0.1
      vertex 118.389 46.6598 -0.1
      vertex 118.389 44.7802 -0.1
    endloop
  endfacet
  facet normal -0.808994 0.587818 0
    outer loop
      vertex 118.389 44.7802 0.1
      vertex 118.389 44.7802 -0.1
      vertex 118.249 44.587 0.1
    endloop
  endfacet
  facet normal -0.808994 0.587818 0
    outer loop
      vertex 118.249 44.587 0.1
      vertex 118.389 44.7802 -0.1
      vertex 118.249 44.587 -0.1
    endloop
  endfacet
  facet normal 0.309009 0.951059 -0
    outer loop
      vertex 118.249 44.587 0.1
      vertex 118.249 44.587 -0.1
      vertex 118.022 44.6608 0.1
    endloop
  endfacet
  facet normal 0.309009 0.951059 -0
    outer loop
      vertex 118.022 44.6608 0.1
      vertex 118.249 44.587 -0.1
      vertex 118.022 44.6608 -0.1
    endloop
  endfacet
  facet normal 1 0 0
    outer loop
      vertex 118.022 44.7802 -0.1
      vertex 118.022 44.7802 0.1
      vertex 118.022 44.6608 0.1
    endloop
  endfacet
  facet normal 1 0 0
    outer loop
      vertex 118.022 44.6608 -0.1
      vertex 118.022 44.7802 -0.1
      vertex 118.022 44.6608 0.1
    endloop
  endfacet
  facet normal 0 1 0
    outer loop
      vertex 118.022 44.7802 0.1
      vertex 118.022 44.7802 -0.1
      vertex 117.983 44.7802 0.1
    endloop
  endfacet
  facet normal 0 1 -0
    outer loop
      vertex 117.983 44.7802 0.1
      vertex 118.022 44.7802 -0.1
      vertex 117.983 44.7802 -0.1
    endloop
  endfacet
  facet normal 1 0 0
    outer loop
      vertex 117.983 53.5178 -0.1
      vertex 117.983 53.5178 0.1
      vertex 117.983 51.6382 0.1
    endloop
  endfacet
  facet normal 1 0 0
    outer loop
      vertex 117.983 51.6382 -0.1
      vertex 117.983 53.5178 -0.1
      vertex 117.983 51.6382 0.1
    endloop
  endfacet
  facet normal 0 -1 0
    outer loop
      vertex 118.022 53.5178 -0.1
      vertex 118.022 53.5178 0.1
      vertex 117.983 53.5178 0.1
    endloop
  endfacet
  facet normal -0 -1 -0
    outer loop
      vertex 117.983 53.5178 -0.1
      vertex 118.022 53.5178 -0.1
      vertex 117.983 53.5178 0.1
    endloop
  endfacet
  facet normal 1 0 0
    outer loop
      vertex 118.022 53.6372 -0.1
      vertex 118.022 53.6372 0.1
      vertex 118.022 53.5178 0.1
    endloop
  endfacet
  facet normal 1 0 0
    outer loop
      vertex 118.022 53.5178 -0.1
      vertex 118.022 53.6372 -0.1
      vertex 118.022 53.5178 0.1
    endloop
  endfacet
  facet normal 0.309009 -0.951059 0
    outer loop
      vertex 118.249 53.711 -0.1
      vertex 118.249 53.711 0.1
      vertex 118.022 53.6372 0.1
    endloop
  endfacet
  facet normal 0.309009 -0.951059 0
    outer loop
      vertex 118.022 53.6372 -0.1
      vertex 118.249 53.711 -0.1
      vertex 118.022 53.6372 0.1
    endloop
  endfacet
  facet normal -0.808994 -0.587818 0
    outer loop
      vertex 118.389 53.5178 0.1
      vertex 118.249 53.711 0.1
      vertex 118.389 53.5178 -0.1
    endloop
  endfacet
  facet normal -0.808994 -0.587818 0
    outer loop
      vertex 118.389 53.5178 -0.1
      vertex 118.249 53.711 0.1
      vertex 118.249 53.711 -0.1
    endloop
  endfacet
  facet normal -1 0 0
    outer loop
      vertex 118.389 53.5178 0.1
      vertex 118.389 53.5178 -0.1
      vertex 118.389 51.6382 0.1
    endloop
  endfacet
  facet normal -1 0 0
    outer loop
      vertex 118.389 51.6382 0.1
      vertex 118.389 53.5178 -0.1
      vertex 118.389 51.6382 -0.1
    endloop
  endfacet
  facet normal -0.808994 0.587818 0
    outer loop
      vertex 118.389 51.6382 0.1
      vertex 118.389 51.6382 -0.1
      vertex 118.249 51.445 0.1
    endloop
  endfacet
  facet normal -0.808994 0.587818 0
    outer loop
      vertex 118.249 51.445 0.1
      vertex 118.389 51.6382 -0.1
      vertex 118.249 51.445 -0.1
    endloop
  endfacet
  facet normal 0.309009 0.951059 -0
    outer loop
      vertex 118.249 51.445 0.1
      vertex 118.249 51.445 -0.1
      vertex 118.022 51.5188 0.1
    endloop
  endfacet
  facet normal 0.309009 0.951059 -0
    outer loop
      vertex 118.022 51.5188 0.1
      vertex 118.249 51.445 -0.1
      vertex 118.022 51.5188 -0.1
    endloop
  endfacet
  facet normal 1 0 0
    outer loop
      vertex 118.022 51.6382 -0.1
      vertex 118.022 51.6382 0.1
      vertex 118.022 51.5188 0.1
    endloop
  endfacet
  facet normal 1 0 0
    outer loop
      vertex 118.022 51.5188 -0.1
      vertex 118.022 51.6382 -0.1
      vertex 118.022 51.5188 0.1
    endloop
  endfacet
  facet normal 0 1 0
    outer loop
      vertex 118.022 51.6382 0.1
      vertex 118.022 51.6382 -0.1
      vertex 117.983 51.6382 0.1
    endloop
  endfacet
  facet normal 0 1 -0
    outer loop
      vertex 117.983 51.6382 0.1
      vertex 118.022 51.6382 -0.1
      vertex 117.983 51.6382 -0.1
    endloop
  endfacet
  facet normal 1 0 0
    outer loop
      vertex 118.339 43.18 -0.1
      vertex 118.339 43.18 0.1
      vertex 118.339 41.91 0.1
    endloop
  endfacet
  facet normal 1 0 0
    outer loop
      vertex 118.339 41.91 -0.1
      vertex 118.339 43.18 -0.1
      vertex 118.339 41.91 0.1
    endloop
  endfacet
  facet normal 0 -1 0
    outer loop
      vertex 119.609 43.18 -0.1
      vertex 119.609 43.18 0.1
      vertex 118.339 43.18 0.1
    endloop
  endfacet
  facet normal -0 -1 -0
    outer loop
      vertex 118.339 43.18 -0.1
      vertex 119.609 43.18 -0.1
      vertex 118.339 43.18 0.1
    endloop
  endfacet
  facet normal -1 0 0
    outer loop
      vertex 119.609 43.18 0.1
      vertex 119.609 43.18 -0.1
      vertex 119.609 41.91 0.1
    endloop
  endfacet
  facet normal -1 0 0
    outer loop
      vertex 119.609 41.91 0.1
      vertex 119.609 43.18 -0.1
      vertex 119.609 41.91 -0.1
    endloop
  endfacet
  facet normal 0 1 0
    outer loop
      vertex 119.609 41.91 0.1
      vertex 119.609 41.91 -0.1
      vertex 118.339 41.91 0.1
    endloop
  endfacet
  facet normal 0 1 -0
    outer loop
      vertex 118.339 41.91 0.1
      vertex 119.609 41.91 -0.1
      vertex 118.339 41.91 -0.1
    endloop
  endfacet
  facet normal 1 0 0
    outer loop
      vertex 118.633 46.6598 -0.1
      vertex 118.633 46.6598 0.1
      vertex 118.633 44.7802 0.1
    endloop
  endfacet
  facet normal 1 0 0
    outer loop
      vertex 118.633 44.7802 -0.1
      vertex 118.633 46.6598 -0.1
      vertex 118.633 44.7802 0.1
    endloop
  endfacet
  facet normal 0 -1 0
    outer loop
      vertex 118.672 46.6598 -0.1
      vertex 118.672 46.6598 0.1
      vertex 118.633 46.6598 0.1
    endloop
  endfacet
  facet normal -0 -1 -0
    outer loop
      vertex 118.633 46.6598 -0.1
      vertex 118.672 46.6598 -0.1
      vertex 118.633 46.6598 0.1
    endloop
  endfacet
  facet normal 1 0 0
    outer loop
      vertex 118.672 46.7792 -0.1
      vertex 118.672 46.7792 0.1
      vertex 118.672 46.6598 0.1
    endloop
  endfacet
  facet normal 1 0 0
    outer loop
      vertex 118.672 46.6598 -0.1
      vertex 118.672 46.7792 -0.1
      vertex 118.672 46.6598 0.1
    endloop
  endfacet
  facet normal 0.309009 -0.951059 0
    outer loop
      vertex 118.899 46.853 -0.1
      vertex 118.899 46.853 0.1
      vertex 118.672 46.7792 0.1
    endloop
  endfacet
  facet normal 0.309009 -0.951059 0
    outer loop
      vertex 118.672 46.7792 -0.1
      vertex 118.899 46.853 -0.1
      vertex 118.672 46.7792 0.1
    endloop
  endfacet
  facet normal -0.808994 -0.587818 0
    outer loop
      vertex 119.04 46.6598 0.1
      vertex 118.899 46.853 0.1
      vertex 119.04 46.6598 -0.1
    endloop
  endfacet
  facet normal -0.808994 -0.587818 0
    outer loop
      vertex 119.04 46.6598 -0.1
      vertex 118.899 46.853 0.1
      vertex 118.899 46.853 -0.1
    endloop
  endfacet
  facet normal -1 0 0
    outer loop
      vertex 119.04 46.6598 0.1
      vertex 119.04 46.6598 -0.1
      vertex 119.04 44.7802 0.1
    endloop
  endfacet
  facet normal -1 0 0
    outer loop
      vertex 119.04 44.7802 0.1
      vertex 119.04 46.6598 -0.1
      vertex 119.04 44.7802 -0.1
    endloop
  endfacet
  facet normal -0.808994 0.587818 0
    outer loop
      vertex 119.04 44.7802 0.1
      vertex 119.04 44.7802 -0.1
      vertex 118.899 44.587 0.1
    endloop
  endfacet
  facet normal -0.808994 0.587818 0
    outer loop
      vertex 118.899 44.587 0.1
      vertex 119.04 44.7802 -0.1
      vertex 118.899 44.587 -0.1
    endloop
  endfacet
  facet normal 0.309009 0.951059 -0
    outer loop
      vertex 118.899 44.587 0.1
      vertex 118.899 44.587 -0.1
      vertex 118.672 44.6608 0.1
    endloop
  endfacet
  facet normal 0.309009 0.951059 -0
    outer loop
      vertex 118.672 44.6608 0.1
      vertex 118.899 44.587 -0.1
      vertex 118.672 44.6608 -0.1
    endloop
  endfacet
  facet normal 1 0 0
    outer loop
      vertex 118.672 44.7802 -0.1
      vertex 118.672 44.7802 0.1
      vertex 118.672 44.6608 0.1
    endloop
  endfacet
  facet normal 1 0 0
    outer loop
      vertex 118.672 44.6608 -0.1
      vertex 118.672 44.7802 -0.1
      vertex 118.672 44.6608 0.1
    endloop
  endfacet
  facet normal 0 1 0
    outer loop
      vertex 118.672 44.7802 0.1
      vertex 118.672 44.7802 -0.1
      vertex 118.633 44.7802 0.1
    endloop
  endfacet
  facet normal 0 1 -0
    outer loop
      vertex 118.633 44.7802 0.1
      vertex 118.672 44.7802 -0.1
      vertex 118.633 44.7802 -0.1
    endloop
  endfacet
  facet normal 1 0 0
    outer loop
      vertex 118.633 53.5178 -0.1
      vertex 118.633 53.5178 0.1
      vertex 118.633 51.6382 0.1
    endloop
  endfacet
  facet normal 1 0 0
    outer loop
      vertex 118.633 51.6382 -0.1
      vertex 118.633 53.5178 -0.1
      vertex 118.633 51.6382 0.1
    endloop
  endfacet
  facet normal 0 -1 0
    outer loop
      vertex 118.672 53.5178 -0.1
      vertex 118.672 53.5178 0.1
      vertex 118.633 53.5178 0.1
    endloop
  endfacet
  facet normal -0 -1 -0
    outer loop
      vertex 118.633 53.5178 -0.1
      vertex 118.672 53.5178 -0.1
      vertex 118.633 53.5178 0.1
    endloop
  endfacet
  facet normal 1 0 0
    outer loop
      vertex 118.672 53.6372 -0.1
      vertex 118.672 53.6372 0.1
      vertex 118.672 53.5178 0.1
    endloop
  endfacet
  facet normal 1 0 0
    outer loop
      vertex 118.672 53.5178 -0.1
      vertex 118.672 53.6372 -0.1
      vertex 118.672 53.5178 0.1
    endloop
  endfacet
  facet normal 0.309009 -0.951059 0
    outer loop
      vertex 118.899 53.711 -0.1
      vertex 118.899 53.711 0.1
      vertex 118.672 53.6372 0.1
    endloop
  endfacet
  facet normal 0.309009 -0.951059 0
    outer loop
      vertex 118.672 53.6372 -0.1
      vertex 118.899 53.711 -0.1
      vertex 118.672 53.6372 0.1
    endloop
  endfacet
  facet normal -0.808994 -0.587818 0
    outer loop
      vertex 119.04 53.5178 0.1
      vertex 118.899 53.711 0.1
      vertex 119.04 53.5178 -0.1
    endloop
  endfacet
  facet normal -0.808994 -0.587818 0
    outer loop
      vertex 119.04 53.5178 -0.1
      vertex 118.899 53.711 0.1
      vertex 118.899 53.711 -0.1
    endloop
  endfacet
  facet normal -1 0 0
    outer loop
      vertex 119.04 53.5178 0.1
      vertex 119.04 53.5178 -0.1
      vertex 119.04 51.6382 0.1
    endloop
  endfacet
  facet normal -1 0 0
    outer loop
      vertex 119.04 51.6382 0.1
      vertex 119.04 53.5178 -0.1
      vertex 119.04 51.6382 -0.1
    endloop
  endfacet
  facet normal -0.808994 0.587818 0
    outer loop
      vertex 119.04 51.6382 0.1
      vertex 119.04 51.6382 -0.1
      vertex 118.899 51.445 0.1
    endloop
  endfacet
  facet normal -0.808994 0.587818 0
    outer loop
      vertex 118.899 51.445 0.1
      vertex 119.04 51.6382 -0.1
      vertex 118.899 51.445 -0.1
    endloop
  endfacet
  facet normal 0.309009 0.951059 -0
    outer loop
      vertex 118.899 51.445 0.1
      vertex 118.899 51.445 -0.1
      vertex 118.672 51.5188 0.1
    endloop
  endfacet
  facet normal 0.309009 0.951059 -0
    outer loop
      vertex 118.672 51.5188 0.1
      vertex 118.899 51.445 -0.1
      vertex 118.672 51.5188 -0.1
    endloop
  endfacet
  facet normal 1 0 0
    outer loop
      vertex 118.672 51.6382 -0.1
      vertex 118.672 51.6382 0.1
      vertex 118.672 51.5188 0.1
    endloop
  endfacet
  facet normal 1 0 0
    outer loop
      vertex 118.672 51.5188 -0.1
      vertex 118.672 51.6382 -0.1
      vertex 118.672 51.5188 0.1
    endloop
  endfacet
  facet normal 0 1 0
    outer loop
      vertex 118.672 51.6382 0.1
      vertex 118.672 51.6382 -0.1
      vertex 118.633 51.6382 0.1
    endloop
  endfacet
  facet normal 0 1 -0
    outer loop
      vertex 118.633 51.6382 0.1
      vertex 118.672 51.6382 -0.1
      vertex 118.633 51.6382 -0.1
    endloop
  endfacet
  facet normal 1 0 0
    outer loop
      vertex 118.715 75.9906 -0.1
      vertex 118.715 75.9906 0.1
      vertex 118.715 75.3934 0.1
    endloop
  endfacet
  facet normal 1 0 0
    outer loop
      vertex 118.715 75.3934 -0.1
      vertex 118.715 75.9906 -0.1
      vertex 118.715 75.3934 0.1
    endloop
  endfacet
  facet normal 0.309009 -0.951059 0
    outer loop
      vertex 119.283 76.1751 -0.1
      vertex 119.283 76.1751 0.1
      vertex 118.715 75.9906 0.1
    endloop
  endfacet
  facet normal 0.309009 -0.951059 0
    outer loop
      vertex 118.715 75.9906 -0.1
      vertex 119.283 76.1751 -0.1
      vertex 118.715 75.9906 0.1
    endloop
  endfacet
  facet normal -0.809008 -0.587797 0
    outer loop
      vertex 119.634 75.692 0.1
      vertex 119.283 76.1751 0.1
      vertex 119.634 75.692 -0.1
    endloop
  endfacet
  facet normal -0.809008 -0.587797 0
    outer loop
      vertex 119.634 75.692 -0.1
      vertex 119.283 76.1751 0.1
      vertex 119.283 76.1751 -0.1
    endloop
  endfacet
  facet normal -0.809008 0.587797 0
    outer loop
      vertex 119.634 75.692 0.1
      vertex 119.634 75.692 -0.1
      vertex 119.283 75.2089 0.1
    endloop
  endfacet
  facet normal -0.809008 0.587797 0
    outer loop
      vertex 119.283 75.2089 0.1
      vertex 119.634 75.692 -0.1
      vertex 119.283 75.2089 -0.1
    endloop
  endfacet
  facet normal 0.309009 0.951059 -0
    outer loop
      vertex 119.283 75.2089 0.1
      vertex 119.283 75.2089 -0.1
      vertex 118.715 75.3934 0.1
    endloop
  endfacet
  facet normal 0.309009 0.951059 -0
    outer loop
      vertex 118.715 75.3934 0.1
      vertex 119.283 75.2089 -0.1
      vertex 118.715 75.3934 -0.1
    endloop
  endfacet
  facet normal 1 0 0
    outer loop
      vertex 119.283 46.6598 -0.1
      vertex 119.283 46.6598 0.1
      vertex 119.283 44.7802 0.1
    endloop
  endfacet
  facet normal 1 0 0
    outer loop
      vertex 119.283 44.7802 -0.1
      vertex 119.283 46.6598 -0.1
      vertex 119.283 44.7802 0.1
    endloop
  endfacet
  facet normal 0 -1 0
    outer loop
      vertex 119.322 46.6598 -0.1
      vertex 119.322 46.6598 0.1
      vertex 119.283 46.6598 0.1
    endloop
  endfacet
  facet normal -0 -1 -0
    outer loop
      vertex 119.283 46.6598 -0.1
      vertex 119.322 46.6598 -0.1
      vertex 119.283 46.6598 0.1
    endloop
  endfacet
  facet normal 1 0 0
    outer loop
      vertex 119.322 46.7792 -0.1
      vertex 119.322 46.7792 0.1
      vertex 119.322 46.6598 0.1
    endloop
  endfacet
  facet normal 1 0 0
    outer loop
      vertex 119.322 46.6598 -0.1
      vertex 119.322 46.7792 -0.1
      vertex 119.322 46.6598 0.1
    endloop
  endfacet
  facet normal 0.309009 -0.951059 0
    outer loop
      vertex 119.549 46.853 -0.1
      vertex 119.549 46.853 0.1
      vertex 119.322 46.7792 0.1
    endloop
  endfacet
  facet normal 0.309009 -0.951059 0
    outer loop
      vertex 119.322 46.7792 -0.1
      vertex 119.549 46.853 -0.1
      vertex 119.322 46.7792 0.1
    endloop
  endfacet
  facet normal -0.808994 -0.587818 0
    outer loop
      vertex 119.69 46.6598 0.1
      vertex 119.549 46.853 0.1
      vertex 119.69 46.6598 -0.1
    endloop
  endfacet
  facet normal -0.808994 -0.587818 0
    outer loop
      vertex 119.69 46.6598 -0.1
      vertex 119.549 46.853 0.1
      vertex 119.549 46.853 -0.1
    endloop
  endfacet
  facet normal -1 0 0
    outer loop
      vertex 119.69 46.6598 0.1
      vertex 119.69 46.6598 -0.1
      vertex 119.69 44.7802 0.1
    endloop
  endfacet
  facet normal -1 0 0
    outer loop
      vertex 119.69 44.7802 0.1
      vertex 119.69 46.6598 -0.1
      vertex 119.69 44.7802 -0.1
    endloop
  endfacet
  facet normal -0.808994 0.587818 0
    outer loop
      vertex 119.69 44.7802 0.1
      vertex 119.69 44.7802 -0.1
      vertex 119.549 44.587 0.1
    endloop
  endfacet
  facet normal -0.808994 0.587818 0
    outer loop
      vertex 119.549 44.587 0.1
      vertex 119.69 44.7802 -0.1
      vertex 119.549 44.587 -0.1
    endloop
  endfacet
  facet normal 0.309009 0.951059 -0
    outer loop
      vertex 119.549 44.587 0.1
      vertex 119.549 44.587 -0.1
      vertex 119.322 44.6608 0.1
    endloop
  endfacet
  facet normal 0.309009 0.951059 -0
    outer loop
      vertex 119.322 44.6608 0.1
      vertex 119.549 44.587 -0.1
      vertex 119.322 44.6608 -0.1
    endloop
  endfacet
  facet normal 1 0 0
    outer loop
      vertex 119.322 44.7802 -0.1
      vertex 119.322 44.7802 0.1
      vertex 119.322 44.6608 0.1
    endloop
  endfacet
  facet normal 1 0 0
    outer loop
      vertex 119.322 44.6608 -0.1
      vertex 119.322 44.7802 -0.1
      vertex 119.322 44.6608 0.1
    endloop
  endfacet
  facet normal 0 1 0
    outer loop
      vertex 119.322 44.7802 0.1
      vertex 119.322 44.7802 -0.1
      vertex 119.283 44.7802 0.1
    endloop
  endfacet
  facet normal 0 1 -0
    outer loop
      vertex 119.283 44.7802 0.1
      vertex 119.322 44.7802 -0.1
      vertex 119.283 44.7802 -0.1
    endloop
  endfacet
  facet normal 1 0 0
    outer loop
      vertex 119.283 53.5178 -0.1
      vertex 119.283 53.5178 0.1
      vertex 119.283 51.6382 0.1
    endloop
  endfacet
  facet normal 1 0 0
    outer loop
      vertex 119.283 51.6382 -0.1
      vertex 119.283 53.5178 -0.1
      vertex 119.283 51.6382 0.1
    endloop
  endfacet
  facet normal 0 -1 0
    outer loop
      vertex 119.322 53.5178 -0.1
      vertex 119.322 53.5178 0.1
      vertex 119.283 53.5178 0.1
    endloop
  endfacet
  facet normal -0 -1 -0
    outer loop
      vertex 119.283 53.5178 -0.1
      vertex 119.322 53.5178 -0.1
      vertex 119.283 53.5178 0.1
    endloop
  endfacet
  facet normal 1 0 0
    outer loop
      vertex 119.322 53.6372 -0.1
      vertex 119.322 53.6372 0.1
      vertex 119.322 53.5178 0.1
    endloop
  endfacet
  facet normal 1 0 0
    outer loop
      vertex 119.322 53.5178 -0.1
      vertex 119.322 53.6372 -0.1
      vertex 119.322 53.5178 0.1
    endloop
  endfacet
  facet normal 0.309009 -0.951059 0
    outer loop
      vertex 119.549 53.711 -0.1
      vertex 119.549 53.711 0.1
      vertex 119.322 53.6372 0.1
    endloop
  endfacet
  facet normal 0.309009 -0.951059 0
    outer loop
      vertex 119.322 53.6372 -0.1
      vertex 119.549 53.711 -0.1
      vertex 119.322 53.6372 0.1
    endloop
  endfacet
  facet normal -0.808994 -0.587818 0
    outer loop
      vertex 119.69 53.5178 0.1
      vertex 119.549 53.711 0.1
      vertex 119.69 53.5178 -0.1
    endloop
  endfacet
  facet normal -0.808994 -0.587818 0
    outer loop
      vertex 119.69 53.5178 -0.1
      vertex 119.549 53.711 0.1
      vertex 119.549 53.711 -0.1
    endloop
  endfacet
  facet normal -1 0 0
    outer loop
      vertex 119.69 53.5178 0.1
      vertex 119.69 53.5178 -0.1
      vertex 119.69 51.6382 0.1
    endloop
  endfacet
  facet normal -1 0 0
    outer loop
      vertex 119.69 51.6382 0.1
      vertex 119.69 53.5178 -0.1
      vertex 119.69 51.6382 -0.1
    endloop
  endfacet
  facet normal -0.808994 0.587818 0
    outer loop
      vertex 119.69 51.6382 0.1
      vertex 119.69 51.6382 -0.1
      vertex 119.549 51.445 0.1
    endloop
  endfacet
  facet normal -0.808994 0.587818 0
    outer loop
      vertex 119.549 51.445 0.1
      vertex 119.69 51.6382 -0.1
      vertex 119.549 51.445 -0.1
    endloop
  endfacet
  facet normal 0.309009 0.951059 -0
    outer loop
      vertex 119.549 51.445 0.1
      vertex 119.549 51.445 -0.1
      vertex 119.322 51.5188 0.1
    endloop
  endfacet
  facet normal 0.309009 0.951059 -0
    outer loop
      vertex 119.322 51.5188 0.1
      vertex 119.549 51.445 -0.1
      vertex 119.322 51.5188 -0.1
    endloop
  endfacet
  facet normal 1 0 0
    outer loop
      vertex 119.322 51.6382 -0.1
      vertex 119.322 51.6382 0.1
      vertex 119.322 51.5188 0.1
    endloop
  endfacet
  facet normal 1 0 0
    outer loop
      vertex 119.322 51.5188 -0.1
      vertex 119.322 51.6382 -0.1
      vertex 119.322 51.5188 0.1
    endloop
  endfacet
  facet normal 0 1 0
    outer loop
      vertex 119.322 51.6382 0.1
      vertex 119.322 51.6382 -0.1
      vertex 119.283 51.6382 0.1
    endloop
  endfacet
  facet normal 0 1 -0
    outer loop
      vertex 119.283 51.6382 0.1
      vertex 119.322 51.6382 -0.1
      vertex 119.283 51.6382 -0.1
    endloop
  endfacet
  facet normal 1 0 0
    outer loop
      vertex 119.38 40.767 -0.1
      vertex 119.38 40.767 0.1
      vertex 119.38 39.243 0.1
    endloop
  endfacet
  facet normal 1 0 0
    outer loop
      vertex 119.38 39.243 -0.1
      vertex 119.38 40.767 -0.1
      vertex 119.38 39.243 0.1
    endloop
  endfacet
  facet normal 0 -1 0
    outer loop
      vertex 120.904 40.767 -0.1
      vertex 120.904 40.767 0.1
      vertex 119.38 40.767 0.1
    endloop
  endfacet
  facet normal -0 -1 -0
    outer loop
      vertex 119.38 40.767 -0.1
      vertex 120.904 40.767 -0.1
      vertex 119.38 40.767 0.1
    endloop
  endfacet
  facet normal -1 0 0
    outer loop
      vertex 120.904 40.767 0.1
      vertex 120.904 40.767 -0.1
      vertex 120.904 39.243 0.1
    endloop
  endfacet
  facet normal -1 0 0
    outer loop
      vertex 120.904 39.243 0.1
      vertex 120.904 40.767 -0.1
      vertex 120.904 39.243 -0.1
    endloop
  endfacet
  facet normal 0 1 0
    outer loop
      vertex 120.904 39.243 0.1
      vertex 120.904 39.243 -0.1
      vertex 119.38 39.243 0.1
    endloop
  endfacet
  facet normal 0 1 -0
    outer loop
      vertex 119.38 39.243 0.1
      vertex 120.904 39.243 -0.1
      vertex 119.38 39.243 -0.1
    endloop
  endfacet
  facet normal 1 0 0
    outer loop
      vertex 119.934 46.6598 -0.1
      vertex 119.934 46.6598 0.1
      vertex 119.934 44.7802 0.1
    endloop
  endfacet
  facet normal 1 0 0
    outer loop
      vertex 119.934 44.7802 -0.1
      vertex 119.934 46.6598 -0.1
      vertex 119.934 44.7802 0.1
    endloop
  endfacet
  facet normal 0 -1 0
    outer loop
      vertex 119.973 46.6598 -0.1
      vertex 119.973 46.6598 0.1
      vertex 119.934 46.6598 0.1
    endloop
  endfacet
  facet normal -0 -1 -0
    outer loop
      vertex 119.934 46.6598 -0.1
      vertex 119.973 46.6598 -0.1
      vertex 119.934 46.6598 0.1
    endloop
  endfacet
  facet normal 1 0 0
    outer loop
      vertex 119.973 46.7792 -0.1
      vertex 119.973 46.7792 0.1
      vertex 119.973 46.6598 0.1
    endloop
  endfacet
  facet normal 1 0 0
    outer loop
      vertex 119.973 46.6598 -0.1
      vertex 119.973 46.7792 -0.1
      vertex 119.973 46.6598 0.1
    endloop
  endfacet
  facet normal 0.309009 -0.951059 0
    outer loop
      vertex 120.2 46.853 -0.1
      vertex 120.2 46.853 0.1
      vertex 119.973 46.7792 0.1
    endloop
  endfacet
  facet normal 0.309009 -0.951059 0
    outer loop
      vertex 119.973 46.7792 -0.1
      vertex 120.2 46.853 -0.1
      vertex 119.973 46.7792 0.1
    endloop
  endfacet
  facet normal -0.808994 -0.587818 0
    outer loop
      vertex 120.34 46.6598 0.1
      vertex 120.2 46.853 0.1
      vertex 120.34 46.6598 -0.1
    endloop
  endfacet
  facet normal -0.808994 -0.587818 0
    outer loop
      vertex 120.34 46.6598 -0.1
      vertex 120.2 46.853 0.1
      vertex 120.2 46.853 -0.1
    endloop
  endfacet
  facet normal -1 0 0
    outer loop
      vertex 120.34 46.6598 0.1
      vertex 120.34 46.6598 -0.1
      vertex 120.34 44.7802 0.1
    endloop
  endfacet
  facet normal -1 0 0
    outer loop
      vertex 120.34 44.7802 0.1
      vertex 120.34 46.6598 -0.1
      vertex 120.34 44.7802 -0.1
    endloop
  endfacet
  facet normal -0.808994 0.587818 0
    outer loop
      vertex 120.34 44.7802 0.1
      vertex 120.34 44.7802 -0.1
      vertex 120.2 44.587 0.1
    endloop
  endfacet
  facet normal -0.808994 0.587818 0
    outer loop
      vertex 120.2 44.587 0.1
      vertex 120.34 44.7802 -0.1
      vertex 120.2 44.587 -0.1
    endloop
  endfacet
  facet normal 0.309009 0.951059 -0
    outer loop
      vertex 120.2 44.587 0.1
      vertex 120.2 44.587 -0.1
      vertex 119.973 44.6608 0.1
    endloop
  endfacet
  facet normal 0.309009 0.951059 -0
    outer loop
      vertex 119.973 44.6608 0.1
      vertex 120.2 44.587 -0.1
      vertex 119.973 44.6608 -0.1
    endloop
  endfacet
  facet normal 1 0 0
    outer loop
      vertex 119.973 44.7802 -0.1
      vertex 119.973 44.7802 0.1
      vertex 119.973 44.6608 0.1
    endloop
  endfacet
  facet normal 1 0 0
    outer loop
      vertex 119.973 44.6608 -0.1
      vertex 119.973 44.7802 -0.1
      vertex 119.973 44.6608 0.1
    endloop
  endfacet
  facet normal 0 1 0
    outer loop
      vertex 119.973 44.7802 0.1
      vertex 119.973 44.7802 -0.1
      vertex 119.934 44.7802 0.1
    endloop
  endfacet
  facet normal 0 1 -0
    outer loop
      vertex 119.934 44.7802 0.1
      vertex 119.973 44.7802 -0.1
      vertex 119.934 44.7802 -0.1
    endloop
  endfacet
  facet normal 1 0 0
    outer loop
      vertex 119.934 53.721 -0.1
      vertex 119.934 53.721 0.1
      vertex 119.934 51.435 0.1
    endloop
  endfacet
  facet normal 1 0 0
    outer loop
      vertex 119.934 51.435 -0.1
      vertex 119.934 53.721 -0.1
      vertex 119.934 51.435 0.1
    endloop
  endfacet
  facet normal 0 -1 0
    outer loop
      vertex 120.34 53.721 -0.1
      vertex 120.34 53.721 0.1
      vertex 119.934 53.721 0.1
    endloop
  endfacet
  facet normal -0 -1 -0
    outer loop
      vertex 119.934 53.721 -0.1
      vertex 120.34 53.721 -0.1
      vertex 119.934 53.721 0.1
    endloop
  endfacet
  facet normal -1 0 0
    outer loop
      vertex 120.34 53.721 0.1
      vertex 120.34 53.721 -0.1
      vertex 120.34 51.435 0.1
    endloop
  endfacet
  facet normal -1 0 0
    outer loop
      vertex 120.34 51.435 0.1
      vertex 120.34 53.721 -0.1
      vertex 120.34 51.435 -0.1
    endloop
  endfacet
  facet normal 0 1 0
    outer loop
      vertex 120.34 51.435 0.1
      vertex 120.34 51.435 -0.1
      vertex 119.934 51.435 0.1
    endloop
  endfacet
  facet normal 0 1 -0
    outer loop
      vertex 119.934 51.435 0.1
      vertex 120.34 51.435 -0.1
      vertex 119.934 51.435 -0.1
    endloop
  endfacet
  facet normal 1 0 0
    outer loop
      vertex 120.584 46.863 -0.1
      vertex 120.584 46.863 0.1
      vertex 120.584 44.577 0.1
    endloop
  endfacet
  facet normal 1 0 0
    outer loop
      vertex 120.584 44.577 -0.1
      vertex 120.584 46.863 -0.1
      vertex 120.584 44.577 0.1
    endloop
  endfacet
  facet normal 0 -1 0
    outer loop
      vertex 120.99 46.863 -0.1
      vertex 120.99 46.863 0.1
      vertex 120.584 46.863 0.1
    endloop
  endfacet
  facet normal -0 -1 -0
    outer loop
      vertex 120.584 46.863 -0.1
      vertex 120.99 46.863 -0.1
      vertex 120.584 46.863 0.1
    endloop
  endfacet
  facet normal -1 0 0
    outer loop
      vertex 120.99 46.863 0.1
      vertex 120.99 46.863 -0.1
      vertex 120.99 44.577 0.1
    endloop
  endfacet
  facet normal -1 0 0
    outer loop
      vertex 120.99 44.577 0.1
      vertex 120.99 46.863 -0.1
      vertex 120.99 44.577 -0.1
    endloop
  endfacet
  facet normal 0 1 0
    outer loop
      vertex 120.99 44.577 0.1
      vertex 120.99 44.577 -0.1
      vertex 120.584 44.577 0.1
    endloop
  endfacet
  facet normal 0 1 -0
    outer loop
      vertex 120.584 44.577 0.1
      vertex 120.99 44.577 -0.1
      vertex 120.584 44.577 -0.1
    endloop
  endfacet
  facet normal 1 0 0
    outer loop
      vertex 120.584 53.5178 -0.1
      vertex 120.584 53.5178 0.1
      vertex 120.584 51.6382 0.1
    endloop
  endfacet
  facet normal 1 0 0
    outer loop
      vertex 120.584 51.6382 -0.1
      vertex 120.584 53.5178 -0.1
      vertex 120.584 51.6382 0.1
    endloop
  endfacet
  facet normal 0 -1 0
    outer loop
      vertex 120.623 53.5178 -0.1
      vertex 120.623 53.5178 0.1
      vertex 120.584 53.5178 0.1
    endloop
  endfacet
  facet normal -0 -1 -0
    outer loop
      vertex 120.584 53.5178 -0.1
      vertex 120.623 53.5178 -0.1
      vertex 120.584 53.5178 0.1
    endloop
  endfacet
  facet normal 1 0 0
    outer loop
      vertex 120.623 53.6372 -0.1
      vertex 120.623 53.6372 0.1
      vertex 120.623 53.5178 0.1
    endloop
  endfacet
  facet normal 1 0 0
    outer loop
      vertex 120.623 53.5178 -0.1
      vertex 120.623 53.6372 -0.1
      vertex 120.623 53.5178 0.1
    endloop
  endfacet
  facet normal 0.309009 -0.951059 0
    outer loop
      vertex 120.85 53.711 -0.1
      vertex 120.85 53.711 0.1
      vertex 120.623 53.6372 0.1
    endloop
  endfacet
  facet normal 0.309009 -0.951059 0
    outer loop
      vertex 120.623 53.6372 -0.1
      vertex 120.85 53.711 -0.1
      vertex 120.623 53.6372 0.1
    endloop
  endfacet
  facet normal -0.808994 -0.587818 0
    outer loop
      vertex 120.99 53.5178 0.1
      vertex 120.85 53.711 0.1
      vertex 120.99 53.5178 -0.1
    endloop
  endfacet
  facet normal -0.808994 -0.587818 0
    outer loop
      vertex 120.99 53.5178 -0.1
      vertex 120.85 53.711 0.1
      vertex 120.85 53.711 -0.1
    endloop
  endfacet
  facet normal -1 0 0
    outer loop
      vertex 120.99 53.5178 0.1
      vertex 120.99 53.5178 -0.1
      vertex 120.99 51.6382 0.1
    endloop
  endfacet
  facet normal -1 0 0
    outer loop
      vertex 120.99 51.6382 0.1
      vertex 120.99 53.5178 -0.1
      vertex 120.99 51.6382 -0.1
    endloop
  endfacet
  facet normal -0.808994 0.587818 0
    outer loop
      vertex 120.99 51.6382 0.1
      vertex 120.99 51.6382 -0.1
      vertex 120.85 51.445 0.1
    endloop
  endfacet
  facet normal -0.808994 0.587818 0
    outer loop
      vertex 120.85 51.445 0.1
      vertex 120.99 51.6382 -0.1
      vertex 120.85 51.445 -0.1
    endloop
  endfacet
  facet normal 0.309009 0.951059 -0
    outer loop
      vertex 120.85 51.445 0.1
      vertex 120.85 51.445 -0.1
      vertex 120.623 51.5188 0.1
    endloop
  endfacet
  facet normal 0.309009 0.951059 -0
    outer loop
      vertex 120.623 51.5188 0.1
      vertex 120.85 51.445 -0.1
      vertex 120.623 51.5188 -0.1
    endloop
  endfacet
  facet normal 1 0 0
    outer loop
      vertex 120.623 51.6382 -0.1
      vertex 120.623 51.6382 0.1
      vertex 120.623 51.5188 0.1
    endloop
  endfacet
  facet normal 1 0 0
    outer loop
      vertex 120.623 51.5188 -0.1
      vertex 120.623 51.6382 -0.1
      vertex 120.623 51.5188 0.1
    endloop
  endfacet
  facet normal 0 1 0
    outer loop
      vertex 120.623 51.6382 0.1
      vertex 120.623 51.6382 -0.1
      vertex 120.584 51.6382 0.1
    endloop
  endfacet
  facet normal 0 1 -0
    outer loop
      vertex 120.584 51.6382 0.1
      vertex 120.623 51.6382 -0.1
      vertex 120.584 51.6382 -0.1
    endloop
  endfacet
  facet normal 1 0 0
    outer loop
      vertex 120.65 57.785 -0.1
      vertex 120.65 57.785 0.1
      vertex 120.65 56.515 0.1
    endloop
  endfacet
  facet normal 1 0 0
    outer loop
      vertex 120.65 56.515 -0.1
      vertex 120.65 57.785 -0.1
      vertex 120.65 56.515 0.1
    endloop
  endfacet
  facet normal 0 -1 0
    outer loop
      vertex 121.92 57.785 -0.1
      vertex 121.92 57.785 0.1
      vertex 120.65 57.785 0.1
    endloop
  endfacet
  facet normal -0 -1 -0
    outer loop
      vertex 120.65 57.785 -0.1
      vertex 121.92 57.785 -0.1
      vertex 120.65 57.785 0.1
    endloop
  endfacet
  facet normal -1 0 0
    outer loop
      vertex 121.92 57.785 0.1
      vertex 121.92 57.785 -0.1
      vertex 121.92 56.515 0.1
    endloop
  endfacet
  facet normal -1 0 0
    outer loop
      vertex 121.92 56.515 0.1
      vertex 121.92 57.785 -0.1
      vertex 121.92 56.515 -0.1
    endloop
  endfacet
  facet normal 0 1 0
    outer loop
      vertex 121.92 56.515 0.1
      vertex 121.92 56.515 -0.1
      vertex 120.65 56.515 0.1
    endloop
  endfacet
  facet normal 0 1 -0
    outer loop
      vertex 120.65 56.515 0.1
      vertex 121.92 56.515 -0.1
      vertex 120.65 56.515 -0.1
    endloop
  endfacet
  facet normal 1 0 0
    outer loop
      vertex 120.65 59.9186 -0.1
      vertex 120.65 59.9186 0.1
      vertex 120.65 58.6486 0.1
    endloop
  endfacet
  facet normal 1 0 0
    outer loop
      vertex 120.65 58.6486 -0.1
      vertex 120.65 59.9186 -0.1
      vertex 120.65 58.6486 0.1
    endloop
  endfacet
  facet normal 0 -1 0
    outer loop
      vertex 121.92 59.9186 -0.1
      vertex 121.92 59.9186 0.1
      vertex 120.65 59.9186 0.1
    endloop
  endfacet
  facet normal -0 -1 -0
    outer loop
      vertex 120.65 59.9186 -0.1
      vertex 121.92 59.9186 -0.1
      vertex 120.65 59.9186 0.1
    endloop
  endfacet
  facet normal -1 0 0
    outer loop
      vertex 121.92 59.9186 0.1
      vertex 121.92 59.9186 -0.1
      vertex 121.92 58.6486 0.1
    endloop
  endfacet
  facet normal -1 0 0
    outer loop
      vertex 121.92 58.6486 0.1
      vertex 121.92 59.9186 -0.1
      vertex 121.92 58.6486 -0.1
    endloop
  endfacet
  facet normal 0 1 0
    outer loop
      vertex 121.92 58.6486 0.1
      vertex 121.92 58.6486 -0.1
      vertex 120.65 58.6486 0.1
    endloop
  endfacet
  facet normal 0 1 -0
    outer loop
      vertex 120.65 58.6486 0.1
      vertex 121.92 58.6486 -0.1
      vertex 120.65 58.6486 -0.1
    endloop
  endfacet
  facet normal 1 0 0
    outer loop
      vertex 121.234 46.6598 -0.1
      vertex 121.234 46.6598 0.1
      vertex 121.234 44.7802 0.1
    endloop
  endfacet
  facet normal 1 0 0
    outer loop
      vertex 121.234 44.7802 -0.1
      vertex 121.234 46.6598 -0.1
      vertex 121.234 44.7802 0.1
    endloop
  endfacet
  facet normal 0 -1 0
    outer loop
      vertex 121.273 46.6598 -0.1
      vertex 121.273 46.6598 0.1
      vertex 121.234 46.6598 0.1
    endloop
  endfacet
  facet normal -0 -1 -0
    outer loop
      vertex 121.234 46.6598 -0.1
      vertex 121.273 46.6598 -0.1
      vertex 121.234 46.6598 0.1
    endloop
  endfacet
  facet normal 1 0 0
    outer loop
      vertex 121.273 46.7792 -0.1
      vertex 121.273 46.7792 0.1
      vertex 121.273 46.6598 0.1
    endloop
  endfacet
  facet normal 1 0 0
    outer loop
      vertex 121.273 46.6598 -0.1
      vertex 121.273 46.7792 -0.1
      vertex 121.273 46.6598 0.1
    endloop
  endfacet
  facet normal 0.309009 -0.951059 0
    outer loop
      vertex 121.5 46.853 -0.1
      vertex 121.5 46.853 0.1
      vertex 121.273 46.7792 0.1
    endloop
  endfacet
  facet normal 0.309009 -0.951059 0
    outer loop
      vertex 121.273 46.7792 -0.1
      vertex 121.5 46.853 -0.1
      vertex 121.273 46.7792 0.1
    endloop
  endfacet
  facet normal -0.808994 -0.587818 0
    outer loop
      vertex 121.641 46.6598 0.1
      vertex 121.5 46.853 0.1
      vertex 121.641 46.6598 -0.1
    endloop
  endfacet
  facet normal -0.808994 -0.587818 0
    outer loop
      vertex 121.641 46.6598 -0.1
      vertex 121.5 46.853 0.1
      vertex 121.5 46.853 -0.1
    endloop
  endfacet
  facet normal -1 0 0
    outer loop
      vertex 121.641 46.6598 0.1
      vertex 121.641 46.6598 -0.1
      vertex 121.641 44.7802 0.1
    endloop
  endfacet
  facet normal -1 0 0
    outer loop
      vertex 121.641 44.7802 0.1
      vertex 121.641 46.6598 -0.1
      vertex 121.641 44.7802 -0.1
    endloop
  endfacet
  facet normal -0.808994 0.587818 0
    outer loop
      vertex 121.641 44.7802 0.1
      vertex 121.641 44.7802 -0.1
      vertex 121.5 44.587 0.1
    endloop
  endfacet
  facet normal -0.808994 0.587818 0
    outer loop
      vertex 121.5 44.587 0.1
      vertex 121.641 44.7802 -0.1
      vertex 121.5 44.587 -0.1
    endloop
  endfacet
  facet normal 0.309009 0.951059 -0
    outer loop
      vertex 121.5 44.587 0.1
      vertex 121.5 44.587 -0.1
      vertex 121.273 44.6608 0.1
    endloop
  endfacet
  facet normal 0.309009 0.951059 -0
    outer loop
      vertex 121.273 44.6608 0.1
      vertex 121.5 44.587 -0.1
      vertex 121.273 44.6608 -0.1
    endloop
  endfacet
  facet normal 1 0 0
    outer loop
      vertex 121.273 44.7802 -0.1
      vertex 121.273 44.7802 0.1
      vertex 121.273 44.6608 0.1
    endloop
  endfacet
  facet normal 1 0 0
    outer loop
      vertex 121.273 44.6608 -0.1
      vertex 121.273 44.7802 -0.1
      vertex 121.273 44.6608 0.1
    endloop
  endfacet
  facet normal 0 1 0
    outer loop
      vertex 121.273 44.7802 0.1
      vertex 121.273 44.7802 -0.1
      vertex 121.234 44.7802 0.1
    endloop
  endfacet
  facet normal 0 1 -0
    outer loop
      vertex 121.234 44.7802 0.1
      vertex 121.273 44.7802 -0.1
      vertex 121.234 44.7802 -0.1
    endloop
  endfacet
  facet normal 1 0 0
    outer loop
      vertex 121.234 53.5178 -0.1
      vertex 121.234 53.5178 0.1
      vertex 121.234 51.6382 0.1
    endloop
  endfacet
  facet normal 1 0 0
    outer loop
      vertex 121.234 51.6382 -0.1
      vertex 121.234 53.5178 -0.1
      vertex 121.234 51.6382 0.1
    endloop
  endfacet
  facet normal 0 -1 0
    outer loop
      vertex 121.273 53.5178 -0.1
      vertex 121.273 53.5178 0.1
      vertex 121.234 53.5178 0.1
    endloop
  endfacet
  facet normal -0 -1 -0
    outer loop
      vertex 121.234 53.5178 -0.1
      vertex 121.273 53.5178 -0.1
      vertex 121.234 53.5178 0.1
    endloop
  endfacet
  facet normal 1 0 0
    outer loop
      vertex 121.273 53.6372 -0.1
      vertex 121.273 53.6372 0.1
      vertex 121.273 53.5178 0.1
    endloop
  endfacet
  facet normal 1 0 0
    outer loop
      vertex 121.273 53.5178 -0.1
      vertex 121.273 53.6372 -0.1
      vertex 121.273 53.5178 0.1
    endloop
  endfacet
  facet normal 0.309009 -0.951059 0
    outer loop
      vertex 121.5 53.711 -0.1
      vertex 121.5 53.711 0.1
      vertex 121.273 53.6372 0.1
    endloop
  endfacet
  facet normal 0.309009 -0.951059 0
    outer loop
      vertex 121.273 53.6372 -0.1
      vertex 121.5 53.711 -0.1
      vertex 121.273 53.6372 0.1
    endloop
  endfacet
  facet normal -0.808994 -0.587818 0
    outer loop
      vertex 121.641 53.5178 0.1
      vertex 121.5 53.711 0.1
      vertex 121.641 53.5178 -0.1
    endloop
  endfacet
  facet normal -0.808994 -0.587818 0
    outer loop
      vertex 121.641 53.5178 -0.1
      vertex 121.5 53.711 0.1
      vertex 121.5 53.711 -0.1
    endloop
  endfacet
  facet normal -1 0 0
    outer loop
      vertex 121.641 53.5178 0.1
      vertex 121.641 53.5178 -0.1
      vertex 121.641 51.6382 0.1
    endloop
  endfacet
  facet normal -1 0 0
    outer loop
      vertex 121.641 51.6382 0.1
      vertex 121.641 53.5178 -0.1
      vertex 121.641 51.6382 -0.1
    endloop
  endfacet
  facet normal -0.808994 0.587818 0
    outer loop
      vertex 121.641 51.6382 0.1
      vertex 121.641 51.6382 -0.1
      vertex 121.5 51.445 0.1
    endloop
  endfacet
  facet normal -0.808994 0.587818 0
    outer loop
      vertex 121.5 51.445 0.1
      vertex 121.641 51.6382 -0.1
      vertex 121.5 51.445 -0.1
    endloop
  endfacet
  facet normal 0.309009 0.951059 -0
    outer loop
      vertex 121.5 51.445 0.1
      vertex 121.5 51.445 -0.1
      vertex 121.273 51.5188 0.1
    endloop
  endfacet
  facet normal 0.309009 0.951059 -0
    outer loop
      vertex 121.273 51.5188 0.1
      vertex 121.5 51.445 -0.1
      vertex 121.273 51.5188 -0.1
    endloop
  endfacet
  facet normal 1 0 0
    outer loop
      vertex 121.273 51.6382 -0.1
      vertex 121.273 51.6382 0.1
      vertex 121.273 51.5188 0.1
    endloop
  endfacet
  facet normal 1 0 0
    outer loop
      vertex 121.273 51.5188 -0.1
      vertex 121.273 51.6382 -0.1
      vertex 121.273 51.5188 0.1
    endloop
  endfacet
  facet normal 0 1 0
    outer loop
      vertex 121.273 51.6382 0.1
      vertex 121.273 51.6382 -0.1
      vertex 121.234 51.6382 0.1
    endloop
  endfacet
  facet normal 0 1 -0
    outer loop
      vertex 121.234 51.6382 0.1
      vertex 121.273 51.6382 -0.1
      vertex 121.234 51.6382 -0.1
    endloop
  endfacet
  facet normal 1 0 0
    outer loop
      vertex 121.884 46.6598 -0.1
      vertex 121.884 46.6598 0.1
      vertex 121.884 44.7802 0.1
    endloop
  endfacet
  facet normal 1 0 0
    outer loop
      vertex 121.884 44.7802 -0.1
      vertex 121.884 46.6598 -0.1
      vertex 121.884 44.7802 0.1
    endloop
  endfacet
  facet normal 0 -1 0
    outer loop
      vertex 121.923 46.6598 -0.1
      vertex 121.923 46.6598 0.1
      vertex 121.884 46.6598 0.1
    endloop
  endfacet
  facet normal -0 -1 -0
    outer loop
      vertex 121.884 46.6598 -0.1
      vertex 121.923 46.6598 -0.1
      vertex 121.884 46.6598 0.1
    endloop
  endfacet
  facet normal 1 0 0
    outer loop
      vertex 121.923 46.7792 -0.1
      vertex 121.923 46.7792 0.1
      vertex 121.923 46.6598 0.1
    endloop
  endfacet
  facet normal 1 0 0
    outer loop
      vertex 121.923 46.6598 -0.1
      vertex 121.923 46.7792 -0.1
      vertex 121.923 46.6598 0.1
    endloop
  endfacet
  facet normal 0.309009 -0.951059 0
    outer loop
      vertex 122.15 46.853 -0.1
      vertex 122.15 46.853 0.1
      vertex 121.923 46.7792 0.1
    endloop
  endfacet
  facet normal 0.309009 -0.951059 0
    outer loop
      vertex 121.923 46.7792 -0.1
      vertex 122.15 46.853 -0.1
      vertex 121.923 46.7792 0.1
    endloop
  endfacet
  facet normal -0.808994 -0.587818 0
    outer loop
      vertex 122.291 46.6598 0.1
      vertex 122.15 46.853 0.1
      vertex 122.291 46.6598 -0.1
    endloop
  endfacet
  facet normal -0.808994 -0.587818 0
    outer loop
      vertex 122.291 46.6598 -0.1
      vertex 122.15 46.853 0.1
      vertex 122.15 46.853 -0.1
    endloop
  endfacet
  facet normal -1 0 0
    outer loop
      vertex 122.291 46.6598 0.1
      vertex 122.291 46.6598 -0.1
      vertex 122.291 44.7802 0.1
    endloop
  endfacet
  facet normal -1 0 0
    outer loop
      vertex 122.291 44.7802 0.1
      vertex 122.291 46.6598 -0.1
      vertex 122.291 44.7802 -0.1
    endloop
  endfacet
  facet normal -0.808994 0.587818 0
    outer loop
      vertex 122.291 44.7802 0.1
      vertex 122.291 44.7802 -0.1
      vertex 122.15 44.587 0.1
    endloop
  endfacet
  facet normal -0.808994 0.587818 0
    outer loop
      vertex 122.15 44.587 0.1
      vertex 122.291 44.7802 -0.1
      vertex 122.15 44.587 -0.1
    endloop
  endfacet
  facet normal 0.309009 0.951059 -0
    outer loop
      vertex 122.15 44.587 0.1
      vertex 122.15 44.587 -0.1
      vertex 121.923 44.6608 0.1
    endloop
  endfacet
  facet normal 0.309009 0.951059 -0
    outer loop
      vertex 121.923 44.6608 0.1
      vertex 122.15 44.587 -0.1
      vertex 121.923 44.6608 -0.1
    endloop
  endfacet
  facet normal 1 0 0
    outer loop
      vertex 121.923 44.7802 -0.1
      vertex 121.923 44.7802 0.1
      vertex 121.923 44.6608 0.1
    endloop
  endfacet
  facet normal 1 0 0
    outer loop
      vertex 121.923 44.6608 -0.1
      vertex 121.923 44.7802 -0.1
      vertex 121.923 44.6608 0.1
    endloop
  endfacet
  facet normal 0 1 0
    outer loop
      vertex 121.923 44.7802 0.1
      vertex 121.923 44.7802 -0.1
      vertex 121.884 44.7802 0.1
    endloop
  endfacet
  facet normal 0 1 -0
    outer loop
      vertex 121.884 44.7802 0.1
      vertex 121.923 44.7802 -0.1
      vertex 121.884 44.7802 -0.1
    endloop
  endfacet
  facet normal 1 0 0
    outer loop
      vertex 121.884 53.5178 -0.1
      vertex 121.884 53.5178 0.1
      vertex 121.884 51.6382 0.1
    endloop
  endfacet
  facet normal 1 0 0
    outer loop
      vertex 121.884 51.6382 -0.1
      vertex 121.884 53.5178 -0.1
      vertex 121.884 51.6382 0.1
    endloop
  endfacet
  facet normal 0 -1 0
    outer loop
      vertex 121.923 53.5178 -0.1
      vertex 121.923 53.5178 0.1
      vertex 121.884 53.5178 0.1
    endloop
  endfacet
  facet normal -0 -1 -0
    outer loop
      vertex 121.884 53.5178 -0.1
      vertex 121.923 53.5178 -0.1
      vertex 121.884 53.5178 0.1
    endloop
  endfacet
  facet normal 1 0 0
    outer loop
      vertex 121.923 53.6372 -0.1
      vertex 121.923 53.6372 0.1
      vertex 121.923 53.5178 0.1
    endloop
  endfacet
  facet normal 1 0 0
    outer loop
      vertex 121.923 53.5178 -0.1
      vertex 121.923 53.6372 -0.1
      vertex 121.923 53.5178 0.1
    endloop
  endfacet
  facet normal 0.309009 -0.951059 0
    outer loop
      vertex 122.15 53.711 -0.1
      vertex 122.15 53.711 0.1
      vertex 121.923 53.6372 0.1
    endloop
  endfacet
  facet normal 0.309009 -0.951059 0
    outer loop
      vertex 121.923 53.6372 -0.1
      vertex 122.15 53.711 -0.1
      vertex 121.923 53.6372 0.1
    endloop
  endfacet
  facet normal -0.808994 -0.587818 0
    outer loop
      vertex 122.291 53.5178 0.1
      vertex 122.15 53.711 0.1
      vertex 122.291 53.5178 -0.1
    endloop
  endfacet
  facet normal -0.808994 -0.587818 0
    outer loop
      vertex 122.291 53.5178 -0.1
      vertex 122.15 53.711 0.1
      vertex 122.15 53.711 -0.1
    endloop
  endfacet
  facet normal -1 0 0
    outer loop
      vertex 122.291 53.5178 0.1
      vertex 122.291 53.5178 -0.1
      vertex 122.291 51.6382 0.1
    endloop
  endfacet
  facet normal -1 0 0
    outer loop
      vertex 122.291 51.6382 0.1
      vertex 122.291 53.5178 -0.1
      vertex 122.291 51.6382 -0.1
    endloop
  endfacet
  facet normal -0.808994 0.587818 0
    outer loop
      vertex 122.291 51.6382 0.1
      vertex 122.291 51.6382 -0.1
      vertex 122.15 51.445 0.1
    endloop
  endfacet
  facet normal -0.808994 0.587818 0
    outer loop
      vertex 122.15 51.445 0.1
      vertex 122.291 51.6382 -0.1
      vertex 122.15 51.445 -0.1
    endloop
  endfacet
  facet normal 0.309009 0.951059 -0
    outer loop
      vertex 122.15 51.445 0.1
      vertex 122.15 51.445 -0.1
      vertex 121.923 51.5188 0.1
    endloop
  endfacet
  facet normal 0.309009 0.951059 -0
    outer loop
      vertex 121.923 51.5188 0.1
      vertex 122.15 51.445 -0.1
      vertex 121.923 51.5188 -0.1
    endloop
  endfacet
  facet normal 1 0 0
    outer loop
      vertex 121.923 51.6382 -0.1
      vertex 121.923 51.6382 0.1
      vertex 121.923 51.5188 0.1
    endloop
  endfacet
  facet normal 1 0 0
    outer loop
      vertex 121.923 51.5188 -0.1
      vertex 121.923 51.6382 -0.1
      vertex 121.923 51.5188 0.1
    endloop
  endfacet
  facet normal 0 1 0
    outer loop
      vertex 121.923 51.6382 0.1
      vertex 121.923 51.6382 -0.1
      vertex 121.884 51.6382 0.1
    endloop
  endfacet
  facet normal 0 1 -0
    outer loop
      vertex 121.884 51.6382 0.1
      vertex 121.923 51.6382 -0.1
      vertex 121.884 51.6382 -0.1
    endloop
  endfacet
  facet normal 1 0 0
    outer loop
      vertex 122.271 31.2866 -0.1
      vertex 122.271 31.2866 0.1
      vertex 122.271 30.6894 0.1
    endloop
  endfacet
  facet normal 1 0 0
    outer loop
      vertex 122.271 30.6894 -0.1
      vertex 122.271 31.2866 -0.1
      vertex 122.271 30.6894 0.1
    endloop
  endfacet
  facet normal 0.309009 -0.951059 0
    outer loop
      vertex 122.839 31.4711 -0.1
      vertex 122.839 31.4711 0.1
      vertex 122.271 31.2866 0.1
    endloop
  endfacet
  facet normal 0.309009 -0.951059 0
    outer loop
      vertex 122.271 31.2866 -0.1
      vertex 122.839 31.4711 -0.1
      vertex 122.271 31.2866 0.1
    endloop
  endfacet
  facet normal -0.809008 -0.587797 0
    outer loop
      vertex 123.19 30.988 0.1
      vertex 122.839 31.4711 0.1
      vertex 123.19 30.988 -0.1
    endloop
  endfacet
  facet normal -0.809008 -0.587797 0
    outer loop
      vertex 123.19 30.988 -0.1
      vertex 122.839 31.4711 0.1
      vertex 122.839 31.4711 -0.1
    endloop
  endfacet
  facet normal -0.809008 0.587797 0
    outer loop
      vertex 123.19 30.988 0.1
      vertex 123.19 30.988 -0.1
      vertex 122.839 30.5049 0.1
    endloop
  endfacet
  facet normal -0.809008 0.587797 0
    outer loop
      vertex 122.839 30.5049 0.1
      vertex 123.19 30.988 -0.1
      vertex 122.839 30.5049 -0.1
    endloop
  endfacet
  facet normal 0.309009 0.951059 -0
    outer loop
      vertex 122.839 30.5049 0.1
      vertex 122.839 30.5049 -0.1
      vertex 122.271 30.6894 0.1
    endloop
  endfacet
  facet normal 0.309009 0.951059 -0
    outer loop
      vertex 122.271 30.6894 0.1
      vertex 122.839 30.5049 -0.1
      vertex 122.271 30.6894 -0.1
    endloop
  endfacet
  facet normal 1 0 0
    outer loop
      vertex 122.535 46.6598 -0.1
      vertex 122.535 46.6598 0.1
      vertex 122.535 44.7802 0.1
    endloop
  endfacet
  facet normal 1 0 0
    outer loop
      vertex 122.535 44.7802 -0.1
      vertex 122.535 46.6598 -0.1
      vertex 122.535 44.7802 0.1
    endloop
  endfacet
  facet normal 0 -1 0
    outer loop
      vertex 122.573 46.6598 -0.1
      vertex 122.573 46.6598 0.1
      vertex 122.535 46.6598 0.1
    endloop
  endfacet
  facet normal -0 -1 -0
    outer loop
      vertex 122.535 46.6598 -0.1
      vertex 122.573 46.6598 -0.1
      vertex 122.535 46.6598 0.1
    endloop
  endfacet
  facet normal 1 0 0
    outer loop
      vertex 122.573 46.7792 -0.1
      vertex 122.573 46.7792 0.1
      vertex 122.573 46.6598 0.1
    endloop
  endfacet
  facet normal 1 0 0
    outer loop
      vertex 122.573 46.6598 -0.1
      vertex 122.573 46.7792 -0.1
      vertex 122.573 46.6598 0.1
    endloop
  endfacet
  facet normal 0.309009 -0.951059 0
    outer loop
      vertex 122.801 46.853 -0.1
      vertex 122.801 46.853 0.1
      vertex 122.573 46.7792 0.1
    endloop
  endfacet
  facet normal 0.309009 -0.951059 0
    outer loop
      vertex 122.573 46.7792 -0.1
      vertex 122.801 46.853 -0.1
      vertex 122.573 46.7792 0.1
    endloop
  endfacet
  facet normal -0.808994 -0.587818 0
    outer loop
      vertex 122.941 46.6598 0.1
      vertex 122.801 46.853 0.1
      vertex 122.941 46.6598 -0.1
    endloop
  endfacet
  facet normal -0.808994 -0.587818 0
    outer loop
      vertex 122.941 46.6598 -0.1
      vertex 122.801 46.853 0.1
      vertex 122.801 46.853 -0.1
    endloop
  endfacet
  facet normal -1 0 0
    outer loop
      vertex 122.941 46.6598 0.1
      vertex 122.941 46.6598 -0.1
      vertex 122.941 44.7802 0.1
    endloop
  endfacet
  facet normal -1 0 0
    outer loop
      vertex 122.941 44.7802 0.1
      vertex 122.941 46.6598 -0.1
      vertex 122.941 44.7802 -0.1
    endloop
  endfacet
  facet normal -0.808994 0.587818 0
    outer loop
      vertex 122.941 44.7802 0.1
      vertex 122.941 44.7802 -0.1
      vertex 122.801 44.587 0.1
    endloop
  endfacet
  facet normal -0.808994 0.587818 0
    outer loop
      vertex 122.801 44.587 0.1
      vertex 122.941 44.7802 -0.1
      vertex 122.801 44.587 -0.1
    endloop
  endfacet
  facet normal 0.309009 0.951059 -0
    outer loop
      vertex 122.801 44.587 0.1
      vertex 122.801 44.587 -0.1
      vertex 122.573 44.6608 0.1
    endloop
  endfacet
  facet normal 0.309009 0.951059 -0
    outer loop
      vertex 122.573 44.6608 0.1
      vertex 122.801 44.587 -0.1
      vertex 122.573 44.6608 -0.1
    endloop
  endfacet
  facet normal 1 0 0
    outer loop
      vertex 122.573 44.7802 -0.1
      vertex 122.573 44.7802 0.1
      vertex 122.573 44.6608 0.1
    endloop
  endfacet
  facet normal 1 0 0
    outer loop
      vertex 122.573 44.6608 -0.1
      vertex 122.573 44.7802 -0.1
      vertex 122.573 44.6608 0.1
    endloop
  endfacet
  facet normal 0 1 0
    outer loop
      vertex 122.573 44.7802 0.1
      vertex 122.573 44.7802 -0.1
      vertex 122.535 44.7802 0.1
    endloop
  endfacet
  facet normal 0 1 -0
    outer loop
      vertex 122.535 44.7802 0.1
      vertex 122.573 44.7802 -0.1
      vertex 122.535 44.7802 -0.1
    endloop
  endfacet
  facet normal 1 0 0
    outer loop
      vertex 122.535 53.5178 -0.1
      vertex 122.535 53.5178 0.1
      vertex 122.535 51.6382 0.1
    endloop
  endfacet
  facet normal 1 0 0
    outer loop
      vertex 122.535 51.6382 -0.1
      vertex 122.535 53.5178 -0.1
      vertex 122.535 51.6382 0.1
    endloop
  endfacet
  facet normal 0 -1 0
    outer loop
      vertex 122.573 53.5178 -0.1
      vertex 122.573 53.5178 0.1
      vertex 122.535 53.5178 0.1
    endloop
  endfacet
  facet normal -0 -1 -0
    outer loop
      vertex 122.535 53.5178 -0.1
      vertex 122.573 53.5178 -0.1
      vertex 122.535 53.5178 0.1
    endloop
  endfacet
  facet normal 1 0 0
    outer loop
      vertex 122.573 53.6372 -0.1
      vertex 122.573 53.6372 0.1
      vertex 122.573 53.5178 0.1
    endloop
  endfacet
  facet normal 1 0 0
    outer loop
      vertex 122.573 53.5178 -0.1
      vertex 122.573 53.6372 -0.1
      vertex 122.573 53.5178 0.1
    endloop
  endfacet
  facet normal 0.309009 -0.951059 0
    outer loop
      vertex 122.801 53.711 -0.1
      vertex 122.801 53.711 0.1
      vertex 122.573 53.6372 0.1
    endloop
  endfacet
  facet normal 0.309009 -0.951059 0
    outer loop
      vertex 122.573 53.6372 -0.1
      vertex 122.801 53.711 -0.1
      vertex 122.573 53.6372 0.1
    endloop
  endfacet
  facet normal -0.808994 -0.587818 0
    outer loop
      vertex 122.941 53.5178 0.1
      vertex 122.801 53.711 0.1
      vertex 122.941 53.5178 -0.1
    endloop
  endfacet
  facet normal -0.808994 -0.587818 0
    outer loop
      vertex 122.941 53.5178 -0.1
      vertex 122.801 53.711 0.1
      vertex 122.801 53.711 -0.1
    endloop
  endfacet
  facet normal -1 0 0
    outer loop
      vertex 122.941 53.5178 0.1
      vertex 122.941 53.5178 -0.1
      vertex 122.941 51.6382 0.1
    endloop
  endfacet
  facet normal -1 0 0
    outer loop
      vertex 122.941 51.6382 0.1
      vertex 122.941 53.5178 -0.1
      vertex 122.941 51.6382 -0.1
    endloop
  endfacet
  facet normal -0.808994 0.587818 0
    outer loop
      vertex 122.941 51.6382 0.1
      vertex 122.941 51.6382 -0.1
      vertex 122.801 51.445 0.1
    endloop
  endfacet
  facet normal -0.808994 0.587818 0
    outer loop
      vertex 122.801 51.445 0.1
      vertex 122.941 51.6382 -0.1
      vertex 122.801 51.445 -0.1
    endloop
  endfacet
  facet normal 0.309009 0.951059 -0
    outer loop
      vertex 122.801 51.445 0.1
      vertex 122.801 51.445 -0.1
      vertex 122.573 51.5188 0.1
    endloop
  endfacet
  facet normal 0.309009 0.951059 -0
    outer loop
      vertex 122.573 51.5188 0.1
      vertex 122.801 51.445 -0.1
      vertex 122.573 51.5188 -0.1
    endloop
  endfacet
  facet normal 1 0 0
    outer loop
      vertex 122.573 51.6382 -0.1
      vertex 122.573 51.6382 0.1
      vertex 122.573 51.5188 0.1
    endloop
  endfacet
  facet normal 1 0 0
    outer loop
      vertex 122.573 51.5188 -0.1
      vertex 122.573 51.6382 -0.1
      vertex 122.573 51.5188 0.1
    endloop
  endfacet
  facet normal 0 1 0
    outer loop
      vertex 122.573 51.6382 0.1
      vertex 122.573 51.6382 -0.1
      vertex 122.535 51.6382 0.1
    endloop
  endfacet
  facet normal 0 1 -0
    outer loop
      vertex 122.535 51.6382 0.1
      vertex 122.573 51.6382 -0.1
      vertex 122.535 51.6382 -0.1
    endloop
  endfacet
  facet normal 1 0 0
    outer loop
      vertex 123.185 46.6598 -0.1
      vertex 123.185 46.6598 0.1
      vertex 123.185 44.7802 0.1
    endloop
  endfacet
  facet normal 1 0 0
    outer loop
      vertex 123.185 44.7802 -0.1
      vertex 123.185 46.6598 -0.1
      vertex 123.185 44.7802 0.1
    endloop
  endfacet
  facet normal 0 -1 0
    outer loop
      vertex 123.224 46.6598 -0.1
      vertex 123.224 46.6598 0.1
      vertex 123.185 46.6598 0.1
    endloop
  endfacet
  facet normal -0 -1 -0
    outer loop
      vertex 123.185 46.6598 -0.1
      vertex 123.224 46.6598 -0.1
      vertex 123.185 46.6598 0.1
    endloop
  endfacet
  facet normal 1 0 0
    outer loop
      vertex 123.224 46.7792 -0.1
      vertex 123.224 46.7792 0.1
      vertex 123.224 46.6598 0.1
    endloop
  endfacet
  facet normal 1 0 0
    outer loop
      vertex 123.224 46.6598 -0.1
      vertex 123.224 46.7792 -0.1
      vertex 123.224 46.6598 0.1
    endloop
  endfacet
  facet normal 0.309009 -0.951059 0
    outer loop
      vertex 123.451 46.853 -0.1
      vertex 123.451 46.853 0.1
      vertex 123.224 46.7792 0.1
    endloop
  endfacet
  facet normal 0.309009 -0.951059 0
    outer loop
      vertex 123.224 46.7792 -0.1
      vertex 123.451 46.853 -0.1
      vertex 123.224 46.7792 0.1
    endloop
  endfacet
  facet normal -0.808994 -0.587818 0
    outer loop
      vertex 123.591 46.6598 0.1
      vertex 123.451 46.853 0.1
      vertex 123.591 46.6598 -0.1
    endloop
  endfacet
  facet normal -0.808994 -0.587818 0
    outer loop
      vertex 123.591 46.6598 -0.1
      vertex 123.451 46.853 0.1
      vertex 123.451 46.853 -0.1
    endloop
  endfacet
  facet normal -1 0 0
    outer loop
      vertex 123.591 46.6598 0.1
      vertex 123.591 46.6598 -0.1
      vertex 123.591 44.7802 0.1
    endloop
  endfacet
  facet normal -1 0 0
    outer loop
      vertex 123.591 44.7802 0.1
      vertex 123.591 46.6598 -0.1
      vertex 123.591 44.7802 -0.1
    endloop
  endfacet
  facet normal -0.808994 0.587818 0
    outer loop
      vertex 123.591 44.7802 0.1
      vertex 123.591 44.7802 -0.1
      vertex 123.451 44.587 0.1
    endloop
  endfacet
  facet normal -0.808994 0.587818 0
    outer loop
      vertex 123.451 44.587 0.1
      vertex 123.591 44.7802 -0.1
      vertex 123.451 44.587 -0.1
    endloop
  endfacet
  facet normal 0.309009 0.951059 -0
    outer loop
      vertex 123.451 44.587 0.1
      vertex 123.451 44.587 -0.1
      vertex 123.224 44.6608 0.1
    endloop
  endfacet
  facet normal 0.309009 0.951059 -0
    outer loop
      vertex 123.224 44.6608 0.1
      vertex 123.451 44.587 -0.1
      vertex 123.224 44.6608 -0.1
    endloop
  endfacet
  facet normal 1 0 0
    outer loop
      vertex 123.224 44.7802 -0.1
      vertex 123.224 44.7802 0.1
      vertex 123.224 44.6608 0.1
    endloop
  endfacet
  facet normal 1 0 0
    outer loop
      vertex 123.224 44.6608 -0.1
      vertex 123.224 44.7802 -0.1
      vertex 123.224 44.6608 0.1
    endloop
  endfacet
  facet normal 0 1 0
    outer loop
      vertex 123.224 44.7802 0.1
      vertex 123.224 44.7802 -0.1
      vertex 123.185 44.7802 0.1
    endloop
  endfacet
  facet normal 0 1 -0
    outer loop
      vertex 123.185 44.7802 0.1
      vertex 123.224 44.7802 -0.1
      vertex 123.185 44.7802 -0.1
    endloop
  endfacet
  facet normal 1 0 0
    outer loop
      vertex 123.185 53.5178 -0.1
      vertex 123.185 53.5178 0.1
      vertex 123.185 51.6382 0.1
    endloop
  endfacet
  facet normal 1 0 0
    outer loop
      vertex 123.185 51.6382 -0.1
      vertex 123.185 53.5178 -0.1
      vertex 123.185 51.6382 0.1
    endloop
  endfacet
  facet normal 0 -1 0
    outer loop
      vertex 123.224 53.5178 -0.1
      vertex 123.224 53.5178 0.1
      vertex 123.185 53.5178 0.1
    endloop
  endfacet
  facet normal -0 -1 -0
    outer loop
      vertex 123.185 53.5178 -0.1
      vertex 123.224 53.5178 -0.1
      vertex 123.185 53.5178 0.1
    endloop
  endfacet
  facet normal 1 0 0
    outer loop
      vertex 123.224 53.6372 -0.1
      vertex 123.224 53.6372 0.1
      vertex 123.224 53.5178 0.1
    endloop
  endfacet
  facet normal 1 0 0
    outer loop
      vertex 123.224 53.5178 -0.1
      vertex 123.224 53.6372 -0.1
      vertex 123.224 53.5178 0.1
    endloop
  endfacet
  facet normal 0.309009 -0.951059 0
    outer loop
      vertex 123.451 53.711 -0.1
      vertex 123.451 53.711 0.1
      vertex 123.224 53.6372 0.1
    endloop
  endfacet
  facet normal 0.309009 -0.951059 0
    outer loop
      vertex 123.224 53.6372 -0.1
      vertex 123.451 53.711 -0.1
      vertex 123.224 53.6372 0.1
    endloop
  endfacet
  facet normal -0.808994 -0.587818 0
    outer loop
      vertex 123.591 53.5178 0.1
      vertex 123.451 53.711 0.1
      vertex 123.591 53.5178 -0.1
    endloop
  endfacet
  facet normal -0.808994 -0.587818 0
    outer loop
      vertex 123.591 53.5178 -0.1
      vertex 123.451 53.711 0.1
      vertex 123.451 53.711 -0.1
    endloop
  endfacet
  facet normal -1 0 0
    outer loop
      vertex 123.591 53.5178 0.1
      vertex 123.591 53.5178 -0.1
      vertex 123.591 51.6382 0.1
    endloop
  endfacet
  facet normal -1 0 0
    outer loop
      vertex 123.591 51.6382 0.1
      vertex 123.591 53.5178 -0.1
      vertex 123.591 51.6382 -0.1
    endloop
  endfacet
  facet normal -0.808994 0.587818 0
    outer loop
      vertex 123.591 51.6382 0.1
      vertex 123.591 51.6382 -0.1
      vertex 123.451 51.445 0.1
    endloop
  endfacet
  facet normal -0.808994 0.587818 0
    outer loop
      vertex 123.451 51.445 0.1
      vertex 123.591 51.6382 -0.1
      vertex 123.451 51.445 -0.1
    endloop
  endfacet
  facet normal 0.309009 0.951059 -0
    outer loop
      vertex 123.451 51.445 0.1
      vertex 123.451 51.445 -0.1
      vertex 123.224 51.5188 0.1
    endloop
  endfacet
  facet normal 0.309009 0.951059 -0
    outer loop
      vertex 123.224 51.5188 0.1
      vertex 123.451 51.445 -0.1
      vertex 123.224 51.5188 -0.1
    endloop
  endfacet
  facet normal 1 0 0
    outer loop
      vertex 123.224 51.6382 -0.1
      vertex 123.224 51.6382 0.1
      vertex 123.224 51.5188 0.1
    endloop
  endfacet
  facet normal 1 0 0
    outer loop
      vertex 123.224 51.5188 -0.1
      vertex 123.224 51.6382 -0.1
      vertex 123.224 51.5188 0.1
    endloop
  endfacet
  facet normal 0 1 0
    outer loop
      vertex 123.224 51.6382 0.1
      vertex 123.224 51.6382 -0.1
      vertex 123.185 51.6382 0.1
    endloop
  endfacet
  facet normal 0 1 -0
    outer loop
      vertex 123.185 51.6382 0.1
      vertex 123.224 51.6382 -0.1
      vertex 123.185 51.6382 -0.1
    endloop
  endfacet
endsolid OpenSCAD_Model
