ISO-10303-21;
HEADER;
FILE_DESCRIPTION (( 'STEP AP214' ),
    '1' );
FILE_NAME ('10612.1130.66.STEP',
    '2024-08-19T14:13:43',
    ( 'LENOVO' ),
    ( '' ),
    'SwSTEP 2.0',
    'SolidWorks 2021',
    '' );
FILE_SCHEMA (( 'AUTOMOTIVE_DESIGN' ));
ENDSEC;

DATA;
#1 = FILL_AREA_STYLE ('',( #816 ) ) ;
#2 = VECTOR ( 'NONE', #356, 1000.000000000000000 ) ;
#3 = AXIS2_PLACEMENT_3D ( 'NONE', #581, #722, #116 ) ;
#4 = LINE ( 'NONE', #432, #520 ) ;
#5 = EDGE_CURVE ( 'NONE', #939, #919, #580, .T. ) ;
#6 = DIRECTION ( 'NONE',  ( 0.7071067811865479058, 0.7071067811865472397, 0.000000000000000000 ) ) ;
#7 = DIRECTION ( 'NONE',  ( -1.000000000000000000, 0.000000000000000000, 1.470104640658309768E-16 ) ) ;
#8 = SURFACE_STYLE_FILL_AREA ( #1164 ) ;
#9 = PRESENTATION_STYLE_ASSIGNMENT (( #974 ) ) ;
#10 = DIRECTION ( 'NONE',  ( 0.000000000000000000, 0.000000000000000000, 1.000000000000000000 ) ) ;
#11 = VECTOR ( 'NONE', #1027, 1000.000000000000000 ) ;
#12 = LINE ( 'NONE', #1251, #1003 ) ;
#13 = FACE_OUTER_BOUND ( 'NONE', #824, .T. ) ;
#14 = AXIS2_PLACEMENT_3D ( 'NONE', #788, #1232, #1322 ) ;
#15 = PRESENTATION_STYLE_ASSIGNMENT (( #1274 ) ) ;
#16 = PRESENTATION_STYLE_ASSIGNMENT (( #718 ) ) ;
#17 = ADVANCED_FACE ( 'NONE', ( #1062 ), #1161, .T. ) ;
#18 =( GEOMETRIC_REPRESENTATION_CONTEXT ( 3 ) GLOBAL_UNCERTAINTY_ASSIGNED_CONTEXT ( ( #338 ) ) GLOBAL_UNIT_ASSIGNED_CONTEXT ( ( #700, #570, #1008 ) ) REPRESENTATION_CONTEXT ( 'NONE', 'WORKASPACE' ) );
#19 = PRESENTATION_LAYER_ASSIGNMENT (  '', '', ( #707 ) ) ;
#20 = UNCERTAINTY_MEASURE_WITH_UNIT (LENGTH_MEASURE( 1.000000000000000082E-05 ), #447, 'distance_accuracy_value', 'NONE');
#21 = VERTEX_POINT ( 'NONE', #1418 ) ;
#22 = EDGE_CURVE ( 'NONE', #357, #1420, #639, .T. ) ;
#23 =( NAMED_UNIT ( * ) SI_UNIT ( $, .STERADIAN. ) SOLID_ANGLE_UNIT ( ) );
#24 = LINE ( 'NONE', #735, #992 ) ;
#25 = VECTOR ( 'NONE', #743, 1000.000000000000000 ) ;
#26 = SPHERICAL_SURFACE ( 'NONE', #308, 0.2999999999999999889 ) ;
#27 = CARTESIAN_POINT ( 'NONE',  ( -2.894999999999993801, 0.6049999999999999822, 2.399999999999999911 ) ) ;
#28 = SURFACE_STYLE_USAGE ( .BOTH. , #150 ) ;
#29 = EDGE_LOOP ( 'NONE', ( #867, #81, #626, #1066 ) ) ;
#30 = DIRECTION ( 'NONE',  ( -1.000000000000000000, 0.000000000000000000, 0.000000000000000000 ) ) ;
#31 = DIRECTION ( 'NONE',  ( 0.7071067811865472397, 0.7071067811865479058, 1.039520960463303239E-16 ) ) ;
#32 = AXIS2_PLACEMENT_3D ( 'NONE', #174, #751, #1041 ) ;
#33 = SURFACE_STYLE_FILL_AREA ( #1300 ) ;
#34 = DIRECTION ( 'NONE',  ( 1.000000000000000000, 1.123525567342493414E-16, 0.000000000000000000 ) ) ;
#35 = EDGE_CURVE ( 'NONE', #1006, #530, #1146, .T. ) ;
#36 = MANIFOLD_SOLID_BREP ( 'Combine1', #303 ) ;
#37 = DIRECTION ( 'NONE',  ( -1.123525567342493414E-16, 1.000000000000000000, 0.000000000000000000 ) ) ;
#38 = SURFACE_STYLE_FILL_AREA ( #353 ) ;
#39 = FACE_OUTER_BOUND ( 'NONE', #787, .T. ) ;
#40 = VERTEX_POINT ( 'NONE', #1443 ) ;
#41 = FILL_AREA_STYLE ('',( #713 ) ) ;
#42 = LINE ( 'NONE', #1038, #1465 ) ;
#43 = FACE_OUTER_BOUND ( 'NONE', #1249, .T. ) ;
#44 = PLANE ( 'NONE',  #913 ) ;
#45 = DIRECTION ( 'NONE',  ( 0.000000000000000000, 1.000000000000000000, 0.000000000000000000 ) ) ;
#46 = CARTESIAN_POINT ( 'NONE',  ( 6.200000000000003730, -1.259783463486182430E-16, -3.000000000000000000 ) ) ;
#47 =( LENGTH_UNIT ( ) NAMED_UNIT ( * ) SI_UNIT ( .MILLI., .METRE. ) );
#48 = VERTEX_POINT ( 'NONE', #217 ) ;
#49 = SURFACE_STYLE_FILL_AREA ( #137 ) ;
#50 = CIRCLE ( 'NONE', #1319, 0.3000000000000000999 ) ;
#51 = FACE_OUTER_BOUND ( 'NONE', #961, .T. ) ;
#52 =( NAMED_UNIT ( * ) SI_UNIT ( $, .STERADIAN. ) SOLID_ANGLE_UNIT ( ) );
#53 = AXIS2_PLACEMENT_3D ( 'NONE', #921, #127, #449 ) ;
#54 = EDGE_CURVE ( 'NONE', #1246, #491, #1119, .T. ) ;
#55 = LINE ( 'NONE', #644, #1060 ) ;
#56 = SURFACE_STYLE_FILL_AREA ( #928 ) ;
#57 =( LENGTH_UNIT ( ) NAMED_UNIT ( * ) SI_UNIT ( .MILLI., .METRE. ) );
#58 = SURFACE_STYLE_USAGE ( .BOTH. , #676 ) ;
#59 = COLOUR_RGB ( '',0.7921568627450980005, 0.8196078431372548767, 0.9333333333333333481 ) ;
#60 = CARTESIAN_POINT ( 'NONE',  ( 3.499999999999993339, 2.046762894211684369E-16, 3.000000000000000000 ) ) ;
#61 = ORIENTED_EDGE ( 'NONE', *, *, #761, .T. ) ;
#62 = ORIENTED_EDGE ( 'NONE', *, *, #522, .F. ) ;
#63 = FACE_OUTER_BOUND ( 'NONE', #1029, .T. ) ;
#64 = ORIENTED_EDGE ( 'NONE', *, *, #990, .F. ) ;
#65 = ORIENTED_EDGE ( 'NONE', *, *, #476, .T. ) ;
#66 = UNCERTAINTY_MEASURE_WITH_UNIT (LENGTH_MEASURE( 1.000000000000000082E-05 ), #1453, 'distance_accuracy_value', 'NONE');
#67 = CARTESIAN_POINT ( 'NONE',  ( -3.499999999999993339, 2.487794286409177201E-16, 2.399999999999999911 ) ) ;
#68 = ORIENTED_EDGE ( 'NONE', *, *, #35, .T. ) ;
#69 = VECTOR ( 'NONE', #364, 1000.000000000000000 ) ;
#70 = CLOSED_SHELL ( 'NONE', ( #833, #799, #1098, #1272 ) ) ;
#71 =( NAMED_UNIT ( * ) PLANE_ANGLE_UNIT ( ) SI_UNIT ( $, .RADIAN. ) );
#72 = FILL_AREA_STYLE_COLOUR ( '', #1122 ) ;
#73 = FILL_AREA_STYLE ('',( #884 ) ) ;
#74 = STYLED_ITEM ( 'NONE', ( #550 ), #799 ) ;
#75 = COLOUR_RGB ( '',0.5019607843137254832, 0.5019607843137254832, 0.5019607843137254832 ) ;
#76 = EDGE_LOOP ( 'NONE', ( #869, #1104, #619, #1099, #889, #614, #1097, #88 ) ) ;
#77 = COLOUR_RGB ( '',0.5019607843137254832, 0.5019607843137254832, 0.5019607843137254832 ) ;
#78 = EDGE_CURVE ( 'NONE', #1006, #445, #159, .T. ) ;
#79 = EDGE_CURVE ( 'NONE', #924, #572, #648, .T. ) ;
#80 = FILL_AREA_STYLE ('',( #937 ) ) ;
#81 = ORIENTED_EDGE ( 'NONE', *, *, #423, .T. ) ;
#82 = ADVANCED_FACE ( 'NONE', ( #1143 ), #1055, .F. ) ;
#83 = FILL_AREA_STYLE_COLOUR ( '', #692 ) ;
#84 =( LENGTH_UNIT ( ) NAMED_UNIT ( * ) SI_UNIT ( .MILLI., .METRE. ) );
#85 = SURFACE_STYLE_FILL_AREA ( #389 ) ;
#86 = FACE_OUTER_BOUND ( 'NONE', #629, .T. ) ;
#87 = CARTESIAN_POINT ( 'NONE',  ( -6.199999999999999289, 11.80000000000000959, -2.700000000000000178 ) ) ;
#88 = ORIENTED_EDGE ( 'NONE', *, *, #79, .T. ) ;
#89 = ORIENTED_EDGE ( 'NONE', *, *, #703, .F. ) ;
#90 = VECTOR ( 'NONE', #1408, 1000.000000000000000 ) ;
#91 = LINE ( 'NONE', #309, #1114 ) ;
#92 = ORIENTED_EDGE ( 'NONE', *, *, #235, .T. ) ;
#93 = UNCERTAINTY_MEASURE_WITH_UNIT (LENGTH_MEASURE( 1.000000000000000082E-05 ), #1287, 'distance_accuracy_value', 'NONE');
#94 = VERTEX_POINT ( 'NONE', #1182 ) ;
#95 = VECTOR ( 'NONE', #1276, 999.9999999999998863 ) ;
#96 = CARTESIAN_POINT ( 'NONE',  ( 6.199999999999999289, 12.10000000000001030, 2.700000000000000178 ) ) ;
#97 = ORIENTED_EDGE ( 'NONE', *, *, #875, .F. ) ;
#98 =( NAMED_UNIT ( * ) PLANE_ANGLE_UNIT ( ) SI_UNIT ( $, .RADIAN. ) );
#99 = ORIENTED_EDGE ( 'NONE', *, *, #703, .T. ) ;
#100 = LINE ( 'NONE', #1315, #1072 ) ;
#101 = ORIENTED_EDGE ( 'NONE', *, *, #838, .T. ) ;
#102 = CARTESIAN_POINT ( 'NONE',  ( -1.007317605980390618E-15, 0.7049999999999998490, -2.400000000000000355 ) ) ;
#103 = SURFACE_SIDE_STYLE ('',( #612 ) ) ;
#104 = PRESENTATION_LAYER_ASSIGNMENT (  '', '', ( #989 ) ) ;
#105 = ORIENTED_EDGE ( 'NONE', *, *, #1145, .T. ) ;
#106 = EDGE_LOOP ( 'NONE', ( #721, #198, #208, #585 ) ) ;
#107 = VECTOR ( 'NONE', #1109, 1000.000000000000000 ) ;
#108 = EDGE_CURVE ( 'NONE', #530, #1025, #662, .T. ) ;
#109 = ORIENTED_EDGE ( 'NONE', *, *, #223, .F. ) ;
#110 = DIRECTION ( 'NONE',  ( 1.807003620809173646E-16, 0.000000000000000000, 1.000000000000000000 ) ) ;
#111 = FACE_OUTER_BOUND ( 'NONE', #1401, .T. ) ;
#112 = DIRECTION ( 'NONE',  ( -4.300967295810262353E-16, -1.000000000000000000, 0.000000000000000000 ) ) ;
#113 = ORIENTED_EDGE ( 'NONE', *, *, #922, .T. ) ;
#114 = CARTESIAN_POINT ( 'NONE',  ( 4.999999999999998224, 0.7049999999999996270, 0.3000000000000000999 ) ) ;
#115 = VECTOR ( 'NONE', #414, 1000.000000000000000 ) ;
#116 = DIRECTION ( 'NONE',  ( -0.7071067811865472397, -0.7071067811865479058, 0.000000000000000000 ) ) ;
#117 = ORIENTED_EDGE ( 'NONE', *, *, #1065, .T. ) ;
#118 = DIRECTION ( 'NONE',  ( -0.000000000000000000, -0.000000000000000000, -1.000000000000000000 ) ) ;
#119 = CARTESIAN_POINT ( 'NONE',  ( -6.199999999999999289, 11.80000000000000959, 2.700000000000000178 ) ) ;
#120 = ADVANCED_FACE ( 'NONE', ( #1135 ), #1180, .T. ) ;
#121 = FILL_AREA_STYLE ('',( #264 ) ) ;
#122 = CIRCLE ( 'NONE', #790, 0.2999999999999999334 ) ;
#123 = APPLICATION_PROTOCOL_DEFINITION ( 'draft international standard', 'automotive_design', 1998, #1337 ) ;
#124 = DIRECTION ( 'NONE',  ( 4.300967295810262353E-16, -1.000000000000000000, 0.000000000000000000 ) ) ;
#125 = CARTESIAN_POINT ( 'NONE',  ( 6.199999999999999289, 11.80000000000000959, -2.700000000000000178 ) ) ;
#126 = VERTEX_POINT ( 'NONE', #1022 ) ;
#127 = DIRECTION ( 'NONE',  ( 0.000000000000000000, 1.000000000000000000, 0.000000000000000000 ) ) ;
#128 = ORIENTED_EDGE ( 'NONE', *, *, #1211, .T. ) ;
#129 = CIRCLE ( 'NONE', #719, 0.2999999999999999334 ) ;
#130 = ORIENTED_EDGE ( 'NONE', *, *, #347, .T. ) ;
#131 = FILL_AREA_STYLE ('',( #349 ) ) ;
#132 = AXIS2_PLACEMENT_3D ( 'NONE', #1252, #366, #908 ) ;
#133 = ORIENTED_EDGE ( 'NONE', *, *, #5, .T. ) ;
#134 = DIRECTION ( 'NONE',  ( 0.000000000000000000, -1.000000000000000000, 0.000000000000000000 ) ) ;
#135 = DIRECTION ( 'NONE',  ( -1.000000000000000000, 0.000000000000000000, 0.000000000000000000 ) ) ;
#136 = MECHANICAL_DESIGN_GEOMETRIC_PRESENTATION_REPRESENTATION (  '', ( #640 ), #1428 ) ;
#137 = FILL_AREA_STYLE ('',( #1148 ) ) ;
#138 = CARTESIAN_POINT ( 'NONE',  ( -2.894999999999993801, 0.6049999999999999822, 3.000000000000000000 ) ) ;
#139 = FILL_AREA_STYLE_COLOUR ( '', #230 ) ;
#140 = LINE ( 'NONE', #887, #1108 ) ;
#141 = CARTESIAN_POINT ( 'NONE',  ( 4.999999999999998224, -6.000000000000000000, -0.3000000000000000999 ) ) ;
#142 = CIRCLE ( 'NONE', #1096, 0.2999999999999999334 ) ;
#143 = UNCERTAINTY_MEASURE_WITH_UNIT (LENGTH_MEASURE( 1.000000000000000082E-05 ), #314, 'distance_accuracy_value', 'NONE');
#144 = SURFACE_STYLE_FILL_AREA ( #80 ) ;
#145 = CARTESIAN_POINT ( 'NONE',  ( 6.500000000000004441, -1.627177503230388318E-16, 3.000000000000000000 ) ) ;
#146 = VECTOR ( 'NONE', #1103, 1000.000000000000000 ) ;
#147 = PRESENTATION_LAYER_ASSIGNMENT (  '', '', ( #420 ) ) ;
#148 = VECTOR ( 'NONE', #1321, 1000.000000000000000 ) ;
#149 = DIRECTION ( 'NONE',  ( 0.7071067811865472397, -0.7071067811865479058, 0.000000000000000000 ) ) ;
#150 = SURFACE_SIDE_STYLE ('',( #85 ) ) ;
#151 = VECTOR ( 'NONE', #883, 1000.000000000000000 ) ;
#152 = PRESENTATION_STYLE_ASSIGNMENT (( #1316 ) ) ;
#153 = VECTOR ( 'NONE', #677, 1000.000000000000000 ) ;
#154 = MECHANICAL_DESIGN_GEOMETRIC_PRESENTATION_REPRESENTATION (  '', ( #1235 ), #1136 ) ;
#155 = EDGE_CURVE ( 'NONE', #970, #1052, #1191, .T. ) ;
#156 = SPHERICAL_SURFACE ( 'NONE', #292, 0.2999999999999999889 ) ;
#157 = ADVANCED_FACE ( 'NONE', ( #1177 ), #741, .F. ) ;
#158 = CIRCLE ( 'NONE', #1389, 0.2999999999999999334 ) ;
#159 = CIRCLE ( 'NONE', #837, 0.2999999999999999334 ) ;
#160 = CARTESIAN_POINT ( 'NONE',  ( 2.894999999999993801, 0.6049999999999999822, 3.000000000000000000 ) ) ;
#161 = LINE ( 'NONE', #102, #668 ) ;
#162 = PRESENTATION_STYLE_ASSIGNMENT (( #923 ) ) ;
#163 = FACE_OUTER_BOUND ( 'NONE', #622, .T. ) ;
#164 = FILL_AREA_STYLE_COLOUR ( '', #514 ) ;
#165 = LINE ( 'NONE', #1144, #651 ) ;
#166 =( NAMED_UNIT ( * ) SI_UNIT ( $, .STERADIAN. ) SOLID_ANGLE_UNIT ( ) );
#167 = CIRCLE ( 'NONE', #513, 0.2999999999999999334 ) ;
#168 = DIRECTION ( 'NONE',  ( 0.000000000000000000, 0.000000000000000000, 1.000000000000000000 ) ) ;
#169 = FACE_OUTER_BOUND ( 'NONE', #1260, .T. ) ;
#170 = SURFACE_STYLE_FILL_AREA ( #1344 ) ;
#171 = STYLED_ITEM ( 'NONE', ( #582 ), #963 ) ;
#172 = COLOUR_RGB ( '',0.5019607843137254832, 0.5019607843137254832, 0.5019607843137254832 ) ;
#173 = CARTESIAN_POINT ( 'NONE',  ( -4.194871423896608522E-16, 0.7049999999999998490, 2.400000000000000355 ) ) ;
#174 = CARTESIAN_POINT ( 'NONE',  ( -6.500000000000004441, -1.627177503230388318E-16, 3.000000000000000000 ) ) ;
#175 = AXIS2_PLACEMENT_3D ( 'NONE', #1223, #332, #532 ) ;
#176 = EDGE_CURVE ( 'NONE', #40, #970, #484, .T. ) ;
#177 = FILL_AREA_STYLE_COLOUR ( '', #172 ) ;
#178 = VECTOR ( 'NONE', #1280, 1000.000000000000000 ) ;
#179 = ORIENTED_EDGE ( 'NONE', *, *, #875, .T. ) ;
#180 = VECTOR ( 'NONE', #118, 1000.000000000000000 ) ;
#181 = FILL_AREA_STYLE ('',( #276 ) ) ;
#182 = DIRECTION ( 'NONE',  ( 1.000000000000000000, 1.123525567342493414E-16, 0.000000000000000000 ) ) ;
#183 = FACE_OUTER_BOUND ( 'NONE', #834, .T. ) ;
#184 = PRODUCT_RELATED_PRODUCT_CATEGORY ( 'part', '', ( #769 ) ) ;
#185 = COLOUR_RGB ( '',0.5019607843137254832, 0.5019607843137254832, 0.5019607843137254832 ) ;
#186 = CYLINDRICAL_SURFACE ( 'NONE', #278, 0.2999999999999999334 ) ;
#187 = ORIENTED_EDGE ( 'NONE', *, *, #708, .F. ) ;
#188 = ADVANCED_FACE ( 'NONE', ( #509 ), #26, .T. ) ;
#189 = PRESENTATION_STYLE_ASSIGNMENT (( #1435 ) ) ;
#190 = PRESENTATION_LAYER_ASSIGNMENT (  '', '', ( #807 ) ) ;
#191 = SURFACE_STYLE_FILL_AREA ( #212 ) ;
#192 = FILL_AREA_STYLE_COLOUR ( '', #1405 ) ;
#193 = FILL_AREA_STYLE ('',( #1195 ) ) ;
#194 = EDGE_CURVE ( 'NONE', #776, #592, #511, .T. ) ;
#195 = PRESENTATION_STYLE_ASSIGNMENT (( #304 ) ) ;
#196 = SURFACE_STYLE_USAGE ( .BOTH. , #103 ) ;
#197 = LINE ( 'NONE', #282, #1118 ) ;
#198 = ORIENTED_EDGE ( 'NONE', *, *, #5, .F. ) ;
#199 = EDGE_LOOP ( 'NONE', ( #613, #698, #369, #89, #1294, #386, #1084, #1298, #117, #603 ) ) ;
#200 = SURFACE_SIDE_STYLE ('',( #996 ) ) ;
#201 = PRODUCT_DEFINITION ( 'UNKNOWN', '', #451, #496 ) ;
#202 =( NAMED_UNIT ( * ) PLANE_ANGLE_UNIT ( ) SI_UNIT ( $, .RADIAN. ) );
#203 = FILL_AREA_STYLE ('',( #566 ) ) ;
#204 = FILL_AREA_STYLE_COLOUR ( '', #1080 ) ;
#205 = ORIENTED_EDGE ( 'NONE', *, *, #1397, .T. ) ;
#206 = CARTESIAN_POINT ( 'NONE',  ( -4.999999999999998224, -12.84852813742385713, 0.000000000000000000 ) ) ;
#207 = AXIS2_PLACEMENT_3D ( 'NONE', #410, #749, #938 ) ;
#208 = ORIENTED_EDGE ( 'NONE', *, *, #814, .T. ) ;
#209 = MECHANICAL_DESIGN_GEOMETRIC_PRESENTATION_REPRESENTATION (  '', ( #943 ), #1361 ) ;
#210 =( LENGTH_UNIT ( ) NAMED_UNIT ( * ) SI_UNIT ( .MILLI., .METRE. ) );
#211 = ADVANCED_FACE ( 'NONE', ( #546 ), #1320, .T. ) ;
#212 = FILL_AREA_STYLE ('',( #669 ) ) ;
#213 = EDGE_CURVE ( 'NONE', #1006, #1452, #390, .T. ) ;
#214 = CIRCLE ( 'NONE', #132, 0.2999999999999999334 ) ;
#215 =( NAMED_UNIT ( * ) SI_UNIT ( $, .STERADIAN. ) SOLID_ANGLE_UNIT ( ) );
#216 = AXIS2_PLACEMENT_3D ( 'NONE', #1437, #1425, #539 ) ;
#217 = CARTESIAN_POINT ( 'NONE',  ( -2.894999999999993801, 0.6049999999999999822, 3.000000000000000000 ) ) ;
#218 = UNCERTAINTY_MEASURE_WITH_UNIT (LENGTH_MEASURE( 1.000000000000000082E-05 ), #1245, 'distance_accuracy_value', 'NONE');
#219 = DIRECTION ( 'NONE',  ( 0.000000000000000000, 0.000000000000000000, -1.000000000000000000 ) ) ;
#220 = ADVANCED_FACE ( 'NONE', ( #868 ), #1168, .F. ) ;
#221 = AXIS2_PLACEMENT_3D ( 'NONE', #1391, #134, #914 ) ;
#222 = STYLED_ITEM ( 'NONE', ( #1085 ), #591 ) ;
#223 = EDGE_CURVE ( 'NONE', #1231, #126, #1362, .T. ) ;
#224 = CARTESIAN_POINT ( 'NONE',  ( -6.199999999999999289, 12.10000000000001030, 2.700000000000000178 ) ) ;
#225 = DIRECTION ( 'NONE',  ( -1.000000000000000000, 0.000000000000000000, 0.000000000000000000 ) ) ;
#226 = CARTESIAN_POINT ( 'NONE',  ( -3.499999999999993339, 2.046762894211684369E-16, -3.000000000000000000 ) ) ;
#227 = DIRECTION ( 'NONE',  ( -4.300967295810262353E-16, 1.000000000000000000, 0.000000000000000000 ) ) ;
#228 = PLANE ( 'NONE',  #534 ) ;
#229 = EDGE_CURVE ( 'NONE', #1286, #1025, #1330, .T. ) ;
#230 = COLOUR_RGB ( '',0.5019607843137254832, 0.5019607843137254832, 0.5019607843137254832 ) ;
#231 = LINE ( 'NONE', #1353, #1163 ) ;
#232 = PLANE ( 'NONE',  #1301 ) ;
#233 = CARTESIAN_POINT ( 'NONE',  ( 6.199999999999999289, 11.80000000000000959, 2.700000000000000178 ) ) ;
#234 = PLANE ( 'NONE',  #1262 ) ;
#235 = EDGE_CURVE ( 'NONE', #979, #1331, #1346, .T. ) ;
#236 = CARTESIAN_POINT ( 'NONE',  ( 2.894999999999993801, 0.6049999999999999822, -3.000000000000000000 ) ) ;
#237 = ADVANCED_FACE ( 'NONE', ( #885 ), #1349, .T. ) ;
#238 = SURFACE_STYLE_FILL_AREA ( #795 ) ;
#239 = DIRECTION ( 'NONE',  ( -1.000000000000000000, 0.000000000000000000, 0.000000000000000000 ) ) ;
#240 =( NAMED_UNIT ( * ) PLANE_ANGLE_UNIT ( ) SI_UNIT ( $, .RADIAN. ) );
#241 = VECTOR ( 'NONE', #31, 999.9999999999998863 ) ;
#242 = UNCERTAINTY_MEASURE_WITH_UNIT (LENGTH_MEASURE( 1.000000000000000082E-05 ), #985, 'distance_accuracy_value', 'NONE');
#243 = CARTESIAN_POINT ( 'NONE',  ( 3.499999999999993339, 2.046762894211684369E-16, 3.000000000000000000 ) ) ;
#244 = DIRECTION ( 'NONE',  ( -0.000000000000000000, 0.000000000000000000, -1.000000000000000000 ) ) ;
#245 = AXIS2_PLACEMENT_3D ( 'NONE', #336, #892, #219 ) ;
#246 = SURFACE_SIDE_STYLE ('',( #995 ) ) ;
#247 = PRESENTATION_LAYER_ASSIGNMENT (  '', '', ( #1013 ) ) ;
#248 = EDGE_CURVE ( 'NONE', #433, #337, #394, .T. ) ;
#249 = DIRECTION ( 'NONE',  ( -0.000000000000000000, -1.000000000000000000, -0.000000000000000000 ) ) ;
#250 = VECTOR ( 'NONE', #7, 1000.000000000000000 ) ;
#251 = CARTESIAN_POINT ( 'NONE',  ( 4.753020967562244375E-16, 12.10000000000000142, 2.700000000000000178 ) ) ;
#252 = ADVANCED_FACE ( 'NONE', ( #1356 ), #186, .T. ) ;
#253 = FACE_OUTER_BOUND ( 'NONE', #1375, .T. ) ;
#254 = EDGE_LOOP ( 'NONE', ( #256, #920, #1387, #725 ) ) ;
#255 = SURFACE_STYLE_USAGE ( .BOTH. , #815 ) ;
#256 = ORIENTED_EDGE ( 'NONE', *, *, #865, .F. ) ;
#257 = ORIENTED_EDGE ( 'NONE', *, *, #248, .T. ) ;
#258 = VECTOR ( 'NONE', #331, 1000.000000000000000 ) ;
#259 = UNCERTAINTY_MEASURE_WITH_UNIT (LENGTH_MEASURE( 1.000000000000000082E-05 ), #882, 'distance_accuracy_value', 'NONE');
#260 = DIRECTION ( 'NONE',  ( 1.000000000000000000, -0.000000000000000000, 1.470104640658309768E-16 ) ) ;
#261 = DIRECTION ( 'NONE',  ( -0.000000000000000000, -1.000000000000000000, -0.000000000000000000 ) ) ;
#262 = STYLED_ITEM ( 'NONE', ( #554 ), #607 ) ;
#263 = SURFACE_STYLE_USAGE ( .BOTH. , #465 ) ;
#264 = FILL_AREA_STYLE_COLOUR ( '', #1031 ) ;
#265 = MECHANICAL_DESIGN_GEOMETRIC_PRESENTATION_REPRESENTATION (  '', ( #681 ), #1293 ) ;
#266 = VERTEX_POINT ( 'NONE', #1431 ) ;
#267 = EDGE_LOOP ( 'NONE', ( #804, #830 ) ) ;
#268 = CARTESIAN_POINT ( 'NONE',  ( -4.999999999999998224, 0.7049999999999996270, 0.000000000000000000 ) ) ;
#269 = SURFACE_STYLE_USAGE ( .BOTH. , #300 ) ;
#270 = CYLINDRICAL_SURFACE ( 'NONE', #408, 0.3000000000000000999 ) ;
#271 = UNCERTAINTY_MEASURE_WITH_UNIT (LENGTH_MEASURE( 1.000000000000000082E-05 ), #47, 'distance_accuracy_value', 'NONE');
#272 = VERTEX_POINT ( 'NONE', #627 ) ;
#273 = ORIENTED_EDGE ( 'NONE', *, *, #1238, .F. ) ;
#274 = UNCERTAINTY_MEASURE_WITH_UNIT (LENGTH_MEASURE( 1.000000000000000082E-05 ), #636, 'distance_accuracy_value', 'NONE');
#275 = CARTESIAN_POINT ( 'NONE',  ( 0.000000000000000000, 0.000000000000000000, 3.000000000000000000 ) ) ;
#276 = FILL_AREA_STYLE_COLOUR ( '', #604 ) ;
#277 =( GEOMETRIC_REPRESENTATION_CONTEXT ( 3 ) GLOBAL_UNCERTAINTY_ASSIGNED_CONTEXT ( ( #271 ) ) GLOBAL_UNIT_ASSIGNED_CONTEXT ( ( #47, #774, #960 ) ) REPRESENTATION_CONTEXT ( 'NONE', 'WORKASPACE' ) );
#278 = AXIS2_PLACEMENT_3D ( 'NONE', #519, #112, #780 ) ;
#279 = EDGE_LOOP ( 'NONE', ( #1155, #590, #880, #382 ) ) ;
#280 = FACE_OUTER_BOUND ( 'NONE', #976, .T. ) ;
#281 = STYLED_ITEM ( 'NONE', ( #189 ), #82 ) ;
#282 = CARTESIAN_POINT ( 'NONE',  ( -3.499999999999993339, 2.046762894211684369E-16, -3.000000000000000000 ) ) ;
#283 =( NAMED_UNIT ( * ) PLANE_ANGLE_UNIT ( ) SI_UNIT ( $, .RADIAN. ) );
#284 = CARTESIAN_POINT ( 'NONE',  ( 4.999999999999998224, -6.000000000000000000, 0.000000000000000000 ) ) ;
#285 = CARTESIAN_POINT ( 'NONE',  ( 5.900000000000003908, -2.168404344971008868E-16, 2.399999999999999467 ) ) ;
#286 = PRESENTATION_STYLE_ASSIGNMENT (( #469 ) ) ;
#287 = VERTEX_POINT ( 'NONE', #226 ) ;
#288 = MECHANICAL_DESIGN_GEOMETRIC_PRESENTATION_REPRESENTATION (  '', ( #171 ), #1463 ) ;
#289 = SURFACE_STYLE_FILL_AREA ( #1341 ) ;
#290 = SURFACE_STYLE_USAGE ( .BOTH. , #1259 ) ;
#291 = CARTESIAN_POINT ( 'NONE',  ( -2.894999999999993801, 0.6049999999999999822, -3.000000000000000000 ) ) ;
#292 = AXIS2_PLACEMENT_3D ( 'NONE', #793, #747, #30 ) ;
#293 = EDGE_CURVE ( 'NONE', #287, #1420, #197, .T. ) ;
#294 = ORIENTED_EDGE ( 'NONE', *, *, #476, .F. ) ;
#295 = FILL_AREA_STYLE ('',( #1388 ) ) ;
#296 = EDGE_LOOP ( 'NONE', ( #64, #1181, #894, #294, #425, #105, #257, #113, #872, #435 ) ) ;
#297 = PLANE ( 'NONE',  #764 ) ;
#298 =( NAMED_UNIT ( * ) SI_UNIT ( $, .STERADIAN. ) SOLID_ANGLE_UNIT ( ) );
#299 = ORIENTED_EDGE ( 'NONE', *, *, #1160, .F. ) ;
#300 = SURFACE_SIDE_STYLE ('',( #549 ) ) ;
#301 = CARTESIAN_POINT ( 'NONE',  ( 6.199999999999999289, 12.10000000000001030, -2.700000000000000178 ) ) ;
#302 = CARTESIAN_POINT ( 'NONE',  ( -6.199999999999999289, 11.80000000000000959, 2.700000000000000178 ) ) ;
#303 = CLOSED_SHELL ( 'NONE', ( #1398, #1407, #714, #444, #1156, #157, #607, #783, #1015, #701, #1209, #329, #1427, #237, #188, #1351, #82, #1170, #583, #1247, #687, #399, #563, #1311, #468, #963, #211, #252, #120, #334 ) ) ;
#304 = SURFACE_STYLE_USAGE ( .BOTH. , #1075 ) ;
#305 = AXIS2_PLACEMENT_3D ( 'NONE', #916, #1000, #1133 ) ;
#306 = DIRECTION ( 'NONE',  ( 0.000000000000000000, 1.000000000000000000, 0.000000000000000000 ) ) ;
#307 =( NAMED_UNIT ( * ) SI_UNIT ( $, .STERADIAN. ) SOLID_ANGLE_UNIT ( ) );
#308 = AXIS2_PLACEMENT_3D ( 'NONE', #935, #1046, #339 ) ;
#309 = CARTESIAN_POINT ( 'NONE',  ( -5.900000000000003908, -2.168404344971008868E-16, 2.399999999999999467 ) ) ;
#310 = MECHANICAL_DESIGN_GEOMETRIC_PRESENTATION_REPRESENTATION (  '', ( #901 ), #643 ) ;
#311 = ORIENTED_EDGE ( 'NONE', *, *, #1225, .F. ) ;
#312 = DIRECTION ( 'NONE',  ( -0.000000000000000000, 1.000000000000000000, -0.000000000000000000 ) ) ;
#313 = DIRECTION ( 'NONE',  ( -0.000000000000000000, 1.000000000000000000, -0.000000000000000000 ) ) ;
#314 =( LENGTH_UNIT ( ) NAMED_UNIT ( * ) SI_UNIT ( .MILLI., .METRE. ) );
#315 = EDGE_LOOP ( 'NONE', ( #363, #608, #1283, #1308 ) ) ;
#316 = SURFACE_SIDE_STYLE ('',( #33 ) ) ;
#317 = CARTESIAN_POINT ( 'NONE',  ( 6.200000000000003730, 2.666599723402364611E-15, -3.000000000000000000 ) ) ;
#318 = CARTESIAN_POINT ( 'NONE',  ( 6.499999999999999112, 12.10000000000001030, -2.700000000000000178 ) ) ;
#319 =( GEOMETRIC_REPRESENTATION_CONTEXT ( 3 ) GLOBAL_UNCERTAINTY_ASSIGNED_CONTEXT ( ( #66 ) ) GLOBAL_UNIT_ASSIGNED_CONTEXT ( ( #1453, #240, #321 ) ) REPRESENTATION_CONTEXT ( 'NONE', 'WORKASPACE' ) );
#320 = DIRECTION ( 'NONE',  ( -1.000000000000000000, 0.000000000000000000, -1.470104640658309768E-16 ) ) ;
#321 =( NAMED_UNIT ( * ) SI_UNIT ( $, .STERADIAN. ) SOLID_ANGLE_UNIT ( ) );
#322 = PRESENTATION_LAYER_ASSIGNMENT (  '', '', ( #681 ) ) ;
#323 = PLANE ( 'NONE',  #1032 ) ;
#324 = CARTESIAN_POINT ( 'NONE',  ( 2.894999999999993801, 0.6049999999999999822, -2.400000000000000355 ) ) ;
#325 = EDGE_CURVE ( 'NONE', #515, #907, #167, .T. ) ;
#326 = CARTESIAN_POINT ( 'NONE',  ( -6.500000000000004441, -1.627177503230388318E-16, -3.000000000000000000 ) ) ;
#327 = DIRECTION ( 'NONE',  ( 0.000000000000000000, 0.000000000000000000, -1.000000000000000000 ) ) ;
#328 = ORIENTED_EDGE ( 'NONE', *, *, #708, .T. ) ;
#329 = ADVANCED_FACE ( 'NONE', ( #169 ), #156, .T. ) ;
#330 =( GEOMETRIC_REPRESENTATION_CONTEXT ( 3 ) GLOBAL_UNCERTAINTY_ASSIGNED_CONTEXT ( ( #93 ) ) GLOBAL_UNIT_ASSIGNED_CONTEXT ( ( #1287, #403, #656 ) ) REPRESENTATION_CONTEXT ( 'NONE', 'WORKASPACE' ) );
#331 = DIRECTION ( 'NONE',  ( -4.300967295810262353E-16, -1.000000000000000000, 0.000000000000000000 ) ) ;
#332 = DIRECTION ( 'NONE',  ( 0.000000000000000000, 1.000000000000000000, 0.000000000000000000 ) ) ;
#333 = ORIENTED_EDGE ( 'NONE', *, *, #22, .T. ) ;
#334 = ADVANCED_FACE ( 'NONE', ( #183 ), #952, .F. ) ;
#335 = DIRECTION ( 'NONE',  ( 0.000000000000000000, 0.000000000000000000, 1.000000000000000000 ) ) ;
#336 = CARTESIAN_POINT ( 'NONE',  ( -4.999999999999998224, 0.7049999999999996270, 0.000000000000000000 ) ) ;
#337 = VERTEX_POINT ( 'NONE', #768 ) ;
#338 = UNCERTAINTY_MEASURE_WITH_UNIT (LENGTH_MEASURE( 1.000000000000000082E-05 ), #700, 'distance_accuracy_value', 'NONE');
#339 = DIRECTION ( 'NONE',  ( 0.000000000000000000, 0.000000000000000000, 1.000000000000000000 ) ) ;
#340 = CARTESIAN_POINT ( 'NONE',  ( 3.499999999999993339, -2.168404344971008868E-16, 2.399999999999999911 ) ) ;
#341 = SURFACE_STYLE_USAGE ( .BOTH. , #1329 ) ;
#342 = AXIS2_PLACEMENT_3D ( 'NONE', #711, #429, #1244 ) ;
#343 = EDGE_CURVE ( 'NONE', #445, #1452, #1149, .T. ) ;
#344 = VERTEX_POINT ( 'NONE', #340 ) ;
#345 = DIRECTION ( 'NONE',  ( -0.000000000000000000, -0.000000000000000000, -1.000000000000000000 ) ) ;
#346 = CARTESIAN_POINT ( 'NONE',  ( -1.873097279295877057E-15, -2.168404344971008868E-16, -2.400000000000000355 ) ) ;
#347 = EDGE_CURVE ( 'NONE', #495, #939, #1153, .T. ) ;
#348 =( NAMED_UNIT ( * ) PLANE_ANGLE_UNIT ( ) SI_UNIT ( $, .RADIAN. ) );
#349 = FILL_AREA_STYLE_COLOUR ( '', #185 ) ;
#350 = ORIENTED_EDGE ( 'NONE', *, *, #1145, .F. ) ;
#351 = DIRECTION ( 'NONE',  ( 1.000000000000000000, 0.000000000000000000, 0.000000000000000000 ) ) ;
#352 = ORIENTED_EDGE ( 'NONE', *, *, #778, .F. ) ;
#353 = FILL_AREA_STYLE ('',( #164 ) ) ;
#354 = ORIENTED_EDGE ( 'NONE', *, *, #1058, .F. ) ;
#355 = DIRECTION ( 'NONE',  ( -1.470104640658309768E-16, 0.000000000000000000, -1.000000000000000000 ) ) ;
#356 = DIRECTION ( 'NONE',  ( 0.000000000000000000, -0.000000000000000000, -1.000000000000000000 ) ) ;
#357 = VERTEX_POINT ( 'NONE', #236 ) ;
#358 = CARTESIAN_POINT ( 'NONE',  ( 4.999999999999998224, -6.000000000000000000, 0.000000000000000000 ) ) ;
#359 =( GEOMETRIC_REPRESENTATION_CONTEXT ( 3 ) GLOBAL_UNCERTAINTY_ASSIGNED_CONTEXT ( ( #242 ) ) GLOBAL_UNIT_ASSIGNED_CONTEXT ( ( #985, #547, #997 ) ) REPRESENTATION_CONTEXT ( 'NONE', 'WORKASPACE' ) );
#360 = MECHANICAL_DESIGN_GEOMETRIC_PRESENTATION_REPRESENTATION (  '', ( #1100 ), #955 ) ;
#361 = EDGE_CURVE ( 'NONE', #94, #287, #652, .T. ) ;
#362 = ORIENTED_EDGE ( 'NONE', *, *, #1121, .F. ) ;
#363 = ORIENTED_EDGE ( 'NONE', *, *, #176, .F. ) ;
#364 = DIRECTION ( 'NONE',  ( -0.000000000000000000, 1.000000000000000000, -0.000000000000000000 ) ) ;
#365 =( NAMED_UNIT ( * ) PLANE_ANGLE_UNIT ( ) SI_UNIT ( $, .RADIAN. ) );
#366 = DIRECTION ( 'NONE',  ( 1.224646799147353207E-16, 1.000000000000000000, 0.000000000000000000 ) ) ;
#367 = DIRECTION ( 'NONE',  ( -4.300967295810262353E-16, -1.000000000000000000, 0.000000000000000000 ) ) ;
#368 = FILL_AREA_STYLE ('',( #177 ) ) ;
#369 = ORIENTED_EDGE ( 'NONE', *, *, #424, .T. ) ;
#370 = SURFACE_SIDE_STYLE ('',( #659 ) ) ;
#371 = PLANE ( 'NONE',  #893 ) ;
#372 = CARTESIAN_POINT ( 'NONE',  ( -6.500000000000004441, -1.627177503230388318E-16, 3.000000000000000000 ) ) ;
#373 =( NAMED_UNIT ( * ) PLANE_ANGLE_UNIT ( ) SI_UNIT ( $, .RADIAN. ) );
#374 = ORIENTED_EDGE ( 'NONE', *, *, #737, .T. ) ;
#375 = ADVANCED_FACE ( 'NONE', ( #1127 ), #1275, .F. ) ;
#376 = UNCERTAINTY_MEASURE_WITH_UNIT (LENGTH_MEASURE( 1.000000000000000082E-05 ), #779, 'distance_accuracy_value', 'NONE');
#377 = AXIS2_PLACEMENT_3D ( 'NONE', #870, #1312, #1419 ) ;
#378 = ORIENTED_EDGE ( 'NONE', *, *, #381, .F. ) ;
#379 = VECTOR ( 'NONE', #552, 1000.000000000000000 ) ;
#380 = DIRECTION ( 'NONE',  ( 1.000000000000000000, 1.123525567342493414E-16, 0.000000000000000000 ) ) ;
#381 = EDGE_CURVE ( 'NONE', #463, #1203, #1137, .T. ) ;
#382 = ORIENTED_EDGE ( 'NONE', *, *, #535, .T. ) ;
#383 = CARTESIAN_POINT ( 'NONE',  ( 6.200000000000003730, -2.917467691973469440E-16, 3.000000000000000000 ) ) ;
#384 = DIRECTION ( 'NONE',  ( 0.000000000000000000, 0.000000000000000000, 1.000000000000000000 ) ) ;
#385 =( NAMED_UNIT ( * ) SI_UNIT ( $, .STERADIAN. ) SOLID_ANGLE_UNIT ( ) );
#386 = ORIENTED_EDGE ( 'NONE', *, *, #1324, .F. ) ;
#387 = CARTESIAN_POINT ( 'NONE',  ( 4.999999999999998224, 0.7049999999999996270, 0.000000000000000000 ) ) ;
#388 = DIRECTION ( 'NONE',  ( -0.000000000000000000, -1.000000000000000000, -0.000000000000000000 ) ) ;
#389 = FILL_AREA_STYLE ('',( #950 ) ) ;
#390 = CIRCLE ( 'NONE', #975, 0.2999999999999999334 ) ;
#391 = EDGE_LOOP ( 'NONE', ( #1128, #1345, #717, #1092, #1184, #61, #128, #1390 ) ) ;
#392 = PRESENTATION_LAYER_ASSIGNMENT (  '', '', ( #1186 ) ) ;
#393 = AXIS2_PLACEMENT_3D ( 'NONE', #1263, #1248, #575 ) ;
#394 = CIRCLE ( 'NONE', #305, 0.2999999999999999334 ) ;
#395 = ORIENTED_EDGE ( 'NONE', *, *, #641, .T. ) ;
#396 = CIRCLE ( 'NONE', #1404, 0.3000000000000000999 ) ;
#397 =( LENGTH_UNIT ( ) NAMED_UNIT ( * ) SI_UNIT ( .MILLI., .METRE. ) );
#398 =( LENGTH_UNIT ( ) NAMED_UNIT ( * ) SI_UNIT ( .MILLI., .METRE. ) );
#399 = ADVANCED_FACE ( 'NONE', ( #163 ), #44, .F. ) ;
#400 = FILL_AREA_STYLE ('',( #1002 ) ) ;
#401 = MECHANICAL_DESIGN_GEOMETRIC_PRESENTATION_REPRESENTATION (  '', ( #1171 ), #330 ) ;
#402 = STYLED_ITEM ( 'NONE', ( #9 ), #1170 ) ;
#403 =( NAMED_UNIT ( * ) PLANE_ANGLE_UNIT ( ) SI_UNIT ( $, .RADIAN. ) );
#404 = DIRECTION ( 'NONE',  ( 1.807003620809173892E-16, 0.000000000000000000, -1.000000000000000000 ) ) ;
#405 = MECHANICAL_DESIGN_GEOMETRIC_PRESENTATION_REPRESENTATION (  '', ( #989 ), #1377 ) ;
#406 = EDGE_CURVE ( 'NONE', #924, #979, #649, .T. ) ;
#407 = SURFACE_SIDE_STYLE ('',( #191 ) ) ;
#408 = AXIS2_PLACEMENT_3D ( 'NONE', #1456, #1255, #910 ) ;
#409 = FACE_OUTER_BOUND ( 'NONE', #279, .T. ) ;
#410 = CARTESIAN_POINT ( 'NONE',  ( 4.999999999999998224, 0.7049999999999996270, 0.000000000000000000 ) ) ;
#411 = LINE ( 'NONE', #850, #415 ) ;
#412 = DIRECTION ( 'NONE',  ( -1.000000000000000000, -1.123525567342493414E-16, 1.470104640658309768E-16 ) ) ;
#413 = DIRECTION ( 'NONE',  ( 1.000000000000000000, 0.000000000000000000, 0.000000000000000000 ) ) ;
#414 = DIRECTION ( 'NONE',  ( 0.000000000000000000, -0.000000000000000000, -1.000000000000000000 ) ) ;
#415 = VECTOR ( 'NONE', #666, 1000.000000000000000 ) ;
#416 = DIRECTION ( 'NONE',  ( 0.000000000000000000, 0.000000000000000000, 1.000000000000000000 ) ) ;
#417 = DIRECTION ( 'NONE',  ( 4.300967295810262353E-16, 1.000000000000000000, 0.000000000000000000 ) ) ;
#418 =( NAMED_UNIT ( * ) PLANE_ANGLE_UNIT ( ) SI_UNIT ( $, .RADIAN. ) );
#419 =( NAMED_UNIT ( * ) SI_UNIT ( $, .STERADIAN. ) SOLID_ANGLE_UNIT ( ) );
#420 = STYLED_ITEM ( 'NONE', ( #162 ), #1098 ) ;
#421 = UNCERTAINTY_MEASURE_WITH_UNIT (LENGTH_MEASURE( 1.000000000000000082E-05 ), #852, 'distance_accuracy_value', 'NONE');
#422 =( NAMED_UNIT ( * ) PLANE_ANGLE_UNIT ( ) SI_UNIT ( $, .RADIAN. ) );
#423 = EDGE_CURVE ( 'NONE', #491, #1105, #1132, .T. ) ;
#424 = EDGE_CURVE ( 'NONE', #1052, #272, #1185, .T. ) ;
#425 = ORIENTED_EDGE ( 'NONE', *, *, #823, .T. ) ;
#426 = SURFACE_STYLE_USAGE ( .BOTH. , #407 ) ;
#427 = ORIENTED_EDGE ( 'NONE', *, *, #944, .F. ) ;
#428 = CARTESIAN_POINT ( 'NONE',  ( 3.499999999999993339, 2.046762894211684369E-16, 3.000000000000000000 ) ) ;
#429 = DIRECTION ( 'NONE',  ( 4.300967295810262353E-16, 1.000000000000000000, 0.000000000000000000 ) ) ;
#430 = LINE ( 'NONE', #1289, #1395 ) ;
#431 = CARTESIAN_POINT ( 'NONE',  ( 5.900000000000003908, 8.410918747922572436, 2.399999999999999467 ) ) ;
#432 = CARTESIAN_POINT ( 'NONE',  ( 6.500000000000004441, -1.627177503230388318E-16, -3.000000000000000000 ) ) ;
#433 = VERTEX_POINT ( 'NONE', #1414 ) ;
#434 = DIRECTION ( 'NONE',  ( 1.000000000000000000, 1.334402673828313438E-15, 0.000000000000000000 ) ) ;
#435 = ORIENTED_EDGE ( 'NONE', *, *, #1211, .F. ) ;
#436 = EDGE_LOOP ( 'NONE', ( #1071, #842, #1049, #354 ) ) ;
#437 =( GEOMETRIC_REPRESENTATION_CONTEXT ( 3 ) GLOBAL_UNCERTAINTY_ASSIGNED_CONTEXT ( ( #1051 ) ) GLOBAL_UNIT_ASSIGNED_CONTEXT ( ( #398, #848, #497 ) ) REPRESENTATION_CONTEXT ( 'NONE', 'WORKASPACE' ) );
#438 = CARTESIAN_POINT ( 'NONE',  ( -6.499999999999999112, 11.80000000000000959, 2.700000000000000178 ) ) ;
#439 = UNCERTAINTY_MEASURE_WITH_UNIT (LENGTH_MEASURE( 1.000000000000000082E-05 ), #1131, 'distance_accuracy_value', 'NONE');
#440 = DIRECTION ( 'NONE',  ( 0.000000000000000000, 0.000000000000000000, 1.000000000000000000 ) ) ;
#441 = EDGE_CURVE ( 'NONE', #1203, #463, #712, .T. ) ;
#442 = SURFACE_SIDE_STYLE ('',( #170 ) ) ;
#443 = ORIENTED_EDGE ( 'NONE', *, *, #959, .F. ) ;
#444 = ADVANCED_FACE ( 'NONE', ( #1193 ), #228, .F. ) ;
#445 = VERTEX_POINT ( 'NONE', #1230 ) ;
#446 =( NAMED_UNIT ( * ) PLANE_ANGLE_UNIT ( ) SI_UNIT ( $, .RADIAN. ) );
#447 =( LENGTH_UNIT ( ) NAMED_UNIT ( * ) SI_UNIT ( .MILLI., .METRE. ) );
#448 = ORIENTED_EDGE ( 'NONE', *, *, #535, .F. ) ;
#449 = DIRECTION ( 'NONE',  ( 0.000000000000000000, 0.000000000000000000, 1.000000000000000000 ) ) ;
#450 = VERTEX_POINT ( 'NONE', #1464 ) ;
#451 = PRODUCT_DEFINITION_FORMATION_WITH_SPECIFIED_SOURCE ( 'ANY', '', #769, .NOT_KNOWN. ) ;
#452 = CARTESIAN_POINT ( 'NONE',  ( -1.285266815705147439E-15, -2.168404344971008868E-16, 2.400000000000000355 ) ) ;
#453 = SURFACE_SIDE_STYLE ('',( #688 ) ) ;
#454 = ORIENTED_EDGE ( 'NONE', *, *, #959, .T. ) ;
#455 = MECHANICAL_DESIGN_GEOMETRIC_PRESENTATION_REPRESENTATION (  '', ( #618 ), #658 ) ;
#456 = DIRECTION ( 'NONE',  ( 4.300967295810262353E-16, 1.000000000000000000, -0.000000000000000000 ) ) ;
#457 = DIRECTION ( 'NONE',  ( -1.000000000000000000, -1.334402673828313438E-15, -0.000000000000000000 ) ) ;
#458 = ORIENTED_EDGE ( 'NONE', *, *, #1467, .F. ) ;
#459 = DIRECTION ( 'NONE',  ( 1.000000000000000000, 0.000000000000000000, -1.470104640658309768E-16 ) ) ;
#460 =( NAMED_UNIT ( * ) PLANE_ANGLE_UNIT ( ) SI_UNIT ( $, .RADIAN. ) );
#461 = EDGE_CURVE ( 'NONE', #1208, #1231, #214, .T. ) ;
#462 = PRESENTATION_STYLE_ASSIGNMENT (( #954 ) ) ;
#463 = VERTEX_POINT ( 'NONE', #114 ) ;
#464 = LINE ( 'NONE', #763, #1422 ) ;
#465 = SURFACE_SIDE_STYLE ('',( #49 ) ) ;
#466 = CARTESIAN_POINT ( 'NONE',  ( 6.200000000000003730, 2.666599723402364611E-15, 2.700000000000000178 ) ) ;
#467 = DIRECTION ( 'NONE',  ( 1.000000000000000000, 1.224646799147353207E-16, 0.000000000000000000 ) ) ;
#468 = ADVANCED_FACE ( 'NONE', ( #253 ), #730, .T. ) ;
#469 = SURFACE_STYLE_USAGE ( .BOTH. , #1468 ) ;
#470 = PRESENTATION_LAYER_ASSIGNMENT (  '', '', ( #74 ) ) ;
#471 = EDGE_LOOP ( 'NONE', ( #753, #1352, #1228 ) ) ;
#472 = PRESENTATION_LAYER_ASSIGNMENT (  '', '', ( #222 ) ) ;
#473 = EDGE_CURVE ( 'NONE', #1331, #1052, #746, .T. ) ;
#474 = SURFACE_SIDE_STYLE ('',( #38 ) ) ;
#475 =( NAMED_UNIT ( * ) SI_UNIT ( $, .STERADIAN. ) SOLID_ANGLE_UNIT ( ) );
#476 = EDGE_CURVE ( 'NONE', #1413, #1246, #1194, .T. ) ;
#477 = EDGE_CURVE ( 'NONE', #801, #48, #736, .T. ) ;
#478 = PLANE ( 'NONE',  #221 ) ;
#479 = PRESENTATION_LAYER_ASSIGNMENT (  '', '', ( #1171 ) ) ;
#480 = PLANE ( 'NONE',  #1323 ) ;
#481 = CARTESIAN_POINT ( 'NONE',  ( -4.999999999999998224, -12.84852813742385713, 0.000000000000000000 ) ) ;
#482 = DIRECTION ( 'NONE',  ( 0.7071067811865472397, -0.7071067811865479058, -1.039520960463303239E-16 ) ) ;
#483 = AXIS2_PLACEMENT_3D ( 'NONE', #275, #812, #906 ) ;
#484 = LINE ( 'NONE', #732, #1454 ) ;
#485 = DIRECTION ( 'NONE',  ( 0.000000000000000000, -1.000000000000000000, -0.000000000000000000 ) ) ;
#486 = MECHANICAL_DESIGN_GEOMETRIC_PRESENTATION_REPRESENTATION (  '', ( #1013 ), #1412 ) ;
#487 = EDGE_CURVE ( 'NONE', #21, #1102, #1197, .T. ) ;
#488 = CYLINDRICAL_SURFACE ( 'NONE', #1411, 0.3000000000000000999 ) ;
#489 = DIRECTION ( 'NONE',  ( 1.000000000000000000, 1.123525567342493414E-16, -1.470104640658309768E-16 ) ) ;
#490 = PLANE ( 'NONE',  #32 ) ;
#491 = VERTEX_POINT ( 'NONE', #1019 ) ;
#492 = CARTESIAN_POINT ( 'NONE',  ( -6.199999999999999289, 11.80000000000000959, -2.700000000000000178 ) ) ;
#493 = EDGE_LOOP ( 'NONE', ( #1142, #586 ) ) ;
#494 =( NAMED_UNIT ( * ) SI_UNIT ( $, .STERADIAN. ) SOLID_ANGLE_UNIT ( ) );
#495 = VERTEX_POINT ( 'NONE', #438 ) ;
#496 = PRODUCT_DEFINITION_CONTEXT ( 'detailed design', #1337, 'design' ) ;
#497 =( NAMED_UNIT ( * ) SI_UNIT ( $, .STERADIAN. ) SOLID_ANGLE_UNIT ( ) );
#498 = SURFACE_SIDE_STYLE ('',( #1357 ) ) ;
#499 = FACE_OUTER_BOUND ( 'NONE', #296, .T. ) ;
#500 = LINE ( 'NONE', #728, #982 ) ;
#501 = MECHANICAL_DESIGN_GEOMETRIC_PRESENTATION_REPRESENTATION (  '', ( #262 ), #734 ) ;
#502 =( NAMED_UNIT ( * ) SI_UNIT ( $, .STERADIAN. ) SOLID_ANGLE_UNIT ( ) );
#503 = VECTOR ( 'NONE', #1432, 1000.000000000000000 ) ;
#504 = AXIS2_PLACEMENT_3D ( 'NONE', #492, #1277, #10 ) ;
#505 = PRESENTATION_STYLE_ASSIGNMENT (( #290 ) ) ;
#506 = FACE_OUTER_BOUND ( 'NONE', #1279, .T. ) ;
#507 = LINE ( 'NONE', #879, #503 ) ;
#508 = LINE ( 'NONE', #372, #993 ) ;
#509 = FACE_OUTER_BOUND ( 'NONE', #1044, .T. ) ;
#510 = SURFACE_STYLE_USAGE ( .BOTH. , #773 ) ;
#511 = CIRCLE ( 'NONE', #1178, 0.2999999999999999334 ) ;
#512 = ORIENTED_EDGE ( 'NONE', *, *, #1296, .T. ) ;
#513 = AXIS2_PLACEMENT_3D ( 'NONE', #541, #841, #972 ) ;
#514 = COLOUR_RGB ( '',0.5019607843137254832, 0.5019607843137254832, 0.5019607843137254832 ) ;
#515 = VERTEX_POINT ( 'NONE', #1112 ) ;
#516 = STYLED_ITEM ( 'NONE', ( #1152 ), #120 ) ;
#517 = UNCERTAINTY_MEASURE_WITH_UNIT (LENGTH_MEASURE( 1.000000000000000082E-05 ), #596, 'distance_accuracy_value', 'NONE');
#518 = CYLINDRICAL_SURFACE ( 'NONE', #1221, 0.3000000000000000999 ) ;
#519 = CARTESIAN_POINT ( 'NONE',  ( -6.199999999999999289, 12.10000000000001030, -2.700000000000000178 ) ) ;
#520 = VECTOR ( 'NONE', #691, 1000.000000000000000 ) ;
#521 = CIRCLE ( 'NONE', #987, 0.3000000000000000999 ) ;
#522 = EDGE_CURVE ( 'NONE', #907, #919, #738, .T. ) ;
#523 = LINE ( 'NONE', #1005, #1460 ) ;
#524 = DIRECTION ( 'NONE',  ( -1.000000000000000000, -1.334402673828313438E-15, -0.000000000000000000 ) ) ;
#525 = CARTESIAN_POINT ( 'NONE',  ( -5.900000000000003908, -2.168404344971008868E-16, 2.399999999999999467 ) ) ;
#526 = COLOUR_RGB ( '',0.5019607843137254832, 0.5019607843137254832, 0.5019607843137254832 ) ;
#527 = MANIFOLD_SOLID_BREP ( 'Mirror1[2]', #1457 ) ;
#528 = VECTOR ( 'NONE', #489, 1000.000000000000000 ) ;
#529 = CARTESIAN_POINT ( 'NONE',  ( -2.894999999999993801, 0.6049999999999999822, 3.000000000000000000 ) ) ;
#530 = VERTEX_POINT ( 'NONE', #900 ) ;
#531 =( GEOMETRIC_REPRESENTATION_CONTEXT ( 3 ) GLOBAL_UNCERTAINTY_ASSIGNED_CONTEXT ( ( #1347 ) ) GLOBAL_UNIT_ASSIGNED_CONTEXT ( ( #1088, #1200, #52 ) ) REPRESENTATION_CONTEXT ( 'NONE', 'WORKASPACE' ) );
#532 = DIRECTION ( 'NONE',  ( 0.000000000000000000, 0.000000000000000000, 1.000000000000000000 ) ) ;
#533 = DIRECTION ( 'NONE',  ( -0.7071067811865472397, -0.7071067811865479058, 0.000000000000000000 ) ) ;
#534 = AXIS2_PLACEMENT_3D ( 'NONE', #1433, #1236, #1350 ) ;
#535 = EDGE_CURVE ( 'NONE', #1452, #907, #523, .T. ) ;
#536 = CARTESIAN_POINT ( 'NONE',  ( 5.900000000000003020, 0.7049999999999998490, -2.400000000000001243 ) ) ;
#537 = PRESENTATION_STYLE_ASSIGNMENT (( #28 ) ) ;
#538 = UNCERTAINTY_MEASURE_WITH_UNIT (LENGTH_MEASURE( 1.000000000000000082E-05 ), #1348, 'distance_accuracy_value', 'NONE');
#539 = DIRECTION ( 'NONE',  ( 1.000000000000000000, 0.000000000000000000, 0.000000000000000000 ) ) ;
#540 = DIRECTION ( 'NONE',  ( 1.000000000000000000, 1.224646799147353207E-16, 0.000000000000000000 ) ) ;
#541 = CARTESIAN_POINT ( 'NONE',  ( 6.199999999999999289, 11.80000000000000959, 2.700000000000000178 ) ) ;
#542 =( NAMED_UNIT ( * ) SI_UNIT ( $, .STERADIAN. ) SOLID_ANGLE_UNIT ( ) );
#543 = EDGE_CURVE ( 'NONE', #970, #357, #1458, .T. ) ;
#544 = CARTESIAN_POINT ( 'NONE',  ( -6.499999999999999112, 12.10000000000001030, -2.700000000000000178 ) ) ;
#545 = CYLINDRICAL_SURFACE ( 'NONE', #918, 0.2999999999999999334 ) ;
#546 = FACE_OUTER_BOUND ( 'NONE', #949, .T. ) ;
#547 =( NAMED_UNIT ( * ) PLANE_ANGLE_UNIT ( ) SI_UNIT ( $, .RADIAN. ) );
#548 = EDGE_LOOP ( 'NONE', ( #68, #624, #886, #1382 ) ) ;
#549 = SURFACE_STYLE_FILL_AREA ( #193 ) ;
#550 = PRESENTATION_STYLE_ASSIGNMENT (( #263 ) ) ;
#551 = VECTOR ( 'NONE', #345, 1000.000000000000000 ) ;
#552 = DIRECTION ( 'NONE',  ( 0.000000000000000000, -1.000000000000000000, -0.000000000000000000 ) ) ;
#553 = ORIENTED_EDGE ( 'NONE', *, *, #897, .F. ) ;
#554 = PRESENTATION_STYLE_ASSIGNMENT (( #269 ) ) ;
#555 = LINE ( 'NONE', #145, #576 ) ;
#556 = CARTESIAN_POINT ( 'NONE',  ( 6.500000000000004441, -1.627177503230388318E-16, 2.700000000000000178 ) ) ;
#557 = ORIENTED_EDGE ( 'NONE', *, *, #343, .F. ) ;
#558 = EDGE_LOOP ( 'NONE', ( #598, #101, #860, #1273 ) ) ;
#559 = STYLED_ITEM ( 'NONE', ( #16 ), #783 ) ;
#560 = CARTESIAN_POINT ( 'NONE',  ( 4.999999999999998224, 0.7049999999999996270, -0.3000000000000000999 ) ) ;
#561 = FILL_AREA_STYLE_COLOUR ( '', #740 ) ;
#562 = PRESENTATION_STYLE_ASSIGNMENT (( #898 ) ) ;
#563 = ADVANCED_FACE ( 'NONE', ( #499 ), #490, .F. ) ;
#564 = ORIENTED_EDGE ( 'NONE', *, *, #248, .F. ) ;
#565 = ORIENTED_EDGE ( 'NONE', *, *, #568, .T. ) ;
#566 = FILL_AREA_STYLE_COLOUR ( '', #877 ) ;
#567 = AXIS2_PLACEMENT_3D ( 'NONE', #646, #757, #413 ) ;
#568 = EDGE_CURVE ( 'NONE', #1246, #48, #593, .T. ) ;
#569 = EDGE_CURVE ( 'NONE', #40, #94, #1063, .T. ) ;
#570 =( NAMED_UNIT ( * ) PLANE_ANGLE_UNIT ( ) SI_UNIT ( $, .RADIAN. ) );
#571 = COLOUR_RGB ( '',0.7921568627450980005, 0.8196078431372548767, 0.9333333333333333481 ) ;
#572 = VERTEX_POINT ( 'NONE', #285 ) ;
#573 = CARTESIAN_POINT ( 'NONE',  ( -6.200000000000003730, -1.259783463486184402E-16, 2.700000000000000178 ) ) ;
#574 = LINE ( 'NONE', #948, #1048 ) ;
#575 = DIRECTION ( 'NONE',  ( 0.000000000000000000, 0.000000000000000000, 1.000000000000000000 ) ) ;
#576 = VECTOR ( 'NONE', #605, 1000.000000000000000 ) ;
#577 = ORIENTED_EDGE ( 'NONE', *, *, #1083, .F. ) ;
#578 = CARTESIAN_POINT ( 'NONE',  ( 6.500000000000004441, -1.627177503230388318E-16, -2.700000000000000178 ) ) ;
#579 = CARTESIAN_POINT ( 'NONE',  ( 2.894999999999993801, 0.6049999999999999822, 3.000000000000000000 ) ) ;
#580 = CIRCLE ( 'NONE', #777, 0.2999999999999999334 ) ;
#581 = CARTESIAN_POINT ( 'NONE',  ( -3.499999999999993339, 2.046762894211684369E-16, 3.000000000000000000 ) ) ;
#582 = PRESENTATION_STYLE_ASSIGNMENT (( #1327 ) ) ;
#583 = ADVANCED_FACE ( 'NONE', ( #39 ), #611, .F. ) ;
#584 = EDGE_LOOP ( 'NONE', ( #299, #443 ) ) ;
#585 = ORIENTED_EDGE ( 'NONE', *, *, #325, .T. ) ;
#586 = ORIENTED_EDGE ( 'NONE', *, *, #441, .T. ) ;
#587 = VECTOR ( 'NONE', #540, 1000.000000000000000 ) ;
#588 = MECHANICAL_DESIGN_GEOMETRIC_PRESENTATION_REPRESENTATION (  '', ( #1186 ), #760 ) ;
#589 = CARTESIAN_POINT ( 'NONE',  ( -3.499999999999993339, 2.046762894211684369E-16, 3.000000000000000000 ) ) ;
#590 = ORIENTED_EDGE ( 'NONE', *, *, #1225, .T. ) ;
#591 = MANIFOLD_SOLID_BREP ( 'Boss-Extrude2', #70 ) ;
#592 = VERTEX_POINT ( 'NONE', #46 ) ;
#593 = LINE ( 'NONE', #1378, #90 ) ;
#594 = SURFACE_STYLE_USAGE ( .BOTH. , #803 ) ;
#595 = SPHERICAL_SURFACE ( 'NONE', #1078, 0.2999999999999999889 ) ;
#596 =( LENGTH_UNIT ( ) NAMED_UNIT ( * ) SI_UNIT ( .MILLI., .METRE. ) );
#597 = EDGE_CURVE ( 'NONE', #1242, #495, #55, .T. ) ;
#598 = ORIENTED_EDGE ( 'NONE', *, *, #1065, .F. ) ;
#599 =( LENGTH_UNIT ( ) NAMED_UNIT ( * ) SI_UNIT ( .MILLI., .METRE. ) );
#600 = PRESENTATION_STYLE_ASSIGNMENT (( #196 ) ) ;
#601 = ORIENTED_EDGE ( 'NONE', *, *, #78, .F. ) ;
#602 = ORIENTED_EDGE ( 'NONE', *, *, #1014, .F. ) ;
#603 = ORIENTED_EDGE ( 'NONE', *, *, #1343, .T. ) ;
#604 = COLOUR_RGB ( '',0.7921568627450980005, 0.8196078431372548767, 0.9333333333333333481 ) ;
#605 = DIRECTION ( 'NONE',  ( -1.000000000000000000, 1.224646799147353207E-16, 0.000000000000000000 ) ) ;
#606 = ORIENTED_EDGE ( 'NONE', *, *, #999, .T. ) ;
#607 = ADVANCED_FACE ( 'NONE', ( #51 ), #480, .F. ) ;
#608 = ORIENTED_EDGE ( 'NONE', *, *, #865, .T. ) ;
#609 = COLOUR_RGB ( '',1.000000000000000000, 1.000000000000000000, 1.000000000000000000 ) ;
#610 = DIRECTION ( 'NONE',  ( 0.000000000000000000, -1.000000000000000000, 0.000000000000000000 ) ) ;
#611 = PLANE ( 'NONE',  #1445 ) ;
#612 = SURFACE_STYLE_FILL_AREA ( #73 ) ;
#613 = ORIENTED_EDGE ( 'NONE', *, *, #724, .T. ) ;
#614 = ORIENTED_EDGE ( 'NONE', *, *, #1296, .F. ) ;
#615 = SURFACE_STYLE_FILL_AREA ( #1302 ) ;
#616 = LINE ( 'NONE', #1304, #115 ) ;
#617 = ORIENTED_EDGE ( 'NONE', *, *, #761, .F. ) ;
#618 = STYLED_ITEM ( 'NONE', ( #537 ), #583 ) ;
#619 = ORIENTED_EDGE ( 'NONE', *, *, #1058, .T. ) ;
#620 = PRESENTATION_LAYER_ASSIGNMENT (  '', '', ( #640 ) ) ;
#621 = ORIENTED_EDGE ( 'NONE', *, *, #543, .T. ) ;
#622 = EDGE_LOOP ( 'NONE', ( #179, #205, #350, #1201 ) ) ;
#623 = PRESENTATION_STYLE_ASSIGNMENT (( #510 ) ) ;
#624 = ORIENTED_EDGE ( 'NONE', *, *, #108, .T. ) ;
#625 = EDGE_CURVE ( 'NONE', #979, #1402, #161, .T. ) ;
#626 = ORIENTED_EDGE ( 'NONE', *, *, #1179, .F. ) ;
#627 = CARTESIAN_POINT ( 'NONE',  ( 3.499999999999993339, 2.046762894211684369E-16, -3.000000000000000000 ) ) ;
#628 = DIRECTION ( 'NONE',  ( -0.000000000000000000, 0.000000000000000000, -1.000000000000000000 ) ) ;
#629 = EDGE_LOOP ( 'NONE', ( #130, #133, #577 ) ) ;
#630 = LINE ( 'NONE', #1334, #655 ) ;
#631 = ORIENTED_EDGE ( 'NONE', *, *, #347, .F. ) ;
#632 = AXIS2_PLACEMENT_3D ( 'NONE', #1400, #37, #182 ) ;
#633 = DIRECTION ( 'NONE',  ( 0.000000000000000000, 0.000000000000000000, 1.000000000000000000 ) ) ;
#634 =( NAMED_UNIT ( * ) PLANE_ANGLE_UNIT ( ) SI_UNIT ( $, .RADIAN. ) );
#635 = ORIENTED_EDGE ( 'NONE', *, *, #1397, .F. ) ;
#636 =( LENGTH_UNIT ( ) NAMED_UNIT ( * ) SI_UNIT ( .MILLI., .METRE. ) );
#637 = STYLED_ITEM ( 'NONE', ( #462 ), #833 ) ;
#638 = DIRECTION ( 'NONE',  ( 1.224646799147353207E-16, -1.000000000000000000, -0.000000000000000000 ) ) ;
#639 = LINE ( 'NONE', #994, #1106 ) ;
#640 = STYLED_ITEM ( 'NONE', ( #562 ), #1272 ) ;
#641 = EDGE_CURVE ( 'NONE', #592, #1006, #1140, .T. ) ;
#642 = SURFACE_STYLE_FILL_AREA ( #978 ) ;
#643 =( GEOMETRIC_REPRESENTATION_CONTEXT ( 3 ) GLOBAL_UNCERTAINTY_ASSIGNED_CONTEXT ( ( #755 ) ) GLOBAL_UNIT_ASSIGNED_CONTEXT ( ( #57, #1396, #298 ) ) REPRESENTATION_CONTEXT ( 'NONE', 'WORKASPACE' ) );
#644 = CARTESIAN_POINT ( 'NONE',  ( -6.499999999999999112, 12.10000000000001030, 2.700000000000000178 ) ) ;
#645 = CIRCLE ( 'NONE', #245, 0.3000000000000000999 ) ;
#646 = CARTESIAN_POINT ( 'NONE',  ( 6.199999999999999289, 11.80000000000000959, 3.000000000000000000 ) ) ;
#647 = UNCERTAINTY_MEASURE_WITH_UNIT (LENGTH_MEASURE( 1.000000000000000082E-05 ), #210, 'distance_accuracy_value', 'NONE');
#648 = LINE ( 'NONE', #431, #148 ) ;
#649 = LINE ( 'NONE', #1183, #178 ) ;
#650 = LINE ( 'NONE', #859, #1064 ) ;
#651 = VECTOR ( 'NONE', #1459, 1000.000000000000000 ) ;
#652 = LINE ( 'NONE', #1234, #690 ) ;
#653 = PLANE ( 'NONE',  #3 ) ;
#654 = SURFACE_SIDE_STYLE ('',( #1036 ) ) ;
#655 = VECTOR ( 'NONE', #1205, 1000.000000000000000 ) ;
#656 =( NAMED_UNIT ( * ) SI_UNIT ( $, .STERADIAN. ) SOLID_ANGLE_UNIT ( ) );
#657 = DIRECTION ( 'NONE',  ( 0.000000000000000000, 0.000000000000000000, 1.000000000000000000 ) ) ;
#658 =( GEOMETRIC_REPRESENTATION_CONTEXT ( 3 ) GLOBAL_UNCERTAINTY_ASSIGNED_CONTEXT ( ( #1189 ) ) GLOBAL_UNIT_ASSIGNED_CONTEXT ( ( #1285, #634, #166 ) ) REPRESENTATION_CONTEXT ( 'NONE', 'WORKASPACE' ) );
#659 = SURFACE_STYLE_FILL_AREA ( #1 ) ;
#660 = PRESENTATION_LAYER_ASSIGNMENT (  '', '', ( #281 ) ) ;
#661 = FILL_AREA_STYLE_COLOUR ( '', #526 ) ;
#662 = CIRCLE ( 'NONE', #504, 0.2999999999999999334 ) ;
#663 = DIRECTION ( 'NONE',  ( -1.000000000000000000, -1.123525567342493414E-16, 0.000000000000000000 ) ) ;
#664 = EDGE_CURVE ( 'NONE', #126, #515, #122, .T. ) ;
#665 = FILL_AREA_STYLE ('',( #967 ) ) ;
#666 = DIRECTION ( 'NONE',  ( -0.000000000000000000, -0.000000000000000000, 1.000000000000000000 ) ) ;
#667 = CARTESIAN_POINT ( 'NONE',  ( -6.199999999999999289, 11.80000000000000959, 3.000000000000000000 ) ) ;
#668 = VECTOR ( 'NONE', #412, 1000.000000000000000 ) ;
#669 = FILL_AREA_STYLE_COLOUR ( '', #1113 ) ;
#670 = FACE_OUTER_BOUND ( 'NONE', #29, .T. ) ;
#671 = PRESENTATION_STYLE_ASSIGNMENT (( #426 ) ) ;
#672 = VERTEX_POINT ( 'NONE', #1217 ) ;
#673 = DIRECTION ( 'NONE',  ( 0.000000000000000000, 0.000000000000000000, -1.000000000000000000 ) ) ;
#674 = CARTESIAN_POINT ( 'NONE',  ( 6.199999999999999289, 11.80000000000000959, -2.700000000000000178 ) ) ;
#675 = ORIENTED_EDGE ( 'NONE', *, *, #1282, .F. ) ;
#676 = SURFACE_SIDE_STYLE ('',( #705 ) ) ;
#677 = DIRECTION ( 'NONE',  ( 0.000000000000000000, -0.000000000000000000, -1.000000000000000000 ) ) ;
#678 = SURFACE_STYLE_FILL_AREA ( #368 ) ;
#679 = MECHANICAL_DESIGN_GEOMETRIC_PRESENTATION_REPRESENTATION (  '', ( #222 ), #437 ) ;
#680 =( LENGTH_UNIT ( ) NAMED_UNIT ( * ) SI_UNIT ( .MILLI., .METRE. ) );
#681 = STYLED_ITEM ( 'NONE', ( #195 ), #399 ) ;
#682 = FACE_OUTER_BOUND ( 'NONE', #106, .T. ) ;
#683 = ORIENTED_EDGE ( 'NONE', *, *, #922, .F. ) ;
#684 =( GEOMETRIC_REPRESENTATION_CONTEXT ( 3 ) GLOBAL_UNCERTAINTY_ASSIGNED_CONTEXT ( ( #1455 ) ) GLOBAL_UNIT_ASSIGNED_CONTEXT ( ( #397, #283, #419 ) ) REPRESENTATION_CONTEXT ( 'NONE', 'WORKASPACE' ) );
#685 = UNCERTAINTY_MEASURE_WITH_UNIT (LENGTH_MEASURE( 1.000000000000000082E-05 ), #1035, 'distance_accuracy_value', 'NONE');
#686 = COLOUR_RGB ( '',0.5019607843137254832, 0.5019607843137254832, 0.5019607843137254832 ) ;
#687 = ADVANCED_FACE ( 'NONE', ( #670 ), #323, .F. ) ;
#688 = SURFACE_STYLE_FILL_AREA ( #131 ) ;
#689 = SURFACE_STYLE_USAGE ( .BOTH. , #442 ) ;
#690 = VECTOR ( 'NONE', #1210, 1000.000000000000000 ) ;
#691 = DIRECTION ( 'NONE',  ( -1.000000000000000000, 1.224646799147353207E-16, 0.000000000000000000 ) ) ;
#692 = COLOUR_RGB ( '',0.5019607843137254832, 0.5019607843137254832, 0.5019607843137254832 ) ;
#693 = ORIENTED_EDGE ( 'NONE', *, *, #1238, .T. ) ;
#694 = COLOUR_RGB ( '',0.5019607843137254832, 0.5019607843137254832, 0.5019607843137254832 ) ;
#695 = ORIENTED_EDGE ( 'NONE', *, *, #664, .F. ) ;
#696 = CARTESIAN_POINT ( 'NONE',  ( 5.900000000000003908, 0.7049999999999998490, 2.399999999999999467 ) ) ;
#697 = AXIS2_PLACEMENT_3D ( 'NONE', #1360, #6, #149 ) ;
#698 = ORIENTED_EDGE ( 'NONE', *, *, #473, .T. ) ;
#699 = DIRECTION ( 'NONE',  ( 0.7071067811865479058, 0.7071067811865472397, 0.000000000000000000 ) ) ;
#700 =( LENGTH_UNIT ( ) NAMED_UNIT ( * ) SI_UNIT ( .MILLI., .METRE. ) );
#701 = ADVANCED_FACE ( 'NONE', ( #682 ), #927, .T. ) ;
#702 = MECHANICAL_DESIGN_GEOMETRIC_PRESENTATION_REPRESENTATION (  '', ( #1358 ), #1305 ) ;
#703 = EDGE_CURVE ( 'NONE', #592, #272, #4, .T. ) ;
#704 = CARTESIAN_POINT ( 'NONE',  ( 0.000000000000000000, 0.000000000000000000, -3.000000000000000000 ) ) ;
#705 = SURFACE_STYLE_FILL_AREA ( #665 ) ;
#706 = DIRECTION ( 'NONE',  ( -1.000000000000000000, 0.000000000000000000, 0.000000000000000000 ) ) ;
#707 = STYLED_ITEM ( 'NONE', ( #819 ), #1351 ) ;
#708 = EDGE_CURVE ( 'NONE', #1102, #21, #1018, .T. ) ;
#709 = PRODUCT_CONTEXT ( 'NONE', #1134, 'mechanical' ) ;
#710 = PLANE ( 'NONE',  #1139 ) ;
#711 = CARTESIAN_POINT ( 'NONE',  ( -6.200000000000003730, 2.666599723402364611E-15, 2.700000000000000178 ) ) ;
#712 = CIRCLE ( 'NONE', #973, 0.3000000000000000999 ) ;
#713 = FILL_AREA_STYLE_COLOUR ( '', #936 ) ;
#714 = ADVANCED_FACE ( 'NONE', ( #506 ), #371, .F. ) ;
#715 = CARTESIAN_POINT ( 'NONE',  ( 6.499999999999999112, 12.10000000000001030, 2.700000000000000178 ) ) ;
#716 = ORIENTED_EDGE ( 'NONE', *, *, #461, .T. ) ;
#717 = ORIENTED_EDGE ( 'NONE', *, *, #473, .F. ) ;
#718 = SURFACE_STYLE_USAGE ( .BOTH. , #474 ) ;
#719 = AXIS2_PLACEMENT_3D ( 'NONE', #87, #1117, #657 ) ;
#720 = DIRECTION ( 'NONE',  ( -0.000000000000000000, -0.000000000000000000, 1.000000000000000000 ) ) ;
#721 = ORIENTED_EDGE ( 'NONE', *, *, #522, .T. ) ;
#722 = DIRECTION ( 'NONE',  ( -0.7071067811865479058, 0.7071067811865472397, 0.000000000000000000 ) ) ;
#723 = PRESENTATION_LAYER_ASSIGNMENT (  '', '', ( #1100 ) ) ;
#724 = EDGE_CURVE ( 'NONE', #572, #1331, #42, .T. ) ;
#725 = ORIENTED_EDGE ( 'NONE', *, *, #293, .T. ) ;
#726 = CARTESIAN_POINT ( 'NONE',  ( 6.200000000000003730, 0.000000000000000000, -2.700000000000000178 ) ) ;
#727 = CARTESIAN_POINT ( 'NONE',  ( 0.000000000000000000, -6.000000000000000000, 0.000000000000000000 ) ) ;
#728 = CARTESIAN_POINT ( 'NONE',  ( 1.285266815705147439E-15, -2.168404344971008868E-16, 2.400000000000000355 ) ) ;
#729 =( NAMED_UNIT ( * ) PLANE_ANGLE_UNIT ( ) SI_UNIT ( $, .RADIAN. ) );
#730 = CYLINDRICAL_SURFACE ( 'NONE', #342, 0.2999999999999999334 ) ;
#731 = VECTOR ( 'NONE', #981, 1000.000000000000000 ) ;
#732 = CARTESIAN_POINT ( 'NONE',  ( 2.894999999999992912, 0.6049999999999999822, -2.400000000000000355 ) ) ;
#733 = PRESENTATION_STYLE_ASSIGNMENT (( #1440 ) ) ;
#734 =( GEOMETRIC_REPRESENTATION_CONTEXT ( 3 ) GLOBAL_UNCERTAINTY_ASSIGNED_CONTEXT ( ( #1081 ) ) GLOBAL_UNIT_ASSIGNED_CONTEXT ( ( #958, #373, #475 ) ) REPRESENTATION_CONTEXT ( 'NONE', 'WORKASPACE' ) );
#735 = CARTESIAN_POINT ( 'NONE',  ( -5.900000000000003020, 8.410918747922572436, -2.400000000000001243 ) ) ;
#736 = LINE ( 'NONE', #579, #731 ) ;
#737 = EDGE_CURVE ( 'NONE', #272, #357, #988, .T. ) ;
#738 = LINE ( 'NONE', #251, #1202 ) ;
#739 = COLOUR_RGB ( '',0.5019607843137254832, 0.5019607843137254832, 0.5019607843137254832 ) ;
#740 = COLOUR_RGB ( '',0.7921568627450980005, 0.8196078431372548767, 0.9333333333333333481 ) ;
#741 = PLANE ( 'NONE',  #791 ) ;
#742 = SURFACE_STYLE_FILL_AREA ( #991 ) ;
#743 = DIRECTION ( 'NONE',  ( 0.000000000000000000, 1.000000000000000000, 0.000000000000000000 ) ) ;
#744 = DIRECTION ( 'NONE',  ( -1.000000000000000000, -1.334402673828313438E-15, 0.000000000000000000 ) ) ;
#745 = ORIENTED_EDGE ( 'NONE', *, *, #325, .F. ) ;
#746 = LINE ( 'NONE', #346, #250 ) ;
#747 = DIRECTION ( 'NONE',  ( 0.000000000000000000, -1.000000000000000000, 0.000000000000000000 ) ) ;
#748 = ORIENTED_EDGE ( 'NONE', *, *, #229, .F. ) ;
#749 = DIRECTION ( 'NONE',  ( -0.000000000000000000, 1.000000000000000000, -0.000000000000000000 ) ) ;
#750 =( GEOMETRIC_REPRESENTATION_CONTEXT ( 3 ) GLOBAL_UNCERTAINTY_ASSIGNED_CONTEXT ( ( #1077 ) ) GLOBAL_UNIT_ASSIGNED_CONTEXT ( ( #680, #446, #786 ) ) REPRESENTATION_CONTEXT ( 'NONE', 'WORKASPACE' ) );
#751 = DIRECTION ( 'NONE',  ( -1.224646799147353207E-16, 1.000000000000000000, 0.000000000000000000 ) ) ;
#752 = AXIS2_PLACEMENT_3D ( 'NONE', #1439, #327, #239 ) ;
#753 = ORIENTED_EDGE ( 'NONE', *, *, #944, .T. ) ;
#754 = EDGE_CURVE ( 'NONE', #344, #784, #12, .T. ) ;
#755 = UNCERTAINTY_MEASURE_WITH_UNIT (LENGTH_MEASURE( 1.000000000000000082E-05 ), #57, 'distance_accuracy_value', 'NONE');
#756 = DIRECTION ( 'NONE',  ( 4.300967295810262353E-16, 1.000000000000000000, -0.000000000000000000 ) ) ;
#757 = DIRECTION ( 'NONE',  ( 0.000000000000000000, 0.000000000000000000, -1.000000000000000000 ) ) ;
#758 =( GEOMETRIC_REPRESENTATION_CONTEXT ( 3 ) GLOBAL_UNCERTAINTY_ASSIGNED_CONTEXT ( ( #538 ) ) GLOBAL_UNIT_ASSIGNED_CONTEXT ( ( #1348, #365, #1369 ) ) REPRESENTATION_CONTEXT ( 'NONE', 'WORKASPACE' ) );
#759 = SURFACE_SIDE_STYLE ('',( #1448 ) ) ;
#760 =( GEOMETRIC_REPRESENTATION_CONTEXT ( 3 ) GLOBAL_UNCERTAINTY_ASSIGNED_CONTEXT ( ( #857 ) ) GLOBAL_UNIT_ASSIGNED_CONTEXT ( ( #1318, #98, #542 ) ) REPRESENTATION_CONTEXT ( 'NONE', 'WORKASPACE' ) );
#761 = EDGE_CURVE ( 'NONE', #1402, #672, #24, .T. ) ;
#762 = LINE ( 'NONE', #452, #767 ) ;
#763 = CARTESIAN_POINT ( 'NONE',  ( 4.999999999999998224, -12.84852813742385713, -0.3000000000000000999 ) ) ;
#764 = AXIS2_PLACEMENT_3D ( 'NONE', #1220, #355, #794 ) ;
#765 = EDGE_LOOP ( 'NONE', ( #1087, #915, #92, #1150 ) ) ;
#766 = DIRECTION ( 'NONE',  ( 0.000000000000000000, 0.000000000000000000, 1.000000000000000000 ) ) ;
#767 = VECTOR ( 'NONE', #459, 1000.000000000000000 ) ;
#768 = CARTESIAN_POINT ( 'NONE',  ( -6.200000000000003730, -1.259783463486182430E-16, -3.000000000000000000 ) ) ;
#769 = PRODUCT ( '10612.1130.66', '10612.1130.66', '', ( #709 ) ) ;
#770 = CARTESIAN_POINT ( 'NONE',  ( 3.499999999999993339, 2.046762894211684369E-16, 3.000000000000000000 ) ) ;
#771 = ORIENTED_EDGE ( 'NONE', *, *, #990, .T. ) ;
#772 = FACE_OUTER_BOUND ( 'NONE', #548, .T. ) ;
#773 = SURFACE_SIDE_STYLE ('',( #615 ) ) ;
#774 =( NAMED_UNIT ( * ) PLANE_ANGLE_UNIT ( ) SI_UNIT ( $, .RADIAN. ) );
#775 = PRESENTATION_LAYER_ASSIGNMENT (  '', '', ( #171 ) ) ;
#776 = VERTEX_POINT ( 'NONE', #578 ) ;
#777 = AXIS2_PLACEMENT_3D ( 'NONE', #1430, #225, #1333 ) ;
#778 = EDGE_CURVE ( 'NONE', #515, #1208, #998, .T. ) ;
#779 =( LENGTH_UNIT ( ) NAMED_UNIT ( * ) SI_UNIT ( .MILLI., .METRE. ) );
#780 = DIRECTION ( 'NONE',  ( 1.000000000000000000, 0.000000000000000000, 0.000000000000000000 ) ) ;
#781 = AXIS2_PLACEMENT_3D ( 'NONE', #727, #45, #957 ) ;
#782 = VERTEX_POINT ( 'NONE', #1258 ) ;
#783 = ADVANCED_FACE ( 'NONE', ( #13 ), #826, .T. ) ;
#784 = VERTEX_POINT ( 'NONE', #1016 ) ;
#785 = CARTESIAN_POINT ( 'NONE',  ( 6.199999999999999289, 11.80000000000000959, 2.700000000000000178 ) ) ;
#786 =( NAMED_UNIT ( * ) SI_UNIT ( $, .STERADIAN. ) SOLID_ANGLE_UNIT ( ) );
#787 = EDGE_LOOP ( 'NONE', ( #844, #1214, #912, #904 ) ) ;
#788 = CARTESIAN_POINT ( 'NONE',  ( -4.999999999999998224, -6.000000000000000000, 0.000000000000000000 ) ) ;
#789 = DIRECTION ( 'NONE',  ( -1.000000000000000000, 0.000000000000000000, 0.000000000000000000 ) ) ;
#790 = AXIS2_PLACEMENT_3D ( 'NONE', #233, #984, #335 ) ;
#791 = AXIS2_PLACEMENT_3D ( 'NONE', #160, #1335, #380 ) ;
#792 = MECHANICAL_DESIGN_GEOMETRIC_PRESENTATION_REPRESENTATION (  '', ( #402 ), #684 ) ;
#793 = CARTESIAN_POINT ( 'NONE',  ( 6.199999999999999289, 11.80000000000000959, 2.700000000000000178 ) ) ;
#794 = DIRECTION ( 'NONE',  ( 1.000000000000000000, 0.000000000000000000, -1.470104640658309768E-16 ) ) ;
#795 = FILL_AREA_STYLE ('',( #561 ) ) ;
#796 = DIRECTION ( 'NONE',  ( 0.7071067811865472397, -0.7071067811865479058, 0.000000000000000000 ) ) ;
#797 = ORIENTED_EDGE ( 'NONE', *, *, #1101, .T. ) ;
#798 = DIRECTION ( 'NONE',  ( 4.300967295810262353E-16, -1.000000000000000000, 0.000000000000000000 ) ) ;
#799 = ADVANCED_FACE ( 'NONE', ( #1061 ), #478, .F. ) ;
#800 = CARTESIAN_POINT ( 'NONE',  ( 5.900000000000003908, 8.410918747922572436, 2.399999999999999467 ) ) ;
#801 = VERTEX_POINT ( 'NONE', #1034 ) ;
#802 = COLOUR_RGB ( '',0.5019607843137254832, 0.5019607843137254832, 0.5019607843137254832 ) ;
#803 = SURFACE_SIDE_STYLE ('',( #238 ) ) ;
#804 = ORIENTED_EDGE ( 'NONE', *, *, #1121, .T. ) ;
#805 = CARTESIAN_POINT ( 'NONE',  ( 8.756228989047196718E-16, 11.80000000000000071, -2.700000000000000178 ) ) ;
#806 = DIRECTION ( 'NONE',  ( 0.000000000000000000, 0.000000000000000000, 1.000000000000000000 ) ) ;
#807 = STYLED_ITEM ( 'NONE', ( #733 ), #468 ) ;
#808 = DIRECTION ( 'NONE',  ( 0.000000000000000000, 0.000000000000000000, -1.000000000000000000 ) ) ;
#809 = MECHANICAL_DESIGN_GEOMETRIC_PRESENTATION_REPRESENTATION (  '', ( #516 ), #1224 ) ;
#810 = ORIENTED_EDGE ( 'NONE', *, *, #155, .F. ) ;
#811 =( NAMED_UNIT ( * ) PLANE_ANGLE_UNIT ( ) SI_UNIT ( $, .RADIAN. ) );
#812 = DIRECTION ( 'NONE',  ( 0.000000000000000000, 0.000000000000000000, 1.000000000000000000 ) ) ;
#813 = ORIENTED_EDGE ( 'NONE', *, *, #1101, .F. ) ;
#814 = EDGE_CURVE ( 'NONE', #939, #515, #953, .T. ) ;
#815 = SURFACE_SIDE_STYLE ('',( #289 ) ) ;
#816 = FILL_AREA_STYLE_COLOUR ( '', #1126 ) ;
#817 = CARTESIAN_POINT ( 'NONE',  ( 6.199999999999999289, 12.10000000000001030, -2.700000000000000178 ) ) ;
#818 = ORIENTED_EDGE ( 'NONE', *, *, #838, .F. ) ;
#819 = PRESENTATION_STYLE_ASSIGNMENT (( #255 ) ) ;
#820 =( GEOMETRIC_REPRESENTATION_CONTEXT ( 3 ) GLOBAL_UNCERTAINTY_ASSIGNED_CONTEXT ( ( #517 ) ) GLOBAL_UNIT_ASSIGNED_CONTEXT ( ( #596, #1270, #1373 ) ) REPRESENTATION_CONTEXT ( 'NONE', 'WORKASPACE' ) );
#821 = SURFACE_SIDE_STYLE ('',( #742 ) ) ;
#822 =( GEOMETRIC_REPRESENTATION_CONTEXT ( 3 ) GLOBAL_UNCERTAINTY_ASSIGNED_CONTEXT ( ( #1416 ) ) GLOBAL_UNIT_ASSIGNED_CONTEXT ( ( #1067, #836, #1204 ) ) REPRESENTATION_CONTEXT ( 'NONE', 'WORKASPACE' ) );
#823 = EDGE_CURVE ( 'NONE', #1413, #1242, #941, .T. ) ;
#824 = EDGE_LOOP ( 'NONE', ( #1026, #1326, #65, #565, #1095, #818, #1266, #352 ) ) ;
#825 = CARTESIAN_POINT ( 'NONE',  ( -4.999999999999998224, -12.84852813742385713, -0.3000000000000000999 ) ) ;
#826 = PLANE ( 'NONE',  #483 ) ;
#827 = ORIENTED_EDGE ( 'NONE', *, *, #1324, .T. ) ;
#828 = DIRECTION ( 'NONE',  ( 0.000000000000000000, 0.000000000000000000, -1.000000000000000000 ) ) ;
#829 = CARTESIAN_POINT ( 'NONE',  ( 4.753020967562256208E-16, 12.10000000000000142, 3.000000000000000000 ) ) ;
#830 = ORIENTED_EDGE ( 'NONE', *, *, #1393, .T. ) ;
#831 = DIRECTION ( 'NONE',  ( 1.000000000000000000, 1.123525567342493414E-16, -1.470104640658309768E-16 ) ) ;
#832 = AXIS2_PLACEMENT_3D ( 'NONE', #573, #638, #947 ) ;
#833 = ADVANCED_FACE ( 'NONE', ( #956 ), #488, .T. ) ;
#834 = EDGE_LOOP ( 'NONE', ( #512, #771, #617, #1385 ) ) ;
#835 = CARTESIAN_POINT ( 'NONE',  ( -4.999999999999998224, -6.000000000000000000, 0.3000000000000000999 ) ) ;
#836 =( NAMED_UNIT ( * ) PLANE_ANGLE_UNIT ( ) SI_UNIT ( $, .RADIAN. ) );
#837 = AXIS2_PLACEMENT_3D ( 'NONE', #674, #1116, #806 ) ;
#838 = EDGE_CURVE ( 'NONE', #1325, #801, #1423, .T. ) ;
#839 = ORIENTED_EDGE ( 'NONE', *, *, #933, .F. ) ;
#840 = PRESENTATION_LAYER_ASSIGNMENT (  '', '', ( #901 ) ) ;
#841 = DIRECTION ( 'NONE',  ( -1.000000000000000000, -0.000000000000000000, -0.000000000000000000 ) ) ;
#842 = ORIENTED_EDGE ( 'NONE', *, *, #477, .T. ) ;
#843 = PRESENTATION_STYLE_ASSIGNMENT (( #594 ) ) ;
#844 = ORIENTED_EDGE ( 'NONE', *, *, #1115, .F. ) ;
#845 = DIRECTION ( 'NONE',  ( -0.000000000000000000, 1.000000000000000000, -0.000000000000000000 ) ) ;
#846 = CARTESIAN_POINT ( 'NONE',  ( -6.199999999999999289, 11.80000000000000959, -2.700000000000000178 ) ) ;
#847 = AXIS2_PLACEMENT_3D ( 'NONE', #1198, #1107, #1227 ) ;
#848 =( NAMED_UNIT ( * ) PLANE_ANGLE_UNIT ( ) SI_UNIT ( $, .RADIAN. ) );
#849 = AXIS2_PLACEMENT_3D ( 'NONE', #1364, #808, #706 ) ;
#850 = CARTESIAN_POINT ( 'NONE',  ( -6.199999999999999289, 12.10000000000001030, 3.000000000000000000 ) ) ;
#851 = COLOUR_RGB ( '',0.5019607843137254832, 0.5019607843137254832, 0.5019607843137254832 ) ;
#852 =( LENGTH_UNIT ( ) NAMED_UNIT ( * ) SI_UNIT ( .MILLI., .METRE. ) );
#853 = CARTESIAN_POINT ( 'NONE',  ( -6.499999999999999112, 12.10000000000001030, 3.000000000000000000 ) ) ;
#854 = VECTOR ( 'NONE', #1461, 1000.000000000000000 ) ;
#855 = CARTESIAN_POINT ( 'NONE',  ( 4.999999999999998224, -6.000000000000000000, 0.3000000000000000999 ) ) ;
#856 = ORIENTED_EDGE ( 'NONE', *, *, #737, .F. ) ;
#857 = UNCERTAINTY_MEASURE_WITH_UNIT (LENGTH_MEASURE( 1.000000000000000082E-05 ), #1318, 'distance_accuracy_value', 'NONE');
#858 = CARTESIAN_POINT ( 'NONE',  ( -6.200000000000003730, -1.259783463486182430E-16, 3.000000000000000000 ) ) ;
#859 = CARTESIAN_POINT ( 'NONE',  ( 4.753020967562256208E-16, 12.10000000000000142, -2.700000000000000178 ) ) ;
#860 = ORIENTED_EDGE ( 'NONE', *, *, #1037, .T. ) ;
#861 = DIRECTION ( 'NONE',  ( 0.000000000000000000, 0.000000000000000000, 1.000000000000000000 ) ) ;
#862 = ORIENTED_EDGE ( 'NONE', *, *, #78, .T. ) ;
#863 = DIRECTION ( 'NONE',  ( 0.000000000000000000, -0.000000000000000000, -1.000000000000000000 ) ) ;
#864 = PRESENTATION_LAYER_ASSIGNMENT (  '', '', ( #1235 ) ) ;
#865 = EDGE_CURVE ( 'NONE', #40, #1420, #962, .T. ) ;
#866 =( NAMED_UNIT ( * ) SI_UNIT ( $, .STERADIAN. ) SOLID_ANGLE_UNIT ( ) );
#867 = ORIENTED_EDGE ( 'NONE', *, *, #54, .T. ) ;
#868 = FACE_OUTER_BOUND ( 'NONE', #267, .T. ) ;
#869 = ORIENTED_EDGE ( 'NONE', *, *, #1343, .F. ) ;
#870 = CARTESIAN_POINT ( 'NONE',  ( -1.574595155117410026E-14, 11.80000000000000071, 2.700000000000000178 ) ) ;
#871 =( NAMED_UNIT ( * ) PLANE_ANGLE_UNIT ( ) SI_UNIT ( $, .RADIAN. ) );
#872 = ORIENTED_EDGE ( 'NONE', *, *, #361, .F. ) ;
#873 = MECHANICAL_DESIGN_GEOMETRIC_PRESENTATION_REPRESENTATION (  '', ( #637 ), #531 ) ;
#874 = AXIS2_PLACEMENT_3D ( 'NONE', #387, #485, #628 ) ;
#875 = EDGE_CURVE ( 'NONE', #495, #1286, #100, .T. ) ;
#876 = DIRECTION ( 'NONE',  ( -0.7071067811865472397, 0.7071067811865479058, 0.000000000000000000 ) ) ;
#877 = COLOUR_RGB ( '',0.5019607843137254832, 0.5019607843137254832, 0.5019607843137254832 ) ;
#878 = SURFACE_SIDE_STYLE ('',( #144 ) ) ;
#879 = CARTESIAN_POINT ( 'NONE',  ( 6.499999999999999112, 11.80000000000000959, 3.000000000000000000 ) ) ;
#880 = ORIENTED_EDGE ( 'NONE', *, *, #343, .T. ) ;
#881 = CARTESIAN_POINT ( 'NONE',  ( -6.500000000000004441, -1.627177503230388318E-16, 3.000000000000000000 ) ) ;
#882 =( LENGTH_UNIT ( ) NAMED_UNIT ( * ) SI_UNIT ( .MILLI., .METRE. ) );
#883 = DIRECTION ( 'NONE',  ( -4.300967295810262353E-16, 1.000000000000000000, -0.000000000000000000 ) ) ;
#884 = FILL_AREA_STYLE_COLOUR ( '', #75 ) ;
#885 = FACE_OUTER_BOUND ( 'NONE', #1303, .T. ) ;
#886 = ORIENTED_EDGE ( 'NONE', *, *, #933, .T. ) ;
#887 = CARTESIAN_POINT ( 'NONE',  ( -4.999999999999998224, -12.84852813742385713, 0.3000000000000000999 ) ) ;
#888 = AXIS2_PLACEMENT_3D ( 'NONE', #805, #1237, #1332 ) ;
#889 = ORIENTED_EDGE ( 'NONE', *, *, #1215, .T. ) ;
#890 = CARTESIAN_POINT ( 'NONE',  ( -5.900000000000003020, 0.7049999999999998490, -2.400000000000001243 ) ) ;
#891 = CYLINDRICAL_SURFACE ( 'NONE', #888, 0.2999999999999999334 ) ;
#892 = DIRECTION ( 'NONE',  ( 0.000000000000000000, -1.000000000000000000, 0.000000000000000000 ) ) ;
#893 = AXIS2_PLACEMENT_3D ( 'NONE', #1162, #929, #1169 ) ;
#894 = ORIENTED_EDGE ( 'NONE', *, *, #54, .F. ) ;
#895 = FILL_AREA_STYLE ('',( #1012 ) ) ;
#896 = AXIS2_PLACEMENT_3D ( 'NONE', #846, #945, #1070 ) ;
#897 = EDGE_CURVE ( 'NONE', #1102, #450, #140, .T. ) ;
#898 = SURFACE_STYLE_USAGE ( .BOTH. , #1368 ) ;
#899 = VECTOR ( 'NONE', #367, 1000.000000000000000 ) ;
#900 = CARTESIAN_POINT ( 'NONE',  ( -6.199999999999999289, 11.80000000000000959, -3.000000000000000000 ) ) ;
#901 = STYLED_ITEM ( 'NONE', ( #1441 ), #1311 ) ;
#902 = FACE_OUTER_BOUND ( 'NONE', #436, .T. ) ;
#903 = CARTESIAN_POINT ( 'NONE',  ( 3.499999999999993339, 2.046762894211684369E-16, 3.000000000000000000 ) ) ;
#904 = ORIENTED_EDGE ( 'NONE', *, *, #406, .F. ) ;
#905 = CARTESIAN_POINT ( 'NONE',  ( 5.900000000000003020, 8.410918747922572436, -2.400000000000001243 ) ) ;
#906 = DIRECTION ( 'NONE',  ( -1.000000000000000000, 0.000000000000000000, 0.000000000000000000 ) ) ;
#907 = VERTEX_POINT ( 'NONE', #96 ) ;
#908 = DIRECTION ( 'NONE',  ( 1.000000000000000000, -1.224646799147353207E-16, 0.000000000000000000 ) ) ;
#909 = PRESENTATION_STYLE_ASSIGNMENT (( #1196 ) ) ;
#910 = DIRECTION ( 'NONE',  ( 0.000000000000000000, 0.000000000000000000, 1.000000000000000000 ) ) ;
#911 = DIRECTION ( 'NONE',  ( -1.000000000000000000, 0.000000000000000000, 1.470104640658309768E-16 ) ) ;
#912 = ORIENTED_EDGE ( 'NONE', *, *, #625, .F. ) ;
#913 = AXIS2_PLACEMENT_3D ( 'NONE', #853, #971, #417 ) ;
#914 = DIRECTION ( 'NONE',  ( 0.000000000000000000, -0.000000000000000000, -1.000000000000000000 ) ) ;
#915 = ORIENTED_EDGE ( 'NONE', *, *, #406, .T. ) ;
#916 = CARTESIAN_POINT ( 'NONE',  ( -6.200000000000003730, 0.000000000000000000, -2.700000000000000178 ) ) ;
#917 = MECHANICAL_DESIGN_GEOMETRIC_PRESENTATION_REPRESENTATION (  '', ( #1449 ), #359 ) ;
#918 = AXIS2_PLACEMENT_3D ( 'NONE', #466, #227, #1151 ) ;
#919 = VERTEX_POINT ( 'NONE', #224 ) ;
#920 = ORIENTED_EDGE ( 'NONE', *, *, #569, .T. ) ;
#921 = CARTESIAN_POINT ( 'NONE',  ( -4.999999999999998224, -6.000000000000000000, 0.000000000000000000 ) ) ;
#922 = EDGE_CURVE ( 'NONE', #337, #287, #1086, .T. ) ;
#923 = SURFACE_STYLE_USAGE ( .BOTH. , #370 ) ;
#924 = VERTEX_POINT ( 'NONE', #696 ) ;
#925 = DIRECTION ( 'NONE',  ( 1.224646799147353207E-16, 1.000000000000000000, 0.000000000000000000 ) ) ;
#926 = FACE_OUTER_BOUND ( 'NONE', #254, .T. ) ;
#927 = CYLINDRICAL_SURFACE ( 'NONE', #377, 0.2999999999999999334 ) ;
#928 = FILL_AREA_STYLE ('',( #1257 ) ) ;
#929 = DIRECTION ( 'NONE',  ( -1.000000000000000000, -4.300967295810262353E-16, 0.000000000000000000 ) ) ;
#930 = ORIENTED_EDGE ( 'NONE', *, *, #1467, .T. ) ;
#931 = ORIENTED_EDGE ( 'NONE', *, *, #1256, .F. ) ;
#932 = MECHANICAL_DESIGN_GEOMETRIC_PRESENTATION_REPRESENTATION (  '', ( #1466 ), #750 ) ;
#933 = EDGE_CURVE ( 'NONE', #1025, #1452, #650, .T. ) ;
#934 = ORIENTED_EDGE ( 'NONE', *, *, #641, .F. ) ;
#935 = CARTESIAN_POINT ( 'NONE',  ( 6.199999999999999289, 11.80000000000000959, -2.700000000000000178 ) ) ;
#936 = COLOUR_RGB ( '',0.7921568627450980005, 0.8196078431372548767, 0.9333333333333333481 ) ;
#937 = FILL_AREA_STYLE_COLOUR ( '', #851 ) ;
#938 = DIRECTION ( 'NONE',  ( 0.000000000000000000, 0.000000000000000000, -1.000000000000000000 ) ) ;
#939 = VERTEX_POINT ( 'NONE', #667 ) ;
#940 = MECHANICAL_DESIGN_GEOMETRIC_PRESENTATION_REPRESENTATION (  '', ( #74 ), #1157 ) ;
#941 = CIRCLE ( 'NONE', #832, 0.2999999999999999334 ) ;
#942 = CARTESIAN_POINT ( 'NONE',  ( 4.999999999999998224, -12.84852813742385713, 0.3000000000000000999 ) ) ;
#943 = STYLED_ITEM ( 'NONE', ( #286 ), #157 ) ;
#944 = EDGE_CURVE ( 'NONE', #530, #1286, #129, .T. ) ;
#945 = DIRECTION ( 'NONE',  ( 0.000000000000000000, 1.000000000000000000, -0.000000000000000000 ) ) ;
#946 = ORIENTED_EDGE ( 'NONE', *, *, #1256, .T. ) ;
#947 = DIRECTION ( 'NONE',  ( -1.000000000000000000, -1.224646799147353207E-16, 0.000000000000000000 ) ) ;
#948 = CARTESIAN_POINT ( 'NONE',  ( -6.200000000000003730, 2.666599723402364611E-15, -3.000000000000000000 ) ) ;
#949 = EDGE_LOOP ( 'NONE', ( #1241, #458, #748, #97 ) ) ;
#950 = FILL_AREA_STYLE_COLOUR ( '', #609 ) ;
#951 =( GEOMETRIC_REPRESENTATION_CONTEXT ( 3 ) GLOBAL_UNCERTAINTY_ASSIGNED_CONTEXT ( ( #218 ) ) GLOBAL_UNIT_ASSIGNED_CONTEXT ( ( #1245, #348, #1154 ) ) REPRESENTATION_CONTEXT ( 'NONE', 'WORKASPACE' ) );
#952 = PLANE ( 'NONE',  #847 ) ;
#953 = LINE ( 'NONE', #1023, #1444 ) ;
#954 = SURFACE_STYLE_USAGE ( .BOTH. , #759 ) ;
#955 =( GEOMETRIC_REPRESENTATION_CONTEXT ( 3 ) GLOBAL_UNCERTAINTY_ASSIGNED_CONTEXT ( ( #685 ) ) GLOBAL_UNIT_ASSIGNED_CONTEXT ( ( #1035, #1374, #23 ) ) REPRESENTATION_CONTEXT ( 'NONE', 'WORKASPACE' ) );
#956 = FACE_OUTER_BOUND ( 'NONE', #1410, .T. ) ;
#957 = DIRECTION ( 'NONE',  ( 0.000000000000000000, -0.000000000000000000, 1.000000000000000000 ) ) ;
#958 =( LENGTH_UNIT ( ) NAMED_UNIT ( * ) SI_UNIT ( .MILLI., .METRE. ) );
#959 = EDGE_CURVE ( 'NONE', #266, #450, #645, .T. ) ;
#960 =( NAMED_UNIT ( * ) SI_UNIT ( $, .STERADIAN. ) SOLID_ANGLE_UNIT ( ) );
#961 = EDGE_LOOP ( 'NONE', ( #839, #930, #62, #448 ) ) ;
#962 = LINE ( 'NONE', #529, #107 ) ;
#963 = ADVANCED_FACE ( 'NONE', ( #86 ), #595, .T. ) ;
#964 = VECTOR ( 'NONE', #260, 1000.000000000000000 ) ;
#965 = CARTESIAN_POINT ( 'NONE',  ( 4.999999999999998224, 0.7049999999999996270, 0.000000000000000000 ) ) ;
#966 = CARTESIAN_POINT ( 'NONE',  ( -1.574595155117410026E-14, 11.80000000000000071, -3.000000000000000000 ) ) ;
#967 = FILL_AREA_STYLE_COLOUR ( '', #686 ) ;
#968 = DIRECTION ( 'NONE',  ( 0.000000000000000000, 0.000000000000000000, 1.000000000000000000 ) ) ;
#969 = VECTOR ( 'NONE', #876, 1000.000000000000000 ) ;
#970 = VERTEX_POINT ( 'NONE', #324 ) ;
#971 = DIRECTION ( 'NONE',  ( 1.000000000000000000, -4.300967295810262353E-16, 0.000000000000000000 ) ) ;
#972 = DIRECTION ( 'NONE',  ( 0.000000000000000000, 0.000000000000000000, 1.000000000000000000 ) ) ;
#973 = AXIS2_PLACEMENT_3D ( 'NONE', #965, #313, #673 ) ;
#974 = SURFACE_STYLE_USAGE ( .BOTH. , #316 ) ;
#975 = AXIS2_PLACEMENT_3D ( 'NONE', #125, #1024, #168 ) ;
#976 = EDGE_LOOP ( 'NONE', ( #675, #362, #797, #1059 ) ) ;
#977 = DIRECTION ( 'NONE',  ( -0.7071067811865479058, 0.7071067811865472397, 0.000000000000000000 ) ) ;
#978 = FILL_AREA_STYLE ('',( #204 ) ) ;
#979 = VERTEX_POINT ( 'NONE', #536 ) ;
#980 = VECTOR ( 'NONE', #124, 1000.000000000000000 ) ;
#981 = DIRECTION ( 'NONE',  ( -1.000000000000000000, -1.123525567342493414E-16, 0.000000000000000000 ) ) ;
#982 = VECTOR ( 'NONE', #320, 1000.000000000000000 ) ;
#983 = CARTESIAN_POINT ( 'NONE',  ( -3.499999999999993339, 2.046762894211684369E-16, 3.000000000000000000 ) ) ;
#984 = DIRECTION ( 'NONE',  ( -0.000000000000000000, -1.000000000000000000, -0.000000000000000000 ) ) ;
#985 =( LENGTH_UNIT ( ) NAMED_UNIT ( * ) SI_UNIT ( .MILLI., .METRE. ) );
#986 = LINE ( 'NONE', #173, #528 ) ;
#987 = AXIS2_PLACEMENT_3D ( 'NONE', #284, #388, #633 ) ;
#988 = LINE ( 'NONE', #1462, #11 ) ;
#989 = STYLED_ITEM ( 'NONE', ( #1158 ), #701 ) ;
#990 = EDGE_CURVE ( 'NONE', #1042, #672, #91, .T. ) ;
#991 = FILL_AREA_STYLE ('',( #139 ) ) ;
#992 = VECTOR ( 'NONE', #249, 1000.000000000000000 ) ;
#993 = VECTOR ( 'NONE', #1040, 1000.000000000000000 ) ;
#994 = CARTESIAN_POINT ( 'NONE',  ( 2.894999999999993801, 0.6049999999999999822, -3.000000000000000000 ) ) ;
#995 = SURFACE_STYLE_FILL_AREA ( #121 ) ;
#996 = SURFACE_STYLE_FILL_AREA ( #1295 ) ;
#997 =( NAMED_UNIT ( * ) SI_UNIT ( $, .STERADIAN. ) SOLID_ANGLE_UNIT ( ) );
#998 = LINE ( 'NONE', #383, #980 ) ;
#999 = EDGE_CURVE ( 'NONE', #126, #907, #142, .T. ) ;
#1000 = DIRECTION ( 'NONE',  ( 1.224646799147353207E-16, -1.000000000000000000, -0.000000000000000000 ) ) ;
#1001 = PLANE ( 'NONE',  #781 ) ;
#1002 = FILL_AREA_STYLE_COLOUR ( '', #694 ) ;
#1003 = VECTOR ( 'NONE', #1268, 999.9999999999998863 ) ;
#1004 = CARTESIAN_POINT ( 'NONE',  ( 1.873097279295877057E-15, -2.168404344971008868E-16, -2.400000000000000355 ) ) ;
#1005 = CARTESIAN_POINT ( 'NONE',  ( 6.199999999999999289, 12.10000000000001030, 3.000000000000000000 ) ) ;
#1006 = VERTEX_POINT ( 'NONE', #1417 ) ;
#1007 = DIRECTION ( 'NONE',  ( 0.000000000000000000, -0.000000000000000000, -1.000000000000000000 ) ) ;
#1008 =( NAMED_UNIT ( * ) SI_UNIT ( $, .STERADIAN. ) SOLID_ANGLE_UNIT ( ) );
#1009 = LINE ( 'NONE', #942, #25 ) ;
#1010 = PRESENTATION_LAYER_ASSIGNMENT (  '', '', ( #559 ) ) ;
#1011 = FACE_OUTER_BOUND ( 'NONE', #391, .T. ) ;
#1012 = FILL_AREA_STYLE_COLOUR ( '', #1403 ) ;
#1013 = STYLED_ITEM ( 'NONE', ( #1125 ), #36 ) ;
#1014 = EDGE_CURVE ( 'NONE', #445, #776, #1111, .T. ) ;
#1015 = ADVANCED_FACE ( 'NONE', ( #111 ), #234, .F. ) ;
#1016 = CARTESIAN_POINT ( 'NONE',  ( 2.894999999999993801, 0.6049999999999999822, 2.399999999999999911 ) ) ;
#1017 = COLOUR_RGB ( '',0.5019607843137254832, 0.5019607843137254832, 0.5019607843137254832 ) ;
#1018 = CIRCLE ( 'NONE', #14, 0.3000000000000000999 ) ;
#1019 = CARTESIAN_POINT ( 'NONE',  ( -3.499999999999993339, -2.168404344971008868E-16, 2.399999999999999911 ) ) ;
#1020 = EDGE_LOOP ( 'NONE', ( #716, #1394, #1213, #1365 ) ) ;
#1021 = CARTESIAN_POINT ( 'NONE',  ( -6.200000000000003730, -2.917467691973469440E-16, 3.000000000000000000 ) ) ;
#1022 = CARTESIAN_POINT ( 'NONE',  ( 6.499999999999999112, 11.80000000000000959, 2.700000000000000178 ) ) ;
#1023 = CARTESIAN_POINT ( 'NONE',  ( 6.499999999999999112, 11.80000000000000959, 3.000000000000000000 ) ) ;
#1024 = DIRECTION ( 'NONE',  ( 1.000000000000000000, 0.000000000000000000, 0.000000000000000000 ) ) ;
#1025 = VERTEX_POINT ( 'NONE', #1240 ) ;
#1026 = ORIENTED_EDGE ( 'NONE', *, *, #814, .F. ) ;
#1027 = DIRECTION ( 'NONE',  ( -0.7071067811865472397, 0.7071067811865479058, 0.000000000000000000 ) ) ;
#1028 = FILL_AREA_STYLE_COLOUR ( '', #1017 ) ;
#1029 = EDGE_LOOP ( 'NONE', ( #187, #1336 ) ) ;
#1030 = LINE ( 'NONE', #138, #551 ) ;
#1031 = COLOUR_RGB ( '',0.5019607843137254832, 0.5019607843137254832, 0.5019607843137254832 ) ;
#1032 = AXIS2_PLACEMENT_3D ( 'NONE', #1415, #977, #533 ) ;
#1033 = FACE_OUTER_BOUND ( 'NONE', #1020, .T. ) ;
#1034 = CARTESIAN_POINT ( 'NONE',  ( 2.894999999999993801, 0.6049999999999999822, 3.000000000000000000 ) ) ;
#1035 =( LENGTH_UNIT ( ) NAMED_UNIT ( * ) SI_UNIT ( .MILLI., .METRE. ) );
#1036 = SURFACE_STYLE_FILL_AREA ( #181 ) ;
#1037 = EDGE_CURVE ( 'NONE', #801, #784, #616, .T. ) ;
#1038 = CARTESIAN_POINT ( 'NONE',  ( 5.900000000000003908, -2.168404344971008868E-16, 2.399999999999999467 ) ) ;
#1039 = LINE ( 'NONE', #1004, #964 ) ;
#1040 = DIRECTION ( 'NONE',  ( -0.000000000000000000, -0.000000000000000000, -1.000000000000000000 ) ) ;
#1041 = DIRECTION ( 'NONE',  ( -1.000000000000000000, -1.224646799147353207E-16, 0.000000000000000000 ) ) ;
#1042 = VERTEX_POINT ( 'NONE', #525 ) ;
#1043 = SURFACE_SIDE_STYLE ('',( #678 ) ) ;
#1044 = EDGE_LOOP ( 'NONE', ( #601, #1370, #557 ) ) ;
#1045 = ORIENTED_EDGE ( 'NONE', *, *, #823, .F. ) ;
#1046 = DIRECTION ( 'NONE',  ( 0.000000000000000000, -1.000000000000000000, 0.000000000000000000 ) ) ;
#1047 = ORIENTED_EDGE ( 'NONE', *, *, #897, .T. ) ;
#1048 = VECTOR ( 'NONE', #456, 1000.000000000000000 ) ;
#1049 = ORIENTED_EDGE ( 'NONE', *, *, #1179, .T. ) ;
#1050 = FACE_OUTER_BOUND ( 'NONE', #765, .T. ) ;
#1051 = UNCERTAINTY_MEASURE_WITH_UNIT (LENGTH_MEASURE( 1.000000000000000082E-05 ), #398, 'distance_accuracy_value', 'NONE');
#1052 = VERTEX_POINT ( 'NONE', #1409 ) ;
#1053 = LINE ( 'NONE', #825, #69 ) ;
#1054 = PRESENTATION_LAYER_ASSIGNMENT (  '', '', ( #618 ) ) ;
#1055 = PLANE ( 'NONE',  #1307 ) ;
#1056 = ORIENTED_EDGE ( 'NONE', *, *, #1342, .F. ) ;
#1057 = EDGE_LOOP ( 'NONE', ( #1299, #1328, #378, #813 ) ) ;
#1058 = EDGE_CURVE ( 'NONE', #784, #1105, #630, .T. ) ;
#1059 = ORIENTED_EDGE ( 'NONE', *, *, #441, .F. ) ;
#1060 = VECTOR ( 'NONE', #756, 1000.000000000000000 ) ;
#1061 = FACE_OUTER_BOUND ( 'NONE', #584, .T. ) ;
#1062 = FACE_OUTER_BOUND ( 'NONE', #1057, .T. ) ;
#1063 = LINE ( 'NONE', #1093, #95 ) ;
#1064 = VECTOR ( 'NONE', #434, 1000.000000000000000 ) ;
#1065 = EDGE_CURVE ( 'NONE', #1325, #344, #1129, .T. ) ;
#1066 = ORIENTED_EDGE ( 'NONE', *, *, #568, .F. ) ;
#1067 =( LENGTH_UNIT ( ) NAMED_UNIT ( * ) SI_UNIT ( .MILLI., .METRE. ) );
#1068 = PLANE ( 'NONE',  #632 ) ;
#1069 = ORIENTED_EDGE ( 'NONE', *, *, #1160, .T. ) ;
#1070 = DIRECTION ( 'NONE',  ( 0.000000000000000000, 0.000000000000000000, 1.000000000000000000 ) ) ;
#1071 = ORIENTED_EDGE ( 'NONE', *, *, #1037, .F. ) ;
#1072 = VECTOR ( 'NONE', #1429, 1000.000000000000000 ) ;
#1073 = ORIENTED_EDGE ( 'NONE', *, *, #1014, .T. ) ;
#1074 = ORIENTED_EDGE ( 'NONE', *, *, #487, .T. ) ;
#1075 = SURFACE_SIDE_STYLE ('',( #1166 ) ) ;
#1076 = ORIENTED_EDGE ( 'NONE', *, *, #194, .T. ) ;
#1077 = UNCERTAINTY_MEASURE_WITH_UNIT (LENGTH_MEASURE( 1.000000000000000082E-05 ), #680, 'distance_accuracy_value', 'NONE');
#1078 = AXIS2_PLACEMENT_3D ( 'NONE', #302, #1226, #1313 ) ;
#1079 = DIRECTION ( 'NONE',  ( -0.000000000000000000, -1.000000000000000000, -0.000000000000000000 ) ) ;
#1080 = COLOUR_RGB ( '',0.5019607843137254832, 0.5019607843137254832, 0.5019607843137254832 ) ;
#1081 = UNCERTAINTY_MEASURE_WITH_UNIT (LENGTH_MEASURE( 1.000000000000000082E-05 ), #958, 'distance_accuracy_value', 'NONE');
#1082 = MECHANICAL_DESIGN_GEOMETRIC_PRESENTATION_REPRESENTATION (  '', ( #1250 ), #822 ) ;
#1083 = EDGE_CURVE ( 'NONE', #495, #919, #158, .T. ) ;
#1084 = ORIENTED_EDGE ( 'NONE', *, *, #461, .F. ) ;
#1085 = PRESENTATION_STYLE_ASSIGNMENT (( #1269 ) ) ;
#1086 = LINE ( 'NONE', #326, #587 ) ;
#1087 = ORIENTED_EDGE ( 'NONE', *, *, #79, .F. ) ;
#1088 =( LENGTH_UNIT ( ) NAMED_UNIT ( * ) SI_UNIT ( .MILLI., .METRE. ) );
#1089 = ORIENTED_EDGE ( 'NONE', *, *, #424, .F. ) ;
#1090 = EDGE_CURVE ( 'NONE', #782, #1402, #165, .T. ) ;
#1091 = CARTESIAN_POINT ( 'NONE',  ( -6.499999999999999112, 11.80000000000000959, -2.700000000000000178 ) ) ;
#1092 = ORIENTED_EDGE ( 'NONE', *, *, #235, .F. ) ;
#1093 = CARTESIAN_POINT ( 'NONE',  ( -3.499999999999992895, 6.016045423989121335E-16, -2.400000000000001243 ) ) ;
#1094 = SURFACE_SIDE_STYLE ('',( #642 ) ) ;
#1095 = ORIENTED_EDGE ( 'NONE', *, *, #477, .F. ) ;
#1096 = AXIS2_PLACEMENT_3D ( 'NONE', #785, #968, #789 ) ;
#1097 = ORIENTED_EDGE ( 'NONE', *, *, #1115, .T. ) ;
#1098 = ADVANCED_FACE ( 'NONE', ( #1124 ), #518, .T. ) ;
#1099 = ORIENTED_EDGE ( 'NONE', *, *, #423, .F. ) ;
#1100 = STYLED_ITEM ( 'NONE', ( #15 ), #211 ) ;
#1101 = EDGE_CURVE ( 'NONE', #1291, #463, #1009, .T. ) ;
#1102 = VERTEX_POINT ( 'NONE', #835 ) ;
#1103 = DIRECTION ( 'NONE',  ( 4.300967295810262353E-16, -1.000000000000000000, 0.000000000000000000 ) ) ;
#1104 = ORIENTED_EDGE ( 'NONE', *, *, #754, .T. ) ;
#1105 = VERTEX_POINT ( 'NONE', #27 ) ;
#1106 = VECTOR ( 'NONE', #663, 1000.000000000000000 ) ;
#1107 = DIRECTION ( 'NONE',  ( -1.000000000000000000, 0.000000000000000000, -1.807003620809173646E-16 ) ) ;
#1108 = VECTOR ( 'NONE', #1243, 1000.000000000000000 ) ;
#1109 = DIRECTION ( 'NONE',  ( -0.000000000000000000, -0.000000000000000000, -1.000000000000000000 ) ) ;
#1110 = PRESENTATION_LAYER_ASSIGNMENT (  '', '', ( #262 ) ) ;
#1111 = LINE ( 'NONE', #318, #146 ) ;
#1112 = CARTESIAN_POINT ( 'NONE',  ( 6.199999999999999289, 11.80000000000000959, 3.000000000000000000 ) ) ;
#1113 = COLOUR_RGB ( '',0.5019607843137254832, 0.5019607843137254832, 0.5019607843137254832 ) ;
#1114 = VECTOR ( 'NONE', #404, 1000.000000000000000 ) ;
#1115 = EDGE_CURVE ( 'NONE', #782, #924, #986, .T. ) ;
#1116 = DIRECTION ( 'NONE',  ( -0.000000000000000000, -1.000000000000000000, -0.000000000000000000 ) ) ;
#1117 = DIRECTION ( 'NONE',  ( 0.000000000000000000, 1.000000000000000000, 0.000000000000000000 ) ) ;
#1118 = VECTOR ( 'NONE', #1384, 1000.000000000000000 ) ;
#1119 = LINE ( 'NONE', #983, #180 ) ;
#1120 = DIRECTION ( 'NONE',  ( 1.000000000000000000, 0.000000000000000000, 0.000000000000000000 ) ) ;
#1121 = EDGE_CURVE ( 'NONE', #1291, #1380, #521, .T. ) ;
#1122 = COLOUR_RGB ( '',0.5019607843137254832, 0.5019607843137254832, 0.5019607843137254832 ) ;
#1123 =( NAMED_UNIT ( * ) SI_UNIT ( $, .STERADIAN. ) SOLID_ANGLE_UNIT ( ) );
#1124 = FACE_OUTER_BOUND ( 'NONE', #1434, .T. ) ;
#1125 = PRESENTATION_STYLE_ASSIGNMENT (( #689 ) ) ;
#1126 = COLOUR_RGB ( '',0.7921568627450980005, 0.8196078431372548767, 0.9333333333333333481 ) ;
#1127 = FACE_OUTER_BOUND ( 'NONE', #493, .T. ) ;
#1128 = ORIENTED_EDGE ( 'NONE', *, *, #176, .T. ) ;
#1129 = LINE ( 'NONE', #60, #153 ) ;
#1130 = VECTOR ( 'NONE', #524, 1000.000000000000000 ) ;
#1131 =( LENGTH_UNIT ( ) NAMED_UNIT ( * ) SI_UNIT ( .MILLI., .METRE. ) );
#1132 = LINE ( 'NONE', #67, #241 ) ;
#1133 = DIRECTION ( 'NONE',  ( -1.000000000000000000, -1.224646799147353207E-16, 0.000000000000000000 ) ) ;
#1134 = APPLICATION_CONTEXT ( 'automotive_design' ) ;
#1135 = FACE_OUTER_BOUND ( 'NONE', #471, .T. ) ;
#1136 =( GEOMETRIC_REPRESENTATION_CONTEXT ( 3 ) GLOBAL_UNCERTAINTY_ASSIGNED_CONTEXT ( ( #1309 ) ) GLOBAL_UNIT_ASSIGNED_CONTEXT ( ( #84, #202, #307 ) ) REPRESENTATION_CONTEXT ( 'NONE', 'WORKASPACE' ) );
#1137 = CIRCLE ( 'NONE', #207, 0.3000000000000000999 ) ;
#1138 = CARTESIAN_POINT ( 'NONE',  ( 2.894999999999993801, 0.6049999999999999822, 3.000000000000000000 ) ) ;
#1139 = AXIS2_PLACEMENT_3D ( 'NONE', #800, #1339, #110 ) ;
#1140 = LINE ( 'NONE', #317, #151 ) ;
#1141 = FILL_AREA_STYLE_COLOUR ( '', #802 ) ;
#1142 = ORIENTED_EDGE ( 'NONE', *, *, #381, .T. ) ;
#1143 = FACE_OUTER_BOUND ( 'NONE', #76, .T. ) ;
#1144 = CARTESIAN_POINT ( 'NONE',  ( -5.900000000000003908, 0.7049999999999998490, 2.399999999999999467 ) ) ;
#1145 = EDGE_CURVE ( 'NONE', #1242, #433, #508, .T. ) ;
#1146 = LINE ( 'NONE', #966, #1130 ) ;
#1147 =( NAMED_UNIT ( * ) PLANE_ANGLE_UNIT ( ) SI_UNIT ( $, .RADIAN. ) );
#1148 = FILL_AREA_STYLE_COLOUR ( '', #571 ) ;
#1149 = CIRCLE ( 'NONE', #1207, 0.2999999999999999334 ) ;
#1150 = ORIENTED_EDGE ( 'NONE', *, *, #724, .F. ) ;
#1151 = DIRECTION ( 'NONE',  ( 1.000000000000000000, 4.300967295810264818E-16, 0.000000000000000000 ) ) ;
#1152 = PRESENTATION_STYLE_ASSIGNMENT (( #1174 ) ) ;
#1153 = CIRCLE ( 'NONE', #1159, 0.2999999999999999334 ) ;
#1154 =( NAMED_UNIT ( * ) SI_UNIT ( $, .STERADIAN. ) SOLID_ANGLE_UNIT ( ) );
#1155 = ORIENTED_EDGE ( 'NONE', *, *, #999, .F. ) ;
#1156 = ADVANCED_FACE ( 'NONE', ( #43 ), #1284, .F. ) ;
#1157 =( GEOMETRIC_REPRESENTATION_CONTEXT ( 3 ) GLOBAL_UNCERTAINTY_ASSIGNED_CONTEXT ( ( #421 ) ) GLOBAL_UNIT_ASSIGNED_CONTEXT ( ( #852, #460, #1363 ) ) REPRESENTATION_CONTEXT ( 'NONE', 'WORKASPACE' ) );
#1158 = PRESENTATION_STYLE_ASSIGNMENT (( #58 ) ) ;
#1159 = AXIS2_PLACEMENT_3D ( 'NONE', #1436, #1292, #861 ) ;
#1160 = EDGE_CURVE ( 'NONE', #450, #266, #50, .T. ) ;
#1161 = CYLINDRICAL_SURFACE ( 'NONE', #175, 0.3000000000000000999 ) ;
#1162 = CARTESIAN_POINT ( 'NONE',  ( 6.499999999999999112, 12.10000000000001030, 3.000000000000000000 ) ) ;
#1163 = VECTOR ( 'NONE', #1007, 1000.000000000000000 ) ;
#1164 = FILL_AREA_STYLE ('',( #1028 ) ) ;
#1165 = PRESENTATION_LAYER_ASSIGNMENT (  '', '', ( #402 ) ) ;
#1166 = SURFACE_STYLE_FILL_AREA ( #400 ) ;
#1167 = DIRECTION ( 'NONE',  ( 1.000000000000000000, 1.334402673828313438E-15, 0.000000000000000000 ) ) ;
#1168 = PLANE ( 'NONE',  #393 ) ;
#1169 = DIRECTION ( 'NONE',  ( -4.300967295810262353E-16, 1.000000000000000000, 0.000000000000000000 ) ) ;
#1170 = ADVANCED_FACE ( 'NONE', ( #1011 ), #297, .F. ) ;
#1171 = STYLED_ITEM ( 'NONE', ( #909 ), #1407 ) ;
#1172 = DIRECTION ( 'NONE',  ( 1.334402673828313438E-15, -1.000000000000000000, 0.000000000000000000 ) ) ;
#1173 = VECTOR ( 'NONE', #482, 999.9999999999998863 ) ;
#1174 = SURFACE_STYLE_USAGE ( .BOTH. , #1043 ) ;
#1175 = PRESENTATION_LAYER_ASSIGNMENT (  '', '', ( #637 ) ) ;
#1176 = DIRECTION ( 'NONE',  ( 1.000000000000000000, -1.224646799147353207E-16, 0.000000000000000000 ) ) ;
#1177 = FACE_OUTER_BOUND ( 'NONE', #315, .T. ) ;
#1178 = AXIS2_PLACEMENT_3D ( 'NONE', #726, #925, #1176 ) ;
#1179 = EDGE_CURVE ( 'NONE', #48, #1105, #1030, .T. ) ;
#1180 = SPHERICAL_SURFACE ( 'NONE', #896, 0.2999999999999999889 ) ;
#1181 = ORIENTED_EDGE ( 'NONE', *, *, #1215, .F. ) ;
#1182 = CARTESIAN_POINT ( 'NONE',  ( -3.499999999999993339, -2.168404344971008868E-16, -2.400000000000000799 ) ) ;
#1183 = CARTESIAN_POINT ( 'NONE',  ( 5.900000000000003908, 0.7049999999999998490, 2.399999999999999467 ) ) ;
#1184 = ORIENTED_EDGE ( 'NONE', *, *, #625, .T. ) ;
#1185 = LINE ( 'NONE', #770, #1212 ) ;
#1186 = STYLED_ITEM ( 'NONE', ( #843 ), #527 ) ;
#1187 = CARTESIAN_POINT ( 'NONE',  ( 3.499999999999992895, 6.016045423989121335E-16, -2.400000000000001243 ) ) ;
#1188 = UNCERTAINTY_MEASURE_WITH_UNIT (LENGTH_MEASURE( 1.000000000000000082E-05 ), #599, 'distance_accuracy_value', 'NONE');
#1189 = UNCERTAINTY_MEASURE_WITH_UNIT (LENGTH_MEASURE( 1.000000000000000082E-05 ), #1285, 'distance_accuracy_value', 'NONE');
#1190 = AXIS2_PLACEMENT_3D ( 'NONE', #817, #798, #135 ) ;
#1191 = LINE ( 'NONE', #1187, #1173 ) ;
#1192 =( NAMED_UNIT ( * ) PLANE_ANGLE_UNIT ( ) SI_UNIT ( $, .RADIAN. ) );
#1193 = FACE_OUTER_BOUND ( 'NONE', #199, .T. ) ;
#1194 = LINE ( 'NONE', #881, #1219 ) ;
#1195 = FILL_AREA_STYLE_COLOUR ( '', #77 ) ;
#1196 = SURFACE_STYLE_USAGE ( .BOTH. , #498 ) ;
#1197 = CIRCLE ( 'NONE', #53, 0.3000000000000000999 ) ;
#1198 = CARTESIAN_POINT ( 'NONE',  ( -5.900000000000003908, 8.410918747922572436, 2.399999999999999467 ) ) ;
#1199 =( GEOMETRIC_REPRESENTATION_CONTEXT ( 3 ) GLOBAL_UNCERTAINTY_ASSIGNED_CONTEXT ( ( #20 ) ) GLOBAL_UNIT_ASSIGNED_CONTEXT ( ( #447, #1147, #1123 ) ) REPRESENTATION_CONTEXT ( 'NONE', 'WORKASPACE' ) );
#1200 =( NAMED_UNIT ( * ) PLANE_ANGLE_UNIT ( ) SI_UNIT ( $, .RADIAN. ) );
#1201 = ORIENTED_EDGE ( 'NONE', *, *, #597, .T. ) ;
#1202 = VECTOR ( 'NONE', #457, 1000.000000000000000 ) ;
#1203 = VERTEX_POINT ( 'NONE', #560 ) ;
#1204 =( NAMED_UNIT ( * ) SI_UNIT ( $, .STERADIAN. ) SOLID_ANGLE_UNIT ( ) );
#1205 = DIRECTION ( 'NONE',  ( -1.000000000000000000, -1.123525567342493414E-16, 1.470104640658309768E-16 ) ) ;
#1206 = ADVANCED_BREP_SHAPE_REPRESENTATION ( '10612.1130.66', ( #591, #527, #36, #216 ), #277 ) ;
#1207 = AXIS2_PLACEMENT_3D ( 'NONE', #1314, #1424, #1120 ) ;
#1208 = VERTEX_POINT ( 'NONE', #1317 ) ;
#1209 = ADVANCED_FACE ( 'NONE', ( #1033 ), #545, .T. ) ;
#1210 = DIRECTION ( 'NONE',  ( -0.000000000000000000, -0.000000000000000000, -1.000000000000000000 ) ) ;
#1211 = EDGE_CURVE ( 'NONE', #672, #94, #1039, .T. ) ;
#1212 = VECTOR ( 'NONE', #863, 1000.000000000000000 ) ;
#1213 = ORIENTED_EDGE ( 'NONE', *, *, #664, .T. ) ;
#1214 = ORIENTED_EDGE ( 'NONE', *, *, #1090, .T. ) ;
#1215 = EDGE_CURVE ( 'NONE', #491, #1042, #500, .T. ) ;
#1216 = LINE ( 'NONE', #1021, #258 ) ;
#1217 = CARTESIAN_POINT ( 'NONE',  ( -5.900000000000003020, -2.168404344971008868E-16, -2.400000000000001243 ) ) ;
#1218 = DIRECTION ( 'NONE',  ( -1.000000000000000000, 0.000000000000000000, 0.000000000000000000 ) ) ;
#1219 = VECTOR ( 'NONE', #467, 1000.000000000000000 ) ;
#1220 = CARTESIAN_POINT ( 'NONE',  ( -1.873097279295877057E-15, 8.410918747922572436, -2.400000000000000355 ) ) ;
#1221 = AXIS2_PLACEMENT_3D ( 'NONE', #481, #845, #384 ) ;
#1222 = SURFACE_STYLE_FILL_AREA ( #295 ) ;
#1223 = CARTESIAN_POINT ( 'NONE',  ( 4.999999999999998224, -12.84852813742385713, 0.000000000000000000 ) ) ;
#1224 =( GEOMETRIC_REPRESENTATION_CONTEXT ( 3 ) GLOBAL_UNCERTAINTY_ASSIGNED_CONTEXT ( ( #274 ) ) GLOBAL_UNIT_ASSIGNED_CONTEXT ( ( #636, #1381, #385 ) ) REPRESENTATION_CONTEXT ( 'NONE', 'WORKASPACE' ) );
#1225 = EDGE_CURVE ( 'NONE', #126, #445, #507, .T. ) ;
#1226 = DIRECTION ( 'NONE',  ( 0.000000000000000000, 1.000000000000000000, 0.000000000000000000 ) ) ;
#1227 = DIRECTION ( 'NONE',  ( -1.807003620809173646E-16, 0.000000000000000000, 1.000000000000000000 ) ) ;
#1228 = ORIENTED_EDGE ( 'NONE', *, *, #108, .F. ) ;
#1229 = STYLED_ITEM ( 'NONE', ( #1383 ), #1206 ) ;
#1230 = CARTESIAN_POINT ( 'NONE',  ( 6.499999999999999112, 11.80000000000000959, -2.700000000000000178 ) ) ;
#1231 = VERTEX_POINT ( 'NONE', #556 ) ;
#1232 = DIRECTION ( 'NONE',  ( 0.000000000000000000, 1.000000000000000000, 0.000000000000000000 ) ) ;
#1233 =( NAMED_UNIT ( * ) SI_UNIT ( $, .STERADIAN. ) SOLID_ANGLE_UNIT ( ) );
#1234 = CARTESIAN_POINT ( 'NONE',  ( -3.499999999999993339, 2.046762894211684369E-16, 3.000000000000000000 ) ) ;
#1235 = STYLED_ITEM ( 'NONE', ( #623 ), #687 ) ;
#1236 = DIRECTION ( 'NONE',  ( 1.224646799147353207E-16, 1.000000000000000000, 0.000000000000000000 ) ) ;
#1237 = DIRECTION ( 'NONE',  ( 1.000000000000000000, 1.334402673828313438E-15, 0.000000000000000000 ) ) ;
#1238 = EDGE_CURVE ( 'NONE', #337, #530, #574, .T. ) ;
#1239 =( NAMED_UNIT ( * ) SI_UNIT ( $, .STERADIAN. ) SOLID_ANGLE_UNIT ( ) );
#1240 = CARTESIAN_POINT ( 'NONE',  ( -6.199999999999999289, 12.10000000000001030, -2.700000000000000178 ) ) ;
#1241 = ORIENTED_EDGE ( 'NONE', *, *, #1083, .T. ) ;
#1242 = VERTEX_POINT ( 'NONE', #1438 ) ;
#1243 = DIRECTION ( 'NONE',  ( -0.000000000000000000, 1.000000000000000000, -0.000000000000000000 ) ) ;
#1244 = DIRECTION ( 'NONE',  ( -1.000000000000000000, 4.300967295810264818E-16, 0.000000000000000000 ) ) ;
#1245 =( LENGTH_UNIT ( ) NAMED_UNIT ( * ) SI_UNIT ( .MILLI., .METRE. ) );
#1246 = VERTEX_POINT ( 'NONE', #589 ) ;
#1247 = ADVANCED_FACE ( 'NONE', ( #1050 ), #710, .F. ) ;
#1248 = DIRECTION ( 'NONE',  ( 0.000000000000000000, 1.000000000000000000, 0.000000000000000000 ) ) ;
#1249 = EDGE_LOOP ( 'NONE', ( #621, #856, #1089, #810 ) ) ;
#1250 = STYLED_ITEM ( 'NONE', ( #505 ), #563 ) ;
#1251 = CARTESIAN_POINT ( 'NONE',  ( 3.499999999999993339, 2.487794286409177201E-16, 2.399999999999999911 ) ) ;
#1252 = CARTESIAN_POINT ( 'NONE',  ( 6.200000000000003730, -1.259783463486184402E-16, 2.700000000000000178 ) ) ;
#1253 = PRESENTATION_LAYER_ASSIGNMENT (  '', '', ( #1449 ) ) ;
#1254 = UNCERTAINTY_MEASURE_WITH_UNIT (LENGTH_MEASURE( 1.000000000000000082E-05 ), #1267, 'distance_accuracy_value', 'NONE');
#1255 = DIRECTION ( 'NONE',  ( 0.000000000000000000, 1.000000000000000000, 0.000000000000000000 ) ) ;
#1256 = EDGE_CURVE ( 'NONE', #21, #266, #1053, .T. ) ;
#1257 = FILL_AREA_STYLE_COLOUR ( '', #59 ) ;
#1258 = CARTESIAN_POINT ( 'NONE',  ( -5.900000000000003908, 0.7049999999999998490, 2.399999999999999467 ) ) ;
#1259 = SURFACE_SIDE_STYLE ('',( #8 ) ) ;
#1260 = EDGE_LOOP ( 'NONE', ( #695, #606, #745 ) ) ;
#1261 = PRODUCT_DEFINITION_SHAPE ( 'NONE', 'NONE',  #201 ) ;
#1262 = AXIS2_PLACEMENT_3D ( 'NONE', #704, #766, #1218 ) ;
#1263 = CARTESIAN_POINT ( 'NONE',  ( 0.000000000000000000, -6.000000000000000000, 0.000000000000000000 ) ) ;
#1264 = PRESENTATION_LAYER_ASSIGNMENT (  '', '', ( #1358 ) ) ;
#1265 = EDGE_CURVE ( 'NONE', #1208, #1325, #555, .T. ) ;
#1266 = ORIENTED_EDGE ( 'NONE', *, *, #1265, .F. ) ;
#1267 =( LENGTH_UNIT ( ) NAMED_UNIT ( * ) SI_UNIT ( .MILLI., .METRE. ) );
#1268 = DIRECTION ( 'NONE',  ( -0.7071067811865472397, 0.7071067811865479058, 1.039520960463303239E-16 ) ) ;
#1269 = SURFACE_STYLE_USAGE ( .BOTH. , #654 ) ;
#1270 =( NAMED_UNIT ( * ) PLANE_ANGLE_UNIT ( ) SI_UNIT ( $, .RADIAN. ) );
#1271 = CARTESIAN_POINT ( 'NONE',  ( -1.285266815705147439E-15, 8.410918747922572436, 2.400000000000000355 ) ) ;
#1272 = ADVANCED_FACE ( 'NONE', ( #63 ), #1001, .F. ) ;
#1273 = ORIENTED_EDGE ( 'NONE', *, *, #754, .F. ) ;
#1274 = SURFACE_STYLE_USAGE ( .BOTH. , #246 ) ;
#1275 = PLANE ( 'NONE',  #874 ) ;
#1276 = DIRECTION ( 'NONE',  ( -0.7071067811865472397, -0.7071067811865479058, -1.039520960463303239E-16 ) ) ;
#1277 = DIRECTION ( 'NONE',  ( 1.000000000000000000, -0.000000000000000000, -0.000000000000000000 ) ) ;
#1278 = MECHANICAL_DESIGN_GEOMETRIC_PRESENTATION_REPRESENTATION (  '', ( #420 ), #820 ) ;
#1279 = EDGE_LOOP ( 'NONE', ( #311, #109, #827, #602 ) ) ;
#1280 = DIRECTION ( 'NONE',  ( -1.807003620809173646E-16, -2.030214768259566724E-32, -1.000000000000000000 ) ) ;
#1281 = PRESENTATION_LAYER_ASSIGNMENT (  '', '', ( #943 ) ) ;
#1282 = EDGE_CURVE ( 'NONE', #1380, #1203, #464, .T. ) ;
#1283 = ORIENTED_EDGE ( 'NONE', *, *, #22, .F. ) ;
#1284 = PLANE ( 'NONE',  #697 ) ;
#1285 =( LENGTH_UNIT ( ) NAMED_UNIT ( * ) SI_UNIT ( .MILLI., .METRE. ) );
#1286 = VERTEX_POINT ( 'NONE', #1091 ) ;
#1287 =( LENGTH_UNIT ( ) NAMED_UNIT ( * ) SI_UNIT ( .MILLI., .METRE. ) );
#1288 = MECHANICAL_DESIGN_GEOMETRIC_PRESENTATION_REPRESENTATION (  '', ( #707 ), #951 ) ;
#1289 = CARTESIAN_POINT ( 'NONE',  ( -5.900000000000003908, 8.410918747922572436, 2.399999999999999467 ) ) ;
#1290 = PRESENTATION_LAYER_ASSIGNMENT (  '', '', ( #1250 ) ) ;
#1291 = VERTEX_POINT ( 'NONE', #855 ) ;
#1292 = DIRECTION ( 'NONE',  ( 0.000000000000000000, 1.000000000000000000, -0.000000000000000000 ) ) ;
#1293 =( GEOMETRIC_REPRESENTATION_CONTEXT ( 3 ) GLOBAL_UNCERTAINTY_ASSIGNED_CONTEXT ( ( #376 ) ) GLOBAL_UNIT_ASSIGNED_CONTEXT ( ( #779, #1192, #494 ) ) REPRESENTATION_CONTEXT ( 'NONE', 'WORKASPACE' ) );
#1294 = ORIENTED_EDGE ( 'NONE', *, *, #194, .F. ) ;
#1295 = FILL_AREA_STYLE ('',( #192 ) ) ;
#1296 = EDGE_CURVE ( 'NONE', #782, #1042, #430, .T. ) ;
#1297 = ORIENTED_EDGE ( 'NONE', *, *, #293, .F. ) ;
#1298 = ORIENTED_EDGE ( 'NONE', *, *, #1265, .T. ) ;
#1299 = ORIENTED_EDGE ( 'NONE', *, *, #1393, .F. ) ;
#1300 = FILL_AREA_STYLE ('',( #661 ) ) ;
#1301 = AXIS2_PLACEMENT_3D ( 'NONE', #903, #699, #796 ) ;
#1302 = FILL_AREA_STYLE ('',( #72 ) ) ;
#1303 = EDGE_LOOP ( 'NONE', ( #1076, #395, #862, #1073 ) ) ;
#1304 = CARTESIAN_POINT ( 'NONE',  ( 2.894999999999993801, 0.6049999999999999822, 3.000000000000000000 ) ) ;
#1305 =( GEOMETRIC_REPRESENTATION_CONTEXT ( 3 ) GLOBAL_UNCERTAINTY_ASSIGNED_CONTEXT ( ( #143 ) ) GLOBAL_UNIT_ASSIGNED_CONTEXT ( ( #314, #418, #215 ) ) REPRESENTATION_CONTEXT ( 'NONE', 'WORKASPACE' ) );
#1306 = ORIENTED_EDGE ( 'NONE', *, *, #35, .F. ) ;
#1307 = AXIS2_PLACEMENT_3D ( 'NONE', #1271, #1354, #911 ) ;
#1308 = ORIENTED_EDGE ( 'NONE', *, *, #543, .F. ) ;
#1309 = UNCERTAINTY_MEASURE_WITH_UNIT (LENGTH_MEASURE( 1.000000000000000082E-05 ), #84, 'distance_accuracy_value', 'NONE');
#1310 = PRESENTATION_LAYER_ASSIGNMENT (  '', '', ( #1229 ) ) ;
#1311 = ADVANCED_FACE ( 'NONE', ( #926 ), #653, .F. ) ;
#1312 = DIRECTION ( 'NONE',  ( -1.000000000000000000, -1.334402673828313438E-15, 0.000000000000000000 ) ) ;
#1313 = DIRECTION ( 'NONE',  ( 1.000000000000000000, 0.000000000000000000, 0.000000000000000000 ) ) ;
#1314 = CARTESIAN_POINT ( 'NONE',  ( 6.199999999999999289, 11.80000000000000959, -2.700000000000000178 ) ) ;
#1315 = CARTESIAN_POINT ( 'NONE',  ( -6.499999999999999112, 11.80000000000000959, 3.000000000000000000 ) ) ;
#1316 = SURFACE_STYLE_USAGE ( .BOTH. , #878 ) ;
#1317 = CARTESIAN_POINT ( 'NONE',  ( 6.200000000000003730, -1.259783463486182430E-16, 3.000000000000000000 ) ) ;
#1318 =( LENGTH_UNIT ( ) NAMED_UNIT ( * ) SI_UNIT ( .MILLI., .METRE. ) );
#1319 = AXIS2_PLACEMENT_3D ( 'NONE', #268, #610, #828 ) ;
#1320 = CYLINDRICAL_SURFACE ( 'NONE', #752, 0.2999999999999999334 ) ;
#1321 = DIRECTION ( 'NONE',  ( 0.000000000000000000, -1.000000000000000000, -0.000000000000000000 ) ) ;
#1322 = DIRECTION ( 'NONE',  ( 0.000000000000000000, 0.000000000000000000, 1.000000000000000000 ) ) ;
#1323 = AXIS2_PLACEMENT_3D ( 'NONE', #829, #1172, #744 ) ;
#1324 = EDGE_CURVE ( 'NONE', #1231, #776, #231, .T. ) ;
#1325 = VERTEX_POINT ( 'NONE', #243 ) ;
#1326 = ORIENTED_EDGE ( 'NONE', *, *, #1342, .T. ) ;
#1327 = SURFACE_STYLE_USAGE ( .BOTH. , #1094 ) ;
#1328 = ORIENTED_EDGE ( 'NONE', *, *, #1282, .T. ) ;
#1329 = SURFACE_SIDE_STYLE ('',( #1366 ) ) ;
#1330 = CIRCLE ( 'NONE', #849, 0.2999999999999999334 ) ;
#1331 = VERTEX_POINT ( 'NONE', #1442 ) ;
#1332 = DIRECTION ( 'NONE',  ( 1.334402673828313832E-15, -1.000000000000000000, 0.000000000000000000 ) ) ;
#1333 = DIRECTION ( 'NONE',  ( 0.000000000000000000, 0.000000000000000000, 1.000000000000000000 ) ) ;
#1334 = CARTESIAN_POINT ( 'NONE',  ( 2.894999999999993801, 0.6049999999999999822, 2.399999999999999911 ) ) ;
#1335 = DIRECTION ( 'NONE',  ( -1.123525567342493414E-16, 1.000000000000000000, 0.000000000000000000 ) ) ;
#1336 = ORIENTED_EDGE ( 'NONE', *, *, #487, .F. ) ;
#1337 = APPLICATION_CONTEXT ( 'automotive_design' ) ;
#1338 = ADVANCED_FACE ( 'NONE', ( #280 ), #270, .T. ) ;
#1339 = DIRECTION ( 'NONE',  ( 1.000000000000000000, 0.000000000000000000, -1.807003620809173646E-16 ) ) ;
#1340 = MECHANICAL_DESIGN_GEOMETRIC_PRESENTATION_REPRESENTATION (  '', ( #559 ), #758 ) ;
#1341 = FILL_AREA_STYLE ('',( #1141 ) ) ;
#1342 = EDGE_CURVE ( 'NONE', #939, #1413, #1216, .T. ) ;
#1343 = EDGE_CURVE ( 'NONE', #344, #572, #762, .T. ) ;
#1344 = FILL_AREA_STYLE ('',( #83 ) ) ;
#1345 = ORIENTED_EDGE ( 'NONE', *, *, #155, .T. ) ;
#1346 = LINE ( 'NONE', #905, #379 ) ;
#1347 = UNCERTAINTY_MEASURE_WITH_UNIT (LENGTH_MEASURE( 1.000000000000000082E-05 ), #1088, 'distance_accuracy_value', 'NONE');
#1348 =( LENGTH_UNIT ( ) NAMED_UNIT ( * ) SI_UNIT ( .MILLI., .METRE. ) );
#1349 = CYLINDRICAL_SURFACE ( 'NONE', #1190, 0.2999999999999999334 ) ;
#1350 = DIRECTION ( 'NONE',  ( 1.000000000000000000, -1.224646799147353207E-16, 0.000000000000000000 ) ) ;
#1351 = ADVANCED_FACE ( 'NONE', ( #772 ), #891, .T. ) ;
#1352 = ORIENTED_EDGE ( 'NONE', *, *, #229, .T. ) ;
#1353 = CARTESIAN_POINT ( 'NONE',  ( 6.500000000000004441, -1.627177503230388318E-16, 3.000000000000000000 ) ) ;
#1354 = DIRECTION ( 'NONE',  ( 1.470104640658309768E-16, 0.000000000000000000, 1.000000000000000000 ) ) ;
#1355 = FACE_OUTER_BOUND ( 'NONE', #558, .T. ) ;
#1356 = FACE_OUTER_BOUND ( 'NONE', #1446, .T. ) ;
#1357 = SURFACE_STYLE_FILL_AREA ( #203 ) ;
#1358 = STYLED_ITEM ( 'NONE', ( #152 ), #252 ) ;
#1359 = DIRECTION ( 'NONE',  ( -1.807003620809173892E-16, 0.000000000000000000, -1.000000000000000000 ) ) ;
#1360 = CARTESIAN_POINT ( 'NONE',  ( 3.499999999999993339, 2.046762894211684369E-16, 3.000000000000000000 ) ) ;
#1361 =( GEOMETRIC_REPRESENTATION_CONTEXT ( 3 ) GLOBAL_UNCERTAINTY_ASSIGNED_CONTEXT ( ( #1188 ) ) GLOBAL_UNIT_ASSIGNED_CONTEXT ( ( #599, #729, #502 ) ) REPRESENTATION_CONTEXT ( 'NONE', 'WORKASPACE' ) );
#1362 = LINE ( 'NONE', #715, #854 ) ;
#1363 =( NAMED_UNIT ( * ) SI_UNIT ( $, .STERADIAN. ) SOLID_ANGLE_UNIT ( ) );
#1364 = CARTESIAN_POINT ( 'NONE',  ( -6.199999999999999289, 11.80000000000000959, -2.700000000000000178 ) ) ;
#1365 = ORIENTED_EDGE ( 'NONE', *, *, #778, .T. ) ;
#1366 = SURFACE_STYLE_FILL_AREA ( #895 ) ;
#1367 = LINE ( 'NONE', #544, #899 ) ;
#1368 = SURFACE_SIDE_STYLE ('',( #56 ) ) ;
#1369 =( NAMED_UNIT ( * ) SI_UNIT ( $, .STERADIAN. ) SOLID_ANGLE_UNIT ( ) );
#1370 = ORIENTED_EDGE ( 'NONE', *, *, #213, .T. ) ;
#1371 = SHAPE_DEFINITION_REPRESENTATION ( #1261, #1206 ) ;
#1372 = CYLINDRICAL_SURFACE ( 'NONE', #567, 0.2999999999999999334 ) ;
#1373 =( NAMED_UNIT ( * ) SI_UNIT ( $, .STERADIAN. ) SOLID_ANGLE_UNIT ( ) );
#1374 =( NAMED_UNIT ( * ) PLANE_ANGLE_UNIT ( ) SI_UNIT ( $, .RADIAN. ) );
#1375 = EDGE_LOOP ( 'NONE', ( #1045, #1056, #631, #1447 ) ) ;
#1376 = MECHANICAL_DESIGN_GEOMETRIC_PRESENTATION_REPRESENTATION (  '', ( #1229 ), #1199 ) ;
#1377 =( GEOMETRIC_REPRESENTATION_CONTEXT ( 3 ) GLOBAL_UNCERTAINTY_ASSIGNED_CONTEXT ( ( #647 ) ) GLOBAL_UNIT_ASSIGNED_CONTEXT ( ( #210, #422, #866 ) ) REPRESENTATION_CONTEXT ( 'NONE', 'WORKASPACE' ) );
#1378 = CARTESIAN_POINT ( 'NONE',  ( -3.499999999999993339, 2.046762894211684369E-16, 3.000000000000000000 ) ) ;
#1379 = PRESENTATION_LAYER_ASSIGNMENT (  '', '', ( #516 ) ) ;
#1380 = VERTEX_POINT ( 'NONE', #141 ) ;
#1381 =( NAMED_UNIT ( * ) PLANE_ANGLE_UNIT ( ) SI_UNIT ( $, .RADIAN. ) );
#1382 = ORIENTED_EDGE ( 'NONE', *, *, #213, .F. ) ;
#1383 = PRESENTATION_STYLE_ASSIGNMENT (( #341 ) ) ;
#1384 = DIRECTION ( 'NONE',  ( 0.7071067811865472397, 0.7071067811865479058, 0.000000000000000000 ) ) ;
#1385 = ORIENTED_EDGE ( 'NONE', *, *, #1090, .F. ) ;
#1386 = DIRECTION ( 'NONE',  ( -1.123525567342493414E-16, 1.000000000000000000, 0.000000000000000000 ) ) ;
#1387 = ORIENTED_EDGE ( 'NONE', *, *, #361, .T. ) ;
#1388 = FILL_AREA_STYLE_COLOUR ( '', #739 ) ;
#1389 = AXIS2_PLACEMENT_3D ( 'NONE', #119, #244, #351 ) ;
#1390 = ORIENTED_EDGE ( 'NONE', *, *, #569, .F. ) ;
#1391 = CARTESIAN_POINT ( 'NONE',  ( -4.999999999999998224, 0.7049999999999996270, 0.000000000000000000 ) ) ;
#1392 = MECHANICAL_DESIGN_GEOMETRIC_PRESENTATION_REPRESENTATION (  '', ( #807 ), #319 ) ;
#1393 = EDGE_CURVE ( 'NONE', #1380, #1291, #396, .T. ) ;
#1394 = ORIENTED_EDGE ( 'NONE', *, *, #223, .T. ) ;
#1395 = VECTOR ( 'NONE', #1079, 1000.000000000000000 ) ;
#1396 =( NAMED_UNIT ( * ) PLANE_ANGLE_UNIT ( ) SI_UNIT ( $, .RADIAN. ) );
#1397 = EDGE_CURVE ( 'NONE', #1286, #433, #1367, .T. ) ;
#1398 = ADVANCED_FACE ( 'NONE', ( #1355 ), #232, .F. ) ;
#1399 = CARTESIAN_POINT ( 'NONE',  ( 2.894999999999993801, 0.7049999999999999600, 3.000000000000000000 ) ) ;
#1400 = CARTESIAN_POINT ( 'NONE',  ( 2.894999999999993801, 0.6049999999999999822, 3.000000000000000000 ) ) ;
#1401 = EDGE_LOOP ( 'NONE', ( #934, #99, #374, #333, #1297, #683, #693, #1306 ) ) ;
#1402 = VERTEX_POINT ( 'NONE', #890 ) ;
#1403 = COLOUR_RGB ( '',0.7921568627450980005, 0.8196078431372548767, 0.9333333333333333481 ) ;
#1404 = AXIS2_PLACEMENT_3D ( 'NONE', #358, #261, #440 ) ;
#1405 = COLOUR_RGB ( '',0.5019607843137254832, 0.5019607843137254832, 0.5019607843137254832 ) ;
#1406 = SURFACE_STYLE_USAGE ( .BOTH. , #200 ) ;
#1407 = ADVANCED_FACE ( 'NONE', ( #902 ), #1068, .F. ) ;
#1408 = DIRECTION ( 'NONE',  ( 0.7071067811865472397, 0.7071067811865479058, 0.000000000000000000 ) ) ;
#1409 = CARTESIAN_POINT ( 'NONE',  ( 3.499999999999993339, -2.168404344971008868E-16, -2.400000000000000799 ) ) ;
#1410 = EDGE_LOOP ( 'NONE', ( #328, #946, #454, #553 ) ) ;
#1411 = AXIS2_PLACEMENT_3D ( 'NONE', #206, #312, #416 ) ;
#1412 =( GEOMETRIC_REPRESENTATION_CONTEXT ( 3 ) GLOBAL_UNCERTAINTY_ASSIGNED_CONTEXT ( ( #259 ) ) GLOBAL_UNIT_ASSIGNED_CONTEXT ( ( #882, #71, #1239 ) ) REPRESENTATION_CONTEXT ( 'NONE', 'WORKASPACE' ) );
#1413 = VERTEX_POINT ( 'NONE', #858 ) ;
#1414 = CARTESIAN_POINT ( 'NONE',  ( -6.500000000000004441, -1.627177503230388318E-16, -2.700000000000000178 ) ) ;
#1415 = CARTESIAN_POINT ( 'NONE',  ( -3.499999999999993339, 2.046762894211684369E-16, 3.000000000000000000 ) ) ;
#1416 = UNCERTAINTY_MEASURE_WITH_UNIT (LENGTH_MEASURE( 1.000000000000000082E-05 ), #1067, 'distance_accuracy_value', 'NONE');
#1417 = CARTESIAN_POINT ( 'NONE',  ( 6.199999999999999289, 11.80000000000000959, -3.000000000000000000 ) ) ;
#1418 = CARTESIAN_POINT ( 'NONE',  ( -4.999999999999998224, -6.000000000000000000, -0.3000000000000000999 ) ) ;
#1419 = DIRECTION ( 'NONE',  ( -1.334402673828308705E-15, 1.000000000000000000, 0.000000000000000000 ) ) ;
#1420 = VERTEX_POINT ( 'NONE', #291 ) ;
#1421 = PRESENTATION_LAYER_ASSIGNMENT (  '', '', ( #1466 ) ) ;
#1422 = VECTOR ( 'NONE', #306, 1000.000000000000000 ) ;
#1423 = LINE ( 'NONE', #428, #969 ) ;
#1424 = DIRECTION ( 'NONE',  ( -0.000000000000000000, -0.000000000000000000, 1.000000000000000000 ) ) ;
#1425 = DIRECTION ( 'NONE',  ( 0.000000000000000000, 0.000000000000000000, 1.000000000000000000 ) ) ;
#1426 = MECHANICAL_DESIGN_GEOMETRIC_PRESENTATION_REPRESENTATION (  '', ( #281 ), #18 ) ;
#1427 = ADVANCED_FACE ( 'NONE', ( #409 ), #1372, .T. ) ;
#1428 =( GEOMETRIC_REPRESENTATION_CONTEXT ( 3 ) GLOBAL_UNCERTAINTY_ASSIGNED_CONTEXT ( ( #1254 ) ) GLOBAL_UNIT_ASSIGNED_CONTEXT ( ( #1267, #811, #1451 ) ) REPRESENTATION_CONTEXT ( 'NONE', 'WORKASPACE' ) );
#1429 = DIRECTION ( 'NONE',  ( 0.000000000000000000, 0.000000000000000000, -1.000000000000000000 ) ) ;
#1430 = CARTESIAN_POINT ( 'NONE',  ( -6.199999999999999289, 11.80000000000000959, 2.700000000000000178 ) ) ;
#1431 = CARTESIAN_POINT ( 'NONE',  ( -4.999999999999998224, 0.7049999999999996270, -0.3000000000000000999 ) ) ;
#1432 = DIRECTION ( 'NONE',  ( 0.000000000000000000, 0.000000000000000000, -1.000000000000000000 ) ) ;
#1433 = CARTESIAN_POINT ( 'NONE',  ( 6.500000000000004441, -1.627177503230388318E-16, 3.000000000000000000 ) ) ;
#1434 = EDGE_LOOP ( 'NONE', ( #931, #1074, #1047, #1069 ) ) ;
#1435 = SURFACE_STYLE_USAGE ( .BOTH. , #453 ) ;
#1436 = CARTESIAN_POINT ( 'NONE',  ( -6.199999999999999289, 11.80000000000000959, 2.700000000000000178 ) ) ;
#1437 = CARTESIAN_POINT ( 'NONE',  ( 0.000000000000000000, 0.000000000000000000, 0.000000000000000000 ) ) ;
#1438 = CARTESIAN_POINT ( 'NONE',  ( -6.500000000000004441, -1.627177503230388318E-16, 2.700000000000000178 ) ) ;
#1439 = CARTESIAN_POINT ( 'NONE',  ( -6.199999999999999289, 11.80000000000000959, 3.000000000000000000 ) ) ;
#1440 = SURFACE_STYLE_USAGE ( .BOTH. , #821 ) ;
#1441 = PRESENTATION_STYLE_ASSIGNMENT (( #1406 ) ) ;
#1442 = CARTESIAN_POINT ( 'NONE',  ( 5.900000000000003020, -2.168404344971008868E-16, -2.400000000000001243 ) ) ;
#1443 = CARTESIAN_POINT ( 'NONE',  ( -2.894999999999993801, 0.6049999999999999822, -2.400000000000000355 ) ) ;
#1444 = VECTOR ( 'NONE', #1167, 1000.000000000000000 ) ;
#1445 = AXIS2_PLACEMENT_3D ( 'NONE', #1399, #1386, #34 ) ;
#1446 = EDGE_LOOP ( 'NONE', ( #564, #635, #427, #273 ) ) ;
#1447 = ORIENTED_EDGE ( 'NONE', *, *, #597, .F. ) ;
#1448 = SURFACE_STYLE_FILL_AREA ( #41 ) ;
#1449 = STYLED_ITEM ( 'NONE', ( #600 ), #1015 ) ;
#1450 = APPLICATION_PROTOCOL_DEFINITION ( 'draft international standard', 'automotive_design', 1998, #1134 ) ;
#1451 =( NAMED_UNIT ( * ) SI_UNIT ( $, .STERADIAN. ) SOLID_ANGLE_UNIT ( ) );
#1452 = VERTEX_POINT ( 'NONE', #301 ) ;
#1453 =( LENGTH_UNIT ( ) NAMED_UNIT ( * ) SI_UNIT ( .MILLI., .METRE. ) );
#1454 = VECTOR ( 'NONE', #831, 1000.000000000000000 ) ;
#1455 = UNCERTAINTY_MEASURE_WITH_UNIT (LENGTH_MEASURE( 1.000000000000000082E-05 ), #397, 'distance_accuracy_value', 'NONE');
#1456 = CARTESIAN_POINT ( 'NONE',  ( 4.999999999999998224, -12.84852813742385713, 0.000000000000000000 ) ) ;
#1457 = CLOSED_SHELL ( 'NONE', ( #17, #375, #1338, #220 ) ) ;
#1458 = LINE ( 'NONE', #1138, #2 ) ;
#1459 = DIRECTION ( 'NONE',  ( 1.807003620809173646E-16, -2.030214768259566724E-32, -1.000000000000000000 ) ) ;
#1460 = VECTOR ( 'NONE', #720, 1000.000000000000000 ) ;
#1461 = DIRECTION ( 'NONE',  ( -4.300967295810262353E-16, 1.000000000000000000, -0.000000000000000000 ) ) ;
#1462 = CARTESIAN_POINT ( 'NONE',  ( 3.499999999999993339, 2.046762894211684369E-16, -3.000000000000000000 ) ) ;
#1463 =( GEOMETRIC_REPRESENTATION_CONTEXT ( 3 ) GLOBAL_UNCERTAINTY_ASSIGNED_CONTEXT ( ( #439 ) ) GLOBAL_UNIT_ASSIGNED_CONTEXT ( ( #1131, #871, #1233 ) ) REPRESENTATION_CONTEXT ( 'NONE', 'WORKASPACE' ) );
#1464 = CARTESIAN_POINT ( 'NONE',  ( -4.999999999999998224, 0.7049999999999996270, 0.3000000000000000999 ) ) ;
#1465 = VECTOR ( 'NONE', #1359, 1000.000000000000000 ) ;
#1466 = STYLED_ITEM ( 'NONE', ( #671 ), #334 ) ;
#1467 = EDGE_CURVE ( 'NONE', #1025, #919, #411, .T. ) ;
#1468 = SURFACE_SIDE_STYLE ('',( #1222 ) ) ;
ENDSEC;
END-ISO-10303-21;
